id,family,training_seed,selected_epoch,checkpoint_sha256,mechanism,rollout_index,rollout_seed,surplus,gini,actual_rounds,exact_zero_termination,depleted,first_depletion_after_round,final_pool,final_sustainment,active_allocation_fraction,exploratory_transfer
trained-constant-17-equal-000,constant,17,120,c99c319cf9c64781d61deb6caada1836e56765a004db61ad3325d487e43e9538,Equal,0,13382714155172902661,2.63875,0.12020369493131217,11,True,True,11,0.0,False,0.25,False
trained-constant-17-equal-001,constant,17,120,c99c319cf9c64781d61deb6caada1836e56765a004db61ad3325d487e43e9538,Equal,1,13304668837225595798,1.7175,0.1555676855895197,6,True,True,6,0.0,False,0.125,False
trained-constant-17-equal-002,constant,17,120,c99c319cf9c64781d61deb6caada1836e56765a004db61ad3325d487e43e9538,Equal,2,10729138156356295216,2.2749999999999995,0.125,13,True,True,13,0.0,False,0.3,False
trained-constant-17-equal-003,constant,17,120,c99c319cf9c64781d61deb6caada1836e56765a004db61ad3325d487e43e9538,Equal,3,10933181308719780929,2.0974999999999997,0.12589392133492253,11,True,True,11,0.0,False,0.25,False
trained-constant-17-equal-004,constant,17,120,c99c319cf9c64781d61deb6caada1836e56765a004db61ad3325d487e43e9538,Equal,4,12010906938362714716,1.5924999999999998,0.1442307692307693,7,True,True,7,0.0,False,0.15,False
trained-constant-17-equal-005,constant,17,120,c99c319cf9c64781d61deb6caada1836e56765a004db61ad3325d487e43e9538,Equal,5,16987764982982985347,2.1849999999999996,0.12299771167048057,16,True,True,16,0.0,False,0.375,False
trained-constant-17-equal-006,constant,17,120,c99c319cf9c64781d61deb6caada1836e56765a004db61ad3325d487e43e9538,Equal,6,8078552692214359545,2.1999999999999997,0.09517045454545457,13,True,True,13,0.0,False,0.3,False
trained-constant-17-equal-007,constant,17,120,c99c319cf9c64781d61deb6caada1836e56765a004db61ad3325d487e43e9538,Equal,7,15473632910860028853,2.5562499999999995,0.10391198044009785,12,True,True,12,0.0,False,0.275,False
trained-constant-17-equal-008,constant,17,120,c99c319cf9c64781d61deb6caada1836e56765a004db61ad3325d487e43e9538,Equal,8,8459903832741781522,2.9099999999999993,0.09450171821305843,16,True,True,16,0.0,False,0.375,False
trained-constant-17-equal-009,constant,17,120,c99c319cf9c64781d61deb6caada1836e56765a004db61ad3325d487e43e9538,Equal,9,17535455634981830474,2.6275,0.13261179828734537,13,True,True,13,0.0,False,0.3,False
trained-constant-17-equal-010,constant,17,120,c99c319cf9c64781d61deb6caada1836e56765a004db61ad3325d487e43e9538,Equal,10,1629326018808659029,2.5874999999999995,0.1636473429951691,16,True,True,16,0.0,False,0.375,False
trained-constant-17-equal-011,constant,17,120,c99c319cf9c64781d61deb6caada1836e56765a004db61ad3325d487e43e9538,Equal,11,7343113976531989795,2.2725,0.24614961496149618,15,True,True,15,0.0,False,0.35,False
trained-constant-17-equal-012,constant,17,120,c99c319cf9c64781d61deb6caada1836e56765a004db61ad3325d487e43e9538,Equal,12,2853938708376108600,3.6087499999999997,0.08616210599237968,17,True,True,17,0.0,False,0.4,False
trained-constant-17-equal-013,constant,17,120,c99c319cf9c64781d61deb6caada1836e56765a004db61ad3325d487e43e9538,Equal,13,12068467305923381380,2.7024999999999992,0.09539777983348754,16,True,True,16,0.0,False,0.375,False
trained-constant-17-equal-014,constant,17,120,c99c319cf9c64781d61deb6caada1836e56765a004db61ad3325d487e43e9538,Equal,14,4144307858181651024,2.2424999999999997,0.04389632107023412,9,True,True,9,0.0,False,0.2,False
trained-constant-17-equal-015,constant,17,120,c99c319cf9c64781d61deb6caada1836e56765a004db61ad3325d487e43e9538,Equal,15,7363854283714583902,2.085,0.12290167865707433,13,True,True,13,0.0,False,0.3,False
trained-constant-17-equal-016,constant,17,120,c99c319cf9c64781d61deb6caada1836e56765a004db61ad3325d487e43e9538,Equal,16,4876867191604383107,2.0825,0.10729291716686674,13,True,True,13,0.0,False,0.3,False
trained-constant-17-equal-017,constant,17,120,c99c319cf9c64781d61deb6caada1836e56765a004db61ad3325d487e43e9538,Equal,17,4345211191120256760,1.7974999999999999,0.13299721835883171,8,True,True,8,0.0,False,0.175,False
trained-constant-17-equal-018,constant,17,120,c99c319cf9c64781d61deb6caada1836e56765a004db61ad3325d487e43e9538,Equal,18,6570381199086282065,2.0225,0.25880716934487025,14,True,True,14,0.0,False,0.325,False
trained-constant-17-equal-019,constant,17,120,c99c319cf9c64781d61deb6caada1836e56765a004db61ad3325d487e43e9538,Equal,19,12578982491774760738,2.4475,0.10661389172625126,15,True,True,15,0.0,False,0.375,False
trained-constant-17-equal-020,constant,17,120,c99c319cf9c64781d61deb6caada1836e56765a004db61ad3325d487e43e9538,Equal,20,14828824573732535847,1.5724999999999998,0.16395071542130368,7,True,True,7,0.0,False,0.15,False
trained-constant-17-equal-021,constant,17,120,c99c319cf9c64781d61deb6caada1836e56765a004db61ad3325d487e43e9538,Equal,21,12440594927137341825,1.8374999999999997,0.12159863945578231,12,True,True,12,0.0,False,0.275,False
trained-constant-17-equal-022,constant,17,120,c99c319cf9c64781d61deb6caada1836e56765a004db61ad3325d487e43e9538,Equal,22,2926259400032611981,3.5562499999999995,0.1678383128295255,17,True,True,17,0.0,False,0.4,False
trained-constant-17-equal-023,constant,17,120,c99c319cf9c64781d61deb6caada1836e56765a004db61ad3325d487e43e9538,Equal,23,15916877665631964426,2.5424999999999995,0.1960422812192724,13,True,True,13,0.0,False,0.3,False
trained-constant-17-equal-024,constant,17,120,c99c319cf9c64781d61deb6caada1836e56765a004db61ad3325d487e43e9538,Equal,24,17577963101145194638,2.32125,0.0652934841141626,13,True,True,13,0.0,False,0.3,False
trained-constant-17-equal-025,constant,17,120,c99c319cf9c64781d61deb6caada1836e56765a004db61ad3325d487e43e9538,Equal,25,8297160956978887171,3.1712499999999997,0.15471028774142695,20,True,True,20,0.0,False,0.475,False
trained-constant-17-equal-026,constant,17,120,c99c319cf9c64781d61deb6caada1836e56765a004db61ad3325d487e43e9538,Equal,26,11395510047380422339,2.3299999999999996,0.1542381974248927,13,True,True,13,0.0,False,0.3,False
trained-constant-17-equal-027,constant,17,120,c99c319cf9c64781d61deb6caada1836e56765a004db61ad3325d487e43e9538,Equal,27,6419565037140384548,3.3774999999999995,0.029607698001480415,17,True,True,17,0.0,False,0.4,False
trained-constant-17-equal-028,constant,17,120,c99c319cf9c64781d61deb6caada1836e56765a004db61ad3325d487e43e9538,Equal,28,5981467208797213975,3.8474999999999997,0.1384827810266407,20,True,True,20,0.0,False,0.475,False
trained-constant-17-equal-029,constant,17,120,c99c319cf9c64781d61deb6caada1836e56765a004db61ad3325d487e43e9538,Equal,29,679309834807134708,3.31125,0.1377878444696112,28,True,True,28,0.0,False,0.675,False
trained-constant-17-equal-030,constant,17,120,c99c319cf9c64781d61deb6caada1836e56765a004db61ad3325d487e43e9538,Equal,30,8101226965747537318,2.4199999999999995,0.09168388429752071,16,True,True,16,0.0,False,0.375,False
trained-constant-17-equal-031,constant,17,120,c99c319cf9c64781d61deb6caada1836e56765a004db61ad3325d487e43e9538,Equal,31,3660585508309473507,1.6474999999999997,0.18304248861911987,9,True,True,9,0.0,False,0.2,False
trained-constant-17-equal-032,constant,17,120,c99c319cf9c64781d61deb6caada1836e56765a004db61ad3325d487e43e9538,Equal,32,11992877838517191218,2.8637499999999996,0.18823657791357484,17,True,True,17,0.0,False,0.4,False
trained-constant-17-equal-033,constant,17,120,c99c319cf9c64781d61deb6caada1836e56765a004db61ad3325d487e43e9538,Equal,33,14301252351683580706,2.7749999999999995,0.05743243243243244,16,True,True,16,0.0,False,0.375,False
trained-constant-17-equal-034,constant,17,120,c99c319cf9c64781d61deb6caada1836e56765a004db61ad3325d487e43e9538,Equal,34,7461183436546106648,2.9324999999999997,0.06020886615515772,13,True,True,13,0.0,False,0.325,False
trained-constant-17-equal-035,constant,17,120,c99c319cf9c64781d61deb6caada1836e56765a004db61ad3325d487e43e9538,Equal,35,6063798314228111609,2.43375,0.14445300462249616,10,True,True,10,0.0,False,0.225,False
trained-constant-17-equal-036,constant,17,120,c99c319cf9c64781d61deb6caada1836e56765a004db61ad3325d487e43e9538,Equal,36,257273472043701388,2.6999999999999997,0.22800925925925933,13,True,True,13,0.0,False,0.3,False
trained-constant-17-equal-037,constant,17,120,c99c319cf9c64781d61deb6caada1836e56765a004db61ad3325d487e43e9538,Equal,37,5047583240930282498,1.7525,0.12036376604850214,11,True,True,11,0.0,False,0.25,False
trained-constant-17-equal-038,constant,17,120,c99c319cf9c64781d61deb6caada1836e56765a004db61ad3325d487e43e9538,Equal,38,7738535886115962236,2.2874999999999996,0.12226775956284158,16,True,True,16,0.0,False,0.375,False
trained-constant-17-equal-039,constant,17,120,c99c319cf9c64781d61deb6caada1836e56765a004db61ad3325d487e43e9538,Equal,39,5635278728111734693,3.4099999999999997,0.19794721407624635,16,True,True,16,0.0,False,0.375,False
trained-constant-17-equal-040,constant,17,120,c99c319cf9c64781d61deb6caada1836e56765a004db61ad3325d487e43e9538,Equal,40,7809249691156522530,2.1275,0.11383666274970622,15,True,True,15,0.0,False,0.35,False
trained-constant-17-equal-041,constant,17,120,c99c319cf9c64781d61deb6caada1836e56765a004db61ad3325d487e43e9538,Equal,41,6618247567994689446,3.2937499999999993,0.12476280834914612,15,True,True,15,0.0,False,0.375,False
trained-constant-17-equal-042,constant,17,120,c99c319cf9c64781d61deb6caada1836e56765a004db61ad3325d487e43e9538,Equal,42,16967699309054096785,3.31125,0.22508493771234428,14,True,True,14,0.0,False,0.325,False
trained-constant-17-equal-043,constant,17,120,c99c319cf9c64781d61deb6caada1836e56765a004db61ad3325d487e43e9538,Equal,43,5688637734053384114,2.3949999999999996,0.16766701461377873,14,True,True,14,0.0,False,0.325,False
trained-constant-17-equal-044,constant,17,120,c99c319cf9c64781d61deb6caada1836e56765a004db61ad3325d487e43e9538,Equal,44,7600054315096615806,2.2649999999999997,0.08967991169977929,12,True,True,12,0.0,False,0.275,False
trained-constant-17-equal-045,constant,17,120,c99c319cf9c64781d61deb6caada1836e56765a004db61ad3325d487e43e9538,Equal,45,774985063428220989,2.7049999999999996,0.10397412199630315,18,True,True,18,0.0,False,0.425,False
trained-constant-17-equal-046,constant,17,120,c99c319cf9c64781d61deb6caada1836e56765a004db61ad3325d487e43e9538,Equal,46,18131445990893314364,2.5199999999999996,0.11160714285714288,17,True,True,17,0.0,False,0.4,False
trained-constant-17-equal-047,constant,17,120,c99c319cf9c64781d61deb6caada1836e56765a004db61ad3325d487e43e9538,Equal,47,5758048390656937215,2.3024999999999998,0.15540173724212816,14,True,True,14,0.0,False,0.325,False
trained-constant-17-equal-048,constant,17,120,c99c319cf9c64781d61deb6caada1836e56765a004db61ad3325d487e43e9538,Equal,48,16703571357565564730,2.21,0.16968325791855204,13,True,True,13,0.0,False,0.3,False
trained-constant-17-equal-049,constant,17,120,c99c319cf9c64781d61deb6caada1836e56765a004db61ad3325d487e43e9538,Equal,49,13941550686853079289,2.7124999999999995,0.07085253456221204,18,True,True,18,0.0,False,0.425,False
trained-constant-17-equal-050,constant,17,120,c99c319cf9c64781d61deb6caada1836e56765a004db61ad3325d487e43e9538,Equal,50,3438999822020891618,2.1875,0.13785714285714284,12,True,True,12,0.0,False,0.275,False
trained-constant-17-equal-051,constant,17,120,c99c319cf9c64781d61deb6caada1836e56765a004db61ad3325d487e43e9538,Equal,51,4734973831849318878,3.5287499999999996,0.09829968119022316,23,True,True,23,0.0,False,0.55,False
trained-constant-17-equal-052,constant,17,120,c99c319cf9c64781d61deb6caada1836e56765a004db61ad3325d487e43e9538,Equal,52,11654421970766363906,2.78375,0.15603951504265828,16,True,True,16,0.0,False,0.375,False
trained-constant-17-equal-053,constant,17,120,c99c319cf9c64781d61deb6caada1836e56765a004db61ad3325d487e43e9538,Equal,53,4782663390576789028,2.3374999999999995,0.15173796791443855,13,True,True,13,0.0,False,0.3,False
trained-constant-17-equal-054,constant,17,120,c99c319cf9c64781d61deb6caada1836e56765a004db61ad3325d487e43e9538,Equal,54,1655162184190688566,2.175,0.1278735632183908,10,True,True,10,0.0,False,0.25,False
trained-constant-17-equal-055,constant,17,120,c99c319cf9c64781d61deb6caada1836e56765a004db61ad3325d487e43e9538,Equal,55,13573149362285452583,2.1525,0.15171312427409991,17,True,True,17,0.0,False,0.4,False
trained-constant-17-equal-056,constant,17,120,c99c319cf9c64781d61deb6caada1836e56765a004db61ad3325d487e43e9538,Equal,56,3625165737635815363,2.1074999999999995,0.08081257413997628,9,True,True,9,0.0,False,0.2,False
trained-constant-17-equal-057,constant,17,120,c99c319cf9c64781d61deb6caada1836e56765a004db61ad3325d487e43e9538,Equal,57,14961234766329709461,1.4449999999999998,0.0929930795847751,9,True,True,9,0.0,False,0.2,False
trained-constant-17-equal-058,constant,17,120,c99c319cf9c64781d61deb6caada1836e56765a004db61ad3325d487e43e9538,Equal,58,15223282154556255950,2.6149999999999998,0.1780592734225622,15,True,True,15,0.0,False,0.35,False
trained-constant-17-equal-059,constant,17,120,c99c319cf9c64781d61deb6caada1836e56765a004db61ad3325d487e43e9538,Equal,59,5471112679108039897,2.3037499999999995,0.22924579489962021,12,True,True,12,0.0,False,0.275,False
trained-constant-17-equal-060,constant,17,120,c99c319cf9c64781d61deb6caada1836e56765a004db61ad3325d487e43e9538,Equal,60,11957021338047319891,2.1574999999999998,0.10935689455388183,12,True,True,12,0.0,False,0.275,False
trained-constant-17-equal-061,constant,17,120,c99c319cf9c64781d61deb6caada1836e56765a004db61ad3325d487e43e9538,Equal,61,984608005998209487,2.7362499999999996,0.06624029237094566,22,True,True,22,0.0,False,0.525,False
trained-constant-17-equal-062,constant,17,120,c99c319cf9c64781d61deb6caada1836e56765a004db61ad3325d487e43e9538,Equal,62,12513041554286633406,2.03375,0.09757221880762142,10,True,True,10,0.0,False,0.225,False
trained-constant-17-equal-063,constant,17,120,c99c319cf9c64781d61deb6caada1836e56765a004db61ad3325d487e43e9538,Equal,63,6881316270879921266,2.6649999999999996,0.1641651031894935,18,True,True,18,0.0,False,0.425,False
trained-constant-17-interpolating-000,constant,17,120,c99c319cf9c64781d61deb6caada1836e56765a004db61ad3325d487e43e9538,Interpolating,0,3445936197378407785,2.89375,0.06425515940365449,15,True,True,15,0.0,False,0.2375,True
trained-constant-17-interpolating-001,constant,17,120,c99c319cf9c64781d61deb6caada1836e56765a004db61ad3325d487e43e9538,Interpolating,1,1559561075810095970,2.4274999999999998,0.14906091373158536,9,True,True,9,0.0,False,0.15625,True
trained-constant-17-interpolating-002,constant,17,120,c99c319cf9c64781d61deb6caada1836e56765a004db61ad3325d487e43e9538,Interpolating,2,14308543179506864692,2.4374999999999996,0.21296067391404372,10,True,True,10,0.0,False,0.1875,True
trained-constant-17-interpolating-003,constant,17,120,c99c319cf9c64781d61deb6caada1836e56765a004db61ad3325d487e43e9538,Interpolating,3,16218919077184253779,2.1275,0.16421743660176424,12,True,True,12,0.0,False,0.19375,True
trained-constant-17-interpolating-004,constant,17,120,c99c319cf9c64781d61deb6caada1836e56765a004db61ad3325d487e43e9538,Interpolating,4,4115332662702950585,1.8599999999999999,0.10106675702130566,9,True,True,9,0.0,False,0.1625,True
trained-constant-17-interpolating-005,constant,17,120,c99c319cf9c64781d61deb6caada1836e56765a004db61ad3325d487e43e9538,Interpolating,5,3035560524870174272,2.36875,0.09216993757444981,8,True,True,8,0.0,False,0.1375,True
trained-constant-17-interpolating-006,constant,17,120,c99c319cf9c64781d61deb6caada1836e56765a004db61ad3325d487e43e9538,Interpolating,6,9402814478216024416,2.3249999999999993,0.13387100438999075,9,True,True,9,0.0,False,0.1875,True
trained-constant-17-interpolating-007,constant,17,120,c99c319cf9c64781d61deb6caada1836e56765a004db61ad3325d487e43e9538,Interpolating,7,17528294218751956791,2.0275,0.20182599602381726,17,True,True,17,0.0,False,0.15,True
trained-constant-17-interpolating-008,constant,17,120,c99c319cf9c64781d61deb6caada1836e56765a004db61ad3325d487e43e9538,Interpolating,8,12449242814042831042,2.4875,0.10403811613661507,10,True,True,10,0.0,False,0.1625,True
trained-constant-17-interpolating-009,constant,17,120,c99c319cf9c64781d61deb6caada1836e56765a004db61ad3325d487e43e9538,Interpolating,9,10391168713708120142,1.8199999999999998,0.11246277088412698,13,True,True,13,0.0,False,0.175,True
trained-constant-17-interpolating-010,constant,17,120,c99c319cf9c64781d61deb6caada1836e56765a004db61ad3325d487e43e9538,Interpolating,10,3053045403344431928,2.4074999999999998,0.27846693969895797,8,True,True,8,0.0,False,0.1,True
trained-constant-17-interpolating-011,constant,17,120,c99c319cf9c64781d61deb6caada1836e56765a004db61ad3325d487e43e9538,Interpolating,11,3612273280001617066,1.7924999999999998,0.1411523152052041,5,True,True,5,0.0,False,0.08125,True
trained-constant-17-interpolating-012,constant,17,120,c99c319cf9c64781d61deb6caada1836e56765a004db61ad3325d487e43e9538,Interpolating,12,1419021995302202038,3.13,0.13396465375695893,10,True,True,10,0.0,False,0.15625,True
trained-constant-17-interpolating-013,constant,17,120,c99c319cf9c64781d61deb6caada1836e56765a004db61ad3325d487e43e9538,Interpolating,13,15316310453331632408,2.395,0.12595875330711506,13,True,True,13,0.0,False,0.2,True
trained-constant-17-interpolating-014,constant,17,120,c99c319cf9c64781d61deb6caada1836e56765a004db61ad3325d487e43e9538,Interpolating,14,11796609064813520848,1.7874999999999999,0.1548951042742373,14,True,True,14,0.0,False,0.2,True
trained-constant-17-interpolating-015,constant,17,120,c99c319cf9c64781d61deb6caada1836e56765a004db61ad3325d487e43e9538,Interpolating,15,2805038949925530220,1.9974999999999998,0.078416647593523,10,True,True,10,0.0,False,0.1375,True
trained-constant-17-interpolating-016,constant,17,120,c99c319cf9c64781d61deb6caada1836e56765a004db61ad3325d487e43e9538,Interpolating,16,968866272371362674,5.181249999999999,0.2988117419750462,17,True,True,17,0.0,False,0.3375,True
trained-constant-17-interpolating-017,constant,17,120,c99c319cf9c64781d61deb6caada1836e56765a004db61ad3325d487e43e9538,Interpolating,17,7788605981879023477,2.4324999999999997,0.16158533395628483,17,True,True,17,0.0,False,0.2125,True
trained-constant-17-interpolating-018,constant,17,120,c99c319cf9c64781d61deb6caada1836e56765a004db61ad3325d487e43e9538,Interpolating,18,10439994156060462437,2.4349999999999996,0.22099540754280514,15,True,True,15,0.0,False,0.21875,True
trained-constant-17-interpolating-019,constant,17,120,c99c319cf9c64781d61deb6caada1836e56765a004db61ad3325d487e43e9538,Interpolating,19,10788345978630443390,1.71,0.1513127096654079,14,True,True,14,0.0,False,0.11875,True
trained-constant-17-interpolating-020,constant,17,120,c99c319cf9c64781d61deb6caada1836e56765a004db61ad3325d487e43e9538,Interpolating,20,2749065783391086282,2.1674999999999995,0.20847657012987805,11,True,True,11,0.0,False,0.15,True
trained-constant-17-interpolating-021,constant,17,120,c99c319cf9c64781d61deb6caada1836e56765a004db61ad3325d487e43e9538,Interpolating,21,6627796605758636669,1.9725,0.13376884133488634,11,True,True,11,0.0,False,0.1375,True
trained-constant-17-interpolating-022,constant,17,120,c99c319cf9c64781d61deb6caada1836e56765a004db61ad3325d487e43e9538,Interpolating,22,6114899045365236755,2.3674999999999997,0.1763460202257712,9,True,True,9,0.0,False,0.15,True
trained-constant-17-interpolating-023,constant,17,120,c99c319cf9c64781d61deb6caada1836e56765a004db61ad3325d487e43e9538,Interpolating,23,15342331366916250523,3.2649999999999997,0.18575837232205655,11,True,True,11,0.0,False,0.2,True
trained-constant-17-interpolating-024,constant,17,120,c99c319cf9c64781d61deb6caada1836e56765a004db61ad3325d487e43e9538,Interpolating,24,4185376307371980128,2.3949999999999996,0.25026075064146813,13,True,True,13,0.0,False,0.2,True
trained-constant-17-interpolating-025,constant,17,120,c99c319cf9c64781d61deb6caada1836e56765a004db61ad3325d487e43e9538,Interpolating,25,16483183950200007957,3.5424999999999995,0.1446717357974106,16,True,True,16,0.0,False,0.3375,True
trained-constant-17-interpolating-026,constant,17,120,c99c319cf9c64781d61deb6caada1836e56765a004db61ad3325d487e43e9538,Interpolating,26,15715461036242996939,2.0374999999999996,0.04403278710234997,5,True,True,5,0.0,False,0.1125,True
trained-constant-17-interpolating-027,constant,17,120,c99c319cf9c64781d61deb6caada1836e56765a004db61ad3325d487e43e9538,Interpolating,27,15488033872484555981,2.175,0.20442362665923447,18,True,True,18,0.0,False,0.19375,True
trained-constant-17-interpolating-028,constant,17,120,c99c319cf9c64781d61deb6caada1836e56765a004db61ad3325d487e43e9538,Interpolating,28,12996223606096270975,3.0774999999999997,0.250475472142336,20,True,True,20,0.0,False,0.24375,True
trained-constant-17-interpolating-029,constant,17,120,c99c319cf9c64781d61deb6caada1836e56765a004db61ad3325d487e43e9538,Interpolating,29,17099684965774731615,2.77875,0.04190098754862715,8,True,True,8,0.0,False,0.18125,True
trained-constant-17-interpolating-030,constant,17,120,c99c319cf9c64781d61deb6caada1836e56765a004db61ad3325d487e43e9538,Interpolating,30,15070682290330885147,3.3324999999999996,0.3156246074893467,19,True,True,19,0.0,False,0.28125,True
trained-constant-17-interpolating-031,constant,17,120,c99c319cf9c64781d61deb6caada1836e56765a004db61ad3325d487e43e9538,Interpolating,31,15044959745243842507,4.369999999999999,0.20805912739219548,20,True,True,20,0.0,False,0.3375,True
trained-constant-17-interpolating-032,constant,17,120,c99c319cf9c64781d61deb6caada1836e56765a004db61ad3325d487e43e9538,Interpolating,32,62878794960656701,1.8699999999999999,0.21189757816981555,8,True,True,8,0.0,False,0.08125,True
trained-constant-17-interpolating-033,constant,17,120,c99c319cf9c64781d61deb6caada1836e56765a004db61ad3325d487e43e9538,Interpolating,33,8795058334408937004,4.516249999999999,0.1528467185888626,17,True,True,17,0.0,False,0.2625,True
trained-constant-17-interpolating-034,constant,17,120,c99c319cf9c64781d61deb6caada1836e56765a004db61ad3325d487e43e9538,Interpolating,34,11632446803906740930,3.0475,0.15935918686077394,9,True,True,9,0.0,False,0.175,True
trained-constant-17-interpolating-035,constant,17,120,c99c319cf9c64781d61deb6caada1836e56765a004db61ad3325d487e43e9538,Interpolating,35,7959434712573839142,3.8974999999999995,0.2190180573615319,16,True,True,16,0.0,False,0.275,True
trained-constant-17-interpolating-036,constant,17,120,c99c319cf9c64781d61deb6caada1836e56765a004db61ad3325d487e43e9538,Interpolating,36,3153340152368836510,2.1875,0.13457676121736462,9,True,True,9,0.0,False,0.15,True
trained-constant-17-interpolating-037,constant,17,120,c99c319cf9c64781d61deb6caada1836e56765a004db61ad3325d487e43e9538,Interpolating,37,2421928720623416974,2.5549999999999997,0.24306180298217378,11,True,True,11,0.0,False,0.15625,True
trained-constant-17-interpolating-038,constant,17,120,c99c319cf9c64781d61deb6caada1836e56765a004db61ad3325d487e43e9538,Interpolating,38,6019065564440742668,2.6149999999999998,0.1616162907700163,12,True,True,12,0.0,False,0.1875,True
trained-constant-17-interpolating-039,constant,17,120,c99c319cf9c64781d61deb6caada1836e56765a004db61ad3325d487e43e9538,Interpolating,39,3894871178682073142,3.9262499999999996,0.22597942583678693,18,True,True,18,0.0,False,0.31875,True
trained-constant-17-interpolating-040,constant,17,120,c99c319cf9c64781d61deb6caada1836e56765a004db61ad3325d487e43e9538,Interpolating,40,12671372432846517184,5.208749999999999,0.025013888661373405,22,True,True,22,0.0,False,0.41875,True
trained-constant-17-interpolating-041,constant,17,120,c99c319cf9c64781d61deb6caada1836e56765a004db61ad3325d487e43e9538,Interpolating,41,5711509523062542537,1.9274999999999998,0.13002560518634274,16,True,True,16,0.0,False,0.2,True
trained-constant-17-interpolating-042,constant,17,120,c99c319cf9c64781d61deb6caada1836e56765a004db61ad3325d487e43e9538,Interpolating,42,4664589289215705489,1.8125,0.09073238536016712,12,True,True,12,0.0,False,0.1125,True
trained-constant-17-interpolating-043,constant,17,120,c99c319cf9c64781d61deb6caada1836e56765a004db61ad3325d487e43e9538,Interpolating,43,13568408508684163723,2.2699999999999996,0.019338285559802285,5,True,True,5,0.0,False,0.1125,True
trained-constant-17-interpolating-044,constant,17,120,c99c319cf9c64781d61deb6caada1836e56765a004db61ad3325d487e43e9538,Interpolating,44,10543143513472105710,5.6225,0.23978658754501042,25,True,True,25,0.0,False,0.38125,True
trained-constant-17-interpolating-045,constant,17,120,c99c319cf9c64781d61deb6caada1836e56765a004db61ad3325d487e43e9538,Interpolating,45,6958479513096993297,2.5149999999999997,0.10600242180808103,10,True,True,10,0.0,False,0.16875,True
trained-constant-17-interpolating-046,constant,17,120,c99c319cf9c64781d61deb6caada1836e56765a004db61ad3325d487e43e9538,Interpolating,46,14921246797968789371,3.17,0.3571904245727842,15,True,True,15,0.0,False,0.175,True
trained-constant-17-interpolating-047,constant,17,120,c99c319cf9c64781d61deb6caada1836e56765a004db61ad3325d487e43e9538,Interpolating,47,6195459452437239759,2.2399999999999998,0.17588664505020712,9,True,True,9,0.0,False,0.125,True
trained-constant-17-interpolating-048,constant,17,120,c99c319cf9c64781d61deb6caada1836e56765a004db61ad3325d487e43e9538,Interpolating,48,3895088073425145228,2.8074999999999997,0.21749028407118035,11,True,True,11,0.0,False,0.18125,True
trained-constant-17-interpolating-049,constant,17,120,c99c319cf9c64781d61deb6caada1836e56765a004db61ad3325d487e43e9538,Interpolating,49,2020444329563027194,2.2824999999999998,0.18610433715659644,6,True,True,6,0.0,False,0.11875,True
trained-constant-17-interpolating-050,constant,17,120,c99c319cf9c64781d61deb6caada1836e56765a004db61ad3325d487e43e9538,Interpolating,50,17140590466232858534,1.9462499999999998,0.10067437378235258,8,True,True,8,0.0,False,0.1125,True
trained-constant-17-interpolating-051,constant,17,120,c99c319cf9c64781d61deb6caada1836e56765a004db61ad3325d487e43e9538,Interpolating,51,16072528630644034156,2.135,0.198436495236438,9,True,True,9,0.0,False,0.125,True
trained-constant-17-interpolating-052,constant,17,120,c99c319cf9c64781d61deb6caada1836e56765a004db61ad3325d487e43e9538,Interpolating,52,14306990543530044713,3.07625,0.22059033426524866,12,True,True,12,0.0,False,0.225,True
trained-constant-17-interpolating-053,constant,17,120,c99c319cf9c64781d61deb6caada1836e56765a004db61ad3325d487e43e9538,Interpolating,53,1846652734200689972,3.2099999999999995,0.3360264361435701,16,True,True,16,0.0,False,0.2,True
trained-constant-17-interpolating-054,constant,17,120,c99c319cf9c64781d61deb6caada1836e56765a004db61ad3325d487e43e9538,Interpolating,54,1351681761134111278,1.9274999999999998,0.21498031206691098,5,True,True,5,0.0,False,0.06875,True
trained-constant-17-interpolating-055,constant,17,120,c99c319cf9c64781d61deb6caada1836e56765a004db61ad3325d487e43e9538,Interpolating,55,4464728797135582120,3.079999999999999,0.06399863991276895,12,True,True,12,0.0,False,0.21875,True
trained-constant-17-interpolating-056,constant,17,120,c99c319cf9c64781d61deb6caada1836e56765a004db61ad3325d487e43e9538,Interpolating,56,7672508779108931689,2.1325,0.2535168540856556,12,True,True,12,0.0,False,0.15625,True
trained-constant-17-interpolating-057,constant,17,120,c99c319cf9c64781d61deb6caada1836e56765a004db61ad3325d487e43e9538,Interpolating,57,8849699164611196021,1.8524999999999998,0.19197031039136092,8,True,True,8,0.0,False,0.10625,True
trained-constant-17-interpolating-058,constant,17,120,c99c319cf9c64781d61deb6caada1836e56765a004db61ad3325d487e43e9538,Interpolating,58,15517275785508743013,2.8825,0.1564918414534546,12,True,True,12,0.0,False,0.225,True
trained-constant-17-interpolating-059,constant,17,120,c99c319cf9c64781d61deb6caada1836e56765a004db61ad3325d487e43e9538,Interpolating,59,17284464626864511430,2.135,0.06406478028846412,14,True,True,14,0.0,False,0.2,True
trained-constant-17-interpolating-060,constant,17,120,c99c319cf9c64781d61deb6caada1836e56765a004db61ad3325d487e43e9538,Interpolating,60,9598616681502878442,1.7925,0.1558430938034441,6,True,True,6,0.0,False,0.06875,True
trained-constant-17-interpolating-061,constant,17,120,c99c319cf9c64781d61deb6caada1836e56765a004db61ad3325d487e43e9538,Interpolating,61,18373748851460017609,2.08,0.13357797427066861,17,True,True,17,0.0,False,0.15625,True
trained-constant-17-interpolating-062,constant,17,120,c99c319cf9c64781d61deb6caada1836e56765a004db61ad3325d487e43e9538,Interpolating,62,14601959078880506903,1.5775,0.069327649523571,3,True,True,3,0.0,False,0.05625,True
trained-constant-17-interpolating-063,constant,17,120,c99c319cf9c64781d61deb6caada1836e56765a004db61ad3325d487e43e9538,Interpolating,63,13296456437356352183,3.2449999999999997,0.3799282143759324,21,True,True,21,0.0,False,0.2,True
trained-constant-17-mixed-000,constant,17,120,c99c319cf9c64781d61deb6caada1836e56765a004db61ad3325d487e43e9538,Mixed,0,9837574999655217447,3.1162499999999995,0.062103199302875695,20,True,True,20,0.0,False,0.4375,False
trained-constant-17-mixed-001,constant,17,120,c99c319cf9c64781d61deb6caada1836e56765a004db61ad3325d487e43e9538,Mixed,1,16097626690132444559,2.17,0.08165322580645164,9,True,True,9,0.0,False,0.20625,False
trained-constant-17-mixed-002,constant,17,120,c99c319cf9c64781d61deb6caada1836e56765a004db61ad3325d487e43e9538,Mixed,2,9572787787404648798,2.3024999999999998,0.09100162866449513,9,True,True,9,0.0,False,0.20625,False
trained-constant-17-mixed-003,constant,17,120,c99c319cf9c64781d61deb6caada1836e56765a004db61ad3325d487e43e9538,Mixed,3,5662295444759022093,2.8224999999999993,0.08386846767050489,16,True,True,16,0.0,False,0.36875,False
trained-constant-17-mixed-004,constant,17,120,c99c319cf9c64781d61deb6caada1836e56765a004db61ad3325d487e43e9538,Mixed,4,5478193342402973592,2.3574999999999995,0.057065217391304365,11,True,True,11,0.0,False,0.24375,False
trained-constant-17-mixed-005,constant,17,120,c99c319cf9c64781d61deb6caada1836e56765a004db61ad3325d487e43e9538,Mixed,5,17445992729053670790,2.625,0.04618131868131866,15,True,True,15,0.0,False,0.325,False
trained-constant-17-mixed-006,constant,17,120,c99c319cf9c64781d61deb6caada1836e56765a004db61ad3325d487e43e9538,Mixed,6,1618865947275034288,2.925,0.11025641025641027,16,True,True,16,0.0,False,0.35,False
trained-constant-17-mixed-007,constant,17,120,c99c319cf9c64781d61deb6caada1836e56765a004db61ad3325d487e43e9538,Mixed,7,5683011155776366493,3.1599999999999997,0.0750509721765063,14,True,True,14,0.0,False,0.29375,False
trained-constant-17-mixed-008,constant,17,120,c99c319cf9c64781d61deb6caada1836e56765a004db61ad3325d487e43e9538,Mixed,8,17470823626590704931,2.5874999999999995,0.06177536231884061,14,True,True,14,0.0,False,0.325,False
trained-constant-17-mixed-009,constant,17,120,c99c319cf9c64781d61deb6caada1836e56765a004db61ad3325d487e43e9538,Mixed,9,3108160635079111269,2.2899999999999996,0.0777838427947599,11,True,True,11,0.0,False,0.2375,False
trained-constant-17-mixed-010,constant,17,120,c99c319cf9c64781d61deb6caada1836e56765a004db61ad3325d487e43e9538,Mixed,10,16108815908285941765,2.1975,0.09748293515358365,8,True,True,8,0.0,False,0.1875,False
trained-constant-17-mixed-011,constant,17,120,c99c319cf9c64781d61deb6caada1836e56765a004db61ad3325d487e43e9538,Mixed,11,8340611736367771510,2.9237499999999996,0.05421916522059872,18,True,True,18,0.0,False,0.4,False
trained-constant-17-mixed-012,constant,17,120,c99c319cf9c64781d61deb6caada1836e56765a004db61ad3325d487e43e9538,Mixed,12,7696728073784221471,2.2924999999999995,0.057660850599781974,11,True,True,11,0.0,False,0.24375,False
trained-constant-17-mixed-013,constant,17,120,c99c319cf9c64781d61deb6caada1836e56765a004db61ad3325d487e43e9538,Mixed,13,13872548430704454533,2.1262499999999998,0.031586389345010076,11,True,True,11,0.0,False,0.23125,False
trained-constant-17-mixed-014,constant,17,120,c99c319cf9c64781d61deb6caada1836e56765a004db61ad3325d487e43e9538,Mixed,14,2609838459911863634,2.2299999999999995,0.041619955156950716,14,True,True,14,0.0,False,0.30625,False
trained-constant-17-mixed-015,constant,17,120,c99c319cf9c64781d61deb6caada1836e56765a004db61ad3325d487e43e9538,Mixed,15,3032382052692538463,2.1024999999999996,0.07870095124851367,13,True,True,13,0.0,False,0.28125,False
trained-constant-17-mixed-016,constant,17,120,c99c319cf9c64781d61deb6caada1836e56765a004db61ad3325d487e43e9538,Mixed,16,7037482722634543580,1.9775,0.03531921618204803,11,True,True,11,0.0,False,0.23125,False
trained-constant-17-mixed-017,constant,17,120,c99c319cf9c64781d61deb6caada1836e56765a004db61ad3325d487e43e9538,Mixed,17,6144084798308390018,2.6899999999999995,0.09549256505576217,12,True,True,12,0.0,False,0.275,False
trained-constant-17-mixed-018,constant,17,120,c99c319cf9c64781d61deb6caada1836e56765a004db61ad3325d487e43e9538,Mixed,18,8023590829367657593,2.5625,0.056158536585365834,16,True,True,16,0.0,False,0.34375,False
trained-constant-17-mixed-019,constant,17,120,c99c319cf9c64781d61deb6caada1836e56765a004db61ad3325d487e43e9538,Mixed,19,1847710379289239163,1.585,0.04495268138801263,7,True,True,7,0.0,False,0.15625,False
trained-constant-17-mixed-020,constant,17,120,c99c319cf9c64781d61deb6caada1836e56765a004db61ad3325d487e43e9538,Mixed,20,2444204433498384554,1.5324999999999998,0.06025693311582381,7,True,True,7,0.0,False,0.15625,False
trained-constant-17-mixed-021,constant,17,120,c99c319cf9c64781d61deb6caada1836e56765a004db61ad3325d487e43e9538,Mixed,21,13383826693079521372,1.8649999999999998,0.0492627345844504,9,True,True,9,0.0,False,0.175,False
trained-constant-17-mixed-022,constant,17,120,c99c319cf9c64781d61deb6caada1836e56765a004db61ad3325d487e43e9538,Mixed,22,12605658994774167264,1.9024999999999999,0.026363337713534846,11,True,True,11,0.0,False,0.2375,False
trained-constant-17-mixed-023,constant,17,120,c99c319cf9c64781d61deb6caada1836e56765a004db61ad3325d487e43e9538,Mixed,23,2710410036575263126,2.0225,0.07254326328800996,7,True,True,7,0.0,False,0.175,False
trained-constant-17-mixed-024,constant,17,120,c99c319cf9c64781d61deb6caada1836e56765a004db61ad3325d487e43e9538,Mixed,24,9374511658060691865,3.6824999999999997,0.08363034623217924,16,True,True,16,0.0,False,0.36875,False
trained-constant-17-mixed-025,constant,17,120,c99c319cf9c64781d61deb6caada1836e56765a004db61ad3325d487e43e9538,Mixed,25,3848479620784621071,2.8524999999999996,0.03743659830157115,16,True,True,16,0.0,False,0.34375,False
trained-constant-17-mixed-026,constant,17,120,c99c319cf9c64781d61deb6caada1836e56765a004db61ad3325d487e43e9538,Mixed,26,10060129018277579519,2.2524999999999995,0.04307713651498334,24,True,True,24,0.0,False,0.53125,False
trained-constant-17-mixed-027,constant,17,120,c99c319cf9c64781d61deb6caada1836e56765a004db61ad3325d487e43e9538,Mixed,27,9222718046788736315,1.9574999999999998,0.03759578544061304,12,True,True,12,0.0,False,0.26875,False
trained-constant-17-mixed-028,constant,17,120,c99c319cf9c64781d61deb6caada1836e56765a004db61ad3325d487e43e9538,Mixed,28,1817376572049513553,2.155,0.0648201856148492,15,True,True,15,0.0,False,0.34375,False
trained-constant-17-mixed-029,constant,17,120,c99c319cf9c64781d61deb6caada1836e56765a004db61ad3325d487e43e9538,Mixed,29,5989969955202994418,2.745,0.04918032786885252,16,True,True,16,0.0,False,0.34375,False
trained-constant-17-mixed-030,constant,17,120,c99c319cf9c64781d61deb6caada1836e56765a004db61ad3325d487e43e9538,Mixed,30,12288812660768793237,1.92,0.08154296874999999,9,True,True,9,0.0,False,0.2,False
trained-constant-17-mixed-031,constant,17,120,c99c319cf9c64781d61deb6caada1836e56765a004db61ad3325d487e43e9538,Mixed,31,4657256477841777108,3.4449999999999994,0.047351233671988395,21,True,True,21,0.0,False,0.475,False
trained-constant-17-mixed-032,constant,17,120,c99c319cf9c64781d61deb6caada1836e56765a004db61ad3325d487e43e9538,Mixed,32,14817260867231752736,3.5749999999999997,0.06207947457947463,16,True,True,16,0.0,False,0.34375,False
trained-constant-17-mixed-033,constant,17,120,c99c319cf9c64781d61deb6caada1836e56765a004db61ad3325d487e43e9538,Mixed,33,6882155495963459402,2.61,0.03340517241379313,19,True,True,19,0.0,False,0.4125,False
trained-constant-17-mixed-034,constant,17,120,c99c319cf9c64781d61deb6caada1836e56765a004db61ad3325d487e43e9538,Mixed,34,14121763106414925945,2.5524999999999998,0.049400097943192944,13,True,True,13,0.0,False,0.275,False
trained-constant-17-mixed-035,constant,17,120,c99c319cf9c64781d61deb6caada1836e56765a004db61ad3325d487e43e9538,Mixed,35,1421609862225608280,2.01625,0.06338454048585301,8,True,True,8,0.0,False,0.1875,False
trained-constant-17-mixed-036,constant,17,120,c99c319cf9c64781d61deb6caada1836e56765a004db61ad3325d487e43e9538,Mixed,36,16564623816693863426,2.99125,0.0663910402445512,15,True,True,15,0.0,False,0.375,False
trained-constant-17-mixed-037,constant,17,120,c99c319cf9c64781d61deb6caada1836e56765a004db61ad3325d487e43e9538,Mixed,37,16347417277677267485,2.7275,0.05379239230064164,19,True,True,19,0.0,False,0.425,False
trained-constant-17-mixed-038,constant,17,120,c99c319cf9c64781d61deb6caada1836e56765a004db61ad3325d487e43e9538,Mixed,38,17752583452436144109,1.9475,0.04067715019255458,13,True,True,13,0.0,False,0.275,False
trained-constant-17-mixed-039,constant,17,120,c99c319cf9c64781d61deb6caada1836e56765a004db61ad3325d487e43e9538,Mixed,39,15194243161348527663,2.4699999999999998,0.09109311740890687,13,True,True,13,0.0,False,0.30625,False
trained-constant-17-mixed-040,constant,17,120,c99c319cf9c64781d61deb6caada1836e56765a004db61ad3325d487e43e9538,Mixed,40,4931060878295927676,1.8775,0.034703728362183724,8,True,True,8,0.0,False,0.18125,False
trained-constant-17-mixed-041,constant,17,120,c99c319cf9c64781d61deb6caada1836e56765a004db61ad3325d487e43e9538,Mixed,41,1468772249432721903,3.4412499999999993,0.11617135048716187,19,True,True,19,0.0,False,0.425,False
trained-constant-17-mixed-042,constant,17,120,c99c319cf9c64781d61deb6caada1836e56765a004db61ad3325d487e43e9538,Mixed,42,4550208281282806719,1.9074999999999998,0.06512123197903016,8,True,True,8,0.0,False,0.19375,False
trained-constant-17-mixed-043,constant,17,120,c99c319cf9c64781d61deb6caada1836e56765a004db61ad3325d487e43e9538,Mixed,43,17862697856205634456,3.1349999999999993,0.07386363636363641,25,True,True,25,0.0,False,0.575,False
trained-constant-17-mixed-044,constant,17,120,c99c319cf9c64781d61deb6caada1836e56765a004db61ad3325d487e43e9538,Mixed,44,16798778830184105485,2.3024999999999998,0.0804153094462541,12,True,True,12,0.0,False,0.2875,False
trained-constant-17-mixed-045,constant,17,120,c99c319cf9c64781d61deb6caada1836e56765a004db61ad3325d487e43e9538,Mixed,45,5589721423493921871,2.7375,0.02619863013698628,17,True,True,17,0.0,False,0.35625,False
trained-constant-17-mixed-046,constant,17,120,c99c319cf9c64781d61deb6caada1836e56765a004db61ad3325d487e43e9538,Mixed,46,12022217536735591261,2.7087499999999998,0.02811773071018901,12,True,True,12,0.0,False,0.28125,False
trained-constant-17-mixed-047,constant,17,120,c99c319cf9c64781d61deb6caada1836e56765a004db61ad3325d487e43e9538,Mixed,47,9291312756318567280,1.645,0.05528115501519756,8,True,True,8,0.0,False,0.14375,False
trained-constant-17-mixed-048,constant,17,120,c99c319cf9c64781d61deb6caada1836e56765a004db61ad3325d487e43e9538,Mixed,48,5829710046683006808,2.3974999999999995,0.05024765380604797,11,True,True,11,0.0,False,0.23125,False
trained-constant-17-mixed-049,constant,17,120,c99c319cf9c64781d61deb6caada1836e56765a004db61ad3325d487e43e9538,Mixed,49,10982682314285407921,1.3225,0.02020321361058604,6,True,True,6,0.0,False,0.10625,False
trained-constant-17-mixed-050,constant,17,120,c99c319cf9c64781d61deb6caada1836e56765a004db61ad3325d487e43e9538,Mixed,50,12655626988865559989,3.0049999999999994,0.05678036605657234,20,True,True,20,0.0,False,0.45625,False
trained-constant-17-mixed-051,constant,17,120,c99c319cf9c64781d61deb6caada1836e56765a004db61ad3325d487e43e9538,Mixed,51,8591460299030170685,3.8649999999999998,0.07252587322121606,18,True,True,18,0.0,False,0.43125,False
trained-constant-17-mixed-052,constant,17,120,c99c319cf9c64781d61deb6caada1836e56765a004db61ad3325d487e43e9538,Mixed,52,2817721394751126201,2.6162499999999995,0.0992674269874033,12,True,True,12,0.0,False,0.275,False
trained-constant-17-mixed-053,constant,17,120,c99c319cf9c64781d61deb6caada1836e56765a004db61ad3325d487e43e9538,Mixed,53,2703150736396556017,3.18625,0.1056965298334463,20,True,True,20,0.0,False,0.4625,False
trained-constant-17-mixed-054,constant,17,120,c99c319cf9c64781d61deb6caada1836e56765a004db61ad3325d487e43e9538,Mixed,54,17014047877209700225,1.4949999999999999,0.04013377926421403,7,True,True,7,0.0,False,0.1375,False
trained-constant-17-mixed-055,constant,17,120,c99c319cf9c64781d61deb6caada1836e56765a004db61ad3325d487e43e9538,Mixed,55,17898850240739674350,2.28875,0.0260315062660222,9,True,True,9,0.0,False,0.19375,False
trained-constant-17-mixed-056,constant,17,120,c99c319cf9c64781d61deb6caada1836e56765a004db61ad3325d487e43e9538,Mixed,56,14816113025092349998,1.8775,0.053428761651131834,11,True,True,11,0.0,False,0.2375,False
trained-constant-17-mixed-057,constant,17,120,c99c319cf9c64781d61deb6caada1836e56765a004db61ad3325d487e43e9538,Mixed,57,6289905503463090908,2.6249999999999996,0.07071428571428573,15,True,True,15,0.0,False,0.34375,False
trained-constant-17-mixed-058,constant,17,120,c99c319cf9c64781d61deb6caada1836e56765a004db61ad3325d487e43e9538,Mixed,58,2178939074574157462,4.1274999999999995,0.04817141596119803,19,True,True,19,0.0,False,0.43125,False
trained-constant-17-mixed-059,constant,17,120,c99c319cf9c64781d61deb6caada1836e56765a004db61ad3325d487e43e9538,Mixed,59,14705491300403285639,4.1525,0.02468398422055237,18,True,True,18,0.0,False,0.4125,False
trained-constant-17-mixed-060,constant,17,120,c99c319cf9c64781d61deb6caada1836e56765a004db61ad3325d487e43e9538,Mixed,60,17467177971170501938,1.8424999999999998,0.062330393487109934,14,True,True,14,0.0,False,0.31875,False
trained-constant-17-mixed-061,constant,17,120,c99c319cf9c64781d61deb6caada1836e56765a004db61ad3325d487e43e9538,Mixed,61,4891102061680878612,3.687499999999999,0.02936440677966106,17,True,True,17,0.0,False,0.38125,False
trained-constant-17-mixed-062,constant,17,120,c99c319cf9c64781d61deb6caada1836e56765a004db61ad3325d487e43e9538,Mixed,62,618372948174878898,1.6075,0.06736003110419907,7,True,True,7,0.0,False,0.15,False
trained-constant-17-mixed-063,constant,17,120,c99c319cf9c64781d61deb6caada1836e56765a004db61ad3325d487e43e9538,Mixed,63,4560447226049035181,1.9649999999999999,0.06870229007633595,10,True,True,10,0.0,False,0.225,False
trained-constant-17-proportional-000,constant,17,120,c99c319cf9c64781d61deb6caada1836e56765a004db61ad3325d487e43e9538,Proportional,0,17434192633228949644,2.0774999999999997,0.17578996471017724,11,True,True,11,0.0,False,0.15,False
trained-constant-17-proportional-001,constant,17,120,c99c319cf9c64781d61deb6caada1836e56765a004db61ad3325d487e43e9538,Proportional,1,8550414991759112955,2.3274999999999997,0.2634562596968612,7,True,True,7,0.0,False,0.10625,False
trained-constant-17-proportional-002,constant,17,120,c99c319cf9c64781d61deb6caada1836e56765a004db61ad3325d487e43e9538,Proportional,2,137663569268594664,1.8599999999999999,0.12231182795698921,9,True,True,9,0.0,False,0.1125,False
trained-constant-17-proportional-003,constant,17,120,c99c319cf9c64781d61deb6caada1836e56765a004db61ad3325d487e43e9538,Proportional,3,1341842678057785971,3.6524999999999994,0.28832991101984945,19,True,True,19,0.0,False,0.2375,False
trained-constant-17-proportional-004,constant,17,120,c99c319cf9c64781d61deb6caada1836e56765a004db61ad3325d487e43e9538,Proportional,4,12910592034189434758,2.2125,0.1703389830508474,11,True,True,11,0.0,False,0.1375,False
trained-constant-17-proportional-005,constant,17,120,c99c319cf9c64781d61deb6caada1836e56765a004db61ad3325d487e43e9538,Proportional,5,2752880481630366655,1.67,0.12799401197604787,8,True,True,8,0.0,False,0.125,False
trained-constant-17-proportional-006,constant,17,120,c99c319cf9c64781d61deb6caada1836e56765a004db61ad3325d487e43e9538,Proportional,6,17183166212539392870,2.9262499999999996,0.32135494069528614,13,True,True,13,0.0,False,0.15625,False
trained-constant-17-proportional-007,constant,17,120,c99c319cf9c64781d61deb6caada1836e56765a004db61ad3325d487e43e9538,Proportional,7,8402665029819424655,1.6925,0.11262924667651397,8,True,True,8,0.0,False,0.1125,False
trained-constant-17-proportional-008,constant,17,120,c99c319cf9c64781d61deb6caada1836e56765a004db61ad3325d487e43e9538,Proportional,8,2647081894708251130,2.005,0.20174338250758633,8,True,True,8,0.0,False,0.11875,False
trained-constant-17-proportional-009,constant,17,120,c99c319cf9c64781d61deb6caada1836e56765a004db61ad3325d487e43e9538,Proportional,9,11970559727208677537,3.32,0.2259036144578313,19,True,True,19,0.0,False,0.28125,False
trained-constant-17-proportional-010,constant,17,120,c99c319cf9c64781d61deb6caada1836e56765a004db61ad3325d487e43e9538,Proportional,10,3497991490900492444,2.8574999999999995,0.29549431321084857,11,True,True,11,0.0,False,0.20625,False
trained-constant-17-proportional-011,constant,17,120,c99c319cf9c64781d61deb6caada1836e56765a004db61ad3325d487e43e9538,Proportional,11,11418595597767109282,1.7899999999999998,0.19134078212290498,17,True,True,17,0.0,False,0.13125,False
trained-constant-17-proportional-012,constant,17,120,c99c319cf9c64781d61deb6caada1836e56765a004db61ad3325d487e43e9538,Proportional,12,15340705329216226473,2.4424999999999994,0.22492323439099282,14,True,True,14,0.0,False,0.20625,False
trained-constant-17-proportional-013,constant,17,120,c99c319cf9c64781d61deb6caada1836e56765a004db61ad3325d487e43e9538,Proportional,13,11186827931184366703,2.7449999999999997,0.2103825136612021,7,True,True,7,0.0,False,0.13125,False
trained-constant-17-proportional-014,constant,17,120,c99c319cf9c64781d61deb6caada1836e56765a004db61ad3325d487e43e9538,Proportional,14,5590448970435470760,2.03,0.10100852977817601,15,True,True,15,0.0,False,0.18125,False
trained-constant-17-proportional-015,constant,17,120,c99c319cf9c64781d61deb6caada1836e56765a004db61ad3325d487e43e9538,Proportional,15,6372082125936815676,1.7599999999999998,0.04048295454545453,10,True,True,10,0.0,False,0.1375,False
trained-constant-17-proportional-016,constant,17,120,c99c319cf9c64781d61deb6caada1836e56765a004db61ad3325d487e43e9538,Proportional,16,12849674797389043041,5.679999999999999,0.4654535993092477,19,True,True,19,0.0,False,0.275,False
trained-constant-17-proportional-017,constant,17,120,c99c319cf9c64781d61deb6caada1836e56765a004db61ad3325d487e43e9538,Proportional,17,10511743752766637354,3.2149999999999994,0.2636080870917573,12,True,True,12,0.0,False,0.19375,False
trained-constant-17-proportional-018,constant,17,120,c99c319cf9c64781d61deb6caada1836e56765a004db61ad3325d487e43e9538,Proportional,18,16444299934089901235,2.38875,0.1601868106090484,7,True,True,7,0.0,False,0.1125,False
trained-constant-17-proportional-019,constant,17,120,c99c319cf9c64781d61deb6caada1836e56765a004db61ad3325d487e43e9538,Proportional,19,7913771437897320950,1.4849999999999999,0.08754208754208752,4,True,True,4,0.0,False,0.05,False
trained-constant-17-proportional-020,constant,17,120,c99c319cf9c64781d61deb6caada1836e56765a004db61ad3325d487e43e9538,Proportional,20,12268002647115823992,2.7899999999999996,0.3053521402381247,7,True,True,7,0.0,False,0.10625,False
trained-constant-17-proportional-021,constant,17,120,c99c319cf9c64781d61deb6caada1836e56765a004db61ad3325d487e43e9538,Proportional,21,9861247036401674753,1.8975,0.059617918313570474,9,True,True,9,0.0,False,0.15,False
trained-constant-17-proportional-022,constant,17,120,c99c319cf9c64781d61deb6caada1836e56765a004db61ad3325d487e43e9538,Proportional,22,17998851704567185393,1.8224999999999998,0.17798353909465017,6,True,True,6,0.0,False,0.09375,False
trained-constant-17-proportional-023,constant,17,120,c99c319cf9c64781d61deb6caada1836e56765a004db61ad3325d487e43e9538,Proportional,23,158676202387826753,1.9974999999999998,0.1899249061326658,9,True,True,9,0.0,False,0.14375,False
trained-constant-17-proportional-024,constant,17,120,c99c319cf9c64781d61deb6caada1836e56765a004db61ad3325d487e43e9538,Proportional,24,4235421939498952,3.8274999999999997,0.343403004572175,21,True,True,21,0.0,False,0.225,False
trained-constant-17-proportional-025,constant,17,120,c99c319cf9c64781d61deb6caada1836e56765a004db61ad3325d487e43e9538,Proportional,25,13201870223237730058,3.7737499999999993,0.44797630877458633,19,True,True,19,0.0,False,0.1875,False
trained-constant-17-proportional-026,constant,17,120,c99c319cf9c64781d61deb6caada1836e56765a004db61ad3325d487e43e9538,Proportional,26,16329718509825722070,2.005,0.13653366583541146,8,True,True,8,0.0,False,0.1375,False
trained-constant-17-proportional-027,constant,17,120,c99c319cf9c64781d61deb6caada1836e56765a004db61ad3325d487e43e9538,Proportional,27,1636150225789653852,2.0024999999999995,0.2518726591760299,12,True,True,12,0.0,False,0.125,False
trained-constant-17-proportional-028,constant,17,120,c99c319cf9c64781d61deb6caada1836e56765a004db61ad3325d487e43e9538,Proportional,28,13426675676799516997,1.7899999999999998,0.138268156424581,9,True,True,9,0.0,False,0.10625,False
trained-constant-17-proportional-029,constant,17,120,c99c319cf9c64781d61deb6caada1836e56765a004db61ad3325d487e43e9538,Proportional,29,12626783227867843077,2.3187499999999996,0.07640499846496226,6,True,True,6,0.0,False,0.125,False
trained-constant-17-proportional-030,constant,17,120,c99c319cf9c64781d61deb6caada1836e56765a004db61ad3325d487e43e9538,Proportional,30,2537505595134430816,1.9799999999999998,0.12184343434343436,7,True,True,7,0.0,False,0.15,False
trained-constant-17-proportional-031,constant,17,120,c99c319cf9c64781d61deb6caada1836e56765a004db61ad3325d487e43e9538,Proportional,31,5084757596967274019,2.7024999999999997,0.1931082331174838,11,True,True,11,0.0,False,0.16875,False
trained-constant-17-proportional-032,constant,17,120,c99c319cf9c64781d61deb6caada1836e56765a004db61ad3325d487e43e9538,Proportional,32,5619365905881826559,2.61625,0.15665838795736003,11,True,True,11,0.0,False,0.175,False
trained-constant-17-proportional-033,constant,17,120,c99c319cf9c64781d61deb6caada1836e56765a004db61ad3325d487e43e9538,Proportional,33,14709315278364679513,2.2874999999999996,0.22322404371584698,12,True,True,12,0.0,False,0.16875,False
trained-constant-17-proportional-034,constant,17,120,c99c319cf9c64781d61deb6caada1836e56765a004db61ad3325d487e43e9538,Proportional,34,16814541035167457654,6.266249999999999,0.5515160582485538,36,True,True,36,0.0,False,0.275,False
trained-constant-17-proportional-035,constant,17,120,c99c319cf9c64781d61deb6caada1836e56765a004db61ad3325d487e43e9538,Proportional,35,5156146285762253773,2.1125,0.2316568047337278,7,True,True,7,0.0,False,0.11875,False
trained-constant-17-proportional-036,constant,17,120,c99c319cf9c64781d61deb6caada1836e56765a004db61ad3325d487e43e9538,Proportional,36,1746116392517355099,1.8024999999999998,0.13557558945908457,10,True,True,10,0.0,False,0.1375,False
trained-constant-17-proportional-037,constant,17,120,c99c319cf9c64781d61deb6caada1836e56765a004db61ad3325d487e43e9538,Proportional,37,12032274335720998771,3.0049999999999994,0.15183028286189684,16,True,True,16,0.0,False,0.3,False
trained-constant-17-proportional-038,constant,17,120,c99c319cf9c64781d61deb6caada1836e56765a004db61ad3325d487e43e9538,Proportional,38,9103834334779124360,2.9387499999999998,0.12493762730641433,15,True,True,15,0.0,False,0.19375,False
trained-constant-17-proportional-039,constant,17,120,c99c319cf9c64781d61deb6caada1836e56765a004db61ad3325d487e43e9538,Proportional,39,209897765711798798,1.8774999999999997,0.20006657789613844,7,True,True,7,0.0,False,0.08125,False
trained-constant-17-proportional-040,constant,17,120,c99c319cf9c64781d61deb6caada1836e56765a004db61ad3325d487e43e9538,Proportional,40,14517988445065894025,1.915,0.16839935044259055,5,True,True,5,0.0,False,0.0875,False
trained-constant-17-proportional-041,constant,17,120,c99c319cf9c64781d61deb6caada1836e56765a004db61ad3325d487e43e9538,Proportional,41,6417864892745819489,1.4874999999999998,0.08697478991596637,4,True,True,4,0.0,False,0.0625,False
trained-constant-17-proportional-042,constant,17,120,c99c319cf9c64781d61deb6caada1836e56765a004db61ad3325d487e43e9538,Proportional,42,6654629675859360376,1.765,0.15014164305949007,7,True,True,7,0.0,False,0.08125,False
trained-constant-17-proportional-043,constant,17,120,c99c319cf9c64781d61deb6caada1836e56765a004db61ad3325d487e43e9538,Proportional,43,585619153919464435,2.775,0.35180180180180176,15,True,True,15,0.0,False,0.15,False
trained-constant-17-proportional-044,constant,17,120,c99c319cf9c64781d61deb6caada1836e56765a004db61ad3325d487e43e9538,Proportional,44,3598954576259281020,3.4699999999999998,0.3887239678894203,13,True,True,13,0.0,False,0.175,False
trained-constant-17-proportional-045,constant,17,120,c99c319cf9c64781d61deb6caada1836e56765a004db61ad3325d487e43e9538,Proportional,45,11297966909745556514,2.2575000000000003,0.17635658914728683,14,True,True,14,0.0,False,0.14375,False
trained-constant-17-proportional-046,constant,17,120,c99c319cf9c64781d61deb6caada1836e56765a004db61ad3325d487e43e9538,Proportional,46,18006306853481750793,2.28,0.21929824561403505,12,True,True,12,0.0,False,0.15625,False
trained-constant-17-proportional-047,constant,17,120,c99c319cf9c64781d61deb6caada1836e56765a004db61ad3325d487e43e9538,Proportional,47,10666910676923198607,2.36,0.2108050847457627,11,True,True,11,0.0,False,0.15,False
trained-constant-17-proportional-048,constant,17,120,c99c319cf9c64781d61deb6caada1836e56765a004db61ad3325d487e43e9538,Proportional,48,9774908037498590320,2.1849999999999996,0.10824996008727583,11,True,True,11,0.0,False,0.16875,False
trained-constant-17-proportional-049,constant,17,120,c99c319cf9c64781d61deb6caada1836e56765a004db61ad3325d487e43e9538,Proportional,49,17698042306508639283,3.5337499999999995,0.40234052588138186,9,True,True,9,0.0,False,0.1125,False
trained-constant-17-proportional-050,constant,17,120,c99c319cf9c64781d61deb6caada1836e56765a004db61ad3325d487e43e9538,Proportional,50,9028147877978959990,2.6774999999999998,0.21451914098972918,12,True,True,12,0.0,False,0.19375,False
trained-constant-17-proportional-051,constant,17,120,c99c319cf9c64781d61deb6caada1836e56765a004db61ad3325d487e43e9538,Proportional,51,3386111698302459819,1.4749999999999999,0.08644067796610166,7,True,True,7,0.0,False,0.06875,False
trained-constant-17-proportional-052,constant,17,120,c99c319cf9c64781d61deb6caada1836e56765a004db61ad3325d487e43e9538,Proportional,52,18261999837372931535,2.2124999999999995,0.22231638418079092,10,True,True,10,0.0,False,0.1375,False
trained-constant-17-proportional-053,constant,17,120,c99c319cf9c64781d61deb6caada1836e56765a004db61ad3325d487e43e9538,Proportional,53,18261631422223573727,1.6749999999999998,0.10820895522388058,4,True,True,4,0.0,False,0.06875,False
trained-constant-17-proportional-054,constant,17,120,c99c319cf9c64781d61deb6caada1836e56765a004db61ad3325d487e43e9538,Proportional,54,10515153112774187624,2.78,0.2315647482014388,14,True,True,14,0.0,False,0.2125,False
trained-constant-17-proportional-055,constant,17,120,c99c319cf9c64781d61deb6caada1836e56765a004db61ad3325d487e43e9538,Proportional,55,2665679818879905909,2.1399999999999997,0.07832665776591011,17,True,True,17,0.0,False,0.2125,False
trained-constant-17-proportional-056,constant,17,120,c99c319cf9c64781d61deb6caada1836e56765a004db61ad3325d487e43e9538,Proportional,56,769183954629586278,2.0475,0.1535409035409035,7,True,True,7,0.0,False,0.1,False
trained-constant-17-proportional-057,constant,17,120,c99c319cf9c64781d61deb6caada1836e56765a004db61ad3325d487e43e9538,Proportional,57,16475056846608116957,2.7449999999999997,0.2827868852459016,11,True,True,11,0.0,False,0.11875,False
trained-constant-17-proportional-058,constant,17,120,c99c319cf9c64781d61deb6caada1836e56765a004db61ad3325d487e43e9538,Proportional,58,15809361961723399424,1.9349999999999998,0.07541989664082688,8,True,True,8,0.0,False,0.14375,False
trained-constant-17-proportional-059,constant,17,120,c99c319cf9c64781d61deb6caada1836e56765a004db61ad3325d487e43e9538,Proportional,59,2217729207015805705,2.9974999999999996,0.33090075062552116,12,True,True,12,0.0,False,0.18125,False
trained-constant-17-proportional-060,constant,17,120,c99c319cf9c64781d61deb6caada1836e56765a004db61ad3325d487e43e9538,Proportional,60,5857292302840019430,2.235,0.23713646532438476,6,True,True,6,0.0,False,0.0875,False
trained-constant-17-proportional-061,constant,17,120,c99c319cf9c64781d61deb6caada1836e56765a004db61ad3325d487e43e9538,Proportional,61,9458219209086001328,1.4725000000000001,0.06663837011884549,3,True,True,3,0.0,False,0.0625,False
trained-constant-17-proportional-062,constant,17,120,c99c319cf9c64781d61deb6caada1836e56765a004db61ad3325d487e43e9538,Proportional,62,2470281103280585189,3.21875,0.27223789660084957,21,True,True,21,0.0,False,0.21875,False
trained-constant-17-proportional-063,constant,17,120,c99c319cf9c64781d61deb6caada1836e56765a004db61ad3325d487e43e9538,Proportional,63,13029815424058231526,2.9012499999999997,0.26266741470000715,16,True,True,16,0.0,False,0.23125,False
trained-constant-29-equal-000,constant,29,120,57709ffb15d56b9568f688cc56441bc3ec90c3a4777a1dad918676331a755a8b,Equal,0,13280438953700972923,2.5925,0.1006509161041466,15,True,True,15,0.0,False,0.35,False
trained-constant-29-equal-001,constant,29,120,57709ffb15d56b9568f688cc56441bc3ec90c3a4777a1dad918676331a755a8b,Equal,1,7536299932819296655,2.0862499999999997,0.13630916716596767,15,True,True,15,0.0,False,0.35,False
trained-constant-29-equal-002,constant,29,120,57709ffb15d56b9568f688cc56441bc3ec90c3a4777a1dad918676331a755a8b,Equal,2,10546162619978074308,3.2599999999999993,0.06805981595092027,26,True,True,26,0.0,False,0.625,False
trained-constant-29-equal-003,constant,29,120,57709ffb15d56b9568f688cc56441bc3ec90c3a4777a1dad918676331a755a8b,Equal,3,9144383407357101527,4.362499999999999,0.1651146131805158,23,True,True,23,0.0,False,0.55,False
trained-constant-29-equal-004,constant,29,120,57709ffb15d56b9568f688cc56441bc3ec90c3a4777a1dad918676331a755a8b,Equal,4,1906237360816474036,3.937499999999999,0.16309523809523813,25,True,True,25,0.0,False,0.6,False
trained-constant-29-equal-005,constant,29,120,57709ffb15d56b9568f688cc56441bc3ec90c3a4777a1dad918676331a755a8b,Equal,5,17099048502155766969,2.27,0.12389867841409692,13,True,True,13,0.0,False,0.3,False
trained-constant-29-equal-006,constant,29,120,57709ffb15d56b9568f688cc56441bc3ec90c3a4777a1dad918676331a755a8b,Equal,6,13864491287819961713,2.07,0.17361111111111113,16,True,True,16,0.0,False,0.375,False
trained-constant-29-equal-007,constant,29,120,57709ffb15d56b9568f688cc56441bc3ec90c3a4777a1dad918676331a755a8b,Equal,7,3809147417189288053,3.8899999999999997,0.08515424164524425,26,True,True,26,0.0,False,0.625,False
trained-constant-29-equal-008,constant,29,120,57709ffb15d56b9568f688cc56441bc3ec90c3a4777a1dad918676331a755a8b,Equal,8,852253995006913428,2.4025,0.12031737773152965,13,True,True,13,0.0,False,0.3,False
trained-constant-29-equal-009,constant,29,120,57709ffb15d56b9568f688cc56441bc3ec90c3a4777a1dad918676331a755a8b,Equal,9,13725908502739970283,2.6125,0.16806220095693786,14,True,True,14,0.0,False,0.325,False
trained-constant-29-equal-010,constant,29,120,57709ffb15d56b9568f688cc56441bc3ec90c3a4777a1dad918676331a755a8b,Equal,10,5068541945776070586,1.7974999999999999,0.16429068150208623,10,True,True,10,0.0,False,0.225,False
trained-constant-29-equal-011,constant,29,120,57709ffb15d56b9568f688cc56441bc3ec90c3a4777a1dad918676331a755a8b,Equal,11,5401241877576421816,1.695,0.08112094395280237,7,True,True,7,0.0,False,0.175,False
trained-constant-29-equal-012,constant,29,120,57709ffb15d56b9568f688cc56441bc3ec90c3a4777a1dad918676331a755a8b,Equal,12,8564034653641852466,1.6649999999999998,0.05442942942942945,8,True,True,8,0.0,False,0.175,False
trained-constant-29-equal-013,constant,29,120,57709ffb15d56b9568f688cc56441bc3ec90c3a4777a1dad918676331a755a8b,Equal,13,13478949098039018681,2.5149999999999997,0.1143141153081511,10,True,True,10,0.0,False,0.225,False
trained-constant-29-equal-014,constant,29,120,57709ffb15d56b9568f688cc56441bc3ec90c3a4777a1dad918676331a755a8b,Equal,14,10418472756774720036,1.6800000000000002,0.24739583333333331,7,True,True,7,0.0,False,0.15,False
trained-constant-29-equal-015,constant,29,120,57709ffb15d56b9568f688cc56441bc3ec90c3a4777a1dad918676331a755a8b,Equal,15,16360780275987164055,2.4024999999999994,0.12942247658688869,10,True,True,10,0.0,False,0.225,False
trained-constant-29-equal-016,constant,29,120,57709ffb15d56b9568f688cc56441bc3ec90c3a4777a1dad918676331a755a8b,Equal,16,4140324598688088384,2.3249999999999993,0.0806451612903226,16,True,True,16,0.0,False,0.375,False
trained-constant-29-equal-017,constant,29,120,57709ffb15d56b9568f688cc56441bc3ec90c3a4777a1dad918676331a755a8b,Equal,17,5393944954679411337,2.4124999999999996,0.06152849740932644,9,True,True,9,0.0,False,0.2,False
trained-constant-29-equal-018,constant,29,120,57709ffb15d56b9568f688cc56441bc3ec90c3a4777a1dad918676331a755a8b,Equal,18,1547857538988608115,2.0624999999999996,0.10530303030303031,9,True,True,9,0.0,False,0.225,False
trained-constant-29-equal-019,constant,29,120,57709ffb15d56b9568f688cc56441bc3ec90c3a4777a1dad918676331a755a8b,Equal,19,14744517746858590604,1.69,0.10539940828402367,7,True,True,7,0.0,False,0.15,False
trained-constant-29-equal-020,constant,29,120,57709ffb15d56b9568f688cc56441bc3ec90c3a4777a1dad918676331a755a8b,Equal,20,2897746135797441850,1.9849999999999999,0.1220088161209068,15,True,True,15,0.0,False,0.35,False
trained-constant-29-equal-021,constant,29,120,57709ffb15d56b9568f688cc56441bc3ec90c3a4777a1dad918676331a755a8b,Equal,21,10062931369815367202,2.4199999999999995,0.1459194214876033,16,True,True,16,0.0,False,0.375,False
trained-constant-29-equal-022,constant,29,120,57709ffb15d56b9568f688cc56441bc3ec90c3a4777a1dad918676331a755a8b,Equal,22,6817221398460702128,2.3674999999999997,0.11681626187961987,12,True,True,12,0.0,False,0.275,False
trained-constant-29-equal-023,constant,29,120,57709ffb15d56b9568f688cc56441bc3ec90c3a4777a1dad918676331a755a8b,Equal,23,12895414289207375159,2.5637499999999998,0.12432959531935638,14,True,True,14,0.0,False,0.325,False
trained-constant-29-equal-024,constant,29,120,57709ffb15d56b9568f688cc56441bc3ec90c3a4777a1dad918676331a755a8b,Equal,24,8218876860181193633,1.9874999999999996,0.154874213836478,11,True,True,11,0.0,False,0.25,False
trained-constant-29-equal-025,constant,29,120,57709ffb15d56b9568f688cc56441bc3ec90c3a4777a1dad918676331a755a8b,Equal,25,12812085871600776694,2.9,0.22090517241379315,18,True,True,18,0.0,False,0.425,False
trained-constant-29-equal-026,constant,29,120,57709ffb15d56b9568f688cc56441bc3ec90c3a4777a1dad918676331a755a8b,Equal,26,10508608074326369623,2.5349999999999993,0.13067061143984227,13,True,True,13,0.0,False,0.325,False
trained-constant-29-equal-027,constant,29,120,57709ffb15d56b9568f688cc56441bc3ec90c3a4777a1dad918676331a755a8b,Equal,27,6819194736225800348,1.6337499999999998,0.12624330527926547,7,True,True,7,0.0,False,0.15,False
trained-constant-29-equal-028,constant,29,120,57709ffb15d56b9568f688cc56441bc3ec90c3a4777a1dad918676331a755a8b,Equal,28,13835178110450070859,2.8324999999999996,0.18810679611650485,17,True,True,17,0.0,False,0.4,False
trained-constant-29-equal-029,constant,29,120,57709ffb15d56b9568f688cc56441bc3ec90c3a4777a1dad918676331a755a8b,Equal,29,8044814716735158088,2.8049999999999997,0.0768716577540107,18,True,True,18,0.0,False,0.425,False
trained-constant-29-equal-030,constant,29,120,57709ffb15d56b9568f688cc56441bc3ec90c3a4777a1dad918676331a755a8b,Equal,30,7368926698201395284,2.6025,0.13268491834774257,11,True,True,11,0.0,False,0.25,False
trained-constant-29-equal-031,constant,29,120,57709ffb15d56b9568f688cc56441bc3ec90c3a4777a1dad918676331a755a8b,Equal,31,8684430305033898018,1.9575,0.1939655172413793,10,True,True,10,0.0,False,0.225,False
trained-constant-29-equal-032,constant,29,120,57709ffb15d56b9568f688cc56441bc3ec90c3a4777a1dad918676331a755a8b,Equal,32,11500017033336461156,2.5625,0.056707317073170734,13,True,True,13,0.0,False,0.3,False
trained-constant-29-equal-033,constant,29,120,57709ffb15d56b9568f688cc56441bc3ec90c3a4777a1dad918676331a755a8b,Equal,33,7071851702004581492,1.89,0.0892857142857143,11,True,True,11,0.0,False,0.25,False
trained-constant-29-equal-034,constant,29,120,57709ffb15d56b9568f688cc56441bc3ec90c3a4777a1dad918676331a755a8b,Equal,34,17850546665783098250,2.5599999999999996,0.05371093750000002,17,True,True,17,0.0,False,0.4,False
trained-constant-29-equal-035,constant,29,120,57709ffb15d56b9568f688cc56441bc3ec90c3a4777a1dad918676331a755a8b,Equal,35,14879547128614080453,3.7324999999999995,0.1301908908238446,19,True,True,19,0.0,False,0.45,False
trained-constant-29-equal-036,constant,29,120,57709ffb15d56b9568f688cc56441bc3ec90c3a4777a1dad918676331a755a8b,Equal,36,14795541004219190413,2.0574999999999997,0.04784325637910084,12,True,True,12,0.0,False,0.275,False
trained-constant-29-equal-037,constant,29,120,57709ffb15d56b9568f688cc56441bc3ec90c3a4777a1dad918676331a755a8b,Equal,37,6137258408458897988,2.9149999999999996,0.19511149228130362,18,True,True,18,0.0,False,0.425,False
trained-constant-29-equal-038,constant,29,120,57709ffb15d56b9568f688cc56441bc3ec90c3a4777a1dad918676331a755a8b,Equal,38,13513327584837319989,2.7637499999999995,0.13116236996834016,12,True,True,12,0.0,False,0.275,False
trained-constant-29-equal-039,constant,29,120,57709ffb15d56b9568f688cc56441bc3ec90c3a4777a1dad918676331a755a8b,Equal,39,13069589846255330346,2.2125,0.21963276836158194,9,True,True,9,0.0,False,0.225,False
trained-constant-29-equal-040,constant,29,120,57709ffb15d56b9568f688cc56441bc3ec90c3a4777a1dad918676331a755a8b,Equal,40,16801320541213027001,3.5799999999999996,0.05237430167597768,17,True,True,17,0.0,False,0.4,False
trained-constant-29-equal-041,constant,29,120,57709ffb15d56b9568f688cc56441bc3ec90c3a4777a1dad918676331a755a8b,Equal,41,17114501487681823339,2.7924999999999995,0.059870188003581036,20,True,True,20,0.0,False,0.475,False
trained-constant-29-equal-042,constant,29,120,57709ffb15d56b9568f688cc56441bc3ec90c3a4777a1dad918676331a755a8b,Equal,42,14266153940010271727,1.5899999999999999,0.12971698113207544,7,True,True,7,0.0,False,0.15,False
trained-constant-29-equal-043,constant,29,120,57709ffb15d56b9568f688cc56441bc3ec90c3a4777a1dad918676331a755a8b,Equal,43,10420183251115834176,2.71875,0.12701149425287359,14,True,True,14,0.0,False,0.325,False
trained-constant-29-equal-044,constant,29,120,57709ffb15d56b9568f688cc56441bc3ec90c3a4777a1dad918676331a755a8b,Equal,44,1918906844625201994,2.7799999999999994,0.18210431654676265,15,True,True,15,0.0,False,0.35,False
trained-constant-29-equal-045,constant,29,120,57709ffb15d56b9568f688cc56441bc3ec90c3a4777a1dad918676331a755a8b,Equal,45,11607505081265951671,2.9912499999999995,0.1138737985791893,14,True,True,14,0.0,False,0.325,False
trained-constant-29-equal-046,constant,29,120,57709ffb15d56b9568f688cc56441bc3ec90c3a4777a1dad918676331a755a8b,Equal,46,6031177093564043140,2.15,0.04941860465116279,10,True,True,10,0.0,False,0.25,False
trained-constant-29-equal-047,constant,29,120,57709ffb15d56b9568f688cc56441bc3ec90c3a4777a1dad918676331a755a8b,Equal,47,8195502057882418787,1.4649999999999999,0.07892491467576788,8,True,True,8,0.0,False,0.175,False
trained-constant-29-equal-048,constant,29,120,57709ffb15d56b9568f688cc56441bc3ec90c3a4777a1dad918676331a755a8b,Equal,48,17033527686445944721,2.3062499999999995,0.04268292682926831,10,True,True,10,0.0,False,0.225,False
trained-constant-29-equal-049,constant,29,120,57709ffb15d56b9568f688cc56441bc3ec90c3a4777a1dad918676331a755a8b,Equal,49,8886868471940581341,2.2824999999999998,0.12664293537787516,15,True,True,15,0.0,False,0.35,False
trained-constant-29-equal-050,constant,29,120,57709ffb15d56b9568f688cc56441bc3ec90c3a4777a1dad918676331a755a8b,Equal,50,12244331272027187314,1.795,0.1653899721448468,12,True,True,12,0.0,False,0.275,False
trained-constant-29-equal-051,constant,29,120,57709ffb15d56b9568f688cc56441bc3ec90c3a4777a1dad918676331a755a8b,Equal,51,17142285952212307158,2.3975,0.09319603753910322,13,True,True,13,0.0,False,0.3,False
trained-constant-29-equal-052,constant,29,120,57709ffb15d56b9568f688cc56441bc3ec90c3a4777a1dad918676331a755a8b,Equal,52,8646961269147233287,2.17,0.043202764976958526,11,True,True,11,0.0,False,0.25,False
trained-constant-29-equal-053,constant,29,120,57709ffb15d56b9568f688cc56441bc3ec90c3a4777a1dad918676331a755a8b,Equal,53,7462101441746947860,3.47375,0.19116588700971573,18,True,True,18,0.0,False,0.425,False
trained-constant-29-equal-054,constant,29,120,57709ffb15d56b9568f688cc56441bc3ec90c3a4777a1dad918676331a755a8b,Equal,54,12698009366894386772,2.9174999999999995,0.01767352185089972,14,True,True,14,0.0,False,0.35,False
trained-constant-29-equal-055,constant,29,120,57709ffb15d56b9568f688cc56441bc3ec90c3a4777a1dad918676331a755a8b,Equal,55,6905460177438540522,2.6449999999999996,0.1110586011342155,15,True,True,15,0.0,False,0.35,False
trained-constant-29-equal-056,constant,29,120,57709ffb15d56b9568f688cc56441bc3ec90c3a4777a1dad918676331a755a8b,Equal,56,15841195873299545224,1.9124999999999999,0.26062091503267976,13,True,True,13,0.0,False,0.3,False
trained-constant-29-equal-057,constant,29,120,57709ffb15d56b9568f688cc56441bc3ec90c3a4777a1dad918676331a755a8b,Equal,57,2210519933800679349,2.4349999999999996,0.10651950718685835,9,True,True,9,0.0,False,0.2,False
trained-constant-29-equal-058,constant,29,120,57709ffb15d56b9568f688cc56441bc3ec90c3a4777a1dad918676331a755a8b,Equal,58,6858390082813393502,2.37125,0.0981813389562467,9,True,True,9,0.0,False,0.2,False
trained-constant-29-equal-059,constant,29,120,57709ffb15d56b9568f688cc56441bc3ec90c3a4777a1dad918676331a755a8b,Equal,59,13764774189696497111,3.6212499999999994,0.06299620296858822,22,True,True,22,0.0,False,0.55,False
trained-constant-29-equal-060,constant,29,120,57709ffb15d56b9568f688cc56441bc3ec90c3a4777a1dad918676331a755a8b,Equal,60,12696547406974164365,2.005,0.1465087281795511,10,True,True,10,0.0,False,0.225,False
trained-constant-29-equal-061,constant,29,120,57709ffb15d56b9568f688cc56441bc3ec90c3a4777a1dad918676331a755a8b,Equal,61,11136811767792732205,1.595,0.22531347962382445,7,True,True,7,0.0,False,0.175,False
trained-constant-29-equal-062,constant,29,120,57709ffb15d56b9568f688cc56441bc3ec90c3a4777a1dad918676331a755a8b,Equal,62,6280003504592265309,3.4674999999999994,0.07795602018745497,19,True,True,19,0.0,False,0.45,False
trained-constant-29-equal-063,constant,29,120,57709ffb15d56b9568f688cc56441bc3ec90c3a4777a1dad918676331a755a8b,Equal,63,10106240625489826348,2.5974999999999997,0.14136188642925893,20,True,True,20,0.0,False,0.5,False
trained-constant-29-interpolating-000,constant,29,120,57709ffb15d56b9568f688cc56441bc3ec90c3a4777a1dad918676331a755a8b,Interpolating,0,10423138477231444654,2.6174999999999997,0.19676509515361135,12,True,True,12,0.0,False,0.20625,True
trained-constant-29-interpolating-001,constant,29,120,57709ffb15d56b9568f688cc56441bc3ec90c3a4777a1dad918676331a755a8b,Interpolating,1,16686097496030505412,2.0925,0.0912506718299485,10,True,True,10,0.0,False,0.1375,True
trained-constant-29-interpolating-002,constant,29,120,57709ffb15d56b9568f688cc56441bc3ec90c3a4777a1dad918676331a755a8b,Interpolating,2,11217623587932716072,2.64125,0.1962269529493238,11,True,True,11,0.0,False,0.19375,True
trained-constant-29-interpolating-003,constant,29,120,57709ffb15d56b9568f688cc56441bc3ec90c3a4777a1dad918676331a755a8b,Interpolating,3,1538526969676006091,2.5675,0.1662902439286438,16,True,True,16,0.0,False,0.24375,True
trained-constant-29-interpolating-004,constant,29,120,57709ffb15d56b9568f688cc56441bc3ec90c3a4777a1dad918676331a755a8b,Interpolating,4,7509670908938181932,3.26,0.3137468925494395,14,True,True,14,0.0,False,0.2,True
trained-constant-29-interpolating-005,constant,29,120,57709ffb15d56b9568f688cc56441bc3ec90c3a4777a1dad918676331a755a8b,Interpolating,5,3430594656246061314,1.8749999999999998,0.14199115916919813,5,True,True,5,0.0,False,0.0875,True
trained-constant-29-interpolating-006,constant,29,120,57709ffb15d56b9568f688cc56441bc3ec90c3a4777a1dad918676331a755a8b,Interpolating,6,12509399713916405304,2.4512499999999995,0.1233244650690429,12,True,True,12,0.0,False,0.1875,True
trained-constant-29-interpolating-007,constant,29,120,57709ffb15d56b9568f688cc56441bc3ec90c3a4777a1dad918676331a755a8b,Interpolating,7,2403117365345245141,2.8962499999999998,0.18299562354244464,9,True,True,9,0.0,False,0.1375,True
trained-constant-29-interpolating-008,constant,29,120,57709ffb15d56b9568f688cc56441bc3ec90c3a4777a1dad918676331a755a8b,Interpolating,8,2595334312070853408,2.69,0.16983560968489467,17,True,True,17,0.0,False,0.20625,True
trained-constant-29-interpolating-009,constant,29,120,57709ffb15d56b9568f688cc56441bc3ec90c3a4777a1dad918676331a755a8b,Interpolating,9,10521494367001538881,3.3574999999999995,0.09005356352649732,15,True,True,15,0.0,False,0.24375,True
trained-constant-29-interpolating-010,constant,29,120,57709ffb15d56b9568f688cc56441bc3ec90c3a4777a1dad918676331a755a8b,Interpolating,10,4474873901181891181,2.2575,0.19984720232490474,6,True,True,6,0.0,False,0.09375,True
trained-constant-29-interpolating-011,constant,29,120,57709ffb15d56b9568f688cc56441bc3ec90c3a4777a1dad918676331a755a8b,Interpolating,11,5315456036773264204,2.7375,0.24375376279247107,12,True,True,12,0.0,False,0.2,True
trained-constant-29-interpolating-012,constant,29,120,57709ffb15d56b9568f688cc56441bc3ec90c3a4777a1dad918676331a755a8b,Interpolating,12,8539263867578574643,1.8875,0.060603673449284544,8,True,True,8,0.0,False,0.125,True
trained-constant-29-interpolating-013,constant,29,120,57709ffb15d56b9568f688cc56441bc3ec90c3a4777a1dad918676331a755a8b,Interpolating,13,5056416454717735299,3.6862499999999994,0.20298380582729594,15,True,True,15,0.0,False,0.275,True
trained-constant-29-interpolating-014,constant,29,120,57709ffb15d56b9568f688cc56441bc3ec90c3a4777a1dad918676331a755a8b,Interpolating,14,17496270972901105105,2.0575,0.2184082524719966,14,True,True,14,0.0,False,0.15625,True
trained-constant-29-interpolating-015,constant,29,120,57709ffb15d56b9568f688cc56441bc3ec90c3a4777a1dad918676331a755a8b,Interpolating,15,13870675774385583233,2.1174999999999997,0.22461611819795,8,True,True,8,0.0,False,0.1375,True
trained-constant-29-interpolating-016,constant,29,120,57709ffb15d56b9568f688cc56441bc3ec90c3a4777a1dad918676331a755a8b,Interpolating,16,7559541090972475219,1.6024999999999998,0.0893116393605058,8,True,True,8,0.0,False,0.1125,True
trained-constant-29-interpolating-017,constant,29,120,57709ffb15d56b9568f688cc56441bc3ec90c3a4777a1dad918676331a755a8b,Interpolating,17,614196412493095775,2.17,0.12584661469968828,11,True,True,11,0.0,False,0.13125,True
trained-constant-29-interpolating-018,constant,29,120,57709ffb15d56b9568f688cc56441bc3ec90c3a4777a1dad918676331a755a8b,Interpolating,18,10849202363716147979,2.4799999999999995,0.193439148052698,8,True,True,8,0.0,False,0.13125,True
trained-constant-29-interpolating-019,constant,29,120,57709ffb15d56b9568f688cc56441bc3ec90c3a4777a1dad918676331a755a8b,Interpolating,19,10201068117832883354,1.5075,0.10489220563847412,11,True,True,11,0.0,False,0.13125,True
trained-constant-29-interpolating-020,constant,29,120,57709ffb15d56b9568f688cc56441bc3ec90c3a4777a1dad918676331a755a8b,Interpolating,20,11586514308966568236,2.2824999999999998,0.2795477032727874,9,True,True,9,0.0,False,0.1375,True
trained-constant-29-interpolating-021,constant,29,120,57709ffb15d56b9568f688cc56441bc3ec90c3a4777a1dad918676331a755a8b,Interpolating,21,16727924153670002708,2.12125,0.1321218903459265,16,True,True,16,0.0,False,0.175,True
trained-constant-29-interpolating-022,constant,29,120,57709ffb15d56b9568f688cc56441bc3ec90c3a4777a1dad918676331a755a8b,Interpolating,22,3051879552187423356,2.8874999999999997,0.19968491853593565,14,True,True,14,0.0,False,0.31875,True
trained-constant-29-interpolating-023,constant,29,120,57709ffb15d56b9568f688cc56441bc3ec90c3a4777a1dad918676331a755a8b,Interpolating,23,106726233388556516,2.4974999999999996,0.24480330069774153,8,True,True,8,0.0,False,0.11875,True
trained-constant-29-interpolating-024,constant,29,120,57709ffb15d56b9568f688cc56441bc3ec90c3a4777a1dad918676331a755a8b,Interpolating,24,8207312242297936399,2.5699999999999994,0.27626259914865586,11,True,True,11,0.0,False,0.16875,True
trained-constant-29-interpolating-025,constant,29,120,57709ffb15d56b9568f688cc56441bc3ec90c3a4777a1dad918676331a755a8b,Interpolating,25,577580339951176351,2.8299999999999996,0.058992443535413476,11,True,True,11,0.0,False,0.2125,True
trained-constant-29-interpolating-026,constant,29,120,57709ffb15d56b9568f688cc56441bc3ec90c3a4777a1dad918676331a755a8b,Interpolating,26,7406443605803946629,2.63875,0.1713265698133334,19,True,True,19,0.0,False,0.2,True
trained-constant-29-interpolating-027,constant,29,120,57709ffb15d56b9568f688cc56441bc3ec90c3a4777a1dad918676331a755a8b,Interpolating,27,13927371387468794684,2.385,0.1808214694297867,15,True,True,15,0.0,False,0.225,True
trained-constant-29-interpolating-028,constant,29,120,57709ffb15d56b9568f688cc56441bc3ec90c3a4777a1dad918676331a755a8b,Interpolating,28,9589987574778551857,1.445,0.06574394110435132,6,True,True,6,0.0,False,0.075,True
trained-constant-29-interpolating-029,constant,29,120,57709ffb15d56b9568f688cc56441bc3ec90c3a4777a1dad918676331a755a8b,Interpolating,29,9587366484350268513,1.94,0.24806700995586026,17,True,True,17,0.0,False,0.1375,True
trained-constant-29-interpolating-030,constant,29,120,57709ffb15d56b9568f688cc56441bc3ec90c3a4777a1dad918676331a755a8b,Interpolating,30,937114305316119835,3.0899999999999994,0.2708000367485583,13,True,True,13,0.0,False,0.2,True
trained-constant-29-interpolating-031,constant,29,120,57709ffb15d56b9568f688cc56441bc3ec90c3a4777a1dad918676331a755a8b,Interpolating,31,17474851192493386116,3.03875,0.2039167754718385,14,True,True,14,0.0,False,0.2,True
trained-constant-29-interpolating-032,constant,29,120,57709ffb15d56b9568f688cc56441bc3ec90c3a4777a1dad918676331a755a8b,Interpolating,32,13329901037670519482,2.36,0.29237177826950717,11,True,True,11,0.0,False,0.14375,True
trained-constant-29-interpolating-033,constant,29,120,57709ffb15d56b9568f688cc56441bc3ec90c3a4777a1dad918676331a755a8b,Interpolating,33,10421019730666224158,2.005,0.15868787935699957,6,True,True,6,0.0,False,0.0875,True
trained-constant-29-interpolating-034,constant,29,120,57709ffb15d56b9568f688cc56441bc3ec90c3a4777a1dad918676331a755a8b,Interpolating,34,2838120171813593275,1.5675,0.09688993839834086,7,True,True,7,0.0,False,0.1,True
trained-constant-29-interpolating-035,constant,29,120,57709ffb15d56b9568f688cc56441bc3ec90c3a4777a1dad918676331a755a8b,Interpolating,35,9241147153910715623,1.5799999999999998,0.053006328979033755,7,True,True,7,0.0,False,0.09375,True
trained-constant-29-interpolating-036,constant,29,120,57709ffb15d56b9568f688cc56441bc3ec90c3a4777a1dad918676331a755a8b,Interpolating,36,15783283271816503964,2.0275,0.18243379116284952,6,True,True,6,0.0,False,0.125,True
trained-constant-29-interpolating-037,constant,29,120,57709ffb15d56b9568f688cc56441bc3ec90c3a4777a1dad918676331a755a8b,Interpolating,37,10640536755662311183,1.8775000000000002,0.06456435426240702,8,True,True,8,0.0,False,0.11875,True
trained-constant-29-interpolating-038,constant,29,120,57709ffb15d56b9568f688cc56441bc3ec90c3a4777a1dad918676331a755a8b,Interpolating,38,6796492005249651874,1.8599999999999999,0.1169354794268898,14,True,True,14,0.0,False,0.1875,True
trained-constant-29-interpolating-039,constant,29,120,57709ffb15d56b9568f688cc56441bc3ec90c3a4777a1dad918676331a755a8b,Interpolating,39,11714975354774145158,1.9775,0.11246063869473476,7,True,True,7,0.0,False,0.125,True
trained-constant-29-interpolating-040,constant,29,120,57709ffb15d56b9568f688cc56441bc3ec90c3a4777a1dad918676331a755a8b,Interpolating,40,2666914307005202003,2.5974999999999997,0.180401818648799,12,True,True,12,0.0,False,0.175,True
trained-constant-29-interpolating-041,constant,29,120,57709ffb15d56b9568f688cc56441bc3ec90c3a4777a1dad918676331a755a8b,Interpolating,41,8731166769286505576,3.4437499999999996,0.05795908235755583,18,True,True,18,0.0,False,0.26875,True
trained-constant-29-interpolating-042,constant,29,120,57709ffb15d56b9568f688cc56441bc3ec90c3a4777a1dad918676331a755a8b,Interpolating,42,17121763516177462182,2.1574999999999998,0.20311881365958942,15,True,True,15,0.0,False,0.15625,True
trained-constant-29-interpolating-043,constant,29,120,57709ffb15d56b9568f688cc56441bc3ec90c3a4777a1dad918676331a755a8b,Interpolating,43,8021783720849747745,1.5375,0.10691051494122002,3,True,True,3,0.0,False,0.05,True
trained-constant-29-interpolating-044,constant,29,120,57709ffb15d56b9568f688cc56441bc3ec90c3a4777a1dad918676331a755a8b,Interpolating,44,1708191810832626877,2.13875,0.054204454113197055,9,True,True,9,0.0,False,0.13125,True
trained-constant-29-interpolating-045,constant,29,120,57709ffb15d56b9568f688cc56441bc3ec90c3a4777a1dad918676331a755a8b,Interpolating,45,3579095540242640079,2.28,0.11895743747139897,15,True,True,15,0.0,False,0.19375,True
trained-constant-29-interpolating-046,constant,29,120,57709ffb15d56b9568f688cc56441bc3ec90c3a4777a1dad918676331a755a8b,Interpolating,46,18197475695468146575,1.825,0.11917808218777969,7,True,True,7,0.0,False,0.1375,True
trained-constant-29-interpolating-047,constant,29,120,57709ffb15d56b9568f688cc56441bc3ec90c3a4777a1dad918676331a755a8b,Interpolating,47,9828489421378292852,1.4975,0.06302170234191738,6,True,True,6,0.0,False,0.1,True
trained-constant-29-interpolating-048,constant,29,120,57709ffb15d56b9568f688cc56441bc3ec90c3a4777a1dad918676331a755a8b,Interpolating,48,17663626698114988874,1.5975,0.0614227426933646,6,True,True,6,0.0,False,0.0875,True
trained-constant-29-interpolating-049,constant,29,120,57709ffb15d56b9568f688cc56441bc3ec90c3a4777a1dad918676331a755a8b,Interpolating,49,6470428279998013926,3.0249999999999995,0.23893962025625223,21,True,True,21,0.0,False,0.2875,True
trained-constant-29-interpolating-050,constant,29,120,57709ffb15d56b9568f688cc56441bc3ec90c3a4777a1dad918676331a755a8b,Interpolating,50,10732855018386863445,2.4699999999999998,0.13870666081318245,10,True,True,10,0.0,False,0.2,True
trained-constant-29-interpolating-051,constant,29,120,57709ffb15d56b9568f688cc56441bc3ec90c3a4777a1dad918676331a755a8b,Interpolating,51,18173165769134191987,2.21,0.2737525524136861,18,True,True,18,0.0,False,0.1625,True
trained-constant-29-interpolating-052,constant,29,120,57709ffb15d56b9568f688cc56441bc3ec90c3a4777a1dad918676331a755a8b,Interpolating,52,15424091448198839620,2.045,0.19926632912438078,13,True,True,13,0.0,False,0.2125,True
trained-constant-29-interpolating-053,constant,29,120,57709ffb15d56b9568f688cc56441bc3ec90c3a4777a1dad918676331a755a8b,Interpolating,53,11871976788224914471,1.6624999999999999,0.1530074495330154,8,True,True,8,0.0,False,0.1125,True
trained-constant-29-interpolating-054,constant,29,120,57709ffb15d56b9568f688cc56441bc3ec90c3a4777a1dad918676331a755a8b,Interpolating,54,16822179299018004079,2.6075,0.19593037510796846,13,True,True,13,0.0,False,0.21875,True
trained-constant-29-interpolating-055,constant,29,120,57709ffb15d56b9568f688cc56441bc3ec90c3a4777a1dad918676331a755a8b,Interpolating,55,478991345737380417,2.6449999999999996,0.3089128092957889,9,True,True,9,0.0,False,0.09375,True
trained-constant-29-interpolating-056,constant,29,120,57709ffb15d56b9568f688cc56441bc3ec90c3a4777a1dad918676331a755a8b,Interpolating,56,17827249931203528190,2.9274999999999993,0.21663697014568215,8,True,True,8,0.0,False,0.125,True
trained-constant-29-interpolating-057,constant,29,120,57709ffb15d56b9568f688cc56441bc3ec90c3a4777a1dad918676331a755a8b,Interpolating,57,17517742245041025160,2.3499999999999996,0.20213126490252786,5,True,True,5,0.0,False,0.10625,True
trained-constant-29-interpolating-058,constant,29,120,57709ffb15d56b9568f688cc56441bc3ec90c3a4777a1dad918676331a755a8b,Interpolating,58,5271753968032544276,2.8,0.3011789725574068,14,True,True,14,0.0,False,0.2,True
trained-constant-29-interpolating-059,constant,29,120,57709ffb15d56b9568f688cc56441bc3ec90c3a4777a1dad918676331a755a8b,Interpolating,59,7024638372085784290,2.0949999999999998,0.02474808642557128,6,True,True,6,0.0,False,0.125,True
trained-constant-29-interpolating-060,constant,29,120,57709ffb15d56b9568f688cc56441bc3ec90c3a4777a1dad918676331a755a8b,Interpolating,60,16137793839914447230,2.195,0.19817747341971162,10,True,True,10,0.0,False,0.175,True
trained-constant-29-interpolating-061,constant,29,120,57709ffb15d56b9568f688cc56441bc3ec90c3a4777a1dad918676331a755a8b,Interpolating,61,7954997287352870206,2.44375,0.1882324955501855,14,True,True,14,0.0,False,0.1625,True
trained-constant-29-interpolating-062,constant,29,120,57709ffb15d56b9568f688cc56441bc3ec90c3a4777a1dad918676331a755a8b,Interpolating,62,5689554262315220164,1.9449999999999998,0.10332948698052045,7,True,True,7,0.0,False,0.1125,True
trained-constant-29-interpolating-063,constant,29,120,57709ffb15d56b9568f688cc56441bc3ec90c3a4777a1dad918676331a755a8b,Interpolating,63,14377860253307495013,3.5874999999999995,0.12246511976816415,18,True,True,18,0.0,False,0.35,True
trained-constant-29-mixed-000,constant,29,120,57709ffb15d56b9568f688cc56441bc3ec90c3a4777a1dad918676331a755a8b,Mixed,0,5324021136146821393,2.3024999999999998,0.11258143322475574,14,True,True,14,0.0,False,0.2875,False
trained-constant-29-mixed-001,constant,29,120,57709ffb15d56b9568f688cc56441bc3ec90c3a4777a1dad918676331a755a8b,Mixed,1,5092183729416098519,1.9725,0.03208174904942966,12,True,True,12,0.0,False,0.2625,False
trained-constant-29-mixed-002,constant,29,120,57709ffb15d56b9568f688cc56441bc3ec90c3a4777a1dad918676331a755a8b,Mixed,2,14900088155990109263,1.705,0.04893695014662758,10,True,True,10,0.0,False,0.2375,False
trained-constant-29-mixed-003,constant,29,120,57709ffb15d56b9568f688cc56441bc3ec90c3a4777a1dad918676331a755a8b,Mixed,3,15291593531341984713,1.6674999999999998,0.025580959520239886,6,True,True,6,0.0,False,0.1375,False
trained-constant-29-mixed-004,constant,29,120,57709ffb15d56b9568f688cc56441bc3ec90c3a4777a1dad918676331a755a8b,Mixed,4,3539514442563736353,3.627499999999999,0.12185561681598903,22,True,True,22,0.0,False,0.49375,False
trained-constant-29-mixed-005,constant,29,120,57709ffb15d56b9568f688cc56441bc3ec90c3a4777a1dad918676331a755a8b,Mixed,5,15008295480639707745,2.51875,0.061472712143950295,11,True,True,11,0.0,False,0.2375,False
trained-constant-29-mixed-006,constant,29,120,57709ffb15d56b9568f688cc56441bc3ec90c3a4777a1dad918676331a755a8b,Mixed,6,8863047366711486128,1.7549999999999997,0.055021367521367534,10,True,True,10,0.0,False,0.2125,False
trained-constant-29-mixed-007,constant,29,120,57709ffb15d56b9568f688cc56441bc3ec90c3a4777a1dad918676331a755a8b,Mixed,7,14040171595865615829,2.37375,0.08366245392311747,15,True,True,15,0.0,False,0.3375,False
trained-constant-29-mixed-008,constant,29,120,57709ffb15d56b9568f688cc56441bc3ec90c3a4777a1dad918676331a755a8b,Mixed,8,6066248899023269302,1.835,0.02758855585831066,8,True,True,8,0.0,False,0.18125,False
trained-constant-29-mixed-009,constant,29,120,57709ffb15d56b9568f688cc56441bc3ec90c3a4777a1dad918676331a755a8b,Mixed,9,6032438748231987076,2.315,0.09476241900647948,16,True,True,16,0.0,False,0.3375,False
trained-constant-29-mixed-010,constant,29,120,57709ffb15d56b9568f688cc56441bc3ec90c3a4777a1dad918676331a755a8b,Mixed,10,15314986464267912316,2.2399999999999998,0.06738281250000001,14,True,True,14,0.0,False,0.2875,False
trained-constant-29-mixed-011,constant,29,120,57709ffb15d56b9568f688cc56441bc3ec90c3a4777a1dad918676331a755a8b,Mixed,11,5166651795351450613,1.7325,0.05654761904761904,7,True,True,7,0.0,False,0.14375,False
trained-constant-29-mixed-012,constant,29,120,57709ffb15d56b9568f688cc56441bc3ec90c3a4777a1dad918676331a755a8b,Mixed,12,12201922108239754261,2.0275,0.0640413070283601,13,True,True,13,0.0,False,0.275,False
trained-constant-29-mixed-013,constant,29,120,57709ffb15d56b9568f688cc56441bc3ec90c3a4777a1dad918676331a755a8b,Mixed,13,4707685877117397491,2.2925,0.02825569571752782,9,True,True,9,0.0,False,0.14375,False
trained-constant-29-mixed-014,constant,29,120,57709ffb15d56b9568f688cc56441bc3ec90c3a4777a1dad918676331a755a8b,Mixed,14,10610422712203787749,2.2024999999999997,0.041926787741203224,17,True,True,17,0.0,False,0.36875,False
trained-constant-29-mixed-015,constant,29,120,57709ffb15d56b9568f688cc56441bc3ec90c3a4777a1dad918676331a755a8b,Mixed,15,2082941105465077424,2.9374999999999996,0.10452127659574473,18,True,True,18,0.0,False,0.41875,False
trained-constant-29-mixed-016,constant,29,120,57709ffb15d56b9568f688cc56441bc3ec90c3a4777a1dad918676331a755a8b,Mixed,16,16728010511571006317,2.6374999999999997,0.06558056872037919,13,True,True,13,0.0,False,0.325,False
trained-constant-29-mixed-017,constant,29,120,57709ffb15d56b9568f688cc56441bc3ec90c3a4777a1dad918676331a755a8b,Mixed,17,981603545490631312,3.8449999999999998,0.06802665799739921,21,True,True,21,0.0,False,0.50625,False
trained-constant-29-mixed-018,constant,29,120,57709ffb15d56b9568f688cc56441bc3ec90c3a4777a1dad918676331a755a8b,Mixed,18,9022399601170320932,3.0749999999999993,0.043597560975609795,17,True,True,17,0.0,False,0.375,False
trained-constant-29-mixed-019,constant,29,120,57709ffb15d56b9568f688cc56441bc3ec90c3a4777a1dad918676331a755a8b,Mixed,19,12093843025894767255,1.92,0.06795675712719296,11,True,True,11,0.0,False,0.2625,False
trained-constant-29-mixed-020,constant,29,120,57709ffb15d56b9568f688cc56441bc3ec90c3a4777a1dad918676331a755a8b,Mixed,20,7039683511301593940,2.755,0.026290582778785987,15,True,True,15,0.0,False,0.35625,False
trained-constant-29-mixed-021,constant,29,120,57709ffb15d56b9568f688cc56441bc3ec90c3a4777a1dad918676331a755a8b,Mixed,21,9396365604360328379,1.4324999999999999,0.038939790575916226,5,True,True,5,0.0,False,0.09375,False
trained-constant-29-mixed-022,constant,29,120,57709ffb15d56b9568f688cc56441bc3ec90c3a4777a1dad918676331a755a8b,Mixed,22,15641361176150003515,2.3975,0.052984880083420186,10,True,True,10,0.0,False,0.25,False
trained-constant-29-mixed-023,constant,29,120,57709ffb15d56b9568f688cc56441bc3ec90c3a4777a1dad918676331a755a8b,Mixed,23,8386791433825452771,1.8275,0.05412106703146372,10,True,True,10,0.0,False,0.1875,False
trained-constant-29-mixed-024,constant,29,120,57709ffb15d56b9568f688cc56441bc3ec90c3a4777a1dad918676331a755a8b,Mixed,24,15286155028039394742,2.125,0.06220588235294116,10,True,True,10,0.0,False,0.2125,False
trained-constant-29-mixed-025,constant,29,120,57709ffb15d56b9568f688cc56441bc3ec90c3a4777a1dad918676331a755a8b,Mixed,25,12925513368720716033,2.0300000000000002,0.04248768472906406,12,True,True,12,0.0,False,0.25,False
trained-constant-29-mixed-026,constant,29,120,57709ffb15d56b9568f688cc56441bc3ec90c3a4777a1dad918676331a755a8b,Mixed,26,14019864960111419168,3.1174999999999997,0.12729511867442903,15,True,True,15,0.0,False,0.3625,False
trained-constant-29-mixed-027,constant,29,120,57709ffb15d56b9568f688cc56441bc3ec90c3a4777a1dad918676331a755a8b,Mixed,27,16500119796775874295,2.28125,0.028473123447889152,11,True,True,11,0.0,False,0.23125,False
trained-constant-29-mixed-028,constant,29,120,57709ffb15d56b9568f688cc56441bc3ec90c3a4777a1dad918676331a755a8b,Mixed,28,8994183465804380144,3.559999999999999,0.09427668539325854,16,True,True,16,0.0,False,0.375,False
trained-constant-29-mixed-029,constant,29,120,57709ffb15d56b9568f688cc56441bc3ec90c3a4777a1dad918676331a755a8b,Mixed,29,12240554574400766768,1.8124999999999998,0.05715517241379311,6,True,True,6,0.0,False,0.125,False
trained-constant-29-mixed-030,constant,29,120,57709ffb15d56b9568f688cc56441bc3ec90c3a4777a1dad918676331a755a8b,Mixed,30,14819075461632436231,1.7624999999999997,0.04707446808510641,8,True,True,8,0.0,False,0.1625,False
trained-constant-29-mixed-031,constant,29,120,57709ffb15d56b9568f688cc56441bc3ec90c3a4777a1dad918676331a755a8b,Mixed,31,3781736311587831742,2.13,0.08406690140845073,11,True,True,11,0.0,False,0.2375,False
trained-constant-29-mixed-032,constant,29,120,57709ffb15d56b9568f688cc56441bc3ec90c3a4777a1dad918676331a755a8b,Mixed,32,3067229976346435535,2.2162499999999996,0.0676559964087158,15,True,True,15,0.0,False,0.325,False
trained-constant-29-mixed-033,constant,29,120,57709ffb15d56b9568f688cc56441bc3ec90c3a4777a1dad918676331a755a8b,Mixed,33,4362232039074087454,2.8899999999999997,0.02432958477508648,16,True,True,16,0.0,False,0.33125,False
trained-constant-29-mixed-034,constant,29,120,57709ffb15d56b9568f688cc56441bc3ec90c3a4777a1dad918676331a755a8b,Mixed,34,17420547815434418049,1.9424999999999997,0.07553088803088805,11,True,True,11,0.0,False,0.2375,False
trained-constant-29-mixed-035,constant,29,120,57709ffb15d56b9568f688cc56441bc3ec90c3a4777a1dad918676331a755a8b,Mixed,35,15677958629450048396,1.8949999999999998,0.07321899736147758,7,True,True,7,0.0,False,0.16875,False
trained-constant-29-mixed-036,constant,29,120,57709ffb15d56b9568f688cc56441bc3ec90c3a4777a1dad918676331a755a8b,Mixed,36,1728415647825256340,3.0774999999999997,0.07509138911454102,18,True,True,18,0.0,False,0.39375,False
trained-constant-29-mixed-037,constant,29,120,57709ffb15d56b9568f688cc56441bc3ec90c3a4777a1dad918676331a755a8b,Mixed,37,12755356751144100745,2.11,0.03909952606635072,8,True,True,8,0.0,False,0.19375,False
trained-constant-29-mixed-038,constant,29,120,57709ffb15d56b9568f688cc56441bc3ec90c3a4777a1dad918676331a755a8b,Mixed,38,12945176521609494351,2.1875,0.07992857142857142,12,True,True,12,0.0,False,0.24375,False
trained-constant-29-mixed-039,constant,29,120,57709ffb15d56b9568f688cc56441bc3ec90c3a4777a1dad918676331a755a8b,Mixed,39,2737971347526744941,1.9124999999999996,0.04093137254901962,9,True,True,9,0.0,False,0.19375,False
trained-constant-29-mixed-040,constant,29,120,57709ffb15d56b9568f688cc56441bc3ec90c3a4777a1dad918676331a755a8b,Mixed,40,11626412878809460451,2.2075,0.07028595696489241,12,True,True,12,0.0,False,0.25625,False
trained-constant-29-mixed-041,constant,29,120,57709ffb15d56b9568f688cc56441bc3ec90c3a4777a1dad918676331a755a8b,Mixed,41,8940216522855062329,1.6974999999999998,0.03838365243004418,14,True,True,14,0.0,False,0.30625,False
trained-constant-29-mixed-042,constant,29,120,57709ffb15d56b9568f688cc56441bc3ec90c3a4777a1dad918676331a755a8b,Mixed,42,9627008780688141832,2.0725,0.02691495778045839,15,True,True,15,0.0,False,0.33125,False
trained-constant-29-mixed-043,constant,29,120,57709ffb15d56b9568f688cc56441bc3ec90c3a4777a1dad918676331a755a8b,Mixed,43,4127387234262459476,1.64,0.03429878048780493,5,True,True,5,0.0,False,0.0875,False
trained-constant-29-mixed-044,constant,29,120,57709ffb15d56b9568f688cc56441bc3ec90c3a4777a1dad918676331a755a8b,Mixed,44,14494088622712270331,3.6474999999999995,0.04904680937066133,18,True,True,18,0.0,False,0.40625,False
trained-constant-29-mixed-045,constant,29,120,57709ffb15d56b9568f688cc56441bc3ec90c3a4777a1dad918676331a755a8b,Mixed,45,2113961995631619503,2.3724999999999996,0.09108271865121187,13,True,True,13,0.0,False,0.325,False
trained-constant-29-mixed-046,constant,29,120,57709ffb15d56b9568f688cc56441bc3ec90c3a4777a1dad918676331a755a8b,Mixed,46,2958575731339553151,2.5799999999999996,0.07414809431524551,13,True,True,13,0.0,False,0.2875,False
trained-constant-29-mixed-047,constant,29,120,57709ffb15d56b9568f688cc56441bc3ec90c3a4777a1dad918676331a755a8b,Mixed,47,13442789464981860163,2.2575,0.06333056478405313,17,True,True,17,0.0,False,0.4,False
trained-constant-29-mixed-048,constant,29,120,57709ffb15d56b9568f688cc56441bc3ec90c3a4777a1dad918676331a755a8b,Mixed,48,7098085604404774998,2.1125,0.0712278106508876,11,True,True,11,0.0,False,0.20625,False
trained-constant-29-mixed-049,constant,29,120,57709ffb15d56b9568f688cc56441bc3ec90c3a4777a1dad918676331a755a8b,Mixed,49,5887427308597916552,2.6924999999999994,0.13283426183844016,15,True,True,15,0.0,False,0.3375,False
trained-constant-29-mixed-050,constant,29,120,57709ffb15d56b9568f688cc56441bc3ec90c3a4777a1dad918676331a755a8b,Mixed,50,18010292163611056024,2.3225,0.0643837459634015,12,True,True,12,0.0,False,0.275,False
trained-constant-29-mixed-051,constant,29,120,57709ffb15d56b9568f688cc56441bc3ec90c3a4777a1dad918676331a755a8b,Mixed,51,3527297468295419867,3.9537499999999994,0.05380912926401172,18,True,True,18,0.0,False,0.4125,False
trained-constant-29-mixed-052,constant,29,120,57709ffb15d56b9568f688cc56441bc3ec90c3a4777a1dad918676331a755a8b,Mixed,52,11282814978561903592,3.2599999999999993,0.04198619631901844,16,True,True,16,0.0,False,0.36875,False
trained-constant-29-mixed-053,constant,29,120,57709ffb15d56b9568f688cc56441bc3ec90c3a4777a1dad918676331a755a8b,Mixed,53,8964148284668376780,2.0824999999999996,0.04749399759903964,10,True,True,10,0.0,False,0.20625,False
trained-constant-29-mixed-054,constant,29,120,57709ffb15d56b9568f688cc56441bc3ec90c3a4777a1dad918676331a755a8b,Mixed,54,17310436215751914725,2.635,0.0953510436432638,13,True,True,13,0.0,False,0.3,False
trained-constant-29-mixed-055,constant,29,120,57709ffb15d56b9568f688cc56441bc3ec90c3a4777a1dad918676331a755a8b,Mixed,55,10872036586956837025,4.48875,0.0920484691260315,25,True,True,25,0.0,False,0.5625,False
trained-constant-29-mixed-056,constant,29,120,57709ffb15d56b9568f688cc56441bc3ec90c3a4777a1dad918676331a755a8b,Mixed,56,13098449687566047403,1.5724999999999998,0.03189586645468998,5,True,True,5,0.0,False,0.075,False
trained-constant-29-mixed-057,constant,29,120,57709ffb15d56b9568f688cc56441bc3ec90c3a4777a1dad918676331a755a8b,Mixed,57,7656523588352966414,1.9724999999999997,0.06440114068441066,10,True,True,10,0.0,False,0.2125,False
trained-constant-29-mixed-058,constant,29,120,57709ffb15d56b9568f688cc56441bc3ec90c3a4777a1dad918676331a755a8b,Mixed,58,10027517463503092988,2.9124999999999996,0.0326716738197425,17,True,True,17,0.0,False,0.39375,False
trained-constant-29-mixed-059,constant,29,120,57709ffb15d56b9568f688cc56441bc3ec90c3a4777a1dad918676331a755a8b,Mixed,59,13921632143138740536,2.0725,0.03777141133896261,15,True,True,15,0.0,False,0.31875,False
trained-constant-29-mixed-060,constant,29,120,57709ffb15d56b9568f688cc56441bc3ec90c3a4777a1dad918676331a755a8b,Mixed,60,9862294357421357990,1.5724999999999998,0.04262718600953893,8,True,True,8,0.0,False,0.18125,False
trained-constant-29-mixed-061,constant,29,120,57709ffb15d56b9568f688cc56441bc3ec90c3a4777a1dad918676331a755a8b,Mixed,61,8733790037580545580,2.0824999999999996,0.10039898312266084,12,True,True,12,0.0,False,0.275,False
trained-constant-29-mixed-062,constant,29,120,57709ffb15d56b9568f688cc56441bc3ec90c3a4777a1dad918676331a755a8b,Mixed,62,11744056089885592521,1.9749999999999999,0.059335443037974694,7,True,True,7,0.0,False,0.175,False
trained-constant-29-mixed-063,constant,29,120,57709ffb15d56b9568f688cc56441bc3ec90c3a4777a1dad918676331a755a8b,Mixed,63,1510660045293861225,2.7074999999999996,0.09470221606648203,16,True,True,16,0.0,False,0.35,False
trained-constant-29-proportional-000,constant,29,120,57709ffb15d56b9568f688cc56441bc3ec90c3a4777a1dad918676331a755a8b,Proportional,0,268085839332304691,2.775,0.2588864180636332,18,True,True,18,0.0,False,0.20625,False
trained-constant-29-proportional-001,constant,29,120,57709ffb15d56b9568f688cc56441bc3ec90c3a4777a1dad918676331a755a8b,Proportional,1,3322570516129797444,2.9625,0.43016877637130796,17,True,True,17,0.0,False,0.14375,False
trained-constant-29-proportional-002,constant,29,120,57709ffb15d56b9568f688cc56441bc3ec90c3a4777a1dad918676331a755a8b,Proportional,2,9611350588055645288,1.575,0.14126984126984127,8,True,True,8,0.0,False,0.075,False
trained-constant-29-proportional-003,constant,29,120,57709ffb15d56b9568f688cc56441bc3ec90c3a4777a1dad918676331a755a8b,Proportional,3,239973834031784994,2.4224999999999994,0.2438080495356037,11,True,True,11,0.0,False,0.18125,False
trained-constant-29-proportional-004,constant,29,120,57709ffb15d56b9568f688cc56441bc3ec90c3a4777a1dad918676331a755a8b,Proportional,4,12157952869156154820,2.2974999999999994,0.2161283473552907,14,True,True,14,0.0,False,0.15625,False
trained-constant-29-proportional-005,constant,29,120,57709ffb15d56b9568f688cc56441bc3ec90c3a4777a1dad918676331a755a8b,Proportional,5,10861928712034578816,2.28125,0.14977905435262928,10,True,True,10,0.0,False,0.14375,False
trained-constant-29-proportional-006,constant,29,120,57709ffb15d56b9568f688cc56441bc3ec90c3a4777a1dad918676331a755a8b,Proportional,6,6452750576101992299,5.153749999999999,0.42949198509470154,16,True,True,16,0.0,False,0.2,False
trained-constant-29-proportional-007,constant,29,120,57709ffb15d56b9568f688cc56441bc3ec90c3a4777a1dad918676331a755a8b,Proportional,7,609348165073449415,2.5874999999999995,0.24979561501300626,17,True,True,17,0.0,False,0.1875,False
trained-constant-29-proportional-008,constant,29,120,57709ffb15d56b9568f688cc56441bc3ec90c3a4777a1dad918676331a755a8b,Proportional,8,18301293249699322724,2.5399999999999996,0.24661663385826768,10,True,True,10,0.0,False,0.14375,False
trained-constant-29-proportional-009,constant,29,120,57709ffb15d56b9568f688cc56441bc3ec90c3a4777a1dad918676331a755a8b,Proportional,9,4829919566681972563,4.631249999999999,0.40942787371358796,16,True,True,16,0.0,False,0.2,False
trained-constant-29-proportional-010,constant,29,120,57709ffb15d56b9568f688cc56441bc3ec90c3a4777a1dad918676331a755a8b,Proportional,10,6527190821666383414,1.52,0.09210526315789469,7,True,True,7,0.0,False,0.06875,False
trained-constant-29-proportional-011,constant,29,120,57709ffb15d56b9568f688cc56441bc3ec90c3a4777a1dad918676331a755a8b,Proportional,11,11016182760473588237,2.9749999999999996,0.3629777717538628,9,True,True,9,0.0,False,0.10625,False
trained-constant-29-proportional-012,constant,29,120,57709ffb15d56b9568f688cc56441bc3ec90c3a4777a1dad918676331a755a8b,Proportional,12,6617547046941695025,1.9549999999999998,0.15345268542199492,17,True,True,17,0.0,False,0.2125,False
trained-constant-29-proportional-013,constant,29,120,57709ffb15d56b9568f688cc56441bc3ec90c3a4777a1dad918676331a755a8b,Proportional,13,12311226987276669755,4.012499999999999,0.35280373831775697,22,True,True,22,0.0,False,0.275,False
trained-constant-29-proportional-014,constant,29,120,57709ffb15d56b9568f688cc56441bc3ec90c3a4777a1dad918676331a755a8b,Proportional,14,2180449219280191910,2.165,0.23152424942263278,16,True,True,16,0.0,False,0.15,False
trained-constant-29-proportional-015,constant,29,120,57709ffb15d56b9568f688cc56441bc3ec90c3a4777a1dad918676331a755a8b,Proportional,15,3175377115722028065,2.025,0.1851851851851852,12,True,True,12,0.0,False,0.1625,False
trained-constant-29-proportional-016,constant,29,120,57709ffb15d56b9568f688cc56441bc3ec90c3a4777a1dad918676331a755a8b,Proportional,16,18169972913176080043,2.48,0.13961693548387094,13,True,True,13,0.0,False,0.21875,False
trained-constant-29-proportional-017,constant,29,120,57709ffb15d56b9568f688cc56441bc3ec90c3a4777a1dad918676331a755a8b,Proportional,17,3511316443396132221,1.89875,0.06528582072195309,13,True,True,13,0.0,False,0.225,False
trained-constant-29-proportional-018,constant,29,120,57709ffb15d56b9568f688cc56441bc3ec90c3a4777a1dad918676331a755a8b,Proportional,18,10650690705822828939,2.695,0.3506493506493506,19,True,True,19,0.0,False,0.2,False
trained-constant-29-proportional-019,constant,29,120,57709ffb15d56b9568f688cc56441bc3ec90c3a4777a1dad918676331a755a8b,Proportional,19,11270339275651068118,2.0399999999999996,0.14384022839905192,8,True,True,8,0.0,False,0.15,False
trained-constant-29-proportional-020,constant,29,120,57709ffb15d56b9568f688cc56441bc3ec90c3a4777a1dad918676331a755a8b,Proportional,20,14377795900291864756,1.75,0.13785714285714287,8,True,True,8,0.0,False,0.1125,False
trained-constant-29-proportional-021,constant,29,120,57709ffb15d56b9568f688cc56441bc3ec90c3a4777a1dad918676331a755a8b,Proportional,21,12983523286432098396,2.1275,0.24177438307873086,16,True,True,16,0.0,False,0.19375,False
trained-constant-29-proportional-022,constant,29,120,57709ffb15d56b9568f688cc56441bc3ec90c3a4777a1dad918676331a755a8b,Proportional,22,12746796447107636075,1.7075,0.12994143484626652,4,True,True,4,0.0,False,0.0875,False
trained-constant-29-proportional-023,constant,29,120,57709ffb15d56b9568f688cc56441bc3ec90c3a4777a1dad918676331a755a8b,Proportional,23,14303676908257249183,1.9275,0.1566147859922179,5,True,True,5,0.0,False,0.0875,False
trained-constant-29-proportional-024,constant,29,120,57709ffb15d56b9568f688cc56441bc3ec90c3a4777a1dad918676331a755a8b,Proportional,24,1433676718002063771,2.355,0.17250530785562632,10,True,True,10,0.0,False,0.1125,False
trained-constant-29-proportional-025,constant,29,120,57709ffb15d56b9568f688cc56441bc3ec90c3a4777a1dad918676331a755a8b,Proportional,25,13854710928407522728,3.1487499999999997,0.24917489822447436,13,True,True,13,0.0,False,0.20625,False
trained-constant-29-proportional-026,constant,29,120,57709ffb15d56b9568f688cc56441bc3ec90c3a4777a1dad918676331a755a8b,Proportional,26,16423848664501100863,3.0074999999999994,0.4312136325852036,29,True,True,29,0.0,False,0.23125,False
trained-constant-29-proportional-027,constant,29,120,57709ffb15d56b9568f688cc56441bc3ec90c3a4777a1dad918676331a755a8b,Proportional,27,17129358753667464199,2.05375,0.16766192516515985,10,True,True,10,0.0,False,0.15625,False
trained-constant-29-proportional-028,constant,29,120,57709ffb15d56b9568f688cc56441bc3ec90c3a4777a1dad918676331a755a8b,Proportional,28,10390730146448979446,1.9499999999999997,0.13525641025641025,11,True,True,11,0.0,False,0.1125,False
trained-constant-29-proportional-029,constant,29,120,57709ffb15d56b9568f688cc56441bc3ec90c3a4777a1dad918676331a755a8b,Proportional,29,8663769213576373785,2.175,0.23390804597701148,13,True,True,13,0.0,False,0.13125,False
trained-constant-29-proportional-030,constant,29,120,57709ffb15d56b9568f688cc56441bc3ec90c3a4777a1dad918676331a755a8b,Proportional,30,8199420221923969651,1.9299999999999997,0.1742227979274611,10,True,True,10,0.0,False,0.1125,False
trained-constant-29-proportional-031,constant,29,120,57709ffb15d56b9568f688cc56441bc3ec90c3a4777a1dad918676331a755a8b,Proportional,31,5667405054791673311,1.5675000000000001,0.11523125996810209,4,True,True,4,0.0,False,0.0875,False
trained-constant-29-proportional-032,constant,29,120,57709ffb15d56b9568f688cc56441bc3ec90c3a4777a1dad918676331a755a8b,Proportional,32,10627327924647695500,1.7,0.13014705882352942,7,True,True,7,0.0,False,0.09375,False
trained-constant-29-proportional-033,constant,29,120,57709ffb15d56b9568f688cc56441bc3ec90c3a4777a1dad918676331a755a8b,Proportional,33,3954732126580644349,1.9149999999999998,0.14425587467362921,14,True,True,14,0.0,False,0.16875,False
trained-constant-29-proportional-034,constant,29,120,57709ffb15d56b9568f688cc56441bc3ec90c3a4777a1dad918676331a755a8b,Proportional,34,5544092323822283055,1.9749999999999996,0.1354430379746835,6,True,True,6,0.0,False,0.10625,False
trained-constant-29-proportional-035,constant,29,120,57709ffb15d56b9568f688cc56441bc3ec90c3a4777a1dad918676331a755a8b,Proportional,35,10036141301677713969,4.0649999999999995,0.1952644526445264,20,True,True,20,0.0,False,0.29375,False
trained-constant-29-proportional-036,constant,29,120,57709ffb15d56b9568f688cc56441bc3ec90c3a4777a1dad918676331a755a8b,Proportional,36,2648785280212984500,2.19875,0.21771010377422398,17,True,True,17,0.0,False,0.1875,False
trained-constant-29-proportional-037,constant,29,120,57709ffb15d56b9568f688cc56441bc3ec90c3a4777a1dad918676331a755a8b,Proportional,37,9337933999017623560,2.0774999999999997,0.13929001203369434,14,True,True,14,0.0,False,0.18125,False
trained-constant-29-proportional-038,constant,29,120,57709ffb15d56b9568f688cc56441bc3ec90c3a4777a1dad918676331a755a8b,Proportional,38,9301309182690147361,2.8074999999999997,0.416073018699911,11,True,True,11,0.0,False,0.0875,False
trained-constant-29-proportional-039,constant,29,120,57709ffb15d56b9568f688cc56441bc3ec90c3a4777a1dad918676331a755a8b,Proportional,39,9286060579355542711,2.57875,0.1755759525855788,13,True,True,13,0.0,False,0.2,False
trained-constant-29-proportional-040,constant,29,120,57709ffb15d56b9568f688cc56441bc3ec90c3a4777a1dad918676331a755a8b,Proportional,40,3753112560373506825,2.14125,0.13600246481157158,12,True,True,12,0.0,False,0.15625,False
trained-constant-29-proportional-041,constant,29,120,57709ffb15d56b9568f688cc56441bc3ec90c3a4777a1dad918676331a755a8b,Proportional,41,5667802842617693805,1.7974999999999999,0.14986091794158551,6,True,True,6,0.0,False,0.1125,False
trained-constant-29-proportional-042,constant,29,120,57709ffb15d56b9568f688cc56441bc3ec90c3a4777a1dad918676331a755a8b,Proportional,42,13494483206552170288,2.8874999999999997,0.19756503359164018,14,True,True,14,0.0,False,0.2,False
trained-constant-29-proportional-043,constant,29,120,57709ffb15d56b9568f688cc56441bc3ec90c3a4777a1dad918676331a755a8b,Proportional,43,290752596375591746,2.0224999999999995,0.1257725587144623,15,True,True,15,0.0,False,0.175,False
trained-constant-29-proportional-044,constant,29,120,57709ffb15d56b9568f688cc56441bc3ec90c3a4777a1dad918676331a755a8b,Proportional,44,5045397035407912723,2.4524999999999997,0.34225280326197755,14,True,True,14,0.0,False,0.1375,False
trained-constant-29-proportional-045,constant,29,120,57709ffb15d56b9568f688cc56441bc3ec90c3a4777a1dad918676331a755a8b,Proportional,45,12426952078054901399,3.667499999999999,0.24897750511247438,17,True,True,17,0.0,False,0.28125,False
trained-constant-29-proportional-046,constant,29,120,57709ffb15d56b9568f688cc56441bc3ec90c3a4777a1dad918676331a755a8b,Proportional,46,8665559925921419759,2.3575,0.08351007423117708,11,True,True,11,0.0,False,0.15625,False
trained-constant-29-proportional-047,constant,29,120,57709ffb15d56b9568f688cc56441bc3ec90c3a4777a1dad918676331a755a8b,Proportional,47,11767908585569457565,2.2649999999999997,0.23896247240618096,10,True,True,10,0.0,False,0.175,False
trained-constant-29-proportional-048,constant,29,120,57709ffb15d56b9568f688cc56441bc3ec90c3a4777a1dad918676331a755a8b,Proportional,48,17114046320309760229,1.69,0.10059171597633132,4,True,True,3,0.0,False,0.06875,False
trained-constant-29-proportional-049,constant,29,120,57709ffb15d56b9568f688cc56441bc3ec90c3a4777a1dad918676331a755a8b,Proportional,49,14235182200644136281,2.15625,0.08809962568384691,11,True,True,11,0.0,False,0.15,False
trained-constant-29-proportional-050,constant,29,120,57709ffb15d56b9568f688cc56441bc3ec90c3a4777a1dad918676331a755a8b,Proportional,50,9320682459729345575,2.3349999999999995,0.23447537473233396,20,True,True,20,0.0,False,0.18125,False
trained-constant-29-proportional-051,constant,29,120,57709ffb15d56b9568f688cc56441bc3ec90c3a4777a1dad918676331a755a8b,Proportional,51,1085992455393838312,2.1449999999999996,0.07692307692307693,13,True,True,13,0.0,False,0.2375,False
trained-constant-29-proportional-052,constant,29,120,57709ffb15d56b9568f688cc56441bc3ec90c3a4777a1dad918676331a755a8b,Proportional,52,7551564213763091478,1.8924999999999998,0.19583883751651252,12,True,True,12,0.0,False,0.11875,False
trained-constant-29-proportional-053,constant,29,120,57709ffb15d56b9568f688cc56441bc3ec90c3a4777a1dad918676331a755a8b,Proportional,53,14216469023094236320,1.9425,0.17664092664092665,10,True,True,10,0.0,False,0.16875,False
trained-constant-29-proportional-054,constant,29,120,57709ffb15d56b9568f688cc56441bc3ec90c3a4777a1dad918676331a755a8b,Proportional,54,8437753558272917742,4.1899999999999995,0.35356565345376534,18,True,True,18,0.0,False,0.23125,False
trained-constant-29-proportional-055,constant,29,120,57709ffb15d56b9568f688cc56441bc3ec90c3a4777a1dad918676331a755a8b,Proportional,55,5089062385969834204,2.2775,0.14681668496158068,7,True,True,7,0.0,False,0.13125,False
trained-constant-29-proportional-056,constant,29,120,57709ffb15d56b9568f688cc56441bc3ec90c3a4777a1dad918676331a755a8b,Proportional,56,13442045963586151646,2.8674999999999997,0.20204882301656496,21,True,True,21,0.0,False,0.275,False
trained-constant-29-proportional-057,constant,29,120,57709ffb15d56b9568f688cc56441bc3ec90c3a4777a1dad918676331a755a8b,Proportional,57,12635549950482603184,1.9274999999999998,0.1799610894941634,8,True,True,8,0.0,False,0.13125,False
trained-constant-29-proportional-058,constant,29,120,57709ffb15d56b9568f688cc56441bc3ec90c3a4777a1dad918676331a755a8b,Proportional,58,12729323041860725121,2.0349999999999997,0.14557739557739555,6,True,True,6,0.0,False,0.1,False
trained-constant-29-proportional-059,constant,29,120,57709ffb15d56b9568f688cc56441bc3ec90c3a4777a1dad918676331a755a8b,Proportional,59,1824741134412341140,2.0925,0.13709677419354838,8,True,True,8,0.0,False,0.10625,False
trained-constant-29-proportional-060,constant,29,120,57709ffb15d56b9568f688cc56441bc3ec90c3a4777a1dad918676331a755a8b,Proportional,60,9567222706678460671,3.1099999999999994,0.1479099678456592,16,True,True,16,0.0,False,0.25625,False
trained-constant-29-proportional-061,constant,29,120,57709ffb15d56b9568f688cc56441bc3ec90c3a4777a1dad918676331a755a8b,Proportional,61,1610795298546784216,2.4875,0.19974874371859297,14,True,True,14,0.0,False,0.23125,False
trained-constant-29-proportional-062,constant,29,120,57709ffb15d56b9568f688cc56441bc3ec90c3a4777a1dad918676331a755a8b,Proportional,62,13940797674983682781,2.34,0.1394230769230769,9,True,True,9,0.0,False,0.13125,False
trained-constant-29-proportional-063,constant,29,120,57709ffb15d56b9568f688cc56441bc3ec90c3a4777a1dad918676331a755a8b,Proportional,63,2386699244101477463,2.7937499999999993,0.22236633940487446,16,True,True,16,0.0,False,0.24375,False
trained-constant-43-equal-000,constant,43,120,4d44dd4d21f404db3b0b785d5d59a737b5a01bcf0afa0588e49c58dfb161cc77,Equal,0,13560530419603312053,1.8625,0.16526845637583892,13,True,True,13,0.0,False,0.3,False
trained-constant-43-equal-001,constant,43,120,4d44dd4d21f404db3b0b785d5d59a737b5a01bcf0afa0588e49c58dfb161cc77,Equal,1,16335143301519677469,1.92,0.06347656250000001,16,True,True,16,0.0,False,0.375,False
trained-constant-43-equal-002,constant,43,120,4d44dd4d21f404db3b0b785d5d59a737b5a01bcf0afa0588e49c58dfb161cc77,Equal,2,12021937815717036856,2.5862499999999997,0.11599806669888839,11,True,True,11,0.0,False,0.25,False
trained-constant-43-equal-003,constant,43,120,4d44dd4d21f404db3b0b785d5d59a737b5a01bcf0afa0588e49c58dfb161cc77,Equal,3,16613943941286138663,2.01,0.05130597014925374,10,True,True,10,0.0,False,0.225,False
trained-constant-43-equal-004,constant,43,120,4d44dd4d21f404db3b0b785d5d59a737b5a01bcf0afa0588e49c58dfb161cc77,Equal,4,18174212718850410571,2.4949999999999997,0.13026052104208422,16,True,True,16,0.0,False,0.375,False
trained-constant-43-equal-005,constant,43,120,4d44dd4d21f404db3b0b785d5d59a737b5a01bcf0afa0588e49c58dfb161cc77,Equal,5,9177739505810106522,2.2375,0.1857541899441341,10,True,True,10,0.0,False,0.225,False
trained-constant-43-equal-006,constant,43,120,4d44dd4d21f404db3b0b785d5d59a737b5a01bcf0afa0588e49c58dfb161cc77,Equal,6,13547865112901487233,2.63,0.12357414448669204,12,True,True,12,0.0,False,0.275,False
trained-constant-43-equal-007,constant,43,120,4d44dd4d21f404db3b0b785d5d59a737b5a01bcf0afa0588e49c58dfb161cc77,Equal,7,9958811767531592789,1.7925,0.07932357043235704,8,True,True,8,0.0,False,0.175,False
trained-constant-43-equal-008,constant,43,120,4d44dd4d21f404db3b0b785d5d59a737b5a01bcf0afa0588e49c58dfb161cc77,Equal,8,4661027988278936209,2.2249999999999996,0.0955056179775281,11,True,True,11,0.0,False,0.25,False
trained-constant-43-equal-009,constant,43,120,4d44dd4d21f404db3b0b785d5d59a737b5a01bcf0afa0588e49c58dfb161cc77,Equal,9,13178674894952354223,2.4199999999999995,0.07102272727272729,12,True,True,12,0.0,False,0.275,False
trained-constant-43-equal-010,constant,43,120,4d44dd4d21f404db3b0b785d5d59a737b5a01bcf0afa0588e49c58dfb161cc77,Equal,10,16644567340367793406,4.174999999999999,0.12050898203592816,24,True,True,24,0.0,False,0.575,False
trained-constant-43-equal-011,constant,43,120,4d44dd4d21f404db3b0b785d5d59a737b5a01bcf0afa0588e49c58dfb161cc77,Equal,11,1118729358119102576,2.7074999999999996,0.09868421052631582,16,True,True,16,0.0,False,0.375,False
trained-constant-43-equal-012,constant,43,120,4d44dd4d21f404db3b0b785d5d59a737b5a01bcf0afa0588e49c58dfb161cc77,Equal,12,17877371917108590375,2.0725,0.11233413751507841,14,True,True,14,0.0,False,0.325,False
trained-constant-43-equal-013,constant,43,120,4d44dd4d21f404db3b0b785d5d59a737b5a01bcf0afa0588e49c58dfb161cc77,Equal,13,7983755572570241546,2.5274999999999994,0.06243818001978243,16,True,True,16,0.0,False,0.375,False
trained-constant-43-equal-014,constant,43,120,4d44dd4d21f404db3b0b785d5d59a737b5a01bcf0afa0588e49c58dfb161cc77,Equal,14,3971637649326494181,2.085,0.14688249400479614,11,True,True,11,0.0,False,0.25,False
trained-constant-43-equal-015,constant,43,120,4d44dd4d21f404db3b0b785d5d59a737b5a01bcf0afa0588e49c58dfb161cc77,Equal,15,11518866573444613780,5.047499999999999,0.05231550272412084,24,True,True,24,0.0,False,0.575,False
trained-constant-43-equal-016,constant,43,120,4d44dd4d21f404db3b0b785d5d59a737b5a01bcf0afa0588e49c58dfb161cc77,Equal,16,11628163368026707195,3.8349999999999995,0.14586049543676663,15,True,True,15,0.0,False,0.35,False
trained-constant-43-equal-017,constant,43,120,4d44dd4d21f404db3b0b785d5d59a737b5a01bcf0afa0588e49c58dfb161cc77,Equal,17,3398485211568532251,2.4524999999999997,0.17647808358817538,13,True,True,13,0.0,False,0.3,False
trained-constant-43-equal-018,constant,43,120,4d44dd4d21f404db3b0b785d5d59a737b5a01bcf0afa0588e49c58dfb161cc77,Equal,18,7788284124327356465,1.5875,0.14074803149606302,9,True,True,9,0.0,False,0.2,False
trained-constant-43-equal-019,constant,43,120,4d44dd4d21f404db3b0b785d5d59a737b5a01bcf0afa0588e49c58dfb161cc77,Equal,19,13243546767509938369,3.3774999999999995,0.08836047372316808,19,True,True,19,0.0,False,0.45,False
trained-constant-43-equal-020,constant,43,120,4d44dd4d21f404db3b0b785d5d59a737b5a01bcf0afa0588e49c58dfb161cc77,Equal,20,14996321200521725245,3.0599999999999996,0.1108047385620915,15,True,True,15,0.0,False,0.35,False
trained-constant-43-equal-021,constant,43,120,4d44dd4d21f404db3b0b785d5d59a737b5a01bcf0afa0588e49c58dfb161cc77,Equal,21,2011723370423070173,2.4724999999999997,0.15230030333670377,14,True,True,14,0.0,False,0.325,False
trained-constant-43-equal-022,constant,43,120,4d44dd4d21f404db3b0b785d5d59a737b5a01bcf0afa0588e49c58dfb161cc77,Equal,22,5026132003643848730,3.7074999999999996,0.12516857720836141,18,True,True,18,0.0,False,0.425,False
trained-constant-43-equal-023,constant,43,120,4d44dd4d21f404db3b0b785d5d59a737b5a01bcf0afa0588e49c58dfb161cc77,Equal,23,10996023291919595200,2.37375,0.0763559768299105,16,True,True,16,0.0,False,0.375,False
trained-constant-43-equal-024,constant,43,120,4d44dd4d21f404db3b0b785d5d59a737b5a01bcf0afa0588e49c58dfb161cc77,Equal,24,4238268705606663953,2.885,0.044410745233968776,15,True,True,15,0.0,False,0.35,False
trained-constant-43-equal-025,constant,43,120,4d44dd4d21f404db3b0b785d5d59a737b5a01bcf0afa0588e49c58dfb161cc77,Equal,25,17651259151176785016,2.3674999999999997,0.04949841605068641,12,True,True,12,0.0,False,0.275,False
trained-constant-43-equal-026,constant,43,120,4d44dd4d21f404db3b0b785d5d59a737b5a01bcf0afa0588e49c58dfb161cc77,Equal,26,15755294221313071683,1.9924999999999997,0.1356649937264743,8,True,True,8,0.0,False,0.175,False
trained-constant-43-equal-027,constant,43,120,4d44dd4d21f404db3b0b785d5d59a737b5a01bcf0afa0588e49c58dfb161cc77,Equal,27,14699883358196959663,2.8749999999999996,0.12282608695652172,16,True,True,16,0.0,False,0.375,False
trained-constant-43-equal-028,constant,43,120,4d44dd4d21f404db3b0b785d5d59a737b5a01bcf0afa0588e49c58dfb161cc77,Equal,28,4327407782204633167,2.03,0.1477832512315271,12,True,True,12,0.0,False,0.275,False
trained-constant-43-equal-029,constant,43,120,4d44dd4d21f404db3b0b785d5d59a737b5a01bcf0afa0588e49c58dfb161cc77,Equal,29,18322701083066183097,2.2849999999999997,0.18462800875273525,9,True,True,9,0.0,False,0.225,False
trained-constant-43-equal-030,constant,43,120,4d44dd4d21f404db3b0b785d5d59a737b5a01bcf0afa0588e49c58dfb161cc77,Equal,30,1046238250208341562,1.68,0.15625000000000006,11,True,True,11,0.0,False,0.25,False
trained-constant-43-equal-031,constant,43,120,4d44dd4d21f404db3b0b785d5d59a737b5a01bcf0afa0588e49c58dfb161cc77,Equal,31,16949573341776089745,2.1525,0.12122531939605113,13,True,True,13,0.0,False,0.3,False
trained-constant-43-equal-032,constant,43,120,4d44dd4d21f404db3b0b785d5d59a737b5a01bcf0afa0588e49c58dfb161cc77,Equal,32,7807795051781174822,2.9599999999999995,0.1266891891891892,16,True,True,16,0.0,False,0.375,False
trained-constant-43-equal-033,constant,43,120,4d44dd4d21f404db3b0b785d5d59a737b5a01bcf0afa0588e49c58dfb161cc77,Equal,33,7877957435915763982,2.5199999999999996,0.13640873015873017,20,True,True,20,0.0,False,0.475,False
trained-constant-43-equal-034,constant,43,120,4d44dd4d21f404db3b0b785d5d59a737b5a01bcf0afa0588e49c58dfb161cc77,Equal,34,9334802444793989865,3.33,0.10041291291291293,21,True,True,21,0.0,False,0.5,False
trained-constant-43-equal-035,constant,43,120,4d44dd4d21f404db3b0b785d5d59a737b5a01bcf0afa0588e49c58dfb161cc77,Equal,35,16096907805017185778,4.027499999999999,0.08108317815021727,19,True,True,19,0.0,False,0.45,False
trained-constant-43-equal-036,constant,43,120,4d44dd4d21f404db3b0b785d5d59a737b5a01bcf0afa0588e49c58dfb161cc77,Equal,36,7676341645288160573,2.35625,0.03580901856763923,14,True,True,14,0.0,False,0.325,False
trained-constant-43-equal-037,constant,43,120,4d44dd4d21f404db3b0b785d5d59a737b5a01bcf0afa0588e49c58dfb161cc77,Equal,37,1998169479754452575,3.6249999999999996,0.019827586206896553,18,True,True,18,0.0,False,0.425,False
trained-constant-43-equal-038,constant,43,120,4d44dd4d21f404db3b0b785d5d59a737b5a01bcf0afa0588e49c58dfb161cc77,Equal,38,9006670946045079123,1.8199999999999998,0.07554945054945053,13,True,True,13,0.0,False,0.3,False
trained-constant-43-equal-039,constant,43,120,4d44dd4d21f404db3b0b785d5d59a737b5a01bcf0afa0588e49c58dfb161cc77,Equal,39,18014784431884175604,1.8624999999999998,0.1954697986577181,9,True,True,9,0.0,False,0.2,False
trained-constant-43-equal-040,constant,43,120,4d44dd4d21f404db3b0b785d5d59a737b5a01bcf0afa0588e49c58dfb161cc77,Equal,40,3824112280057849388,3.045,0.1221264367816092,17,True,True,17,0.0,False,0.4,False
trained-constant-43-equal-041,constant,43,120,4d44dd4d21f404db3b0b785d5d59a737b5a01bcf0afa0588e49c58dfb161cc77,Equal,41,14531148554355889160,2.53,0.22480237154150204,12,True,True,12,0.0,False,0.275,False
trained-constant-43-equal-042,constant,43,120,4d44dd4d21f404db3b0b785d5d59a737b5a01bcf0afa0588e49c58dfb161cc77,Equal,42,10401906254239333536,2.5124999999999997,0.06529850746268659,11,True,True,11,0.0,False,0.25,False
trained-constant-43-equal-043,constant,43,120,4d44dd4d21f404db3b0b785d5d59a737b5a01bcf0afa0588e49c58dfb161cc77,Equal,43,11041969608245990431,1.765,0.23902266288951843,10,True,True,10,0.0,False,0.225,False
trained-constant-43-equal-044,constant,43,120,4d44dd4d21f404db3b0b785d5d59a737b5a01bcf0afa0588e49c58dfb161cc77,Equal,44,13427726429447740958,2.0324999999999998,0.0853321033210332,10,True,True,10,0.0,False,0.225,False
trained-constant-43-equal-045,constant,43,120,4d44dd4d21f404db3b0b785d5d59a737b5a01bcf0afa0588e49c58dfb161cc77,Equal,45,3001407222590237583,2.4274999999999993,0.07273429454170958,13,True,True,13,0.0,False,0.3,False
trained-constant-43-equal-046,constant,43,120,4d44dd4d21f404db3b0b785d5d59a737b5a01bcf0afa0588e49c58dfb161cc77,Equal,46,5165166869566516700,2.3749999999999996,0.1914473684210527,11,True,True,11,0.0,False,0.25,False
trained-constant-43-equal-047,constant,43,120,4d44dd4d21f404db3b0b785d5d59a737b5a01bcf0afa0588e49c58dfb161cc77,Equal,47,17357153896865256757,2.0399999999999996,0.08731617647058824,11,True,True,11,0.0,False,0.275,False
trained-constant-43-equal-048,constant,43,120,4d44dd4d21f404db3b0b785d5d59a737b5a01bcf0afa0588e49c58dfb161cc77,Equal,48,10411826866417103643,1.8674999999999997,0.1497657295850067,12,True,True,12,0.0,False,0.275,False
trained-constant-43-equal-049,constant,43,120,4d44dd4d21f404db3b0b785d5d59a737b5a01bcf0afa0588e49c58dfb161cc77,Equal,49,16742936260292681113,1.4375,0.04456521739130435,8,True,True,8,0.0,False,0.175,False
trained-constant-43-equal-050,constant,43,120,4d44dd4d21f404db3b0b785d5d59a737b5a01bcf0afa0588e49c58dfb161cc77,Equal,50,8853973506380485361,1.5525,0.15197262479871174,6,True,True,6,0.0,False,0.125,False
trained-constant-43-equal-051,constant,43,120,4d44dd4d21f404db3b0b785d5d59a737b5a01bcf0afa0588e49c58dfb161cc77,Equal,51,4364855744428422011,2.9512499999999995,0.10588733587462941,17,True,True,17,0.0,False,0.4,False
trained-constant-43-equal-052,constant,43,120,4d44dd4d21f404db3b0b785d5d59a737b5a01bcf0afa0588e49c58dfb161cc77,Equal,52,8891997868216286225,1.9825,0.17260403530895338,11,True,True,11,0.0,False,0.25,False
trained-constant-43-equal-053,constant,43,120,4d44dd4d21f404db3b0b785d5d59a737b5a01bcf0afa0588e49c58dfb161cc77,Equal,53,2174830207319419027,2.76875,0.10835214446952598,17,True,True,17,0.0,False,0.4,False
trained-constant-43-equal-054,constant,43,120,4d44dd4d21f404db3b0b785d5d59a737b5a01bcf0afa0588e49c58dfb161cc77,Equal,54,5517276783342842781,2.5275,0.14156775469831853,13,True,True,13,0.0,False,0.3,False
trained-constant-43-equal-055,constant,43,120,4d44dd4d21f404db3b0b785d5d59a737b5a01bcf0afa0588e49c58dfb161cc77,Equal,55,4774968273485645814,4.01,0.06779925187032422,24,True,True,24,0.0,False,0.575,False
trained-constant-43-equal-056,constant,43,120,4d44dd4d21f404db3b0b785d5d59a737b5a01bcf0afa0588e49c58dfb161cc77,Equal,56,9794318310033709073,1.9099999999999997,0.16034031413612568,11,True,True,11,0.0,False,0.25,False
trained-constant-43-equal-057,constant,43,120,4d44dd4d21f404db3b0b785d5d59a737b5a01bcf0afa0588e49c58dfb161cc77,Equal,57,11803603788403514177,2.34,0.11351495726495729,13,True,True,13,0.0,False,0.3,False
trained-constant-43-equal-058,constant,43,120,4d44dd4d21f404db3b0b785d5d59a737b5a01bcf0afa0588e49c58dfb161cc77,Equal,58,14092577738762272190,1.9125,0.07598039215686278,10,True,True,10,0.0,False,0.225,False
trained-constant-43-equal-059,constant,43,120,4d44dd4d21f404db3b0b785d5d59a737b5a01bcf0afa0588e49c58dfb161cc77,Equal,59,320529336983780212,3.5949999999999993,0.1808066759388039,19,True,True,19,0.0,False,0.45,False
trained-constant-43-equal-060,constant,43,120,4d44dd4d21f404db3b0b785d5d59a737b5a01bcf0afa0588e49c58dfb161cc77,Equal,60,11438428016050306819,2.32625,0.1457549704459968,12,True,True,12,0.0,False,0.275,False
trained-constant-43-equal-061,constant,43,120,4d44dd4d21f404db3b0b785d5d59a737b5a01bcf0afa0588e49c58dfb161cc77,Equal,61,10820935370244496894,1.9649999999999999,0.04770992366412215,11,True,True,11,0.0,False,0.25,False
trained-constant-43-equal-062,constant,43,120,4d44dd4d21f404db3b0b785d5d59a737b5a01bcf0afa0588e49c58dfb161cc77,Equal,62,14543219079197240753,1.8325,0.07929740791268759,17,True,True,17,0.0,False,0.4,False
trained-constant-43-equal-063,constant,43,120,4d44dd4d21f404db3b0b785d5d59a737b5a01bcf0afa0588e49c58dfb161cc77,Equal,63,8818422780936466806,1.83,0.029030054644808737,11,True,True,11,0.0,False,0.25,False
trained-constant-43-interpolating-000,constant,43,120,4d44dd4d21f404db3b0b785d5d59a737b5a01bcf0afa0588e49c58dfb161cc77,Interpolating,0,1213197083724044075,2.4924999999999997,0.24942215457339192,8,True,True,8,0.0,False,0.10625,True
trained-constant-43-interpolating-001,constant,43,120,4d44dd4d21f404db3b0b785d5d59a737b5a01bcf0afa0588e49c58dfb161cc77,Interpolating,1,8055329443370939278,3.05,0.2600572280997518,18,True,True,18,0.0,False,0.2125,True
trained-constant-43-interpolating-002,constant,43,120,4d44dd4d21f404db3b0b785d5d59a737b5a01bcf0afa0588e49c58dfb161cc77,Interpolating,2,4727515649967985771,2.4699999999999998,0.1290324792857756,12,True,True,12,0.0,False,0.1625,True
trained-constant-43-interpolating-003,constant,43,120,4d44dd4d21f404db3b0b785d5d59a737b5a01bcf0afa0588e49c58dfb161cc77,Interpolating,3,13301357527600215947,2.9224999999999994,0.2694527635740881,19,True,True,19,0.0,False,0.23125,True
trained-constant-43-interpolating-004,constant,43,120,4d44dd4d21f404db3b0b785d5d59a737b5a01bcf0afa0588e49c58dfb161cc77,Interpolating,4,3850438072020390016,1.8474999999999997,0.21008119079023668,10,True,True,10,0.0,False,0.11875,True
trained-constant-43-interpolating-005,constant,43,120,4d44dd4d21f404db3b0b785d5d59a737b5a01bcf0afa0588e49c58dfb161cc77,Interpolating,5,11318944996163199694,2.0925,0.164308667242351,10,True,True,10,0.0,False,0.11875,True
trained-constant-43-interpolating-006,constant,43,120,4d44dd4d21f404db3b0b785d5d59a737b5a01bcf0afa0588e49c58dfb161cc77,Interpolating,6,10725971526628803820,2.065,0.06295399404668091,10,True,True,10,0.0,False,0.18125,True
trained-constant-43-interpolating-007,constant,43,120,4d44dd4d21f404db3b0b785d5d59a737b5a01bcf0afa0588e49c58dfb161cc77,Interpolating,7,16985635135674990289,2.2199999999999998,0.21726943709374893,6,True,True,6,0.0,False,0.10625,True
trained-constant-43-interpolating-008,constant,43,120,4d44dd4d21f404db3b0b785d5d59a737b5a01bcf0afa0588e49c58dfb161cc77,Interpolating,8,17956738961104600247,3.0262499999999997,0.0827386493808927,10,True,True,10,0.0,False,0.19375,True
trained-constant-43-interpolating-009,constant,43,120,4d44dd4d21f404db3b0b785d5d59a737b5a01bcf0afa0588e49c58dfb161cc77,Interpolating,9,7090500720071738046,1.785,0.12745096434320083,5,True,True,5,0.0,False,0.10625,True
trained-constant-43-interpolating-010,constant,43,120,4d44dd4d21f404db3b0b785d5d59a737b5a01bcf0afa0588e49c58dfb161cc77,Interpolating,10,5190356218930629125,2.0225,0.1720776280380292,8,True,True,8,0.0,False,0.11875,True
trained-constant-43-interpolating-011,constant,43,120,4d44dd4d21f404db3b0b785d5d59a737b5a01bcf0afa0588e49c58dfb161cc77,Interpolating,11,4257464577690540094,2.62,0.1699527705643486,11,True,True,11,0.0,False,0.1875,True
trained-constant-43-interpolating-012,constant,43,120,4d44dd4d21f404db3b0b785d5d59a737b5a01bcf0afa0588e49c58dfb161cc77,Interpolating,12,15635675074098543705,3.045,0.19168162684095516,14,True,True,14,0.0,False,0.225,True
trained-constant-43-interpolating-013,constant,43,120,4d44dd4d21f404db3b0b785d5d59a737b5a01bcf0afa0588e49c58dfb161cc77,Interpolating,13,886094619060169845,4.31,0.25623107842806275,27,True,True,27,0.0,False,0.26875,True
trained-constant-43-interpolating-014,constant,43,120,4d44dd4d21f404db3b0b785d5d59a737b5a01bcf0afa0588e49c58dfb161cc77,Interpolating,14,16842684962681226243,2.20625,0.22960183646365662,6,True,True,6,0.0,False,0.1,True
trained-constant-43-interpolating-015,constant,43,120,4d44dd4d21f404db3b0b785d5d59a737b5a01bcf0afa0588e49c58dfb161cc77,Interpolating,15,14104308337695707283,2.2512499999999998,0.09624984794808715,12,True,True,12,0.0,False,0.2125,True
trained-constant-43-interpolating-016,constant,43,120,4d44dd4d21f404db3b0b785d5d59a737b5a01bcf0afa0588e49c58dfb161cc77,Interpolating,16,4858794119669795035,2.195,0.26706139272298707,15,True,True,15,0.0,False,0.1375,True
trained-constant-43-interpolating-017,constant,43,120,4d44dd4d21f404db3b0b785d5d59a737b5a01bcf0afa0588e49c58dfb161cc77,Interpolating,17,12891111135129955168,2.0824999999999996,0.11313162473231385,13,True,True,13,0.0,False,0.175,True
trained-constant-43-interpolating-018,constant,43,120,4d44dd4d21f404db3b0b785d5d59a737b5a01bcf0afa0588e49c58dfb161cc77,Interpolating,18,9183949151501402776,2.6149999999999998,0.29636711271477706,25,True,True,25,0.0,False,0.23125,True
trained-constant-43-interpolating-019,constant,43,120,4d44dd4d21f404db3b0b785d5d59a737b5a01bcf0afa0588e49c58dfb161cc77,Interpolating,19,12943002206778611275,3.26125,0.28794534419820994,21,True,True,21,0.0,False,0.225,True
trained-constant-43-interpolating-020,constant,43,120,4d44dd4d21f404db3b0b785d5d59a737b5a01bcf0afa0588e49c58dfb161cc77,Interpolating,20,4188736741529545190,3.4374999999999996,0.1716147757107739,15,True,True,15,0.0,False,0.24375,True
trained-constant-43-interpolating-021,constant,43,120,4d44dd4d21f404db3b0b785d5d59a737b5a01bcf0afa0588e49c58dfb161cc77,Interpolating,21,16423241717843609844,2.6024999999999996,0.26440282856325653,11,True,True,11,0.0,False,0.15,True
trained-constant-43-interpolating-022,constant,43,120,4d44dd4d21f404db3b0b785d5d59a737b5a01bcf0afa0588e49c58dfb161cc77,Interpolating,22,14274821887593747810,2.4549999999999996,0.28793854559506826,14,True,True,14,0.0,False,0.15625,True
trained-constant-43-interpolating-023,constant,43,120,4d44dd4d21f404db3b0b785d5d59a737b5a01bcf0afa0588e49c58dfb161cc77,Interpolating,23,6250852239449748641,3.6712499999999997,0.16355178090756808,20,True,True,20,0.0,False,0.35,True
trained-constant-43-interpolating-024,constant,43,120,4d44dd4d21f404db3b0b785d5d59a737b5a01bcf0afa0588e49c58dfb161cc77,Interpolating,24,16960970810216816879,2.0375,0.12647292486866463,8,True,True,8,0.0,False,0.1375,True
trained-constant-43-interpolating-025,constant,43,120,4d44dd4d21f404db3b0b785d5d59a737b5a01bcf0afa0588e49c58dfb161cc77,Interpolating,25,13068682773554006551,1.5499999999999998,0.06934918749519148,6,True,True,6,0.0,False,0.09375,True
trained-constant-43-interpolating-026,constant,43,120,4d44dd4d21f404db3b0b785d5d59a737b5a01bcf0afa0588e49c58dfb161cc77,Interpolating,26,4046782741253547817,2.3899999999999997,0.09146596818672607,9,True,True,9,0.0,False,0.15,True
trained-constant-43-interpolating-027,constant,43,120,4d44dd4d21f404db3b0b785d5d59a737b5a01bcf0afa0588e49c58dfb161cc77,Interpolating,27,6226384564659293176,1.6849999999999998,0.1743323329329248,8,True,True,8,0.0,False,0.075,True
trained-constant-43-interpolating-028,constant,43,120,4d44dd4d21f404db3b0b785d5d59a737b5a01bcf0afa0588e49c58dfb161cc77,Interpolating,28,2883590608530669600,2.1125,0.26834259305914554,9,True,True,9,0.0,False,0.125,True
trained-constant-43-interpolating-029,constant,43,120,4d44dd4d21f404db3b0b785d5d59a737b5a01bcf0afa0588e49c58dfb161cc77,Interpolating,29,7644390023159333457,2.445,0.1523221717414802,10,True,True,10,0.0,False,0.175,True
trained-constant-43-interpolating-030,constant,43,120,4d44dd4d21f404db3b0b785d5d59a737b5a01bcf0afa0588e49c58dfb161cc77,Interpolating,30,16841861800116986885,1.9074999999999998,0.2585190037108558,8,True,True,8,0.0,False,0.06875,True
trained-constant-43-interpolating-031,constant,43,120,4d44dd4d21f404db3b0b785d5d59a737b5a01bcf0afa0588e49c58dfb161cc77,Interpolating,31,5278868430854210168,2.6499999999999995,0.14055654642739057,15,True,True,15,0.0,False,0.2625,True
trained-constant-43-interpolating-032,constant,43,120,4d44dd4d21f404db3b0b785d5d59a737b5a01bcf0afa0588e49c58dfb161cc77,Interpolating,32,10874926965184767229,3.0624999999999996,0.09998270279793776,9,True,True,9,0.0,False,0.18125,True
trained-constant-43-interpolating-033,constant,43,120,4d44dd4d21f404db3b0b785d5d59a737b5a01bcf0afa0588e49c58dfb161cc77,Interpolating,33,2680325543734073715,2.23,0.1961852739723314,15,True,True,15,0.0,False,0.18125,True
trained-constant-43-interpolating-034,constant,43,120,4d44dd4d21f404db3b0b785d5d59a737b5a01bcf0afa0588e49c58dfb161cc77,Interpolating,34,18398191470333865707,1.4349999999999998,0.09668989547038323,7,True,True,7,0.0,False,0.0625,True
trained-constant-43-interpolating-035,constant,43,120,4d44dd4d21f404db3b0b785d5d59a737b5a01bcf0afa0588e49c58dfb161cc77,Interpolating,35,9734259337959289444,1.4324999999999999,0.09554973821989528,7,True,True,7,0.0,False,0.0625,True
trained-constant-43-interpolating-036,constant,43,120,4d44dd4d21f404db3b0b785d5d59a737b5a01bcf0afa0588e49c58dfb161cc77,Interpolating,36,12683302194670625824,3.3062499999999995,0.11662070028742919,12,True,True,12,0.0,False,0.2375,True
trained-constant-43-interpolating-037,constant,43,120,4d44dd4d21f404db3b0b785d5d59a737b5a01bcf0afa0588e49c58dfb161cc77,Interpolating,37,3875358290459768584,2.5549999999999997,0.22162370710062892,19,True,True,19,0.0,False,0.25625,True
trained-constant-43-interpolating-038,constant,43,120,4d44dd4d21f404db3b0b785d5d59a737b5a01bcf0afa0588e49c58dfb161cc77,Interpolating,38,14616975106956041189,2.3099999999999996,0.21931990619453454,8,True,True,8,0.0,False,0.125,True
trained-constant-43-interpolating-039,constant,43,120,4d44dd4d21f404db3b0b785d5d59a737b5a01bcf0afa0588e49c58dfb161cc77,Interpolating,39,13144922893324428211,1.7525,0.160112457379204,5,True,True,5,0.0,False,0.08125,True
trained-constant-43-interpolating-040,constant,43,120,4d44dd4d21f404db3b0b785d5d59a737b5a01bcf0afa0588e49c58dfb161cc77,Interpolating,40,3798713521565250180,2.11375,0.15182431266068622,14,True,True,14,0.0,False,0.225,True
trained-constant-43-interpolating-041,constant,43,120,4d44dd4d21f404db3b0b785d5d59a737b5a01bcf0afa0588e49c58dfb161cc77,Interpolating,41,14262525295915906343,4.403749999999999,0.14798892403042155,21,True,True,21,0.0,False,0.38125,True
trained-constant-43-interpolating-042,constant,43,120,4d44dd4d21f404db3b0b785d5d59a737b5a01bcf0afa0588e49c58dfb161cc77,Interpolating,42,11168173585373907240,2.5925,0.20098694335846332,10,True,True,10,0.0,False,0.18125,True
trained-constant-43-interpolating-043,constant,43,120,4d44dd4d21f404db3b0b785d5d59a737b5a01bcf0afa0588e49c58dfb161cc77,Interpolating,43,16991970316848498440,2.4849999999999994,0.13610555120834986,13,True,True,13,0.0,False,0.20625,True
trained-constant-43-interpolating-044,constant,43,120,4d44dd4d21f404db3b0b785d5d59a737b5a01bcf0afa0588e49c58dfb161cc77,Interpolating,44,13368355879329437050,2.9549999999999996,0.2977895805150354,12,True,True,12,0.0,False,0.20625,True
trained-constant-43-interpolating-045,constant,43,120,4d44dd4d21f404db3b0b785d5d59a737b5a01bcf0afa0588e49c58dfb161cc77,Interpolating,45,9081519197887708369,2.3575,0.16954031258665456,14,True,True,14,0.0,False,0.175,True
trained-constant-43-interpolating-046,constant,43,120,4d44dd4d21f404db3b0b785d5d59a737b5a01bcf0afa0588e49c58dfb161cc77,Interpolating,46,6783569884379240166,1.5525,0.08494361559830625,8,True,True,8,0.0,False,0.11875,True
trained-constant-43-interpolating-047,constant,43,120,4d44dd4d21f404db3b0b785d5d59a737b5a01bcf0afa0588e49c58dfb161cc77,Interpolating,47,17410858606012817447,3.109999999999999,0.19869270790388907,10,True,True,10,0.0,False,0.1875,True
trained-constant-43-interpolating-048,constant,43,120,4d44dd4d21f404db3b0b785d5d59a737b5a01bcf0afa0588e49c58dfb161cc77,Interpolating,48,8481436170183344132,3.2375,0.21298356163634305,22,True,True,22,0.0,False,0.25625,True
trained-constant-43-interpolating-049,constant,43,120,4d44dd4d21f404db3b0b785d5d59a737b5a01bcf0afa0588e49c58dfb161cc77,Interpolating,49,9067349910110798055,3.2275,0.2106892234908484,21,True,True,21,0.0,False,0.28125,True
trained-constant-43-interpolating-050,constant,43,120,4d44dd4d21f404db3b0b785d5d59a737b5a01bcf0afa0588e49c58dfb161cc77,Interpolating,50,16032906850131460546,2.4099999999999997,0.15972175826312124,11,True,True,11,0.0,False,0.175,True
trained-constant-43-interpolating-051,constant,43,120,4d44dd4d21f404db3b0b785d5d59a737b5a01bcf0afa0588e49c58dfb161cc77,Interpolating,51,12055569236643379592,2.682499999999999,0.2825251602570785,12,True,True,12,0.0,False,0.1625,True
trained-constant-43-interpolating-052,constant,43,120,4d44dd4d21f404db3b0b785d5d59a737b5a01bcf0afa0588e49c58dfb161cc77,Interpolating,52,13602339410225895337,2.7225,0.16632953723478977,11,True,True,11,0.0,False,0.19375,True
trained-constant-43-interpolating-053,constant,43,120,4d44dd4d21f404db3b0b785d5d59a737b5a01bcf0afa0588e49c58dfb161cc77,Interpolating,53,17471441750920942039,1.64,0.12042673521727786,5,True,True,5,0.0,False,0.0875,True
trained-constant-43-interpolating-054,constant,43,120,4d44dd4d21f404db3b0b785d5d59a737b5a01bcf0afa0588e49c58dfb161cc77,Interpolating,54,9415926517100874851,3.499999999999999,0.2164288202874162,17,True,True,17,0.0,False,0.225,True
trained-constant-43-interpolating-055,constant,43,120,4d44dd4d21f404db3b0b785d5d59a737b5a01bcf0afa0588e49c58dfb161cc77,Interpolating,55,1774301644809499611,1.8574999999999997,0.19614712599884657,19,True,True,19,0.0,False,0.15625,True
trained-constant-43-interpolating-056,constant,43,120,4d44dd4d21f404db3b0b785d5d59a737b5a01bcf0afa0588e49c58dfb161cc77,Interpolating,56,2273777584057908686,2.155,0.08946069537518846,7,True,True,7,0.0,False,0.11875,True
trained-constant-43-interpolating-057,constant,43,120,4d44dd4d21f404db3b0b785d5d59a737b5a01bcf0afa0588e49c58dfb161cc77,Interpolating,57,16365758593835364356,2.695,0.21544424609078144,15,True,True,15,0.0,False,0.2375,True
trained-constant-43-interpolating-058,constant,43,120,4d44dd4d21f404db3b0b785d5d59a737b5a01bcf0afa0588e49c58dfb161cc77,Interpolating,58,1735057580462190505,2.57,0.13529969267369407,10,True,True,10,0.0,False,0.1875,True
trained-constant-43-interpolating-059,constant,43,120,4d44dd4d21f404db3b0b785d5d59a737b5a01bcf0afa0588e49c58dfb161cc77,Interpolating,59,80912196027194170,2.78625,0.10499614762560962,13,True,True,13,0.0,False,0.2375,True
trained-constant-43-interpolating-060,constant,43,120,4d44dd4d21f404db3b0b785d5d59a737b5a01bcf0afa0588e49c58dfb161cc77,Interpolating,60,8817841490741488358,1.3875,0.04369369369369367,10,True,True,10,0.0,False,0.125,True
trained-constant-43-interpolating-061,constant,43,120,4d44dd4d21f404db3b0b785d5d59a737b5a01bcf0afa0588e49c58dfb161cc77,Interpolating,61,14860051149352500053,2.49375,0.1685255892688642,7,True,True,7,0.0,False,0.15,True
trained-constant-43-interpolating-062,constant,43,120,4d44dd4d21f404db3b0b785d5d59a737b5a01bcf0afa0588e49c58dfb161cc77,Interpolating,62,18373756258381831839,2.295,0.20439747695227822,20,True,True,20,0.0,False,0.25,True
trained-constant-43-interpolating-063,constant,43,120,4d44dd4d21f404db3b0b785d5d59a737b5a01bcf0afa0588e49c58dfb161cc77,Interpolating,63,2134330341043368282,2.9449999999999994,0.21995283026046059,11,True,True,11,0.0,False,0.1625,True
trained-constant-43-mixed-000,constant,43,120,4d44dd4d21f404db3b0b785d5d59a737b5a01bcf0afa0588e49c58dfb161cc77,Mixed,0,12340031854809712278,4.569999999999999,0.10103477406884748,32,True,True,32,0.0,False,0.75625,False
trained-constant-43-mixed-001,constant,43,120,4d44dd4d21f404db3b0b785d5d59a737b5a01bcf0afa0588e49c58dfb161cc77,Mixed,1,9376926401088838031,1.8499999999999999,0.08513513513513515,10,True,True,10,0.0,False,0.2125,False
trained-constant-43-mixed-002,constant,43,120,4d44dd4d21f404db3b0b785d5d59a737b5a01bcf0afa0588e49c58dfb161cc77,Mixed,2,2492416826409062432,2.3225,0.041503280537187985,10,True,True,10,0.0,False,0.21875,False
trained-constant-43-mixed-003,constant,43,120,4d44dd4d21f404db3b0b785d5d59a737b5a01bcf0afa0588e49c58dfb161cc77,Mixed,3,6364964205388861445,4.00625,0.032919630714542535,22,True,True,22,0.0,False,0.51875,False
trained-constant-43-mixed-004,constant,43,120,4d44dd4d21f404db3b0b785d5d59a737b5a01bcf0afa0588e49c58dfb161cc77,Mixed,4,16386901891497145862,3.03,0.1070544554455446,22,True,True,22,0.0,False,0.46875,False
trained-constant-43-mixed-005,constant,43,120,4d44dd4d21f404db3b0b785d5d59a737b5a01bcf0afa0588e49c58dfb161cc77,Mixed,5,5860224743933450514,2.2049999999999996,0.0935374149659864,9,True,True,9,0.0,False,0.1875,False
trained-constant-43-mixed-006,constant,43,120,4d44dd4d21f404db3b0b785d5d59a737b5a01bcf0afa0588e49c58dfb161cc77,Mixed,6,870032915821708245,2.6512499999999997,0.06818990792172877,18,True,True,18,0.0,False,0.45,False
trained-constant-43-mixed-007,constant,43,120,4d44dd4d21f404db3b0b785d5d59a737b5a01bcf0afa0588e49c58dfb161cc77,Mixed,7,10608038251861993417,4.259999999999999,0.03220628539276901,25,True,True,25,0.0,False,0.61875,False
trained-constant-43-mixed-008,constant,43,120,4d44dd4d21f404db3b0b785d5d59a737b5a01bcf0afa0588e49c58dfb161cc77,Mixed,8,1365679735021404721,3.8199999999999994,0.09497709424083779,16,True,True,16,0.0,False,0.4,False
trained-constant-43-mixed-009,constant,43,120,4d44dd4d21f404db3b0b785d5d59a737b5a01bcf0afa0588e49c58dfb161cc77,Mixed,9,12330568117926843569,2.0599999999999996,0.020024271844660203,10,True,True,10,0.0,False,0.20625,False
trained-constant-43-mixed-010,constant,43,120,4d44dd4d21f404db3b0b785d5d59a737b5a01bcf0afa0588e49c58dfb161cc77,Mixed,10,7011956867508956787,2.1174999999999997,0.05910566706021254,14,True,True,14,0.0,False,0.3125,False
trained-constant-43-mixed-011,constant,43,120,4d44dd4d21f404db3b0b785d5d59a737b5a01bcf0afa0588e49c58dfb161cc77,Mixed,11,3980602467582472724,2.7224999999999997,0.053891184573002765,16,True,True,16,0.0,False,0.35625,False
trained-constant-43-mixed-012,constant,43,120,4d44dd4d21f404db3b0b785d5d59a737b5a01bcf0afa0588e49c58dfb161cc77,Mixed,12,8385780978697272031,2.16,0.1532118055555556,19,True,True,19,0.0,False,0.36875,False
trained-constant-43-mixed-013,constant,43,120,4d44dd4d21f404db3b0b785d5d59a737b5a01bcf0afa0588e49c58dfb161cc77,Mixed,13,8103525996822944336,2.5424999999999995,0.030420353982300863,15,True,True,15,0.0,False,0.325,False
trained-constant-43-mixed-014,constant,43,120,4d44dd4d21f404db3b0b785d5d59a737b5a01bcf0afa0588e49c58dfb161cc77,Mixed,14,10265857755965373744,2.9074999999999998,0.04046646603611352,16,True,True,16,0.0,False,0.33125,False
trained-constant-43-mixed-015,constant,43,120,4d44dd4d21f404db3b0b785d5d59a737b5a01bcf0afa0588e49c58dfb161cc77,Mixed,15,2006004390980435133,2.4949999999999997,0.039847552247351876,15,True,True,15,0.0,False,0.33125,False
trained-constant-43-mixed-016,constant,43,120,4d44dd4d21f404db3b0b785d5d59a737b5a01bcf0afa0588e49c58dfb161cc77,Mixed,16,8758433389195248858,2.1599999999999997,0.03906249999999998,11,True,True,11,0.0,False,0.225,False
trained-constant-43-mixed-017,constant,43,120,4d44dd4d21f404db3b0b785d5d59a737b5a01bcf0afa0588e49c58dfb161cc77,Mixed,17,4673287534394588972,3.5574999999999997,0.01040934645115955,21,True,True,21,0.0,False,0.5,False
trained-constant-43-mixed-018,constant,43,120,4d44dd4d21f404db3b0b785d5d59a737b5a01bcf0afa0588e49c58dfb161cc77,Mixed,18,16281553319873050889,2.8424999999999994,0.09779023746701852,20,True,True,20,0.0,False,0.44375,False
trained-constant-43-mixed-019,constant,43,120,4d44dd4d21f404db3b0b785d5d59a737b5a01bcf0afa0588e49c58dfb161cc77,Mixed,19,4759881995198814077,2.5175,0.03936632831835736,9,True,True,9,0.0,False,0.19375,False
trained-constant-43-mixed-020,constant,43,120,4d44dd4d21f404db3b0b785d5d59a737b5a01bcf0afa0588e49c58dfb161cc77,Mixed,20,14734836999580078107,2.425,0.039819587628865984,14,True,True,14,0.0,False,0.29375,False
trained-constant-43-mixed-021,constant,43,120,4d44dd4d21f404db3b0b785d5d59a737b5a01bcf0afa0588e49c58dfb161cc77,Mixed,21,4744515108082032497,2.36,0.04528601694915253,15,True,True,15,0.0,False,0.30625,False
trained-constant-43-mixed-022,constant,43,120,4d44dd4d21f404db3b0b785d5d59a737b5a01bcf0afa0588e49c58dfb161cc77,Mixed,22,13786067518765283339,2.97625,0.021392416979246646,17,True,True,17,0.0,False,0.35,False
trained-constant-43-mixed-023,constant,43,120,4d44dd4d21f404db3b0b785d5d59a737b5a01bcf0afa0588e49c58dfb161cc77,Mixed,23,11123468062399248306,2.1199999999999997,0.05685846817530453,11,True,True,11,0.0,False,0.25,False
trained-constant-43-mixed-024,constant,43,120,4d44dd4d21f404db3b0b785d5d59a737b5a01bcf0afa0588e49c58dfb161cc77,Mixed,24,13407349897566517957,3.4475,0.08117295141406818,18,True,True,18,0.0,False,0.425,False
trained-constant-43-mixed-025,constant,43,120,4d44dd4d21f404db3b0b785d5d59a737b5a01bcf0afa0588e49c58dfb161cc77,Mixed,25,17434421718923148887,1.9549999999999996,0.09494884910485936,12,True,True,12,0.0,False,0.24375,False
trained-constant-43-mixed-026,constant,43,120,4d44dd4d21f404db3b0b785d5d59a737b5a01bcf0afa0588e49c58dfb161cc77,Mixed,26,9518690782263039474,2.1274999999999995,0.02974441833137492,9,True,True,9,0.0,False,0.19375,False
trained-constant-43-mixed-027,constant,43,120,4d44dd4d21f404db3b0b785d5d59a737b5a01bcf0afa0588e49c58dfb161cc77,Mixed,27,55047887143394073,2.8049999999999997,0.07541322314049592,15,True,True,15,0.0,False,0.3125,False
trained-constant-43-mixed-028,constant,43,120,4d44dd4d21f404db3b0b785d5d59a737b5a01bcf0afa0588e49c58dfb161cc77,Mixed,28,17688584360605748613,2.05125,0.009523187702869031,14,True,True,14,0.0,False,0.30625,False
trained-constant-43-mixed-029,constant,43,120,4d44dd4d21f404db3b0b785d5d59a737b5a01bcf0afa0588e49c58dfb161cc77,Mixed,29,12918139279801929391,1.605,0.03563084112149533,10,True,True,10,0.0,False,0.1875,False
trained-constant-43-mixed-030,constant,43,120,4d44dd4d21f404db3b0b785d5d59a737b5a01bcf0afa0588e49c58dfb161cc77,Mixed,30,921193530252796272,2.34,0.048477564102564104,11,True,True,11,0.0,False,0.2625,False
trained-constant-43-mixed-031,constant,43,120,4d44dd4d21f404db3b0b785d5d59a737b5a01bcf0afa0588e49c58dfb161cc77,Mixed,31,14574299958929212986,2.6899999999999995,0.07597583643122688,15,True,True,15,0.0,False,0.35,False
trained-constant-43-mixed-032,constant,43,120,4d44dd4d21f404db3b0b785d5d59a737b5a01bcf0afa0588e49c58dfb161cc77,Mixed,32,16924291954908941540,1.8775,0.05118175765645805,8,True,True,8,0.0,False,0.1625,False
trained-constant-43-mixed-033,constant,43,120,4d44dd4d21f404db3b0b785d5d59a737b5a01bcf0afa0588e49c58dfb161cc77,Mixed,33,8890342965979797889,3.369999999999999,0.07010385756676565,16,True,True,16,0.0,False,0.3375,False
trained-constant-43-mixed-034,constant,43,120,4d44dd4d21f404db3b0b785d5d59a737b5a01bcf0afa0588e49c58dfb161cc77,Mixed,34,7244858005284578857,1.9525,0.0665012804097311,11,True,True,11,0.0,False,0.21875,False
trained-constant-43-mixed-035,constant,43,120,4d44dd4d21f404db3b0b785d5d59a737b5a01bcf0afa0588e49c58dfb161cc77,Mixed,35,14369033690878296042,2.21,0.05726809954751135,13,True,True,13,0.0,False,0.275,False
trained-constant-43-mixed-036,constant,43,120,4d44dd4d21f404db3b0b785d5d59a737b5a01bcf0afa0588e49c58dfb161cc77,Mixed,36,2392252336266780795,3.2712499999999993,0.04516720909701823,23,True,True,23,0.0,False,0.51875,False
trained-constant-43-mixed-037,constant,43,120,4d44dd4d21f404db3b0b785d5d59a737b5a01bcf0afa0588e49c58dfb161cc77,Mixed,37,2349104404244433530,2.23,0.0399383408071749,14,True,True,14,0.0,False,0.31875,False
trained-constant-43-mixed-038,constant,43,120,4d44dd4d21f404db3b0b785d5d59a737b5a01bcf0afa0588e49c58dfb161cc77,Mixed,38,8289208819974980453,2.5449999999999995,0.05083497053045192,12,True,True,12,0.0,False,0.21875,False
trained-constant-43-mixed-039,constant,43,120,4d44dd4d21f404db3b0b785d5d59a737b5a01bcf0afa0588e49c58dfb161cc77,Mixed,39,16838287250567630535,2.9499999999999997,0.03131584974805315,18,True,True,18,0.0,False,0.39375,False
trained-constant-43-mixed-040,constant,43,120,4d44dd4d21f404db3b0b785d5d59a737b5a01bcf0afa0588e49c58dfb161cc77,Mixed,40,1661124393280480539,2.4625,0.05044416243654823,13,True,True,13,0.0,False,0.28125,False
trained-constant-43-mixed-041,constant,43,120,4d44dd4d21f404db3b0b785d5d59a737b5a01bcf0afa0588e49c58dfb161cc77,Mixed,41,5527644512776061207,2.4999999999999996,0.08400000000000003,10,True,True,10,0.0,False,0.225,False
trained-constant-43-mixed-042,constant,43,120,4d44dd4d21f404db3b0b785d5d59a737b5a01bcf0afa0588e49c58dfb161cc77,Mixed,42,634489900255215913,1.6475,0.06572458270106225,10,True,True,10,0.0,False,0.2,False
trained-constant-43-mixed-043,constant,43,120,4d44dd4d21f404db3b0b785d5d59a737b5a01bcf0afa0588e49c58dfb161cc77,Mixed,43,13675734009812971636,2.1624999999999996,0.0588983461017231,13,True,True,13,0.0,False,0.2625,False
trained-constant-43-mixed-044,constant,43,120,4d44dd4d21f404db3b0b785d5d59a737b5a01bcf0afa0588e49c58dfb161cc77,Mixed,44,7516642004704250360,2.2075,0.02102208380520948,13,True,True,13,0.0,False,0.2875,False
trained-constant-43-mixed-045,constant,43,120,4d44dd4d21f404db3b0b785d5d59a737b5a01bcf0afa0588e49c58dfb161cc77,Mixed,45,5020393019023640907,2.8624999999999994,0.06468340611353715,12,True,True,12,0.0,False,0.2875,False
trained-constant-43-mixed-046,constant,43,120,4d44dd4d21f404db3b0b785d5d59a737b5a01bcf0afa0588e49c58dfb161cc77,Mixed,46,2787557580155313225,2.8225,0.09615810451727197,14,True,True,14,0.0,False,0.29375,False
trained-constant-43-mixed-047,constant,43,120,4d44dd4d21f404db3b0b785d5d59a737b5a01bcf0afa0588e49c58dfb161cc77,Mixed,47,5827975322504371272,2.29,0.05485807860262008,12,True,True,12,0.0,False,0.2875,False
trained-constant-43-mixed-048,constant,43,120,4d44dd4d21f404db3b0b785d5d59a737b5a01bcf0afa0588e49c58dfb161cc77,Mixed,48,962683167507388994,2.1625,0.0388005780346821,14,True,True,14,0.0,False,0.3375,False
trained-constant-43-mixed-049,constant,43,120,4d44dd4d21f404db3b0b785d5d59a737b5a01bcf0afa0588e49c58dfb161cc77,Mixed,49,9441689920132842159,2.1912499999999997,0.04169294519067583,10,True,True,10,0.0,False,0.2125,False
trained-constant-43-mixed-050,constant,43,120,4d44dd4d21f404db3b0b785d5d59a737b5a01bcf0afa0588e49c58dfb161cc77,Mixed,50,8467090866625312719,2.18125,0.05609703794280291,11,True,True,11,0.0,False,0.2375,False
trained-constant-43-mixed-051,constant,43,120,4d44dd4d21f404db3b0b785d5d59a737b5a01bcf0afa0588e49c58dfb161cc77,Mixed,51,16855707042402732943,2.2299999999999995,0.03153026905829602,10,True,True,10,0.0,False,0.19375,False
trained-constant-43-mixed-052,constant,43,120,4d44dd4d21f404db3b0b785d5d59a737b5a01bcf0afa0588e49c58dfb161cc77,Mixed,52,4505420685107989152,2.0174999999999996,0.07504646840148702,12,True,True,12,0.0,False,0.2625,False
trained-constant-43-mixed-053,constant,43,120,4d44dd4d21f404db3b0b785d5d59a737b5a01bcf0afa0588e49c58dfb161cc77,Mixed,53,9287750195651424232,2.065,0.048123486682808726,13,True,True,13,0.0,False,0.2875,False
trained-constant-43-mixed-054,constant,43,120,4d44dd4d21f404db3b0b785d5d59a737b5a01bcf0afa0588e49c58dfb161cc77,Mixed,54,12235988684984196573,1.9324999999999997,0.04535899094437259,11,True,True,11,0.0,False,0.24375,False
trained-constant-43-mixed-055,constant,43,120,4d44dd4d21f404db3b0b785d5d59a737b5a01bcf0afa0588e49c58dfb161cc77,Mixed,55,14075006112309688392,3.2324999999999995,0.10513341067285391,17,True,True,17,0.0,False,0.36875,False
trained-constant-43-mixed-056,constant,43,120,4d44dd4d21f404db3b0b785d5d59a737b5a01bcf0afa0588e49c58dfb161cc77,Mixed,56,5192387929606823656,2.2975,0.06345212187159957,10,True,True,10,0.0,False,0.1875,False
trained-constant-43-mixed-057,constant,43,120,4d44dd4d21f404db3b0b785d5d59a737b5a01bcf0afa0588e49c58dfb161cc77,Mixed,57,5956564804307011135,2.2375,0.034148044692737446,13,True,True,13,0.0,False,0.2875,False
trained-constant-43-mixed-058,constant,43,120,4d44dd4d21f404db3b0b785d5d59a737b5a01bcf0afa0588e49c58dfb161cc77,Mixed,58,1709531691815808657,1.9175,0.04473598435462845,8,True,True,8,0.0,False,0.175,False
trained-constant-43-mixed-059,constant,43,120,4d44dd4d21f404db3b0b785d5d59a737b5a01bcf0afa0588e49c58dfb161cc77,Mixed,59,6654085057162793799,1.9574999999999998,0.0931513409961686,9,True,True,9,0.0,False,0.19375,False
trained-constant-43-mixed-060,constant,43,120,4d44dd4d21f404db3b0b785d5d59a737b5a01bcf0afa0588e49c58dfb161cc77,Mixed,60,8608047086752603769,2.6725,0.04297240411599628,15,True,True,15,0.0,False,0.35,False
trained-constant-43-mixed-061,constant,43,120,4d44dd4d21f404db3b0b785d5d59a737b5a01bcf0afa0588e49c58dfb161cc77,Mixed,61,14595127795070502968,2.0287499999999996,0.046824379385049575,10,True,True,10,0.0,False,0.21875,False
trained-constant-43-mixed-062,constant,43,120,4d44dd4d21f404db3b0b785d5d59a737b5a01bcf0afa0588e49c58dfb161cc77,Mixed,62,9132073052005580854,1.9249999999999998,0.04237012987012987,11,True,True,11,0.0,False,0.2375,False
trained-constant-43-mixed-063,constant,43,120,4d44dd4d21f404db3b0b785d5d59a737b5a01bcf0afa0588e49c58dfb161cc77,Mixed,63,829794379201303564,2.3549999999999995,0.08972583771808368,13,True,True,13,0.0,False,0.275,False
trained-constant-43-proportional-000,constant,43,120,4d44dd4d21f404db3b0b785d5d59a737b5a01bcf0afa0588e49c58dfb161cc77,Proportional,0,2601071056837956219,1.7999999999999998,0.10625,6,True,True,6,0.0,False,0.0875,False
trained-constant-43-proportional-001,constant,43,120,4d44dd4d21f404db3b0b785d5d59a737b5a01bcf0afa0588e49c58dfb161cc77,Proportional,1,16872666943596843766,2.335,0.28426124197002134,20,True,True,20,0.0,False,0.16875,False
trained-constant-43-proportional-002,constant,43,120,4d44dd4d21f404db3b0b785d5d59a737b5a01bcf0afa0588e49c58dfb161cc77,Proportional,2,5343257555474630443,1.5274999999999999,0.10024549918166939,8,True,True,8,0.0,False,0.08125,False
trained-constant-43-proportional-003,constant,43,120,4d44dd4d21f404db3b0b785d5d59a737b5a01bcf0afa0588e49c58dfb161cc77,Proportional,3,12957169346412665522,1.8775,0.13748335552596536,11,True,True,11,0.0,False,0.16875,False
trained-constant-43-proportional-004,constant,43,120,4d44dd4d21f404db3b0b785d5d59a737b5a01bcf0afa0588e49c58dfb161cc77,Proportional,4,3661112212215424422,3.0124999999999997,0.3520746887966805,18,True,True,18,0.0,False,0.2125,False
trained-constant-43-proportional-005,constant,43,120,4d44dd4d21f404db3b0b785d5d59a737b5a01bcf0afa0588e49c58dfb161cc77,Proportional,5,15716033881870807735,1.565,0.0830670926517572,15,True,True,15,0.0,False,0.15,False
trained-constant-43-proportional-006,constant,43,120,4d44dd4d21f404db3b0b785d5d59a737b5a01bcf0afa0588e49c58dfb161cc77,Proportional,6,3294921005997003114,2.6849999999999996,0.4008379888268155,12,True,True,12,0.0,False,0.09375,False
trained-constant-43-proportional-007,constant,43,120,4d44dd4d21f404db3b0b785d5d59a737b5a01bcf0afa0588e49c58dfb161cc77,Proportional,7,1919663481966372657,2.13625,0.1541718591294103,7,True,True,7,0.0,False,0.1125,False
trained-constant-43-proportional-008,constant,43,120,4d44dd4d21f404db3b0b785d5d59a737b5a01bcf0afa0588e49c58dfb161cc77,Proportional,8,5412338686823564252,2.1599999999999997,0.17592592592592593,11,True,True,11,0.0,False,0.15625,False
trained-constant-43-proportional-009,constant,43,120,4d44dd4d21f404db3b0b785d5d59a737b5a01bcf0afa0588e49c58dfb161cc77,Proportional,9,16270784312273851140,2.4724999999999997,0.1064206268958544,9,True,True,9,0.0,False,0.19375,False
trained-constant-43-proportional-010,constant,43,120,4d44dd4d21f404db3b0b785d5d59a737b5a01bcf0afa0588e49c58dfb161cc77,Proportional,10,9238013625623901194,2.33,0.14055793991416307,9,True,True,9,0.0,False,0.1625,False
trained-constant-43-proportional-011,constant,43,120,4d44dd4d21f404db3b0b785d5d59a737b5a01bcf0afa0588e49c58dfb161cc77,Proportional,11,3609190676645032954,2.3674999999999997,0.1967628464460566,11,True,True,11,0.0,False,0.15625,False
trained-constant-43-proportional-012,constant,43,120,4d44dd4d21f404db3b0b785d5d59a737b5a01bcf0afa0588e49c58dfb161cc77,Proportional,12,2924461365336500171,3.1574999999999998,0.3678653397075478,9,True,True,9,0.0,False,0.14375,False
trained-constant-43-proportional-013,constant,43,120,4d44dd4d21f404db3b0b785d5d59a737b5a01bcf0afa0588e49c58dfb161cc77,Proportional,13,11818369220664040905,3.9499999999999993,0.49841772151898733,21,True,True,21,0.0,False,0.16875,False
trained-constant-43-proportional-014,constant,43,120,4d44dd4d21f404db3b0b785d5d59a737b5a01bcf0afa0588e49c58dfb161cc77,Proportional,14,15980878187916654276,2.7974999999999994,0.24817646064294857,10,True,True,10,0.0,False,0.1625,False
trained-constant-43-proportional-015,constant,43,120,4d44dd4d21f404db3b0b785d5d59a737b5a01bcf0afa0588e49c58dfb161cc77,Proportional,15,6566790401978242863,1.5425,0.12844408427876824,6,True,True,6,0.0,False,0.0625,False
trained-constant-43-proportional-016,constant,43,120,4d44dd4d21f404db3b0b785d5d59a737b5a01bcf0afa0588e49c58dfb161cc77,Proportional,16,1228001863880583942,4.559999999999999,0.4147478070175438,22,True,True,22,0.0,False,0.25,False
trained-constant-43-proportional-017,constant,43,120,4d44dd4d21f404db3b0b785d5d59a737b5a01bcf0afa0588e49c58dfb161cc77,Proportional,17,332331895156577766,2.7962499999999997,0.2484235627777268,9,True,True,9,0.0,False,0.13125,False
trained-constant-43-proportional-018,constant,43,120,4d44dd4d21f404db3b0b785d5d59a737b5a01bcf0afa0588e49c58dfb161cc77,Proportional,18,6490900995339893522,2.3449999999999998,0.21535181236673767,13,True,True,13,0.0,False,0.175,False
trained-constant-43-proportional-019,constant,43,120,4d44dd4d21f404db3b0b785d5d59a737b5a01bcf0afa0588e49c58dfb161cc77,Proportional,19,3187482143026269922,3.0899999999999994,0.24150485436893204,14,True,True,14,0.0,False,0.20625,False
trained-constant-43-proportional-020,constant,43,120,4d44dd4d21f404db3b0b785d5d59a737b5a01bcf0afa0588e49c58dfb161cc77,Proportional,20,2831524217410224348,1.9425,0.12709137709137708,6,True,True,6,0.0,False,0.10625,False
trained-constant-43-proportional-021,constant,43,120,4d44dd4d21f404db3b0b785d5d59a737b5a01bcf0afa0588e49c58dfb161cc77,Proportional,21,10040468656820964379,2.3449999999999998,0.2574626865671641,12,True,True,12,0.0,False,0.1375,False
trained-constant-43-proportional-022,constant,43,120,4d44dd4d21f404db3b0b785d5d59a737b5a01bcf0afa0588e49c58dfb161cc77,Proportional,22,9599881414600203299,2.7474999999999996,0.29322111010009094,11,True,True,11,0.0,False,0.16875,False
trained-constant-43-proportional-023,constant,43,120,4d44dd4d21f404db3b0b785d5d59a737b5a01bcf0afa0588e49c58dfb161cc77,Proportional,23,5348712769296342089,2.9224999999999994,0.18926432848588537,9,True,True,9,0.0,False,0.18125,False
trained-constant-43-proportional-024,constant,43,120,4d44dd4d21f404db3b0b785d5d59a737b5a01bcf0afa0588e49c58dfb161cc77,Proportional,24,15324275289484464847,2.8175,0.20529607893698779,11,True,True,11,0.0,False,0.19375,False
trained-constant-43-proportional-025,constant,43,120,4d44dd4d21f404db3b0b785d5d59a737b5a01bcf0afa0588e49c58dfb161cc77,Proportional,25,1307738701279009840,2.0637499999999998,0.13392614716263915,10,True,True,10,0.0,False,0.15625,False
trained-constant-43-proportional-026,constant,43,120,4d44dd4d21f404db3b0b785d5d59a737b5a01bcf0afa0588e49c58dfb161cc77,Proportional,26,9142142165003556126,2.8637499999999996,0.2773673787215388,9,True,True,9,0.0,False,0.1375,False
trained-constant-43-proportional-027,constant,43,120,4d44dd4d21f404db3b0b785d5d59a737b5a01bcf0afa0588e49c58dfb161cc77,Proportional,27,16979180614449338567,2.4475,0.23947461917662202,18,True,True,18,0.0,False,0.19375,False
trained-constant-43-proportional-028,constant,43,120,4d44dd4d21f404db3b0b785d5d59a737b5a01bcf0afa0588e49c58dfb161cc77,Proportional,28,16592193991413797247,2.6274999999999995,0.15057088487155093,15,True,True,15,0.0,False,0.19375,False
trained-constant-43-proportional-029,constant,43,120,4d44dd4d21f404db3b0b785d5d59a737b5a01bcf0afa0588e49c58dfb161cc77,Proportional,29,1779470574274995443,2.04,0.09926470588235287,6,True,True,6,0.0,False,0.11875,False
trained-constant-43-proportional-030,constant,43,120,4d44dd4d21f404db3b0b785d5d59a737b5a01bcf0afa0588e49c58dfb161cc77,Proportional,30,6777261078582367167,1.94,0.08586690212549318,10,True,True,10,0.0,False,0.15,False
trained-constant-43-proportional-031,constant,43,120,4d44dd4d21f404db3b0b785d5d59a737b5a01bcf0afa0588e49c58dfb161cc77,Proportional,31,2815459582329493680,1.8675,0.20180722891566263,12,True,True,12,0.0,False,0.1375,False
trained-constant-43-proportional-032,constant,43,120,4d44dd4d21f404db3b0b785d5d59a737b5a01bcf0afa0588e49c58dfb161cc77,Proportional,32,7505472596563857608,2.9875,0.2613403536218217,12,True,True,12,0.0,False,0.15625,False
trained-constant-43-proportional-033,constant,43,120,4d44dd4d21f404db3b0b785d5d59a737b5a01bcf0afa0588e49c58dfb161cc77,Proportional,33,7796659251989605336,2.4187499999999997,0.11767287059860203,12,True,True,12,0.0,False,0.1875,False
trained-constant-43-proportional-034,constant,43,120,4d44dd4d21f404db3b0b785d5d59a737b5a01bcf0afa0588e49c58dfb161cc77,Proportional,34,9029175046159559349,3.4012499999999997,0.2931449891686697,15,True,True,15,0.0,False,0.1875,False
trained-constant-43-proportional-035,constant,43,120,4d44dd4d21f404db3b0b785d5d59a737b5a01bcf0afa0588e49c58dfb161cc77,Proportional,35,15941516566644290389,2.6925,0.3066388115134633,13,True,True,13,0.0,False,0.13125,False
trained-constant-43-proportional-036,constant,43,120,4d44dd4d21f404db3b0b785d5d59a737b5a01bcf0afa0588e49c58dfb161cc77,Proportional,36,1618638343438659878,5.24625,0.4623597593315792,24,True,True,24,0.0,False,0.275,False
trained-constant-43-proportional-037,constant,43,120,4d44dd4d21f404db3b0b785d5d59a737b5a01bcf0afa0588e49c58dfb161cc77,Proportional,37,12810502560804271383,2.1774999999999998,0.20350172215843854,5,True,True,5,0.0,False,0.08125,False
trained-constant-43-proportional-038,constant,43,120,4d44dd4d21f404db3b0b785d5d59a737b5a01bcf0afa0588e49c58dfb161cc77,Proportional,38,7335008897158444205,1.8699999999999999,0.15106951871657753,12,True,True,12,0.0,False,0.175,False
trained-constant-43-proportional-039,constant,43,120,4d44dd4d21f404db3b0b785d5d59a737b5a01bcf0afa0588e49c58dfb161cc77,Proportional,39,2881904281616680544,2.1174999999999997,0.16263282172373084,9,True,True,9,0.0,False,0.15,False
trained-constant-43-proportional-040,constant,43,120,4d44dd4d21f404db3b0b785d5d59a737b5a01bcf0afa0588e49c58dfb161cc77,Proportional,40,3864227245135516378,3.7924999999999995,0.33602504943968353,18,True,True,18,0.0,False,0.25,False
trained-constant-43-proportional-041,constant,43,120,4d44dd4d21f404db3b0b785d5d59a737b5a01bcf0afa0588e49c58dfb161cc77,Proportional,41,2994022566461994114,1.7099999999999997,0.08991228070175436,7,True,True,7,0.0,False,0.08125,False
trained-constant-43-proportional-042,constant,43,120,4d44dd4d21f404db3b0b785d5d59a737b5a01bcf0afa0588e49c58dfb161cc77,Proportional,42,13592363461138625450,3.3400000000000003,0.30585393471967887,13,True,True,13,0.0,False,0.2,False
trained-constant-43-proportional-043,constant,43,120,4d44dd4d21f404db3b0b785d5d59a737b5a01bcf0afa0588e49c58dfb161cc77,Proportional,43,14574047726022833769,3.0037499999999997,0.30195373599093084,24,True,True,24,0.0,False,0.225,False
trained-constant-43-proportional-044,constant,43,120,4d44dd4d21f404db3b0b785d5d59a737b5a01bcf0afa0588e49c58dfb161cc77,Proportional,44,12081887493489919472,1.425,0.09210526315789472,7,True,True,7,0.0,False,0.0625,False
trained-constant-43-proportional-045,constant,43,120,4d44dd4d21f404db3b0b785d5d59a737b5a01bcf0afa0588e49c58dfb161cc77,Proportional,45,2794538989638171904,1.8524999999999998,0.19736842105263158,17,True,True,17,0.0,False,0.1625,False
trained-constant-43-proportional-046,constant,43,120,4d44dd4d21f404db3b0b785d5d59a737b5a01bcf0afa0588e49c58dfb161cc77,Proportional,46,7346327822184251903,4.093749999999999,0.43735723258285825,14,True,True,14,0.0,False,0.15625,False
trained-constant-43-proportional-047,constant,43,120,4d44dd4d21f404db3b0b785d5d59a737b5a01bcf0afa0588e49c58dfb161cc77,Proportional,47,16859617738164451958,1.76875,0.06256669907747768,5,True,True,5,0.0,False,0.09375,False
trained-constant-43-proportional-048,constant,43,120,4d44dd4d21f404db3b0b785d5d59a737b5a01bcf0afa0588e49c58dfb161cc77,Proportional,48,3224188980710012148,2.635,0.19971537001897527,12,True,True,12,0.0,False,0.20625,False
trained-constant-43-proportional-049,constant,43,120,4d44dd4d21f404db3b0b785d5d59a737b5a01bcf0afa0588e49c58dfb161cc77,Proportional,49,6781190737512711558,1.9074999999999998,0.17595019659239836,7,True,True,7,0.0,False,0.1,False
trained-constant-43-proportional-050,constant,43,120,4d44dd4d21f404db3b0b785d5d59a737b5a01bcf0afa0588e49c58dfb161cc77,Proportional,50,7578899701507677427,1.9725,0.17897713937004178,13,True,True,13,0.0,False,0.1375,False
trained-constant-43-proportional-051,constant,43,120,4d44dd4d21f404db3b0b785d5d59a737b5a01bcf0afa0588e49c58dfb161cc77,Proportional,51,10201169139141255010,2.6774999999999998,0.2658730158730158,10,True,True,10,0.0,False,0.1375,False
trained-constant-43-proportional-052,constant,43,120,4d44dd4d21f404db3b0b785d5d59a737b5a01bcf0afa0588e49c58dfb161cc77,Proportional,52,10618687616039801051,2.2124999999999995,0.18163841807909606,11,True,True,11,0.0,False,0.14375,False
trained-constant-43-proportional-053,constant,43,120,4d44dd4d21f404db3b0b785d5d59a737b5a01bcf0afa0588e49c58dfb161cc77,Proportional,53,12636799002287287757,2.5349999999999997,0.3500986193293885,18,True,True,18,0.0,False,0.14375,False
trained-constant-43-proportional-054,constant,43,120,4d44dd4d21f404db3b0b785d5d59a737b5a01bcf0afa0588e49c58dfb161cc77,Proportional,54,7522693802800687109,2.01875,0.08188643878604071,8,True,True,8,0.0,False,0.15,False
trained-constant-43-proportional-055,constant,43,120,4d44dd4d21f404db3b0b785d5d59a737b5a01bcf0afa0588e49c58dfb161cc77,Proportional,55,16917663179913264956,5.369999999999999,0.3258549732601868,19,True,True,19,0.0,False,0.275,False
trained-constant-43-proportional-056,constant,43,120,4d44dd4d21f404db3b0b785d5d59a737b5a01bcf0afa0588e49c58dfb161cc77,Proportional,56,14875965347134157020,2.1724999999999994,0.2465477560414269,11,True,True,11,0.0,False,0.1625,False
trained-constant-43-proportional-057,constant,43,120,4d44dd4d21f404db3b0b785d5d59a737b5a01bcf0afa0588e49c58dfb161cc77,Proportional,57,4469185495095895948,2.0199999999999996,0.14789603960396042,9,True,True,8,0.0,False,0.125,False
trained-constant-43-proportional-058,constant,43,120,4d44dd4d21f404db3b0b785d5d59a737b5a01bcf0afa0588e49c58dfb161cc77,Proportional,58,17642208533316673990,1.7474999999999998,0.13197424892703855,5,True,True,5,0.0,False,0.075,False
trained-constant-43-proportional-059,constant,43,120,4d44dd4d21f404db3b0b785d5d59a737b5a01bcf0afa0588e49c58dfb161cc77,Proportional,59,14262815240207694490,2.0549999999999997,0.09975669099756687,8,True,True,8,0.0,False,0.125,False
trained-constant-43-proportional-060,constant,43,120,4d44dd4d21f404db3b0b785d5d59a737b5a01bcf0afa0588e49c58dfb161cc77,Proportional,60,5088802302366844148,3.69,0.3187577821724163,22,True,True,22,0.0,False,0.275,False
trained-constant-43-proportional-061,constant,43,120,4d44dd4d21f404db3b0b785d5d59a737b5a01bcf0afa0588e49c58dfb161cc77,Proportional,61,12138519444209812902,2.05375,0.15783590954352109,6,True,True,6,0.0,False,0.08125,False
trained-constant-43-proportional-062,constant,43,120,4d44dd4d21f404db3b0b785d5d59a737b5a01bcf0afa0588e49c58dfb161cc77,Proportional,62,1627442614007584516,1.62,0.1419753086419753,19,True,True,19,0.0,False,0.15,False
trained-constant-43-proportional-063,constant,43,120,4d44dd4d21f404db3b0b785d5d59a737b5a01bcf0afa0588e49c58dfb161cc77,Proportional,63,10681598205072409075,2.8049999999999997,0.3622994652406416,7,True,True,7,0.0,False,0.09375,False
trained-feedforward-17-equal-000,feedforward,17,109,be65c3cf7720e5805db3f1eeb285d832d662e8b54d5684fc51e051e9ce4032a2,Equal,0,12367940627695424333,1.695,0.1567109144542773,8,True,True,8,0.0,False,0.175,False
trained-feedforward-17-equal-001,feedforward,17,109,be65c3cf7720e5805db3f1eeb285d832d662e8b54d5684fc51e051e9ce4032a2,Equal,1,13804156644969135799,1.7799999999999998,0.1316713483146067,9,True,True,9,0.0,False,0.2,False
trained-feedforward-17-equal-002,feedforward,17,109,be65c3cf7720e5805db3f1eeb285d832d662e8b54d5684fc51e051e9ce4032a2,Equal,2,5131699198166478003,2.0749999999999997,0.21686746987951808,15,True,True,15,0.0,False,0.35,False
trained-feedforward-17-equal-003,feedforward,17,109,be65c3cf7720e5805db3f1eeb285d832d662e8b54d5684fc51e051e9ce4032a2,Equal,3,4629278007648767913,1.8049999999999997,0.1800554016620499,10,True,True,10,0.0,False,0.225,False
trained-feedforward-17-equal-004,feedforward,17,109,be65c3cf7720e5805db3f1eeb285d832d662e8b54d5684fc51e051e9ce4032a2,Equal,4,3389533178498420029,1.675,0.20895522388059704,9,True,True,9,0.0,False,0.2,False
trained-feedforward-17-equal-005,feedforward,17,109,be65c3cf7720e5805db3f1eeb285d832d662e8b54d5684fc51e051e9ce4032a2,Equal,5,17643484200131869411,1.7674999999999996,0.09812588401697314,10,True,True,10,0.0,False,0.225,False
trained-feedforward-17-equal-006,feedforward,17,109,be65c3cf7720e5805db3f1eeb285d832d662e8b54d5684fc51e051e9ce4032a2,Equal,6,9374562879820445710,2.4625,0.13515228426395942,17,True,True,17,0.0,False,0.4,False
trained-feedforward-17-equal-007,feedforward,17,109,be65c3cf7720e5805db3f1eeb285d832d662e8b54d5684fc51e051e9ce4032a2,Equal,7,2450226775911224711,2.3649999999999998,0.23123678646934462,19,True,True,19,0.0,False,0.45,False
trained-feedforward-17-equal-008,feedforward,17,109,be65c3cf7720e5805db3f1eeb285d832d662e8b54d5684fc51e051e9ce4032a2,Equal,8,17001468070801306260,2.01,0.12748756218905472,14,True,True,14,0.0,False,0.325,False
trained-feedforward-17-equal-009,feedforward,17,109,be65c3cf7720e5805db3f1eeb285d832d662e8b54d5684fc51e051e9ce4032a2,Equal,9,1584271430258627586,1.7525,0.25588445078459343,9,True,True,9,0.0,False,0.2,False
trained-feedforward-17-equal-010,feedforward,17,109,be65c3cf7720e5805db3f1eeb285d832d662e8b54d5684fc51e051e9ce4032a2,Equal,10,11651282233995679090,1.73,0.17521676300578037,9,True,True,9,0.0,False,0.2,False
trained-feedforward-17-equal-011,feedforward,17,109,be65c3cf7720e5805db3f1eeb285d832d662e8b54d5684fc51e051e9ce4032a2,Equal,11,8149774770301709099,1.7449999999999999,0.1737106017191977,12,True,True,12,0.0,False,0.275,False
trained-feedforward-17-equal-012,feedforward,17,109,be65c3cf7720e5805db3f1eeb285d832d662e8b54d5684fc51e051e9ce4032a2,Equal,12,18241725116847818724,1.6874999999999998,0.13981481481481484,10,True,True,10,0.0,False,0.225,False
trained-feedforward-17-equal-013,feedforward,17,109,be65c3cf7720e5805db3f1eeb285d832d662e8b54d5684fc51e051e9ce4032a2,Equal,13,14027764753110518801,2.0225,0.12438195302843018,16,True,True,16,0.0,False,0.375,False
trained-feedforward-17-equal-014,feedforward,17,109,be65c3cf7720e5805db3f1eeb285d832d662e8b54d5684fc51e051e9ce4032a2,Equal,14,14781478896870676902,2.0025,0.08504993757802745,11,True,True,11,0.0,False,0.25,False
trained-feedforward-17-equal-015,feedforward,17,109,be65c3cf7720e5805db3f1eeb285d832d662e8b54d5684fc51e051e9ce4032a2,Equal,15,8835344851397706235,2.44,0.17674180327868855,10,True,True,10,0.0,False,0.225,False
trained-feedforward-17-equal-016,feedforward,17,109,be65c3cf7720e5805db3f1eeb285d832d662e8b54d5684fc51e051e9ce4032a2,Equal,16,16639019431773998210,1.3824999999999998,0.15935804701627485,5,True,True,5,0.0,False,0.1,False
trained-feedforward-17-equal-017,feedforward,17,109,be65c3cf7720e5805db3f1eeb285d832d662e8b54d5684fc51e051e9ce4032a2,Equal,17,9888611621065915483,2.195,0.10392938496583143,15,True,True,15,0.0,False,0.35,False
trained-feedforward-17-equal-018,feedforward,17,109,be65c3cf7720e5805db3f1eeb285d832d662e8b54d5684fc51e051e9ce4032a2,Equal,18,16461063425699723445,2.2274999999999996,0.1564253647586981,16,True,True,16,0.0,False,0.375,False
trained-feedforward-17-equal-019,feedforward,17,109,be65c3cf7720e5805db3f1eeb285d832d662e8b54d5684fc51e051e9ce4032a2,Equal,19,7560340725006427613,1.9149999999999998,0.2088772845953003,12,True,True,12,0.0,False,0.275,False
trained-feedforward-17-equal-020,feedforward,17,109,be65c3cf7720e5805db3f1eeb285d832d662e8b54d5684fc51e051e9ce4032a2,Equal,20,17377109463471985079,1.555,0.0803858520900322,10,True,True,10,0.0,False,0.225,False
trained-feedforward-17-equal-021,feedforward,17,109,be65c3cf7720e5805db3f1eeb285d832d662e8b54d5684fc51e051e9ce4032a2,Equal,21,11273093380887096070,1.6949999999999998,0.055309734513274374,11,True,True,11,0.0,False,0.25,False
trained-feedforward-17-equal-022,feedforward,17,109,be65c3cf7720e5805db3f1eeb285d832d662e8b54d5684fc51e051e9ce4032a2,Equal,22,14888121348924752590,1.8999999999999997,0.07565789473684212,14,True,True,14,0.0,False,0.325,False
trained-feedforward-17-equal-023,feedforward,17,109,be65c3cf7720e5805db3f1eeb285d832d662e8b54d5684fc51e051e9ce4032a2,Equal,23,13715382999003589771,2.0949999999999998,0.18198090692124105,12,True,True,12,0.0,False,0.275,False
trained-feedforward-17-equal-024,feedforward,17,109,be65c3cf7720e5805db3f1eeb285d832d662e8b54d5684fc51e051e9ce4032a2,Equal,24,5238796338638581482,2.7125,0.17453917050691248,21,True,True,21,0.0,False,0.5,False
trained-feedforward-17-equal-025,feedforward,17,109,be65c3cf7720e5805db3f1eeb285d832d662e8b54d5684fc51e051e9ce4032a2,Equal,25,4989339323062036654,1.9424999999999997,0.16489703989703994,16,True,True,16,0.0,False,0.375,False
trained-feedforward-17-equal-026,feedforward,17,109,be65c3cf7720e5805db3f1eeb285d832d662e8b54d5684fc51e051e9ce4032a2,Equal,26,7905653152884913781,1.75,0.08035714285714286,10,True,True,10,0.0,False,0.225,False
trained-feedforward-17-equal-027,feedforward,17,109,be65c3cf7720e5805db3f1eeb285d832d662e8b54d5684fc51e051e9ce4032a2,Equal,27,4008520351404325641,1.7549999999999997,0.044515669515669515,13,True,True,13,0.0,False,0.3,False
trained-feedforward-17-equal-028,feedforward,17,109,be65c3cf7720e5805db3f1eeb285d832d662e8b54d5684fc51e051e9ce4032a2,Equal,28,3387233215427767376,1.5474999999999999,0.16457996768982225,5,True,True,5,0.0,False,0.1,False
trained-feedforward-17-equal-029,feedforward,17,109,be65c3cf7720e5805db3f1eeb285d832d662e8b54d5684fc51e051e9ce4032a2,Equal,29,5536298416054179425,1.7449999999999999,0.1593839541547278,14,True,True,14,0.0,False,0.325,False
trained-feedforward-17-equal-030,feedforward,17,109,be65c3cf7720e5805db3f1eeb285d832d662e8b54d5684fc51e051e9ce4032a2,Equal,30,2952560338971800668,1.9224999999999999,0.03332249674902472,14,True,True,14,0.0,False,0.325,False
trained-feedforward-17-equal-031,feedforward,17,109,be65c3cf7720e5805db3f1eeb285d832d662e8b54d5684fc51e051e9ce4032a2,Equal,31,13386193155606591893,1.8299999999999998,0.1297814207650273,10,True,True,10,0.0,False,0.225,False
trained-feedforward-17-equal-032,feedforward,17,109,be65c3cf7720e5805db3f1eeb285d832d662e8b54d5684fc51e051e9ce4032a2,Equal,32,11501543345597411167,2.8887499999999995,0.24826914755517096,15,True,True,15,0.0,False,0.35,False
trained-feedforward-17-equal-033,feedforward,17,109,be65c3cf7720e5805db3f1eeb285d832d662e8b54d5684fc51e051e9ce4032a2,Equal,33,9880625483144932752,2.02,0.047957920792079216,16,True,True,16,0.0,False,0.375,False
trained-feedforward-17-equal-034,feedforward,17,109,be65c3cf7720e5805db3f1eeb285d832d662e8b54d5684fc51e051e9ce4032a2,Equal,34,15018148665663177216,1.6125,0.1443798449612403,8,True,True,8,0.0,False,0.175,False
trained-feedforward-17-equal-035,feedforward,17,109,be65c3cf7720e5805db3f1eeb285d832d662e8b54d5684fc51e051e9ce4032a2,Equal,35,12107473572130538528,1.8499999999999996,0.18918918918918917,11,True,True,11,0.0,False,0.25,False
trained-feedforward-17-equal-036,feedforward,17,109,be65c3cf7720e5805db3f1eeb285d832d662e8b54d5684fc51e051e9ce4032a2,Equal,36,3729994026260876009,1.7525,0.09539942938659059,13,True,True,13,0.0,False,0.3,False
trained-feedforward-17-equal-037,feedforward,17,109,be65c3cf7720e5805db3f1eeb285d832d662e8b54d5684fc51e051e9ce4032a2,Equal,37,10663353491080938927,1.565,0.07587859424920126,11,True,True,11,0.0,False,0.25,False
trained-feedforward-17-equal-038,feedforward,17,109,be65c3cf7720e5805db3f1eeb285d832d662e8b54d5684fc51e051e9ce4032a2,Equal,38,15652388522432719250,1.6124999999999998,0.047480620155038795,12,True,True,12,0.0,False,0.275,False
trained-feedforward-17-equal-039,feedforward,17,109,be65c3cf7720e5805db3f1eeb285d832d662e8b54d5684fc51e051e9ce4032a2,Equal,39,2516482692764964040,1.8125,0.1060344827586207,13,True,True,13,0.0,False,0.3,False
trained-feedforward-17-equal-040,feedforward,17,109,be65c3cf7720e5805db3f1eeb285d832d662e8b54d5684fc51e051e9ce4032a2,Equal,40,11104313890012878159,2.3125,0.11959459459459461,12,True,True,12,0.0,False,0.3,False
trained-feedforward-17-equal-041,feedforward,17,109,be65c3cf7720e5805db3f1eeb285d832d662e8b54d5684fc51e051e9ce4032a2,Equal,41,2219642848571586974,1.575,0.19047619047619052,9,True,True,9,0.0,False,0.2,False
trained-feedforward-17-equal-042,feedforward,17,109,be65c3cf7720e5805db3f1eeb285d832d662e8b54d5684fc51e051e9ce4032a2,Equal,42,5658386232533699509,2.175,0.15517241379310348,13,True,True,13,0.0,False,0.3,False
trained-feedforward-17-equal-043,feedforward,17,109,be65c3cf7720e5805db3f1eeb285d832d662e8b54d5684fc51e051e9ce4032a2,Equal,43,3431268045127360455,2.1824999999999997,0.234106529209622,13,True,True,13,0.0,False,0.3,False
trained-feedforward-17-equal-044,feedforward,17,109,be65c3cf7720e5805db3f1eeb285d832d662e8b54d5684fc51e051e9ce4032a2,Equal,44,18012763675411333853,2.46,0.049542682926829264,19,True,True,19,0.0,False,0.45,False
trained-feedforward-17-equal-045,feedforward,17,109,be65c3cf7720e5805db3f1eeb285d832d662e8b54d5684fc51e051e9ce4032a2,Equal,45,7303448806600057976,2.4074999999999998,0.2200155763239875,11,True,True,11,0.0,False,0.25,False
trained-feedforward-17-equal-046,feedforward,17,109,be65c3cf7720e5805db3f1eeb285d832d662e8b54d5684fc51e051e9ce4032a2,Equal,46,1943767105030684805,1.7524999999999997,0.11323109843081314,11,True,True,11,0.0,False,0.25,False
trained-feedforward-17-equal-047,feedforward,17,109,be65c3cf7720e5805db3f1eeb285d832d662e8b54d5684fc51e051e9ce4032a2,Equal,47,8889873336407619655,2.0825,0.17331932773109246,17,True,True,17,0.0,False,0.4,False
trained-feedforward-17-equal-048,feedforward,17,109,be65c3cf7720e5805db3f1eeb285d832d662e8b54d5684fc51e051e9ce4032a2,Equal,48,9975658463980204856,2.7874999999999996,0.15302690582959647,15,True,True,15,0.0,False,0.35,False
trained-feedforward-17-equal-049,feedforward,17,109,be65c3cf7720e5805db3f1eeb285d832d662e8b54d5684fc51e051e9ce4032a2,Equal,49,18706760020608096,1.8599999999999999,0.1394489247311828,18,True,True,18,0.0,False,0.425,False
trained-feedforward-17-equal-050,feedforward,17,109,be65c3cf7720e5805db3f1eeb285d832d662e8b54d5684fc51e051e9ce4032a2,Equal,50,6767045470544022692,2.4074999999999998,0.1330477673935618,18,True,True,18,0.0,False,0.425,False
trained-feedforward-17-equal-051,feedforward,17,109,be65c3cf7720e5805db3f1eeb285d832d662e8b54d5684fc51e051e9ce4032a2,Equal,51,2461494348185002303,1.925,0.05844155844155843,11,True,True,11,0.0,False,0.25,False
trained-feedforward-17-equal-052,feedforward,17,109,be65c3cf7720e5805db3f1eeb285d832d662e8b54d5684fc51e051e9ce4032a2,Equal,52,5304760067932683784,1.7399999999999998,0.09159482758620686,12,True,True,12,0.0,False,0.275,False
trained-feedforward-17-equal-053,feedforward,17,109,be65c3cf7720e5805db3f1eeb285d832d662e8b54d5684fc51e051e9ce4032a2,Equal,53,9384948908757449732,1.69,0.1812130177514793,9,True,True,9,0.0,False,0.2,False
trained-feedforward-17-equal-054,feedforward,17,109,be65c3cf7720e5805db3f1eeb285d832d662e8b54d5684fc51e051e9ce4032a2,Equal,54,2924671471172281730,2.1275,0.1079612220916569,12,True,True,12,0.0,False,0.275,False
trained-feedforward-17-equal-055,feedforward,17,109,be65c3cf7720e5805db3f1eeb285d832d662e8b54d5684fc51e051e9ce4032a2,Equal,55,3372857764948690890,2.0275,0.14873612823674476,17,True,True,17,0.0,False,0.4,False
trained-feedforward-17-equal-056,feedforward,17,109,be65c3cf7720e5805db3f1eeb285d832d662e8b54d5684fc51e051e9ce4032a2,Equal,56,11851030900671292202,1.8199999999999998,0.09271978021978021,13,True,True,13,0.0,False,0.3,False
trained-feedforward-17-equal-057,feedforward,17,109,be65c3cf7720e5805db3f1eeb285d832d662e8b54d5684fc51e051e9ce4032a2,Equal,57,13483511112958928382,2.03,0.19242610837438423,9,True,True,9,0.0,False,0.2,False
trained-feedforward-17-equal-058,feedforward,17,109,be65c3cf7720e5805db3f1eeb285d832d662e8b54d5684fc51e051e9ce4032a2,Equal,58,15283209976151192634,1.6675,0.11338080959520243,11,True,True,11,0.0,False,0.25,False
trained-feedforward-17-equal-059,feedforward,17,109,be65c3cf7720e5805db3f1eeb285d832d662e8b54d5684fc51e051e9ce4032a2,Equal,59,12177707285590963584,2.2849999999999997,0.051969365426695835,16,True,True,16,0.0,False,0.375,False
trained-feedforward-17-equal-060,feedforward,17,109,be65c3cf7720e5805db3f1eeb285d832d662e8b54d5684fc51e051e9ce4032a2,Equal,60,2395950203920876742,2.8687499999999995,0.12472766884531591,15,True,True,15,0.0,False,0.35,False
trained-feedforward-17-equal-061,feedforward,17,109,be65c3cf7720e5805db3f1eeb285d832d662e8b54d5684fc51e051e9ce4032a2,Equal,61,14805793082822936298,1.8999999999999997,0.08552631578947369,11,True,True,11,0.0,False,0.25,False
trained-feedforward-17-equal-062,feedforward,17,109,be65c3cf7720e5805db3f1eeb285d832d662e8b54d5684fc51e051e9ce4032a2,Equal,62,18060078242521616979,2.3,0.15081521739130435,14,True,True,14,0.0,False,0.325,False
trained-feedforward-17-equal-063,feedforward,17,109,be65c3cf7720e5805db3f1eeb285d832d662e8b54d5684fc51e051e9ce4032a2,Equal,63,2760860589529872123,2.13,0.13644366197183097,15,True,True,15,0.0,False,0.35,False
trained-feedforward-17-interpolating-000,feedforward,17,109,be65c3cf7720e5805db3f1eeb285d832d662e8b54d5684fc51e051e9ce4032a2,Interpolating,0,16135848526085384830,2.17,0.1998845785314321,18,True,True,18,0.0,False,0.25,True
trained-feedforward-17-interpolating-001,feedforward,17,109,be65c3cf7720e5805db3f1eeb285d832d662e8b54d5684fc51e051e9ce4032a2,Interpolating,1,14280815131054581628,1.7874999999999999,0.16818180908597818,12,True,True,12,0.0,False,0.1875,True
trained-feedforward-17-interpolating-002,feedforward,17,109,be65c3cf7720e5805db3f1eeb285d832d662e8b54d5684fc51e051e9ce4032a2,Interpolating,2,15283457301578775402,2.26,0.17145057317323867,20,True,True,20,0.0,False,0.24375,True
trained-feedforward-17-interpolating-003,feedforward,17,109,be65c3cf7720e5805db3f1eeb285d832d662e8b54d5684fc51e051e9ce4032a2,Interpolating,3,17045546827792275304,4.4575,0.44269892292332197,24,True,True,24,0.0,False,0.33125,True
trained-feedforward-17-interpolating-004,feedforward,17,109,be65c3cf7720e5805db3f1eeb285d832d662e8b54d5684fc51e051e9ce4032a2,Interpolating,4,4720064602895370810,2.6499999999999995,0.28626489792720666,17,True,True,17,0.0,False,0.23125,True
trained-feedforward-17-interpolating-005,feedforward,17,109,be65c3cf7720e5805db3f1eeb285d832d662e8b54d5684fc51e051e9ce4032a2,Interpolating,5,6829612815283927757,1.795,0.18105849582163913,11,True,True,11,0.0,False,0.14375,True
trained-feedforward-17-interpolating-006,feedforward,17,109,be65c3cf7720e5805db3f1eeb285d832d662e8b54d5684fc51e051e9ce4032a2,Interpolating,6,11413415624728123155,3.622499999999999,0.237546589736663,20,True,True,20,0.0,False,0.35625,True
trained-feedforward-17-interpolating-007,feedforward,17,109,be65c3cf7720e5805db3f1eeb285d832d662e8b54d5684fc51e051e9ce4032a2,Interpolating,7,10966387363701406447,1.515,0.06435643564126148,7,True,True,7,0.0,False,0.125,True
trained-feedforward-17-interpolating-008,feedforward,17,109,be65c3cf7720e5805db3f1eeb285d832d662e8b54d5684fc51e051e9ce4032a2,Interpolating,8,7094987898542475400,1.5025,0.08444259564111001,11,True,True,11,0.0,False,0.1125,True
trained-feedforward-17-interpolating-009,feedforward,17,109,be65c3cf7720e5805db3f1eeb285d832d662e8b54d5684fc51e051e9ce4032a2,Interpolating,9,9212718945760313678,1.8025,0.16400832176857444,10,True,True,10,0.0,False,0.13125,True
trained-feedforward-17-interpolating-010,feedforward,17,109,be65c3cf7720e5805db3f1eeb285d832d662e8b54d5684fc51e051e9ce4032a2,Interpolating,10,6077543570224060333,3.917499999999999,0.2527846405601419,13,True,True,13,0.0,False,0.2375,True
trained-feedforward-17-interpolating-011,feedforward,17,109,be65c3cf7720e5805db3f1eeb285d832d662e8b54d5684fc51e051e9ce4032a2,Interpolating,11,1553015508039647657,8.087499999999999,0.2789147396234777,40,False,False,,14.0,True,0.63125,True
trained-feedforward-17-interpolating-012,feedforward,17,109,be65c3cf7720e5805db3f1eeb285d832d662e8b54d5684fc51e051e9ce4032a2,Interpolating,12,16543913530922190571,7.184999999999999,0.3116521237548719,30,True,True,30,0.0,False,0.5375,True
trained-feedforward-17-interpolating-013,feedforward,17,109,be65c3cf7720e5805db3f1eeb285d832d662e8b54d5684fc51e051e9ce4032a2,Interpolating,13,16178272335319723052,2.9574999999999996,0.34636505736296236,19,True,True,19,0.0,False,0.225,True
trained-feedforward-17-interpolating-014,feedforward,17,109,be65c3cf7720e5805db3f1eeb285d832d662e8b54d5684fc51e051e9ce4032a2,Interpolating,14,4290907380467810174,4.8725,0.4978092962796055,26,True,True,26,0.0,False,0.3125,True
trained-feedforward-17-interpolating-015,feedforward,17,109,be65c3cf7720e5805db3f1eeb285d832d662e8b54d5684fc51e051e9ce4032a2,Interpolating,15,12953880351848180761,2.0824999999999996,0.1245369691948915,16,True,True,16,0.0,False,0.20625,True
trained-feedforward-17-interpolating-016,feedforward,17,109,be65c3cf7720e5805db3f1eeb285d832d662e8b54d5684fc51e051e9ce4032a2,Interpolating,16,7888659923781753396,2.2699999999999996,0.2031936523756388,11,True,True,11,0.0,False,0.19375,True
trained-feedforward-17-interpolating-017,feedforward,17,109,be65c3cf7720e5805db3f1eeb285d832d662e8b54d5684fc51e051e9ce4032a2,Interpolating,17,2307300799528432447,2.6749999999999994,0.2136694800912572,10,True,True,10,0.0,False,0.19375,True
trained-feedforward-17-interpolating-018,feedforward,17,109,be65c3cf7720e5805db3f1eeb285d832d662e8b54d5684fc51e051e9ce4032a2,Interpolating,18,2839810007058851757,9.983749999999997,0.25437005426861736,40,False,False,,95.19999999999999,True,0.61875,True
trained-feedforward-17-interpolating-019,feedforward,17,109,be65c3cf7720e5805db3f1eeb285d832d662e8b54d5684fc51e051e9ce4032a2,Interpolating,19,1886599614579382030,2.8124999999999996,0.16067322044976642,19,True,True,19,0.0,False,0.29375,True
trained-feedforward-17-interpolating-020,feedforward,17,109,be65c3cf7720e5805db3f1eeb285d832d662e8b54d5684fc51e051e9ce4032a2,Interpolating,20,15311344586217713372,2.0625,0.18757574042567526,10,True,True,10,0.0,False,0.1375,True
trained-feedforward-17-interpolating-021,feedforward,17,109,be65c3cf7720e5805db3f1eeb285d832d662e8b54d5684fc51e051e9ce4032a2,Interpolating,21,708058714500163750,4.407499999999999,0.4266820904875122,27,True,True,27,0.0,False,0.3125,True
trained-feedforward-17-interpolating-022,feedforward,17,109,be65c3cf7720e5805db3f1eeb285d832d662e8b54d5684fc51e051e9ce4032a2,Interpolating,22,18440920473478017988,6.9674999999999985,0.47230475224482815,40,False,False,,30.799999999999997,True,0.34375,True
trained-feedforward-17-interpolating-023,feedforward,17,109,be65c3cf7720e5805db3f1eeb285d832d662e8b54d5684fc51e051e9ce4032a2,Interpolating,23,12209876570016832877,2.1599999999999997,0.28067085504949757,10,True,True,10,0.0,False,0.15,True
trained-feedforward-17-interpolating-024,feedforward,17,109,be65c3cf7720e5805db3f1eeb285d832d662e8b54d5684fc51e051e9ce4032a2,Interpolating,24,13394553897735016709,8.409999999999998,0.1873185827572505,40,False,False,,2.8,True,0.675,True
trained-feedforward-17-interpolating-025,feedforward,17,109,be65c3cf7720e5805db3f1eeb285d832d662e8b54d5684fc51e051e9ce4032a2,Interpolating,25,10589590586098626028,2.8324999999999996,0.1646118834894282,15,True,True,15,0.0,False,0.19375,True
trained-feedforward-17-interpolating-026,feedforward,17,109,be65c3cf7720e5805db3f1eeb285d832d662e8b54d5684fc51e051e9ce4032a2,Interpolating,26,10802750832159358499,1.6475,0.11646433951233212,7,True,True,7,0.0,False,0.10625,True
trained-feedforward-17-interpolating-027,feedforward,17,109,be65c3cf7720e5805db3f1eeb285d832d662e8b54d5684fc51e051e9ce4032a2,Interpolating,27,11814621941123664252,6.033749999999999,0.14625718873517168,30,True,True,30,0.0,False,0.45,True
trained-feedforward-17-interpolating-028,feedforward,17,109,be65c3cf7720e5805db3f1eeb285d832d662e8b54d5684fc51e051e9ce4032a2,Interpolating,28,14822437470471892370,6.073749999999999,0.18714197471984786,28,True,True,28,0.0,False,0.43125,True
trained-feedforward-17-interpolating-029,feedforward,17,109,be65c3cf7720e5805db3f1eeb285d832d662e8b54d5684fc51e051e9ce4032a2,Interpolating,29,1633044329619721481,9.066249999999998,0.12606762477831074,40,False,False,,75.6,True,0.56875,True
trained-feedforward-17-interpolating-030,feedforward,17,109,be65c3cf7720e5805db3f1eeb285d832d662e8b54d5684fc51e051e9ce4032a2,Interpolating,30,3094420218511886037,2.5824999999999996,0.16189880513234894,10,True,True,10,0.0,False,0.2,True
trained-feedforward-17-interpolating-031,feedforward,17,109,be65c3cf7720e5805db3f1eeb285d832d662e8b54d5684fc51e051e9ce4032a2,Interpolating,31,13868627670216352900,1.5474999999999999,0.11268173263141945,9,True,True,9,0.0,False,0.125,True
trained-feedforward-17-interpolating-032,feedforward,17,109,be65c3cf7720e5805db3f1eeb285d832d662e8b54d5684fc51e051e9ce4032a2,Interpolating,32,2380326509709856769,2.105,0.13064017218121396,22,True,True,22,0.0,False,0.25,True
trained-feedforward-17-interpolating-033,feedforward,17,109,be65c3cf7720e5805db3f1eeb285d832d662e8b54d5684fc51e051e9ce4032a2,Interpolating,33,14440079919485233472,2.8175,0.3169413990812814,10,True,True,10,0.0,False,0.1875,True
trained-feedforward-17-interpolating-034,feedforward,17,109,be65c3cf7720e5805db3f1eeb285d832d662e8b54d5684fc51e051e9ce4032a2,Interpolating,34,12837205378444106369,7.213749999999999,0.10210165708754507,29,True,True,29,0.0,False,0.56875,True
trained-feedforward-17-interpolating-035,feedforward,17,109,be65c3cf7720e5805db3f1eeb285d832d662e8b54d5684fc51e051e9ce4032a2,Interpolating,35,4178390625945020655,2.3999999999999995,0.28541655137497285,14,True,True,14,0.0,False,0.15625,True
trained-feedforward-17-interpolating-036,feedforward,17,109,be65c3cf7720e5805db3f1eeb285d832d662e8b54d5684fc51e051e9ce4032a2,Interpolating,36,914473199108847553,2.5599999999999996,0.2709960936638111,26,True,True,26,0.0,False,0.31875,True
trained-feedforward-17-interpolating-037,feedforward,17,109,be65c3cf7720e5805db3f1eeb285d832d662e8b54d5684fc51e051e9ce4032a2,Interpolating,37,2280544512420842059,1.4375,0.07869565216454498,7,True,True,7,0.0,False,0.06875,True
trained-feedforward-17-interpolating-038,feedforward,17,109,be65c3cf7720e5805db3f1eeb285d832d662e8b54d5684fc51e051e9ce4032a2,Interpolating,38,8061981172975011846,2.7325,0.3982159089010131,28,True,True,28,0.0,False,0.21875,True
trained-feedforward-17-interpolating-039,feedforward,17,109,be65c3cf7720e5805db3f1eeb285d832d662e8b54d5684fc51e051e9ce4032a2,Interpolating,39,7488946831017770525,6.128749999999998,0.18467209615478744,39,True,True,39,0.0,False,0.56875,True
trained-feedforward-17-interpolating-040,feedforward,17,109,be65c3cf7720e5805db3f1eeb285d832d662e8b54d5684fc51e051e9ce4032a2,Interpolating,40,17727642451762983804,2.5174999999999996,0.25595547701998106,18,True,True,18,0.0,False,0.23125,True
trained-feedforward-17-interpolating-041,feedforward,17,109,be65c3cf7720e5805db3f1eeb285d832d662e8b54d5684fc51e051e9ce4032a2,Interpolating,41,16129401249734268372,1.6075,0.08203732503885014,10,True,True,10,0.0,False,0.14375,True
trained-feedforward-17-interpolating-042,feedforward,17,109,be65c3cf7720e5805db3f1eeb285d832d662e8b54d5684fc51e051e9ce4032a2,Interpolating,42,11363089574783262488,2.30125,0.12401341142916257,15,True,True,15,0.0,False,0.26875,True
trained-feedforward-17-interpolating-043,feedforward,17,109,be65c3cf7720e5805db3f1eeb285d832d662e8b54d5684fc51e051e9ce4032a2,Interpolating,43,4825822304592172294,5.851249999999999,0.5489561493927434,40,False,False,,9.799999999999999,True,0.34375,True
trained-feedforward-17-interpolating-044,feedforward,17,109,be65c3cf7720e5805db3f1eeb285d832d662e8b54d5684fc51e051e9ce4032a2,Interpolating,44,1307454402162609977,3.1224999999999996,0.23900851740865614,17,True,True,17,0.0,False,0.2125,True
trained-feedforward-17-interpolating-045,feedforward,17,109,be65c3cf7720e5805db3f1eeb285d832d662e8b54d5684fc51e051e9ce4032a2,Interpolating,45,2056697026402567267,2.635,0.24418201107434198,10,True,True,10,0.0,False,0.16875,True
trained-feedforward-17-interpolating-046,feedforward,17,109,be65c3cf7720e5805db3f1eeb285d832d662e8b54d5684fc51e051e9ce4032a2,Interpolating,46,10805426131497032280,2.3575,0.23873591296310145,7,True,True,7,0.0,False,0.125,True
trained-feedforward-17-interpolating-047,feedforward,17,109,be65c3cf7720e5805db3f1eeb285d832d662e8b54d5684fc51e051e9ce4032a2,Interpolating,47,10126974082235727732,9.325,0.028088700818956345,40,False,False,,14.0,True,0.8125,True
trained-feedforward-17-interpolating-048,feedforward,17,109,be65c3cf7720e5805db3f1eeb285d832d662e8b54d5684fc51e051e9ce4032a2,Interpolating,48,13070951637844579765,1.8499999999999999,0.16756585665676615,5,True,True,5,0.0,False,0.08125,True
trained-feedforward-17-interpolating-049,feedforward,17,109,be65c3cf7720e5805db3f1eeb285d832d662e8b54d5684fc51e051e9ce4032a2,Interpolating,49,4499787113967364201,2.5649999999999995,0.14077011717826593,27,True,True,27,0.0,False,0.29375,True
trained-feedforward-17-interpolating-050,feedforward,17,109,be65c3cf7720e5805db3f1eeb285d832d662e8b54d5684fc51e051e9ce4032a2,Interpolating,50,17823919094421781659,2.715,0.17771974234771673,22,True,True,22,0.0,False,0.31875,True
trained-feedforward-17-interpolating-051,feedforward,17,109,be65c3cf7720e5805db3f1eeb285d832d662e8b54d5684fc51e051e9ce4032a2,Interpolating,51,5803184247693346618,1.6549999999999998,0.14350453130004476,4,True,True,4,0.0,False,0.075,True
trained-feedforward-17-interpolating-052,feedforward,17,109,be65c3cf7720e5805db3f1eeb285d832d662e8b54d5684fc51e051e9ce4032a2,Interpolating,52,4878355051185712170,2.17,0.2649762081546065,8,True,True,8,0.0,False,0.125,True
trained-feedforward-17-interpolating-053,feedforward,17,109,be65c3cf7720e5805db3f1eeb285d832d662e8b54d5684fc51e051e9ce4032a2,Interpolating,53,4389644490284194600,1.6724999999999999,0.1879671150971599,18,True,True,18,0.0,False,0.1375,True
trained-feedforward-17-interpolating-054,feedforward,17,109,be65c3cf7720e5805db3f1eeb285d832d662e8b54d5684fc51e051e9ce4032a2,Interpolating,54,12327964485517408637,9.426249999999998,0.3902141895895541,40,False,False,,197.39999999999998,True,0.5625,True
trained-feedforward-17-interpolating-055,feedforward,17,109,be65c3cf7720e5805db3f1eeb285d832d662e8b54d5684fc51e051e9ce4032a2,Interpolating,55,5082519228042687760,8.083749999999998,0.09189084185149414,37,True,True,37,0.0,False,0.5875,True
trained-feedforward-17-interpolating-056,feedforward,17,109,be65c3cf7720e5805db3f1eeb285d832d662e8b54d5684fc51e051e9ce4032a2,Interpolating,56,3447409069875816055,2.0424999999999995,0.2512239902036046,11,True,True,11,0.0,False,0.15,True
trained-feedforward-17-interpolating-057,feedforward,17,109,be65c3cf7720e5805db3f1eeb285d832d662e8b54d5684fc51e051e9ce4032a2,Interpolating,57,12145147147224741200,1.9074999999999998,0.13444922200283727,10,True,True,10,0.0,False,0.1375,True
trained-feedforward-17-interpolating-058,feedforward,17,109,be65c3cf7720e5805db3f1eeb285d832d662e8b54d5684fc51e051e9ce4032a2,Interpolating,58,17748869603083572524,8.922499999999998,0.1910147111526434,40,False,False,,79.8,True,0.65,True
trained-feedforward-17-interpolating-059,feedforward,17,109,be65c3cf7720e5805db3f1eeb285d832d662e8b54d5684fc51e051e9ce4032a2,Interpolating,59,13241004414959366112,2.7199999999999998,0.34099250309403906,21,True,True,21,0.0,False,0.20625,True
trained-feedforward-17-interpolating-060,feedforward,17,109,be65c3cf7720e5805db3f1eeb285d832d662e8b54d5684fc51e051e9ce4032a2,Interpolating,60,2791045346269327994,8.201249999999998,0.29536824190650524,40,False,False,,95.19999999999999,True,0.51875,True
trained-feedforward-17-interpolating-061,feedforward,17,109,be65c3cf7720e5805db3f1eeb285d832d662e8b54d5684fc51e051e9ce4032a2,Interpolating,61,3863858568878132632,3.9812499999999993,0.09735533360409993,15,True,True,15,0.0,False,0.26875,True
trained-feedforward-17-interpolating-062,feedforward,17,109,be65c3cf7720e5805db3f1eeb285d832d662e8b54d5684fc51e051e9ce4032a2,Interpolating,62,5606710937864997798,1.7674999999999998,0.11987270155593913,24,True,True,24,0.0,False,0.3,True
trained-feedforward-17-interpolating-063,feedforward,17,109,be65c3cf7720e5805db3f1eeb285d832d662e8b54d5684fc51e051e9ce4032a2,Interpolating,63,12957302341523539055,10.374999999999998,0.1359628450406227,40,False,False,,144.2,True,0.71875,True
trained-feedforward-17-mixed-000,feedforward,17,109,be65c3cf7720e5805db3f1eeb285d832d662e8b54d5684fc51e051e9ce4032a2,Mixed,0,9013350638336077579,2.2274999999999996,0.05576599326599327,11,True,True,11,0.0,False,0.25,False
trained-feedforward-17-mixed-001,feedforward,17,109,be65c3cf7720e5805db3f1eeb285d832d662e8b54d5684fc51e051e9ce4032a2,Mixed,1,719438557475947373,2.4974999999999996,0.06737987987987994,16,True,True,16,0.0,False,0.36875,False
trained-feedforward-17-mixed-002,feedforward,17,109,be65c3cf7720e5805db3f1eeb285d832d662e8b54d5684fc51e051e9ce4032a2,Mixed,2,18000330691848973517,2.1624999999999996,0.08735549132947978,13,True,True,13,0.0,False,0.28125,False
trained-feedforward-17-mixed-003,feedforward,17,109,be65c3cf7720e5805db3f1eeb285d832d662e8b54d5684fc51e051e9ce4032a2,Mixed,3,12900976912842823080,2.1975,0.052687713310580295,12,True,True,12,0.0,False,0.2625,False
trained-feedforward-17-mixed-004,feedforward,17,109,be65c3cf7720e5805db3f1eeb285d832d662e8b54d5684fc51e051e9ce4032a2,Mixed,4,17093374010001243877,2.3274999999999997,0.042091836734693855,15,True,True,15,0.0,False,0.3375,False
trained-feedforward-17-mixed-005,feedforward,17,109,be65c3cf7720e5805db3f1eeb285d832d662e8b54d5684fc51e051e9ce4032a2,Mixed,5,10677624128662891822,2.0324999999999998,0.07772140221402217,10,True,True,10,0.0,False,0.19375,False
trained-feedforward-17-mixed-006,feedforward,17,109,be65c3cf7720e5805db3f1eeb285d832d662e8b54d5684fc51e051e9ce4032a2,Mixed,6,8382024286229646901,2.3149999999999995,0.07532397408207349,12,True,True,12,0.0,False,0.25625,False
trained-feedforward-17-mixed-007,feedforward,17,109,be65c3cf7720e5805db3f1eeb285d832d662e8b54d5684fc51e051e9ce4032a2,Mixed,7,3937647810163390160,1.82,0.053056318681318666,12,True,True,12,0.0,False,0.24375,False
trained-feedforward-17-mixed-008,feedforward,17,109,be65c3cf7720e5805db3f1eeb285d832d662e8b54d5684fc51e051e9ce4032a2,Mixed,8,16301529921169358150,1.8099999999999998,0.056457182320441994,10,True,True,10,0.0,False,0.2125,False
trained-feedforward-17-mixed-009,feedforward,17,109,be65c3cf7720e5805db3f1eeb285d832d662e8b54d5684fc51e051e9ce4032a2,Mixed,9,11293712809536732492,2.5449999999999995,0.0769891944990177,14,True,True,14,0.0,False,0.30625,False
trained-feedforward-17-mixed-010,feedforward,17,109,be65c3cf7720e5805db3f1eeb285d832d662e8b54d5684fc51e051e9ce4032a2,Mixed,10,3960129251091782836,1.5199999999999998,0.055509868421052634,7,True,True,7,0.0,False,0.15,False
trained-feedforward-17-mixed-011,feedforward,17,109,be65c3cf7720e5805db3f1eeb285d832d662e8b54d5684fc51e051e9ce4032a2,Mixed,11,13583143599983327864,2.375,0.075,11,True,True,11,0.0,False,0.225,False
trained-feedforward-17-mixed-012,feedforward,17,109,be65c3cf7720e5805db3f1eeb285d832d662e8b54d5684fc51e051e9ce4032a2,Mixed,12,14048089336935892472,1.92,0.06542968749999997,11,True,True,11,0.0,False,0.25625,False
trained-feedforward-17-mixed-013,feedforward,17,109,be65c3cf7720e5805db3f1eeb285d832d662e8b54d5684fc51e051e9ce4032a2,Mixed,13,12496215685677369635,6.68375,0.052728909720100386,24,True,True,24,0.0,False,0.55625,False
trained-feedforward-17-mixed-014,feedforward,17,109,be65c3cf7720e5805db3f1eeb285d832d662e8b54d5684fc51e051e9ce4032a2,Mixed,14,8667135602383488437,2.5275,0.06027448071216618,15,True,True,15,0.0,False,0.325,False
trained-feedforward-17-mixed-015,feedforward,17,109,be65c3cf7720e5805db3f1eeb285d832d662e8b54d5684fc51e051e9ce4032a2,Mixed,15,16113991306523300285,1.7525,0.06713623395149787,11,True,True,11,0.0,False,0.25625,False
trained-feedforward-17-mixed-016,feedforward,17,109,be65c3cf7720e5805db3f1eeb285d832d662e8b54d5684fc51e051e9ce4032a2,Mixed,16,12994283893696105684,1.585,0.039037854889589926,10,True,True,10,0.0,False,0.225,False
trained-feedforward-17-mixed-017,feedforward,17,109,be65c3cf7720e5805db3f1eeb285d832d662e8b54d5684fc51e051e9ce4032a2,Mixed,17,13849190526904132811,2.175,0.07672413793103448,14,True,True,14,0.0,False,0.2625,False
trained-feedforward-17-mixed-018,feedforward,17,109,be65c3cf7720e5805db3f1eeb285d832d662e8b54d5684fc51e051e9ce4032a2,Mixed,18,11405174992828827441,3.1499999999999995,0.07738095238095244,16,True,True,16,0.0,False,0.375,False
trained-feedforward-17-mixed-019,feedforward,17,109,be65c3cf7720e5805db3f1eeb285d832d662e8b54d5684fc51e051e9ce4032a2,Mixed,19,3121686162383875507,3.1999999999999993,0.09199218750000007,17,True,True,17,0.0,False,0.4,False
trained-feedforward-17-mixed-020,feedforward,17,109,be65c3cf7720e5805db3f1eeb285d832d662e8b54d5684fc51e051e9ce4032a2,Mixed,20,9511189895054999569,3.622499999999999,0.10778985507246383,16,True,True,16,0.0,False,0.36875,False
trained-feedforward-17-mixed-021,feedforward,17,109,be65c3cf7720e5805db3f1eeb285d832d662e8b54d5684fc51e051e9ce4032a2,Mixed,21,1633332249227995687,1.9325,0.03953751617076328,9,True,True,9,0.0,False,0.21875,False
trained-feedforward-17-mixed-022,feedforward,17,109,be65c3cf7720e5805db3f1eeb285d832d662e8b54d5684fc51e051e9ce4032a2,Mixed,22,16038670543255437471,1.9324999999999999,0.05651681759379049,14,True,True,14,0.0,False,0.29375,False
trained-feedforward-17-mixed-023,feedforward,17,109,be65c3cf7720e5805db3f1eeb285d832d662e8b54d5684fc51e051e9ce4032a2,Mixed,23,6444811027437305295,1.9949999999999999,0.054041353383458654,13,True,True,13,0.0,False,0.2625,False
trained-feedforward-17-mixed-024,feedforward,17,109,be65c3cf7720e5805db3f1eeb285d832d662e8b54d5684fc51e051e9ce4032a2,Mixed,24,11408081681771975242,1.775,0.0443661971830986,9,True,True,9,0.0,False,0.2125,False
trained-feedforward-17-mixed-025,feedforward,17,109,be65c3cf7720e5805db3f1eeb285d832d662e8b54d5684fc51e051e9ce4032a2,Mixed,25,12451564803605540842,3.9199999999999995,0.07198660714285719,19,True,True,19,0.0,False,0.4125,False
trained-feedforward-17-mixed-026,feedforward,17,109,be65c3cf7720e5805db3f1eeb285d832d662e8b54d5684fc51e051e9ce4032a2,Mixed,26,14605681993162524263,1.275,0.007352941176470563,5,True,True,5,0.0,False,0.0625,False
trained-feedforward-17-mixed-027,feedforward,17,109,be65c3cf7720e5805db3f1eeb285d832d662e8b54d5684fc51e051e9ce4032a2,Mixed,27,344934305454014847,2.0225,0.11518850432632886,10,True,True,10,0.0,False,0.21875,False
trained-feedforward-17-mixed-028,feedforward,17,109,be65c3cf7720e5805db3f1eeb285d832d662e8b54d5684fc51e051e9ce4032a2,Mixed,28,17692163404712169982,2.6075,0.12925455417066153,14,True,True,14,0.0,False,0.3,False
trained-feedforward-17-mixed-029,feedforward,17,109,be65c3cf7720e5805db3f1eeb285d832d662e8b54d5684fc51e051e9ce4032a2,Mixed,29,16692203524341304165,1.6774999999999998,0.03157600596125187,8,True,True,8,0.0,False,0.1625,False
trained-feedforward-17-mixed-030,feedforward,17,109,be65c3cf7720e5805db3f1eeb285d832d662e8b54d5684fc51e051e9ce4032a2,Mixed,30,12474595003975044284,1.8399999999999999,0.03311820652173914,9,True,True,9,0.0,False,0.1875,False
trained-feedforward-17-mixed-031,feedforward,17,109,be65c3cf7720e5805db3f1eeb285d832d662e8b54d5684fc51e051e9ce4032a2,Mixed,31,16399646980300005643,1.9825,0.0891393442622951,14,True,True,14,0.0,False,0.3375,False
trained-feedforward-17-mixed-032,feedforward,17,109,be65c3cf7720e5805db3f1eeb285d832d662e8b54d5684fc51e051e9ce4032a2,Mixed,32,621493238125972533,1.605,0.04614485981308412,11,True,True,11,0.0,False,0.20625,False
trained-feedforward-17-mixed-033,feedforward,17,109,be65c3cf7720e5805db3f1eeb285d832d662e8b54d5684fc51e051e9ce4032a2,Mixed,33,8796268136071876902,2.2399999999999998,0.020507812499999986,14,True,True,14,0.0,False,0.3,False
trained-feedforward-17-mixed-034,feedforward,17,109,be65c3cf7720e5805db3f1eeb285d832d662e8b54d5684fc51e051e9ce4032a2,Mixed,34,5915111868219491452,1.8249999999999997,0.05239726027397261,8,True,True,8,0.0,False,0.175,False
trained-feedforward-17-mixed-035,feedforward,17,109,be65c3cf7720e5805db3f1eeb285d832d662e8b54d5684fc51e051e9ce4032a2,Mixed,35,3543242911152383132,3.3724999999999996,0.02043180133432169,14,True,True,14,0.0,False,0.3,False
trained-feedforward-17-mixed-036,feedforward,17,109,be65c3cf7720e5805db3f1eeb285d832d662e8b54d5684fc51e051e9ce4032a2,Mixed,36,934882114552397010,1.7374999999999998,0.04775179856115105,8,True,True,8,0.0,False,0.1625,False
trained-feedforward-17-mixed-037,feedforward,17,109,be65c3cf7720e5805db3f1eeb285d832d662e8b54d5684fc51e051e9ce4032a2,Mixed,37,12876391866798280845,1.5699999999999998,0.024482484076433133,12,True,True,12,0.0,False,0.225,False
trained-feedforward-17-mixed-038,feedforward,17,109,be65c3cf7720e5805db3f1eeb285d832d662e8b54d5684fc51e051e9ce4032a2,Mixed,38,7124105088363134450,1.7175,0.024290393013100434,8,True,True,8,0.0,False,0.15625,False
trained-feedforward-17-mixed-039,feedforward,17,109,be65c3cf7720e5805db3f1eeb285d832d662e8b54d5684fc51e051e9ce4032a2,Mixed,39,2947854401837529452,1.7874999999999999,0.08994755244755252,11,True,True,11,0.0,False,0.225,False
trained-feedforward-17-mixed-040,feedforward,17,109,be65c3cf7720e5805db3f1eeb285d832d662e8b54d5684fc51e051e9ce4032a2,Mixed,40,10286248463763033221,2.1975,0.06804607508532425,14,True,True,14,0.0,False,0.29375,False
trained-feedforward-17-mixed-041,feedforward,17,109,be65c3cf7720e5805db3f1eeb285d832d662e8b54d5684fc51e051e9ce4032a2,Mixed,41,5782392772239456826,2.9299999999999993,0.03391638225255979,15,True,True,15,0.0,False,0.3375,False
trained-feedforward-17-mixed-042,feedforward,17,109,be65c3cf7720e5805db3f1eeb285d832d662e8b54d5684fc51e051e9ce4032a2,Mixed,42,17053631369478767120,1.6749999999999998,0.0537313432835821,10,True,True,10,0.0,False,0.21875,False
trained-feedforward-17-mixed-043,feedforward,17,109,be65c3cf7720e5805db3f1eeb285d832d662e8b54d5684fc51e051e9ce4032a2,Mixed,43,3376628493270439057,2.0774999999999997,0.08100180505415167,12,True,True,12,0.0,False,0.25625,False
trained-feedforward-17-mixed-044,feedforward,17,109,be65c3cf7720e5805db3f1eeb285d832d662e8b54d5684fc51e051e9ce4032a2,Mixed,44,11631523908432292582,1.8624999999999998,0.0692114093959732,8,True,True,8,0.0,False,0.175,False
trained-feedforward-17-mixed-045,feedforward,17,109,be65c3cf7720e5805db3f1eeb285d832d662e8b54d5684fc51e051e9ce4032a2,Mixed,45,2403921162281565362,1.93,0.04128886010362694,13,True,True,13,0.0,False,0.275,False
trained-feedforward-17-mixed-046,feedforward,17,109,be65c3cf7720e5805db3f1eeb285d832d662e8b54d5684fc51e051e9ce4032a2,Mixed,46,14662266503667748395,2.0575,0.04351458080194412,14,True,True,14,0.0,False,0.30625,False
trained-feedforward-17-mixed-047,feedforward,17,109,be65c3cf7720e5805db3f1eeb285d832d662e8b54d5684fc51e051e9ce4032a2,Mixed,47,12007475573216188906,2.6475,0.09791076487252122,15,True,True,15,0.0,False,0.3625,False
trained-feedforward-17-mixed-048,feedforward,17,109,be65c3cf7720e5805db3f1eeb285d832d662e8b54d5684fc51e051e9ce4032a2,Mixed,48,10889572341667731453,3.085,0.05925850891410052,16,True,True,16,0.0,False,0.3375,False
trained-feedforward-17-mixed-049,feedforward,17,109,be65c3cf7720e5805db3f1eeb285d832d662e8b54d5684fc51e051e9ce4032a2,Mixed,49,17225370781220520327,1.6549999999999998,0.026623867069486395,10,True,True,10,0.0,False,0.20625,False
trained-feedforward-17-mixed-050,feedforward,17,109,be65c3cf7720e5805db3f1eeb285d832d662e8b54d5684fc51e051e9ce4032a2,Mixed,50,16669402416281068894,1.8299999999999996,0.055327868852459036,10,True,True,10,0.0,False,0.2125,False
trained-feedforward-17-mixed-051,feedforward,17,109,be65c3cf7720e5805db3f1eeb285d832d662e8b54d5684fc51e051e9ce4032a2,Mixed,51,988637077071810405,1.8299999999999998,0.053278688524590154,13,True,True,13,0.0,False,0.275,False
trained-feedforward-17-mixed-052,feedforward,17,109,be65c3cf7720e5805db3f1eeb285d832d662e8b54d5684fc51e051e9ce4032a2,Mixed,52,13827433754687829384,1.9774999999999998,0.08889064475347662,12,True,True,12,0.0,False,0.26875,False
trained-feedforward-17-mixed-053,feedforward,17,109,be65c3cf7720e5805db3f1eeb285d832d662e8b54d5684fc51e051e9ce4032a2,Mixed,53,15073613007948991754,2.2674999999999996,0.042792171995589885,19,True,True,19,0.0,False,0.40625,False
trained-feedforward-17-mixed-054,feedforward,17,109,be65c3cf7720e5805db3f1eeb285d832d662e8b54d5684fc51e051e9ce4032a2,Mixed,54,15430969485129988060,2.3299999999999996,0.06156115879828327,14,True,True,14,0.0,False,0.3,False
trained-feedforward-17-mixed-055,feedforward,17,109,be65c3cf7720e5805db3f1eeb285d832d662e8b54d5684fc51e051e9ce4032a2,Mixed,55,117264155346317956,1.56,0.05528846153846153,12,True,True,12,0.0,False,0.25,False
trained-feedforward-17-mixed-056,feedforward,17,109,be65c3cf7720e5805db3f1eeb285d832d662e8b54d5684fc51e051e9ce4032a2,Mixed,56,11141145317198536654,2.1825,0.10115979381443298,13,True,True,13,0.0,False,0.2625,False
trained-feedforward-17-mixed-057,feedforward,17,109,be65c3cf7720e5805db3f1eeb285d832d662e8b54d5684fc51e051e9ce4032a2,Mixed,57,127937882008050455,2.5425,0.10195427728613567,15,True,True,15,0.0,False,0.3125,False
trained-feedforward-17-mixed-058,feedforward,17,109,be65c3cf7720e5805db3f1eeb285d832d662e8b54d5684fc51e051e9ce4032a2,Mixed,58,13197065407426309078,1.6724999999999999,0.03503363228699552,11,True,True,11,0.0,False,0.225,False
trained-feedforward-17-mixed-059,feedforward,17,109,be65c3cf7720e5805db3f1eeb285d832d662e8b54d5684fc51e051e9ce4032a2,Mixed,59,10927838552144475303,1.5899999999999999,0.03242924528301889,10,True,True,10,0.0,False,0.225,False
trained-feedforward-17-mixed-060,feedforward,17,109,be65c3cf7720e5805db3f1eeb285d832d662e8b54d5684fc51e051e9ce4032a2,Mixed,60,15527146584504164843,1.7674999999999998,0.03527227722772277,12,True,True,12,0.0,False,0.28125,False
trained-feedforward-17-mixed-061,feedforward,17,109,be65c3cf7720e5805db3f1eeb285d832d662e8b54d5684fc51e051e9ce4032a2,Mixed,61,15825285933062628395,1.8524999999999998,0.051366396761133644,13,True,True,13,0.0,False,0.29375,False
trained-feedforward-17-mixed-062,feedforward,17,109,be65c3cf7720e5805db3f1eeb285d832d662e8b54d5684fc51e051e9ce4032a2,Mixed,62,13336444933736014856,2.6525,0.10550188501413761,13,True,True,13,0.0,False,0.3,False
trained-feedforward-17-mixed-063,feedforward,17,109,be65c3cf7720e5805db3f1eeb285d832d662e8b54d5684fc51e051e9ce4032a2,Mixed,63,17893416405962770097,2.9624999999999995,0.018829113924050657,15,True,True,15,0.0,False,0.325,False
trained-feedforward-17-proportional-000,feedforward,17,109,be65c3cf7720e5805db3f1eeb285d832d662e8b54d5684fc51e051e9ce4032a2,Proportional,0,14645748627797473589,1.69,0.15384615384615383,7,True,True,7,0.0,False,0.09375,False
trained-feedforward-17-proportional-001,feedforward,17,109,be65c3cf7720e5805db3f1eeb285d832d662e8b54d5684fc51e051e9ce4032a2,Proportional,1,17973945551285341055,2.7824999999999998,0.3533243486073674,25,True,True,25,0.0,False,0.24375,False
trained-feedforward-17-proportional-002,feedforward,17,109,be65c3cf7720e5805db3f1eeb285d832d662e8b54d5684fc51e051e9ce4032a2,Proportional,2,9272605805993366487,9.25,0.6458108108108108,40,False,False,,172.2,True,0.31875,False
trained-feedforward-17-proportional-003,feedforward,17,109,be65c3cf7720e5805db3f1eeb285d832d662e8b54d5684fc51e051e9ce4032a2,Proportional,3,874017791287884171,2.0574999999999997,0.19167679222357223,21,True,True,21,0.0,False,0.24375,False
trained-feedforward-17-proportional-004,feedforward,17,109,be65c3cf7720e5805db3f1eeb285d832d662e8b54d5684fc51e051e9ce4032a2,Proportional,4,7199762186905777148,7.941249999999998,0.5330946009759169,40,False,False,,190.39999999999998,True,0.43125,False
trained-feedforward-17-proportional-005,feedforward,17,109,be65c3cf7720e5805db3f1eeb285d832d662e8b54d5684fc51e051e9ce4032a2,Proportional,5,6449614282942236776,3.434999999999999,0.4075691411935953,23,True,True,23,0.0,False,0.25625,False
trained-feedforward-17-proportional-006,feedforward,17,109,be65c3cf7720e5805db3f1eeb285d832d662e8b54d5684fc51e051e9ce4032a2,Proportional,6,2530378077872845988,2.0749999999999997,0.1331325301204819,8,True,True,8,0.0,False,0.14375,False
trained-feedforward-17-proportional-007,feedforward,17,109,be65c3cf7720e5805db3f1eeb285d832d662e8b54d5684fc51e051e9ce4032a2,Proportional,7,1290907546093248299,4.9475,0.3250877419027134,16,True,True,16,0.0,False,0.2875,False
trained-feedforward-17-proportional-008,feedforward,17,109,be65c3cf7720e5805db3f1eeb285d832d662e8b54d5684fc51e051e9ce4032a2,Proportional,8,4000317721795395352,2.2474999999999996,0.14043381535038932,9,True,True,9,0.0,False,0.13125,False
trained-feedforward-17-proportional-009,feedforward,17,109,be65c3cf7720e5805db3f1eeb285d832d662e8b54d5684fc51e051e9ce4032a2,Proportional,9,4769202289285581861,1.8749999999999998,0.16666666666666666,10,True,True,10,0.0,False,0.15,False
trained-feedforward-17-proportional-010,feedforward,17,109,be65c3cf7720e5805db3f1eeb285d832d662e8b54d5684fc51e051e9ce4032a2,Proportional,10,11231206699140695193,3.0912499999999996,0.31651839870602505,40,False,False,,1.4,True,0.45,False
trained-feedforward-17-proportional-011,feedforward,17,109,be65c3cf7720e5805db3f1eeb285d832d662e8b54d5684fc51e051e9ce4032a2,Proportional,11,6279355106317774931,2.9599999999999995,0.3576858108108108,21,True,True,21,0.0,False,0.2375,False
trained-feedforward-17-proportional-012,feedforward,17,109,be65c3cf7720e5805db3f1eeb285d832d662e8b54d5684fc51e051e9ce4032a2,Proportional,12,6486207733615675943,7.863749999999999,0.48960056339785096,26,True,True,26,0.0,False,0.30625,False
trained-feedforward-17-proportional-013,feedforward,17,109,be65c3cf7720e5805db3f1eeb285d832d662e8b54d5684fc51e051e9ce4032a2,Proportional,13,5446134958180539196,8.2175,0.5384160899899136,40,False,False,,200.0,True,0.4375,False
trained-feedforward-17-proportional-014,feedforward,17,109,be65c3cf7720e5805db3f1eeb285d832d662e8b54d5684fc51e051e9ce4032a2,Proportional,14,7302521009413836697,2.04,0.18382352941176464,13,True,True,13,0.0,False,0.16875,False
trained-feedforward-17-proportional-015,feedforward,17,109,be65c3cf7720e5805db3f1eeb285d832d662e8b54d5684fc51e051e9ce4032a2,Proportional,15,249969332533129855,1.8975,0.12351778656126478,7,True,True,7,0.0,False,0.14375,False
trained-feedforward-17-proportional-016,feedforward,17,109,be65c3cf7720e5805db3f1eeb285d832d662e8b54d5684fc51e051e9ce4032a2,Proportional,16,4117804821868137320,1.6224999999999998,0.04661016949152542,5,True,True,5,0.0,False,0.1125,False
trained-feedforward-17-proportional-017,feedforward,17,109,be65c3cf7720e5805db3f1eeb285d832d662e8b54d5684fc51e051e9ce4032a2,Proportional,17,6710697455146353060,2.1049999999999995,0.16923990498812347,11,True,True,11,0.0,False,0.175,False
trained-feedforward-17-proportional-018,feedforward,17,109,be65c3cf7720e5805db3f1eeb285d832d662e8b54d5684fc51e051e9ce4032a2,Proportional,18,14121493086721648643,7.316249999999998,0.5706048180420298,40,False,False,,200.0,True,0.35,False
trained-feedforward-17-proportional-019,feedforward,17,109,be65c3cf7720e5805db3f1eeb285d832d662e8b54d5684fc51e051e9ce4032a2,Proportional,19,11310910688527648951,2.2224999999999997,0.17857142857142855,11,True,True,11,0.0,False,0.20625,False
trained-feedforward-17-proportional-020,feedforward,17,109,be65c3cf7720e5805db3f1eeb285d832d662e8b54d5684fc51e051e9ce4032a2,Proportional,20,2307180522311643252,2.1374999999999997,0.22309941520467835,20,True,True,20,0.0,False,0.20625,False
trained-feedforward-17-proportional-021,feedforward,17,109,be65c3cf7720e5805db3f1eeb285d832d662e8b54d5684fc51e051e9ce4032a2,Proportional,21,12359712247117343441,8.309999999999999,0.5807761732851985,40,False,False,,200.0,True,0.36875,False
trained-feedforward-17-proportional-022,feedforward,17,109,be65c3cf7720e5805db3f1eeb285d832d662e8b54d5684fc51e051e9ce4032a2,Proportional,22,10019510034354928784,1.8174999999999997,0.08906464924346631,13,True,True,13,0.0,False,0.1625,False
trained-feedforward-17-proportional-023,feedforward,17,109,be65c3cf7720e5805db3f1eeb285d832d662e8b54d5684fc51e051e9ce4032a2,Proportional,23,10800422562556101097,1.9774999999999998,0.23988621997471551,10,True,True,10,0.0,False,0.11875,False
trained-feedforward-17-proportional-024,feedforward,17,109,be65c3cf7720e5805db3f1eeb285d832d662e8b54d5684fc51e051e9ce4032a2,Proportional,24,7241531364265464123,3.2124999999999995,0.3667315175097276,23,True,True,23,0.0,False,0.23125,False
trained-feedforward-17-proportional-025,feedforward,17,109,be65c3cf7720e5805db3f1eeb285d832d662e8b54d5684fc51e051e9ce4032a2,Proportional,25,15203133052781765301,1.51,0.07450331125827812,8,True,True,8,0.0,False,0.1375,False
trained-feedforward-17-proportional-026,feedforward,17,109,be65c3cf7720e5805db3f1eeb285d832d662e8b54d5684fc51e051e9ce4032a2,Proportional,26,2714967855498752875,2.3599999999999994,0.11069915254237288,12,True,True,12,0.0,False,0.225,False
trained-feedforward-17-proportional-027,feedforward,17,109,be65c3cf7720e5805db3f1eeb285d832d662e8b54d5684fc51e051e9ce4032a2,Proportional,27,286106592127896516,2.2424999999999997,0.225473801560758,11,True,True,11,0.0,False,0.1375,False
trained-feedforward-17-proportional-028,feedforward,17,109,be65c3cf7720e5805db3f1eeb285d832d662e8b54d5684fc51e051e9ce4032a2,Proportional,28,37354870452551130,2.1824999999999997,0.19043528064146614,37,True,True,37,0.0,False,0.3375,False
trained-feedforward-17-proportional-029,feedforward,17,109,be65c3cf7720e5805db3f1eeb285d832d662e8b54d5684fc51e051e9ce4032a2,Proportional,29,10769615802010890348,1.7349999999999999,0.1419308357348703,8,True,True,8,0.0,False,0.1125,False
trained-feedforward-17-proportional-030,feedforward,17,109,be65c3cf7720e5805db3f1eeb285d832d662e8b54d5684fc51e051e9ce4032a2,Proportional,30,11917714316345540747,2.1475,0.11379511059371356,17,True,True,17,0.0,False,0.25,False
trained-feedforward-17-proportional-031,feedforward,17,109,be65c3cf7720e5805db3f1eeb285d832d662e8b54d5684fc51e051e9ce4032a2,Proportional,31,15106083287367658026,7.071249999999998,0.4671645748630016,40,False,False,,200.0,True,0.425,False
trained-feedforward-17-proportional-032,feedforward,17,109,be65c3cf7720e5805db3f1eeb285d832d662e8b54d5684fc51e051e9ce4032a2,Proportional,32,11428285724645693195,3.4899999999999998,0.46704871060171915,24,True,True,24,0.0,False,0.225,False
trained-feedforward-17-proportional-033,feedforward,17,109,be65c3cf7720e5805db3f1eeb285d832d662e8b54d5684fc51e051e9ce4032a2,Proportional,33,7662033744254094405,9.178749999999999,0.5735323089388858,40,False,False,,200.0,True,0.4375,False
trained-feedforward-17-proportional-034,feedforward,17,109,be65c3cf7720e5805db3f1eeb285d832d662e8b54d5684fc51e051e9ce4032a2,Proportional,34,7924400836699550045,2.2575,0.20847176079734214,11,True,True,11,0.0,False,0.1625,False
trained-feedforward-17-proportional-035,feedforward,17,109,be65c3cf7720e5805db3f1eeb285d832d662e8b54d5684fc51e051e9ce4032a2,Proportional,35,8264040888193977130,2.0574999999999997,0.2378493317132442,10,True,True,10,0.0,False,0.15,False
trained-feedforward-17-proportional-036,feedforward,17,109,be65c3cf7720e5805db3f1eeb285d832d662e8b54d5684fc51e051e9ce4032a2,Proportional,36,1257555454891296270,6.568749999999999,0.5199333967649856,40,False,False,,15.399999999999999,True,0.4375,False
trained-feedforward-17-proportional-037,feedforward,17,109,be65c3cf7720e5805db3f1eeb285d832d662e8b54d5684fc51e051e9ce4032a2,Proportional,37,16691995579410301449,2.1975,0.16979522184300339,14,True,True,14,0.0,False,0.21875,False
trained-feedforward-17-proportional-038,feedforward,17,109,be65c3cf7720e5805db3f1eeb285d832d662e8b54d5684fc51e051e9ce4032a2,Proportional,38,10419405007551296393,1.6400000000000001,0.11280487804878048,11,True,True,11,0.0,False,0.15625,False
trained-feedforward-17-proportional-039,feedforward,17,109,be65c3cf7720e5805db3f1eeb285d832d662e8b54d5684fc51e051e9ce4032a2,Proportional,39,17732716927276971896,8.498749999999998,0.6290998676275923,40,False,False,,180.6,True,0.31875,False
trained-feedforward-17-proportional-040,feedforward,17,109,be65c3cf7720e5805db3f1eeb285d832d662e8b54d5684fc51e051e9ce4032a2,Proportional,40,1169691557123023658,1.9999999999999998,0.095625,11,True,True,11,0.0,False,0.175,False
trained-feedforward-17-proportional-041,feedforward,17,109,be65c3cf7720e5805db3f1eeb285d832d662e8b54d5684fc51e051e9ce4032a2,Proportional,41,11149017589391282758,9.955,0.5259959604368571,40,False,False,,127.39999999999999,True,0.43125,False
trained-feedforward-17-proportional-042,feedforward,17,109,be65c3cf7720e5805db3f1eeb285d832d662e8b54d5684fc51e051e9ce4032a2,Proportional,42,9449678791501910696,1.73,0.05924855491329479,9,True,True,9,0.0,False,0.175,False
trained-feedforward-17-proportional-043,feedforward,17,109,be65c3cf7720e5805db3f1eeb285d832d662e8b54d5684fc51e051e9ce4032a2,Proportional,43,10432943311609030449,2.26,0.22400442477876104,15,True,True,15,0.0,False,0.21875,False
trained-feedforward-17-proportional-044,feedforward,17,109,be65c3cf7720e5805db3f1eeb285d832d662e8b54d5684fc51e051e9ce4032a2,Proportional,44,11568104230132862225,8.781249999999998,0.6126334519572955,40,False,False,,200.0,True,0.3625,False
trained-feedforward-17-proportional-045,feedforward,17,109,be65c3cf7720e5805db3f1eeb285d832d662e8b54d5684fc51e051e9ce4032a2,Proportional,45,9315990193825034137,1.5724999999999998,0.071939586645469,6,True,True,6,0.0,False,0.10625,False
trained-feedforward-17-proportional-046,feedforward,17,109,be65c3cf7720e5805db3f1eeb285d832d662e8b54d5684fc51e051e9ce4032a2,Proportional,46,1166130173386349393,7.798749999999998,0.6164850136239782,40,False,False,,194.6,True,0.3375,False
trained-feedforward-17-proportional-047,feedforward,17,109,be65c3cf7720e5805db3f1eeb285d832d662e8b54d5684fc51e051e9ce4032a2,Proportional,47,13265927044890807208,9.146249999999998,0.6361555282219489,40,False,False,,130.2,True,0.325,False
trained-feedforward-17-proportional-048,feedforward,17,109,be65c3cf7720e5805db3f1eeb285d832d662e8b54d5684fc51e051e9ce4032a2,Proportional,48,193359263069798206,2.21,0.21040723981900447,9,True,True,9,0.0,False,0.1375,False
trained-feedforward-17-proportional-049,feedforward,17,109,be65c3cf7720e5805db3f1eeb285d832d662e8b54d5684fc51e051e9ce4032a2,Proportional,49,5067501727769332896,1.5025,0.08277870216306159,6,True,True,6,0.0,False,0.0875,False
trained-feedforward-17-proportional-050,feedforward,17,109,be65c3cf7720e5805db3f1eeb285d832d662e8b54d5684fc51e051e9ce4032a2,Proportional,50,16388587485246710231,2.9599999999999995,0.29434121621621623,15,True,True,15,0.0,False,0.23125,False
trained-feedforward-17-proportional-051,feedforward,17,109,be65c3cf7720e5805db3f1eeb285d832d662e8b54d5684fc51e051e9ce4032a2,Proportional,51,14423128224869911965,2.28,0.3070175438596491,21,True,True,21,0.0,False,0.1875,False
trained-feedforward-17-proportional-052,feedforward,17,109,be65c3cf7720e5805db3f1eeb285d832d662e8b54d5684fc51e051e9ce4032a2,Proportional,52,2655033292020402105,1.69,0.1878698224852071,7,True,True,7,0.0,False,0.08125,False
trained-feedforward-17-proportional-053,feedforward,17,109,be65c3cf7720e5805db3f1eeb285d832d662e8b54d5684fc51e051e9ce4032a2,Proportional,53,18420431336120879164,7.933749999999998,0.5960690089806208,40,False,False,,155.39999999999998,True,0.3375,False
trained-feedforward-17-proportional-054,feedforward,17,109,be65c3cf7720e5805db3f1eeb285d832d662e8b54d5684fc51e051e9ce4032a2,Proportional,54,17911386065647842353,3.747499999999999,0.42978652434956627,17,True,True,17,0.0,False,0.20625,False
trained-feedforward-17-proportional-055,feedforward,17,109,be65c3cf7720e5805db3f1eeb285d832d662e8b54d5684fc51e051e9ce4032a2,Proportional,55,7257709382726209840,6.476249999999999,0.5712700250916811,40,False,False,,200.0,True,0.34375,False
trained-feedforward-17-proportional-056,feedforward,17,109,be65c3cf7720e5805db3f1eeb285d832d662e8b54d5684fc51e051e9ce4032a2,Proportional,56,8208158451974912759,7.927499999999999,0.6210186061179439,40,False,False,,200.0,True,0.34375,False
trained-feedforward-17-proportional-057,feedforward,17,109,be65c3cf7720e5805db3f1eeb285d832d662e8b54d5684fc51e051e9ce4032a2,Proportional,57,15180601146365933711,4.497499999999999,0.4064758198999444,24,True,True,24,0.0,False,0.25625,False
trained-feedforward-17-proportional-058,feedforward,17,109,be65c3cf7720e5805db3f1eeb285d832d662e8b54d5684fc51e051e9ce4032a2,Proportional,58,2332725338479871321,2.974999999999999,0.26806722689075624,31,True,True,31,0.0,False,0.33125,False
trained-feedforward-17-proportional-059,feedforward,17,109,be65c3cf7720e5805db3f1eeb285d832d662e8b54d5684fc51e051e9ce4032a2,Proportional,59,3180150562919951289,3.539999999999999,0.3132062146892655,15,True,True,15,0.0,False,0.26875,False
trained-feedforward-17-proportional-060,feedforward,17,109,be65c3cf7720e5805db3f1eeb285d832d662e8b54d5684fc51e051e9ce4032a2,Proportional,60,3864150330346622186,1.7525,0.13944365192582023,10,True,True,10,0.0,False,0.125,False
trained-feedforward-17-proportional-061,feedforward,17,109,be65c3cf7720e5805db3f1eeb285d832d662e8b54d5684fc51e051e9ce4032a2,Proportional,61,13128980336667155372,1.8274999999999997,0.1152530779753762,9,True,True,9,0.0,False,0.11875,False
trained-feedforward-17-proportional-062,feedforward,17,109,be65c3cf7720e5805db3f1eeb285d832d662e8b54d5684fc51e051e9ce4032a2,Proportional,62,9825099265349125361,1.7425,0.06205164992826398,11,True,True,11,0.0,False,0.1875,False
trained-feedforward-17-proportional-063,feedforward,17,109,be65c3cf7720e5805db3f1eeb285d832d662e8b54d5684fc51e051e9ce4032a2,Proportional,63,12147609299670456746,8.004999999999999,0.59946908182386,40,False,False,,200.0,True,0.325,False
trained-feedforward-29-equal-000,feedforward,29,116,72769aecba837a6103debf4e06eb9657c7c975953a6c9238c6f38ec4da84fe6f,Equal,0,9582783338317748241,1.7725,0.10490126939351198,11,True,True,11,0.0,False,0.25,False
trained-feedforward-29-equal-001,feedforward,29,116,72769aecba837a6103debf4e06eb9657c7c975953a6c9238c6f38ec4da84fe6f,Equal,1,4116101420550204534,2.0875,0.19236526946107785,15,True,True,15,0.0,False,0.35,False
trained-feedforward-29-equal-002,feedforward,29,116,72769aecba837a6103debf4e06eb9657c7c975953a6c9238c6f38ec4da84fe6f,Equal,2,10412724979524884233,2.0374999999999996,0.0897239263803681,16,True,True,16,0.0,False,0.375,False
trained-feedforward-29-equal-003,feedforward,29,116,72769aecba837a6103debf4e06eb9657c7c975953a6c9238c6f38ec4da84fe6f,Equal,3,12781479251937113517,2.1774999999999998,0.16145235361653276,14,True,True,14,0.0,False,0.325,False
trained-feedforward-29-equal-004,feedforward,29,116,72769aecba837a6103debf4e06eb9657c7c975953a6c9238c6f38ec4da84fe6f,Equal,4,4055323302102808629,2.4174999999999995,0.10793691830403312,14,True,True,14,0.0,False,0.325,False
trained-feedforward-29-equal-005,feedforward,29,116,72769aecba837a6103debf4e06eb9657c7c975953a6c9238c6f38ec4da84fe6f,Equal,5,16670857821979554474,1.4925,0.06804857621440538,11,True,True,11,0.0,False,0.25,False
trained-feedforward-29-equal-006,feedforward,29,116,72769aecba837a6103debf4e06eb9657c7c975953a6c9238c6f38ec4da84fe6f,Equal,6,17832620721222203149,1.8549999999999998,0.07412398921832881,11,True,True,11,0.0,False,0.25,False
trained-feedforward-29-equal-007,feedforward,29,116,72769aecba837a6103debf4e06eb9657c7c975953a6c9238c6f38ec4da84fe6f,Equal,7,3792261317445568384,2.42,0.1575413223140496,13,True,True,13,0.0,False,0.3,False
trained-feedforward-29-equal-008,feedforward,29,116,72769aecba837a6103debf4e06eb9657c7c975953a6c9238c6f38ec4da84fe6f,Equal,8,12671708134950735023,2.29,0.0900655021834061,10,True,True,10,0.0,False,0.225,False
trained-feedforward-29-equal-009,feedforward,29,116,72769aecba837a6103debf4e06eb9657c7c975953a6c9238c6f38ec4da84fe6f,Equal,9,11391290506362679068,1.9074999999999998,0.1761140235910878,14,True,True,14,0.0,False,0.325,False
trained-feedforward-29-equal-010,feedforward,29,116,72769aecba837a6103debf4e06eb9657c7c975953a6c9238c6f38ec4da84fe6f,Equal,10,3786902695720543521,1.5099999999999998,0.0910596026490066,8,True,True,8,0.0,False,0.175,False
trained-feedforward-29-equal-011,feedforward,29,116,72769aecba837a6103debf4e06eb9657c7c975953a6c9238c6f38ec4da84fe6f,Equal,11,17314871042558281410,2.155,0.06525522041763339,9,True,True,9,0.0,False,0.2,False
trained-feedforward-29-equal-012,feedforward,29,116,72769aecba837a6103debf4e06eb9657c7c975953a6c9238c6f38ec4da84fe6f,Equal,12,2879942018789313973,2.8349999999999995,0.1234567901234568,12,True,True,12,0.0,False,0.275,False
trained-feedforward-29-equal-013,feedforward,29,116,72769aecba837a6103debf4e06eb9657c7c975953a6c9238c6f38ec4da84fe6f,Equal,13,11583532257830020360,2.3824999999999994,0.20658447009443867,14,True,True,14,0.0,False,0.325,False
trained-feedforward-29-equal-014,feedforward,29,116,72769aecba837a6103debf4e06eb9657c7c975953a6c9238c6f38ec4da84fe6f,Equal,14,18047545069738225120,2.6249999999999996,0.10357142857142858,12,True,True,12,0.0,False,0.3,False
trained-feedforward-29-equal-015,feedforward,29,116,72769aecba837a6103debf4e06eb9657c7c975953a6c9238c6f38ec4da84fe6f,Equal,15,13110662896798762407,2.3724999999999996,0.15213382507903056,14,True,True,14,0.0,False,0.325,False
trained-feedforward-29-equal-016,feedforward,29,116,72769aecba837a6103debf4e06eb9657c7c975953a6c9238c6f38ec4da84fe6f,Equal,16,14565208531733706843,1.95,0.14102564102564105,14,True,True,14,0.0,False,0.325,False
trained-feedforward-29-equal-017,feedforward,29,116,72769aecba837a6103debf4e06eb9657c7c975953a6c9238c6f38ec4da84fe6f,Equal,17,5051867547614483034,2.6149999999999993,0.10038240917782032,14,True,True,14,0.0,False,0.325,False
trained-feedforward-29-equal-018,feedforward,29,116,72769aecba837a6103debf4e06eb9657c7c975953a6c9238c6f38ec4da84fe6f,Equal,18,12548645985226322332,2.4324999999999997,0.07772353545734843,17,True,True,17,0.0,False,0.4,False
trained-feedforward-29-equal-019,feedforward,29,116,72769aecba837a6103debf4e06eb9657c7c975953a6c9238c6f38ec4da84fe6f,Equal,19,12577374573784396786,2.2325,0.060890257558790566,13,True,True,13,0.0,False,0.3,False
trained-feedforward-29-equal-020,feedforward,29,116,72769aecba837a6103debf4e06eb9657c7c975953a6c9238c6f38ec4da84fe6f,Equal,20,11532818148570379639,1.9299999999999997,0.10848445595854926,11,True,True,11,0.0,False,0.25,False
trained-feedforward-29-equal-021,feedforward,29,116,72769aecba837a6103debf4e06eb9657c7c975953a6c9238c6f38ec4da84fe6f,Equal,21,7434083734130075933,2.1149999999999993,0.10195035460992906,10,True,True,10,0.0,False,0.225,False
trained-feedforward-29-equal-022,feedforward,29,116,72769aecba837a6103debf4e06eb9657c7c975953a6c9238c6f38ec4da84fe6f,Equal,22,16912588717200488260,1.8224999999999998,0.17746913580246912,8,True,True,8,0.0,False,0.175,False
trained-feedforward-29-equal-023,feedforward,29,116,72769aecba837a6103debf4e06eb9657c7c975953a6c9238c6f38ec4da84fe6f,Equal,23,12826939212554793769,2.7424999999999997,0.1122379216043756,20,True,True,20,0.0,False,0.475,False
trained-feedforward-29-equal-024,feedforward,29,116,72769aecba837a6103debf4e06eb9657c7c975953a6c9238c6f38ec4da84fe6f,Equal,24,6951101181796536771,1.7474999999999998,0.05990701001430616,11,True,True,11,0.0,False,0.25,False
trained-feedforward-29-equal-025,feedforward,29,116,72769aecba837a6103debf4e06eb9657c7c975953a6c9238c6f38ec4da84fe6f,Equal,25,2830157625418417411,1.9499999999999997,0.10897435897435898,13,True,True,13,0.0,False,0.325,False
trained-feedforward-29-equal-026,feedforward,29,116,72769aecba837a6103debf4e06eb9657c7c975953a6c9238c6f38ec4da84fe6f,Equal,26,2728707143207967519,1.5975,0.19659624413145535,6,True,True,6,0.0,False,0.125,False
trained-feedforward-29-equal-027,feedforward,29,116,72769aecba837a6103debf4e06eb9657c7c975953a6c9238c6f38ec4da84fe6f,Equal,27,9400864986357299691,2.0725,0.09424004825090469,12,True,True,12,0.0,False,0.275,False
trained-feedforward-29-equal-028,feedforward,29,116,72769aecba837a6103debf4e06eb9657c7c975953a6c9238c6f38ec4da84fe6f,Equal,28,7925961109340920199,1.6475,0.20390743550834597,9,True,True,9,0.0,False,0.2,False
trained-feedforward-29-equal-029,feedforward,29,116,72769aecba837a6103debf4e06eb9657c7c975953a6c9238c6f38ec4da84fe6f,Equal,29,6782029639322393121,1.4825,0.15914839797639124,7,True,True,7,0.0,False,0.15,False
trained-feedforward-29-equal-030,feedforward,29,116,72769aecba837a6103debf4e06eb9657c7c975953a6c9238c6f38ec4da84fe6f,Equal,30,12699100986782527492,1.97,0.10786802030456855,10,True,True,10,0.0,False,0.25,False
trained-feedforward-29-equal-031,feedforward,29,116,72769aecba837a6103debf4e06eb9657c7c975953a6c9238c6f38ec4da84fe6f,Equal,31,15286962849267147000,1.7425,0.13898852223816358,8,True,True,8,0.0,False,0.175,False
trained-feedforward-29-equal-032,feedforward,29,116,72769aecba837a6103debf4e06eb9657c7c975953a6c9238c6f38ec4da84fe6f,Equal,32,12823176765838295541,1.4324999999999999,0.059991273996509616,8,True,True,8,0.0,False,0.175,False
trained-feedforward-29-equal-033,feedforward,29,116,72769aecba837a6103debf4e06eb9657c7c975953a6c9238c6f38ec4da84fe6f,Equal,33,7902640788968804674,2.1599999999999997,0.0462962962962963,14,True,True,14,0.0,False,0.325,False
trained-feedforward-29-equal-034,feedforward,29,116,72769aecba837a6103debf4e06eb9657c7c975953a6c9238c6f38ec4da84fe6f,Equal,34,15252108062020800758,1.5724999999999998,0.1480524642289348,11,True,True,11,0.0,False,0.25,False
trained-feedforward-29-equal-035,feedforward,29,116,72769aecba837a6103debf4e06eb9657c7c975953a6c9238c6f38ec4da84fe6f,Equal,35,9681266684146616554,1.8375,0.10459183673469391,11,True,True,11,0.0,False,0.25,False
trained-feedforward-29-equal-036,feedforward,29,116,72769aecba837a6103debf4e06eb9657c7c975953a6c9238c6f38ec4da84fe6f,Equal,36,16343370154906962150,1.6549999999999998,0.12273413897280964,10,True,True,10,0.0,False,0.225,False
trained-feedforward-29-equal-037,feedforward,29,116,72769aecba837a6103debf4e06eb9657c7c975953a6c9238c6f38ec4da84fe6f,Equal,37,5361066415170804196,2.1049999999999995,0.10837292161520193,11,True,True,11,0.0,False,0.25,False
trained-feedforward-29-equal-038,feedforward,29,116,72769aecba837a6103debf4e06eb9657c7c975953a6c9238c6f38ec4da84fe6f,Equal,38,14815459616330583799,2.21,0.10463800904977376,15,True,True,15,0.0,False,0.35,False
trained-feedforward-29-equal-039,feedforward,29,116,72769aecba837a6103debf4e06eb9657c7c975953a6c9238c6f38ec4da84fe6f,Equal,39,12508579552674515578,1.645,0.10448328267477204,10,True,True,10,0.0,False,0.225,False
trained-feedforward-29-equal-040,feedforward,29,116,72769aecba837a6103debf4e06eb9657c7c975953a6c9238c6f38ec4da84fe6f,Equal,40,5205404679740164876,2.0424999999999995,0.08491432068543452,11,True,True,11,0.0,False,0.25,False
trained-feedforward-29-equal-041,feedforward,29,116,72769aecba837a6103debf4e06eb9657c7c975953a6c9238c6f38ec4da84fe6f,Equal,41,4039867171958264234,1.72,0.11264534883720931,11,True,True,11,0.0,False,0.25,False
trained-feedforward-29-equal-042,feedforward,29,116,72769aecba837a6103debf4e06eb9657c7c975953a6c9238c6f38ec4da84fe6f,Equal,42,5274127968099072198,2.045,0.06723716381418093,21,True,True,21,0.0,False,0.5,False
trained-feedforward-29-equal-043,feedforward,29,116,72769aecba837a6103debf4e06eb9657c7c975953a6c9238c6f38ec4da84fe6f,Equal,43,5817158454225318010,1.8999999999999997,0.11184210526315791,16,True,True,16,0.0,False,0.375,False
trained-feedforward-29-equal-044,feedforward,29,116,72769aecba837a6103debf4e06eb9657c7c975953a6c9238c6f38ec4da84fe6f,Equal,44,8098687014106567111,2.8924999999999996,0.14639152981849612,16,True,True,16,0.0,False,0.375,False
trained-feedforward-29-equal-045,feedforward,29,116,72769aecba837a6103debf4e06eb9657c7c975953a6c9238c6f38ec4da84fe6f,Equal,45,611733599366769190,1.6974999999999998,0.03773932253313695,7,True,True,7,0.0,False,0.15,False
trained-feedforward-29-equal-046,feedforward,29,116,72769aecba837a6103debf4e06eb9657c7c975953a6c9238c6f38ec4da84fe6f,Equal,46,4263140239421842288,1.7174999999999998,0.14465065502183402,7,True,True,7,0.0,False,0.15,False
trained-feedforward-29-equal-047,feedforward,29,116,72769aecba837a6103debf4e06eb9657c7c975953a6c9238c6f38ec4da84fe6f,Equal,47,3787764898168419581,1.625,0.05576923076923078,9,True,True,9,0.0,False,0.225,False
trained-feedforward-29-equal-048,feedforward,29,116,72769aecba837a6103debf4e06eb9657c7c975953a6c9238c6f38ec4da84fe6f,Equal,48,1972981994286448216,2.0774999999999997,0.05490373044524669,22,True,True,22,0.0,False,0.525,False
trained-feedforward-29-equal-049,feedforward,29,116,72769aecba837a6103debf4e06eb9657c7c975953a6c9238c6f38ec4da84fe6f,Equal,49,315549286607947147,1.9199999999999997,0.11393229166666669,13,True,True,13,0.0,False,0.325,False
trained-feedforward-29-equal-050,feedforward,29,116,72769aecba837a6103debf4e06eb9657c7c975953a6c9238c6f38ec4da84fe6f,Equal,50,17248147401738770626,1.895,0.05112137203166225,12,True,True,12,0.0,False,0.275,False
trained-feedforward-29-equal-051,feedforward,29,116,72769aecba837a6103debf4e06eb9657c7c975953a6c9238c6f38ec4da84fe6f,Equal,51,10990382474556887083,2.1174999999999997,0.06272136953955139,14,True,True,14,0.0,False,0.325,False
trained-feedforward-29-equal-052,feedforward,29,116,72769aecba837a6103debf4e06eb9657c7c975953a6c9238c6f38ec4da84fe6f,Equal,52,8646762122233488367,1.8099999999999998,0.16919889502762434,8,True,True,8,0.0,False,0.175,False
trained-feedforward-29-equal-053,feedforward,29,116,72769aecba837a6103debf4e06eb9657c7c975953a6c9238c6f38ec4da84fe6f,Equal,53,4830651027318653205,2.3924999999999996,0.043756530825496354,12,True,True,12,0.0,False,0.275,False
trained-feedforward-29-equal-054,feedforward,29,116,72769aecba837a6103debf4e06eb9657c7c975953a6c9238c6f38ec4da84fe6f,Equal,54,4248157686539220254,1.8599999999999999,0.072244623655914,10,True,True,10,0.0,False,0.225,False
trained-feedforward-29-equal-055,feedforward,29,116,72769aecba837a6103debf4e06eb9657c7c975953a6c9238c6f38ec4da84fe6f,Equal,55,18175910638112211481,1.835,0.2247956403269755,9,True,True,9,0.0,False,0.2,False
trained-feedforward-29-equal-056,feedforward,29,116,72769aecba837a6103debf4e06eb9657c7c975953a6c9238c6f38ec4da84fe6f,Equal,56,13044983462390685166,1.7999999999999998,0.21875000000000006,11,True,True,11,0.0,False,0.25,False
trained-feedforward-29-equal-057,feedforward,29,116,72769aecba837a6103debf4e06eb9657c7c975953a6c9238c6f38ec4da84fe6f,Equal,57,13012365028660931882,1.9874999999999998,0.07783018867924532,11,True,True,11,0.0,False,0.25,False
trained-feedforward-29-equal-058,feedforward,29,116,72769aecba837a6103debf4e06eb9657c7c975953a6c9238c6f38ec4da84fe6f,Equal,58,1483236693670005406,2.2975,0.12717627856365618,12,True,True,12,0.0,False,0.3,False
trained-feedforward-29-equal-059,feedforward,29,116,72769aecba837a6103debf4e06eb9657c7c975953a6c9238c6f38ec4da84fe6f,Equal,59,8201688127385005453,2.1399999999999997,0.07301401869158879,13,True,True,13,0.0,False,0.3,False
trained-feedforward-29-equal-060,feedforward,29,116,72769aecba837a6103debf4e06eb9657c7c975953a6c9238c6f38ec4da84fe6f,Equal,60,2597020552504023682,1.9149999999999998,0.13707571801566582,12,True,True,12,0.0,False,0.275,False
trained-feedforward-29-equal-061,feedforward,29,116,72769aecba837a6103debf4e06eb9657c7c975953a6c9238c6f38ec4da84fe6f,Equal,61,16197889759148042108,2.0124999999999997,0.10481366459627331,12,True,True,12,0.0,False,0.275,False
trained-feedforward-29-equal-062,feedforward,29,116,72769aecba837a6103debf4e06eb9657c7c975953a6c9238c6f38ec4da84fe6f,Equal,62,6395433329152717889,1.4375,0.06847826086956521,7,True,True,7,0.0,False,0.15,False
trained-feedforward-29-equal-063,feedforward,29,116,72769aecba837a6103debf4e06eb9657c7c975953a6c9238c6f38ec4da84fe6f,Equal,63,17258997290965783514,1.9724999999999997,0.21942332065906212,9,True,True,9,0.0,False,0.2,False
trained-feedforward-29-interpolating-000,feedforward,29,116,72769aecba837a6103debf4e06eb9657c7c975953a6c9238c6f38ec4da84fe6f,Interpolating,0,3156926311214207683,5.779999999999999,0.4651402880793432,25,True,True,25,0.0,False,0.35625,True
trained-feedforward-29-interpolating-001,feedforward,29,116,72769aecba837a6103debf4e06eb9657c7c975953a6c9238c6f38ec4da84fe6f,Interpolating,1,9968726632527369812,1.77,0.12994325829756195,12,True,True,12,0.0,False,0.14375,True
trained-feedforward-29-interpolating-002,feedforward,29,116,72769aecba837a6103debf4e06eb9657c7c975953a6c9238c6f38ec4da84fe6f,Interpolating,2,14706588059179244024,8.872499999999999,0.13580566707275962,33,True,True,33,0.0,False,0.6125,True
trained-feedforward-29-interpolating-003,feedforward,29,116,72769aecba837a6103debf4e06eb9657c7c975953a6c9238c6f38ec4da84fe6f,Interpolating,3,9877637247350884278,8.798749999999998,0.14276841303042526,39,True,True,39,0.0,False,0.6625,True
trained-feedforward-29-interpolating-004,feedforward,29,116,72769aecba837a6103debf4e06eb9657c7c975953a6c9238c6f38ec4da84fe6f,Interpolating,4,7131795508697956389,1.9,0.11776315181764206,17,True,True,17,0.0,False,0.2625,True
trained-feedforward-29-interpolating-005,feedforward,29,116,72769aecba837a6103debf4e06eb9657c7c975953a6c9238c6f38ec4da84fe6f,Interpolating,5,13597894592470979369,1.9,0.18947368420644362,23,True,True,23,0.0,False,0.25,True
trained-feedforward-29-interpolating-006,feedforward,29,116,72769aecba837a6103debf4e06eb9657c7c975953a6c9238c6f38ec4da84fe6f,Interpolating,6,5291743489958966456,2.1725,0.19188695126057428,26,True,True,26,0.0,False,0.25625,True
trained-feedforward-29-interpolating-007,feedforward,29,116,72769aecba837a6103debf4e06eb9657c7c975953a6c9238c6f38ec4da84fe6f,Interpolating,7,4237313232142074069,2.4875,0.2962311552272321,23,True,True,23,0.0,False,0.2125,True
trained-feedforward-29-interpolating-008,feedforward,29,116,72769aecba837a6103debf4e06eb9657c7c975953a6c9238c6f38ec4da84fe6f,Interpolating,8,11016535505571119099,8.971249999999998,0.1906545836522353,40,False,False,,74.19999999999999,True,0.7375,True
trained-feedforward-29-interpolating-009,feedforward,29,116,72769aecba837a6103debf4e06eb9657c7c975953a6c9238c6f38ec4da84fe6f,Interpolating,9,15494244710995717457,9.757499999999997,0.35286346848926203,40,False,False,,93.8,True,0.6875,True
trained-feedforward-29-interpolating-010,feedforward,29,116,72769aecba837a6103debf4e06eb9657c7c975953a6c9238c6f38ec4da84fe6f,Interpolating,10,4305983913061151368,2.5774999999999997,0.31547033360451693,12,True,True,12,0.0,False,0.14375,True
trained-feedforward-29-interpolating-011,feedforward,29,116,72769aecba837a6103debf4e06eb9657c7c975953a6c9238c6f38ec4da84fe6f,Interpolating,11,7178938224703464574,1.7899999999999998,0.11941340677118817,11,True,True,11,0.0,False,0.1875,True
trained-feedforward-29-interpolating-012,feedforward,29,116,72769aecba837a6103debf4e06eb9657c7c975953a6c9238c6f38ec4da84fe6f,Interpolating,12,8276440906401991001,2.0174999999999996,0.11864922517567142,12,True,True,12,0.0,False,0.1625,True
trained-feedforward-29-interpolating-013,feedforward,29,116,72769aecba837a6103debf4e06eb9657c7c975953a6c9238c6f38ec4da84fe6f,Interpolating,13,17819124151728394620,7.5249999999999995,0.23619323217233357,33,True,True,33,0.0,False,0.53125,True
trained-feedforward-29-interpolating-014,feedforward,29,116,72769aecba837a6103debf4e06eb9657c7c975953a6c9238c6f38ec4da84fe6f,Interpolating,14,17130608782844921771,2.34,0.20886679028568184,14,True,True,14,0.0,False,0.19375,True
trained-feedforward-29-interpolating-015,feedforward,29,116,72769aecba837a6103debf4e06eb9657c7c975953a6c9238c6f38ec4da84fe6f,Interpolating,15,8048285328027763612,3.0112499999999995,0.2549624847392664,11,True,True,11,0.0,False,0.15625,True
trained-feedforward-29-interpolating-016,feedforward,29,116,72769aecba837a6103debf4e06eb9657c7c975953a6c9238c6f38ec4da84fe6f,Interpolating,16,11783876858558278741,5.276249999999999,0.3036890153798357,31,True,True,31,0.0,False,0.4125,True
trained-feedforward-29-interpolating-017,feedforward,29,116,72769aecba837a6103debf4e06eb9657c7c975953a6c9238c6f38ec4da84fe6f,Interpolating,17,814902112093202785,2.5124999999999997,0.23034484280129813,12,True,True,12,0.0,False,0.1625,True
trained-feedforward-29-interpolating-018,feedforward,29,116,72769aecba837a6103debf4e06eb9657c7c975953a6c9238c6f38ec4da84fe6f,Interpolating,18,12531447682947934229,3.0124999999999993,0.3645155214326774,15,True,True,15,0.0,False,0.2125,True
trained-feedforward-29-interpolating-019,feedforward,29,116,72769aecba837a6103debf4e06eb9657c7c975953a6c9238c6f38ec4da84fe6f,Interpolating,19,8896458556287037108,5.8325,0.1299956218017297,24,True,True,24,0.0,False,0.425,True
trained-feedforward-29-interpolating-020,feedforward,29,116,72769aecba837a6103debf4e06eb9657c7c975953a6c9238c6f38ec4da84fe6f,Interpolating,20,3285511102580246210,1.315,0.02661596958174904,3,True,True,3,0.0,False,0.05,True
trained-feedforward-29-interpolating-021,feedforward,29,116,72769aecba837a6103debf4e06eb9657c7c975953a6c9238c6f38ec4da84fe6f,Interpolating,21,13352178882654527716,10.291249999999998,0.10717590218391276,40,False,False,,113.39999999999999,True,0.7375,True
trained-feedforward-29-interpolating-022,feedforward,29,116,72769aecba837a6103debf4e06eb9657c7c975953a6c9238c6f38ec4da84fe6f,Interpolating,22,17235790859522867585,4.839999999999999,0.07554272768773061,33,True,True,33,0.0,False,0.45,True
trained-feedforward-29-interpolating-023,feedforward,29,116,72769aecba837a6103debf4e06eb9657c7c975953a6c9238c6f38ec4da84fe6f,Interpolating,23,12548543102305486192,2.2899999999999996,0.13209147424069637,15,True,True,15,0.0,False,0.29375,True
trained-feedforward-29-interpolating-024,feedforward,29,116,72769aecba837a6103debf4e06eb9657c7c975953a6c9238c6f38ec4da84fe6f,Interpolating,24,4785826161010107822,2.6574999999999998,0.3346653162791039,19,True,True,19,0.0,False,0.18125,True
trained-feedforward-29-interpolating-025,feedforward,29,116,72769aecba837a6103debf4e06eb9657c7c975953a6c9238c6f38ec4da84fe6f,Interpolating,25,11970310678109915378,2.215,0.13260158569330055,12,True,True,12,0.0,False,0.18125,True
trained-feedforward-29-interpolating-026,feedforward,29,116,72769aecba837a6103debf4e06eb9657c7c975953a6c9238c6f38ec4da84fe6f,Interpolating,26,2954627734929344860,11.416249999999998,0.05408854272016281,40,False,False,,161.0,True,0.89375,True
trained-feedforward-29-interpolating-027,feedforward,29,116,72769aecba837a6103debf4e06eb9657c7c975953a6c9238c6f38ec4da84fe6f,Interpolating,27,6688449103634187442,2.3975,0.276590194471443,19,True,True,19,0.0,False,0.225,True
trained-feedforward-29-interpolating-028,feedforward,29,116,72769aecba837a6103debf4e06eb9657c7c975953a6c9238c6f38ec4da84fe6f,Interpolating,28,5831909565902850175,1.6099999999999999,0.1288819873763063,12,True,True,12,0.0,False,0.1375,True
trained-feedforward-29-interpolating-029,feedforward,29,116,72769aecba837a6103debf4e06eb9657c7c975953a6c9238c6f38ec4da84fe6f,Interpolating,29,4157385791568276077,5.879999999999999,0.061437568445039455,25,True,True,25,0.0,False,0.4875,True
trained-feedforward-29-interpolating-030,feedforward,29,116,72769aecba837a6103debf4e06eb9657c7c975953a6c9238c6f38ec4da84fe6f,Interpolating,30,1241963482394762750,3.5399999999999996,0.3552251941316657,26,True,True,26,0.0,False,0.28125,True
trained-feedforward-29-interpolating-031,feedforward,29,116,72769aecba837a6103debf4e06eb9657c7c975953a6c9238c6f38ec4da84fe6f,Interpolating,31,15085101828959148638,6.1637499999999985,0.07486606098491136,27,True,True,27,0.0,False,0.49375,True
trained-feedforward-29-interpolating-032,feedforward,29,116,72769aecba837a6103debf4e06eb9657c7c975953a6c9238c6f38ec4da84fe6f,Interpolating,32,12150115176877240130,7.387499999999998,0.2981674200639334,35,True,True,35,0.0,False,0.4625,True
trained-feedforward-29-interpolating-033,feedforward,29,116,72769aecba837a6103debf4e06eb9657c7c975953a6c9238c6f38ec4da84fe6f,Interpolating,33,8739298043961187874,3.0075,0.28158797978921596,20,True,True,20,0.0,False,0.26875,True
trained-feedforward-29-interpolating-034,feedforward,29,116,72769aecba837a6103debf4e06eb9657c7c975953a6c9238c6f38ec4da84fe6f,Interpolating,34,9122132940586040116,1.5949999999999998,0.08463870692967576,4,True,True,4,0.0,False,0.0625,True
trained-feedforward-29-interpolating-035,feedforward,29,116,72769aecba837a6103debf4e06eb9657c7c975953a6c9238c6f38ec4da84fe6f,Interpolating,35,1691658952016104534,2.5699999999999994,0.14593406428917383,19,True,True,19,0.0,False,0.275,True
trained-feedforward-29-interpolating-036,feedforward,29,116,72769aecba837a6103debf4e06eb9657c7c975953a6c9238c6f38ec4da84fe6f,Interpolating,36,2204155992089423895,2.2449999999999997,0.23719346033654773,12,True,True,12,0.0,False,0.14375,True
trained-feedforward-29-interpolating-037,feedforward,29,116,72769aecba837a6103debf4e06eb9657c7c975953a6c9238c6f38ec4da84fe6f,Interpolating,37,10728031724393622500,2.5349999999999997,0.24703991704791897,10,True,True,10,0.0,False,0.15,True
trained-feedforward-29-interpolating-038,feedforward,29,116,72769aecba837a6103debf4e06eb9657c7c975953a6c9238c6f38ec4da84fe6f,Interpolating,38,8662903232629833079,2.5475,0.33243365054331014,13,True,True,13,0.0,False,0.14375,True
trained-feedforward-29-interpolating-039,feedforward,29,116,72769aecba837a6103debf4e06eb9657c7c975953a6c9238c6f38ec4da84fe6f,Interpolating,39,11914770651339291262,2.2874999999999996,0.19043690010840622,14,True,True,14,0.0,False,0.2,True
trained-feedforward-29-interpolating-040,feedforward,29,116,72769aecba837a6103debf4e06eb9657c7c975953a6c9238c6f38ec4da84fe6f,Interpolating,40,5159311468837577813,2.6924999999999994,0.29038995880179097,15,True,True,15,0.0,False,0.21875,True
trained-feedforward-29-interpolating-041,feedforward,29,116,72769aecba837a6103debf4e06eb9657c7c975953a6c9238c6f38ec4da84fe6f,Interpolating,41,1115171565478664508,5.7875,0.1755863876341305,20,True,True,20,0.0,False,0.39375,True
trained-feedforward-29-interpolating-042,feedforward,29,116,72769aecba837a6103debf4e06eb9657c7c975953a6c9238c6f38ec4da84fe6f,Interpolating,42,13974465055813483089,2.0275,0.25554870436675353,8,True,True,8,0.0,False,0.11875,True
trained-feedforward-29-interpolating-043,feedforward,29,116,72769aecba837a6103debf4e06eb9657c7c975953a6c9238c6f38ec4da84fe6f,Interpolating,43,2745950137416900068,2.9274999999999998,0.31062314774421607,20,True,True,20,0.0,False,0.25,True
trained-feedforward-29-interpolating-044,feedforward,29,116,72769aecba837a6103debf4e06eb9657c7c975953a6c9238c6f38ec4da84fe6f,Interpolating,44,15171064898313525207,3.2637499999999995,0.06795145440676024,15,True,True,15,0.0,False,0.25625,True
trained-feedforward-29-interpolating-045,feedforward,29,116,72769aecba837a6103debf4e06eb9657c7c975953a6c9238c6f38ec4da84fe6f,Interpolating,45,4584791067697613613,2.2924999999999995,0.2194080540532541,6,True,True,6,0.0,False,0.13125,True
trained-feedforward-29-interpolating-046,feedforward,29,116,72769aecba837a6103debf4e06eb9657c7c975953a6c9238c6f38ec4da84fe6f,Interpolating,46,16778273175393091763,3.4875,0.062085621622458925,19,True,True,19,0.0,False,0.28125,True
trained-feedforward-29-interpolating-047,feedforward,29,116,72769aecba837a6103debf4e06eb9657c7c975953a6c9238c6f38ec4da84fe6f,Interpolating,47,7181781279893730051,1.9749999999999996,0.15126029558719525,10,True,True,10,0.0,False,0.15,True
trained-feedforward-29-interpolating-048,feedforward,29,116,72769aecba837a6103debf4e06eb9657c7c975953a6c9238c6f38ec4da84fe6f,Interpolating,48,11798579829480899474,1.9825,0.09927483219571813,11,True,True,11,0.0,False,0.15625,True
trained-feedforward-29-interpolating-049,feedforward,29,116,72769aecba837a6103debf4e06eb9657c7c975953a6c9238c6f38ec4da84fe6f,Interpolating,49,17835558606006486981,2.0075,0.1952054655696961,22,True,True,22,0.0,False,0.21875,True
trained-feedforward-29-interpolating-050,feedforward,29,116,72769aecba837a6103debf4e06eb9657c7c975953a6c9238c6f38ec4da84fe6f,Interpolating,50,3744730907591719270,5.706249999999999,0.1979924287732789,20,True,True,20,0.0,False,0.36875,True
trained-feedforward-29-interpolating-051,feedforward,29,116,72769aecba837a6103debf4e06eb9657c7c975953a6c9238c6f38ec4da84fe6f,Interpolating,51,12482966027971667940,3.754999999999999,0.45037845580973357,40,False,False,,100.8,True,0.39375,True
trained-feedforward-29-interpolating-052,feedforward,29,116,72769aecba837a6103debf4e06eb9657c7c975953a6c9238c6f38ec4da84fe6f,Interpolating,52,1473313871984307692,2.945,0.36714762702888115,14,True,True,14,0.0,False,0.19375,True
trained-feedforward-29-interpolating-053,feedforward,29,116,72769aecba837a6103debf4e06eb9657c7c975953a6c9238c6f38ec4da84fe6f,Interpolating,53,13729285219862894905,1.43,0.06118881118879922,13,True,True,13,0.0,False,0.1375,True
trained-feedforward-29-interpolating-054,feedforward,29,116,72769aecba837a6103debf4e06eb9657c7c975953a6c9238c6f38ec4da84fe6f,Interpolating,54,13709678332498253600,2.5599999999999996,0.16204388283499901,10,True,True,10,0.0,False,0.15625,True
trained-feedforward-29-interpolating-055,feedforward,29,116,72769aecba837a6103debf4e06eb9657c7c975953a6c9238c6f38ec4da84fe6f,Interpolating,55,3392549000688775085,4.29125,0.4356964428035362,40,False,False,,68.6,True,0.3375,True
trained-feedforward-29-interpolating-056,feedforward,29,116,72769aecba837a6103debf4e06eb9657c7c975953a6c9238c6f38ec4da84fe6f,Interpolating,56,9906078993954779278,2.1599999999999997,0.20428236413570036,20,True,True,20,0.0,False,0.28125,True
trained-feedforward-29-interpolating-057,feedforward,29,116,72769aecba837a6103debf4e06eb9657c7c975953a6c9238c6f38ec4da84fe6f,Interpolating,57,2180661752402236791,1.38,0.01630434782605636,5,True,True,5,0.0,False,0.0875,True
trained-feedforward-29-interpolating-058,feedforward,29,116,72769aecba837a6103debf4e06eb9657c7c975953a6c9238c6f38ec4da84fe6f,Interpolating,58,13649520779997480591,9.063749999999999,0.2962917199002894,40,False,False,,124.6,True,0.575,True
trained-feedforward-29-interpolating-059,feedforward,29,116,72769aecba837a6103debf4e06eb9657c7c975953a6c9238c6f38ec4da84fe6f,Interpolating,59,15338968226640149308,3.3974999999999995,0.29356132845393507,18,True,True,18,0.0,False,0.30625,True
trained-feedforward-29-interpolating-060,feedforward,29,116,72769aecba837a6103debf4e06eb9657c7c975953a6c9238c6f38ec4da84fe6f,Interpolating,60,14671359405424610432,2.0749999999999997,0.2283132529769312,17,True,True,17,0.0,False,0.21875,True
trained-feedforward-29-interpolating-061,feedforward,29,116,72769aecba837a6103debf4e06eb9657c7c975953a6c9238c6f38ec4da84fe6f,Interpolating,61,8319505738414933495,1.855,0.09972977813638453,13,True,True,13,0.0,False,0.16875,True
trained-feedforward-29-interpolating-062,feedforward,29,116,72769aecba837a6103debf4e06eb9657c7c975953a6c9238c6f38ec4da84fe6f,Interpolating,62,15153046442751915796,1.73,0.1734104046241487,15,True,True,15,0.0,False,0.15,True
trained-feedforward-29-interpolating-063,feedforward,29,116,72769aecba837a6103debf4e06eb9657c7c975953a6c9238c6f38ec4da84fe6f,Interpolating,63,15875416479356624160,3.6137499999999996,0.14026343983869008,22,True,True,22,0.0,False,0.29375,True
trained-feedforward-29-mixed-000,feedforward,29,116,72769aecba837a6103debf4e06eb9657c7c975953a6c9238c6f38ec4da84fe6f,Mixed,0,8357418078333050281,2.42,0.09684917355371908,14,True,True,14,0.0,False,0.3125,False
trained-feedforward-29-mixed-001,feedforward,29,116,72769aecba837a6103debf4e06eb9657c7c975953a6c9238c6f38ec4da84fe6f,Mixed,1,7776095539830732879,2.1274999999999995,0.1174353701527615,11,True,True,11,0.0,False,0.24375,False
trained-feedforward-29-mixed-002,feedforward,29,116,72769aecba837a6103debf4e06eb9657c7c975953a6c9238c6f38ec4da84fe6f,Mixed,2,12267798470819073240,3.11125,0.09472492581460626,11,True,True,11,0.0,False,0.2375,False
trained-feedforward-29-mixed-003,feedforward,29,116,72769aecba837a6103debf4e06eb9657c7c975953a6c9238c6f38ec4da84fe6f,Mixed,3,1078686604870745897,2.5374999999999996,0.058189655172413784,16,True,True,16,0.0,False,0.375,False
trained-feedforward-29-mixed-004,feedforward,29,116,72769aecba837a6103debf4e06eb9657c7c975953a6c9238c6f38ec4da84fe6f,Mixed,4,4858938097715417910,1.68,0.06305803571428571,8,True,True,8,0.0,False,0.14375,False
trained-feedforward-29-mixed-005,feedforward,29,116,72769aecba837a6103debf4e06eb9657c7c975953a6c9238c6f38ec4da84fe6f,Mixed,5,13672257678789493422,2.7325,0.1425548947849954,13,True,True,13,0.0,False,0.29375,False
trained-feedforward-29-mixed-006,feedforward,29,116,72769aecba837a6103debf4e06eb9657c7c975953a6c9238c6f38ec4da84fe6f,Mixed,6,6435206130755048834,2.5075,0.03346211365902297,19,True,True,19,0.0,False,0.4,False
trained-feedforward-29-mixed-007,feedforward,29,116,72769aecba837a6103debf4e06eb9657c7c975953a6c9238c6f38ec4da84fe6f,Mixed,7,11719722478577333446,1.5824999999999998,0.028732227488151692,8,True,True,8,0.0,False,0.18125,False
trained-feedforward-29-mixed-008,feedforward,29,116,72769aecba837a6103debf4e06eb9657c7c975953a6c9238c6f38ec4da84fe6f,Mixed,8,441941754688621901,1.6575,0.08399321266968326,11,True,True,11,0.0,False,0.19375,False
trained-feedforward-29-mixed-009,feedforward,29,116,72769aecba837a6103debf4e06eb9657c7c975953a6c9238c6f38ec4da84fe6f,Mixed,9,586096991606165557,2.3249999999999997,0.020161290322580624,11,True,True,11,0.0,False,0.275,False
trained-feedforward-29-mixed-010,feedforward,29,116,72769aecba837a6103debf4e06eb9657c7c975953a6c9238c6f38ec4da84fe6f,Mixed,10,1526408782247254997,1.8124999999999998,0.07112068965517239,9,True,True,9,0.0,False,0.2,False
trained-feedforward-29-mixed-011,feedforward,29,116,72769aecba837a6103debf4e06eb9657c7c975953a6c9238c6f38ec4da84fe6f,Mixed,11,2391073431949563720,2.005,0.10614089775561102,16,True,True,16,0.0,False,0.3375,False
trained-feedforward-29-mixed-012,feedforward,29,116,72769aecba837a6103debf4e06eb9657c7c975953a6c9238c6f38ec4da84fe6f,Mixed,12,9828036665470154981,1.4425,0.032170710571923736,11,True,True,11,0.0,False,0.21875,False
trained-feedforward-29-mixed-013,feedforward,29,116,72769aecba837a6103debf4e06eb9657c7c975953a6c9238c6f38ec4da84fe6f,Mixed,13,6825539517816868756,1.8574999999999997,0.050218707940780594,13,True,True,13,0.0,False,0.28125,False
trained-feedforward-29-mixed-014,feedforward,29,116,72769aecba837a6103debf4e06eb9657c7c975953a6c9238c6f38ec4da84fe6f,Mixed,14,4909499420778303161,2.255,0.07982261640798226,13,True,True,13,0.0,False,0.2875,False
trained-feedforward-29-mixed-015,feedforward,29,116,72769aecba837a6103debf4e06eb9657c7c975953a6c9238c6f38ec4da84fe6f,Mixed,15,17938289930049808282,1.9949999999999999,0.11090225563909778,14,True,True,14,0.0,False,0.3125,False
trained-feedforward-29-mixed-016,feedforward,29,116,72769aecba837a6103debf4e06eb9657c7c975953a6c9238c6f38ec4da84fe6f,Mixed,16,13114757582613660767,2.7199999999999998,0.06135110294117647,13,True,True,13,0.0,False,0.275,False
trained-feedforward-29-mixed-017,feedforward,29,116,72769aecba837a6103debf4e06eb9657c7c975953a6c9238c6f38ec4da84fe6f,Mixed,17,18035124294802355792,1.6975,0.049429307805596484,7,True,True,7,0.0,False,0.125,False
trained-feedforward-29-mixed-018,feedforward,29,116,72769aecba837a6103debf4e06eb9657c7c975953a6c9238c6f38ec4da84fe6f,Mixed,18,176893587629171542,1.705,0.02804252199413491,10,True,True,10,0.0,False,0.225,False
trained-feedforward-29-mixed-019,feedforward,29,116,72769aecba837a6103debf4e06eb9657c7c975953a6c9238c6f38ec4da84fe6f,Mixed,19,5628360280016363422,2.07,0.059329710144927536,15,True,True,15,0.0,False,0.33125,False
trained-feedforward-29-mixed-020,feedforward,29,116,72769aecba837a6103debf4e06eb9657c7c975953a6c9238c6f38ec4da84fe6f,Mixed,20,10508088140202063022,2.195,0.08157744874715266,15,True,True,15,0.0,False,0.325,False
trained-feedforward-29-mixed-021,feedforward,29,116,72769aecba837a6103debf4e06eb9657c7c975953a6c9238c6f38ec4da84fe6f,Mixed,21,14288949464495912277,2.2749999999999995,0.06469780219780225,14,True,True,14,0.0,False,0.3125,False
trained-feedforward-29-mixed-022,feedforward,29,116,72769aecba837a6103debf4e06eb9657c7c975953a6c9238c6f38ec4da84fe6f,Mixed,22,1651920183872628383,2.3975,0.08153023983315953,14,True,True,14,0.0,False,0.2875,False
trained-feedforward-29-mixed-023,feedforward,29,116,72769aecba837a6103debf4e06eb9657c7c975953a6c9238c6f38ec4da84fe6f,Mixed,23,4771242252913583009,2.8699999999999997,0.07937717770034847,20,True,True,20,0.0,False,0.4375,False
trained-feedforward-29-mixed-024,feedforward,29,116,72769aecba837a6103debf4e06eb9657c7c975953a6c9238c6f38ec4da84fe6f,Mixed,24,16320113717997357320,2.065,0.08625907990314774,9,True,True,9,0.0,False,0.19375,False
trained-feedforward-29-mixed-025,feedforward,29,116,72769aecba837a6103debf4e06eb9657c7c975953a6c9238c6f38ec4da84fe6f,Mixed,25,16527992097540771804,2.09,0.06952751196172247,11,True,True,11,0.0,False,0.24375,False
trained-feedforward-29-mixed-026,feedforward,29,116,72769aecba837a6103debf4e06eb9657c7c975953a6c9238c6f38ec4da84fe6f,Mixed,26,10351025533015581302,1.695,0.06581858407079647,8,True,True,8,0.0,False,0.175,False
trained-feedforward-29-mixed-027,feedforward,29,116,72769aecba837a6103debf4e06eb9657c7c975953a6c9238c6f38ec4da84fe6f,Mixed,27,14008629402511964603,2.1774999999999998,0.10053099885189441,16,True,True,16,0.0,False,0.3125,False
trained-feedforward-29-mixed-028,feedforward,29,116,72769aecba837a6103debf4e06eb9657c7c975953a6c9238c6f38ec4da84fe6f,Mixed,28,8755654829159136415,2.11,0.08530805687203794,14,True,True,14,0.0,False,0.3,False
trained-feedforward-29-mixed-029,feedforward,29,116,72769aecba837a6103debf4e06eb9657c7c975953a6c9238c6f38ec4da84fe6f,Mixed,29,14723598372840243722,2.0174999999999996,0.07876394052044612,15,True,True,15,0.0,False,0.33125,False
trained-feedforward-29-mixed-030,feedforward,29,116,72769aecba837a6103debf4e06eb9657c7c975953a6c9238c6f38ec4da84fe6f,Mixed,30,16046417423686054091,1.7125,0.038594890510948894,10,True,True,10,0.0,False,0.225,False
trained-feedforward-29-mixed-031,feedforward,29,116,72769aecba837a6103debf4e06eb9657c7c975953a6c9238c6f38ec4da84fe6f,Mixed,31,13229606525967021838,2.5374999999999996,0.051539408866995075,16,True,True,16,0.0,False,0.3875,False
trained-feedforward-29-mixed-032,feedforward,29,116,72769aecba837a6103debf4e06eb9657c7c975953a6c9238c6f38ec4da84fe6f,Mixed,32,1914564355715452521,1.46,0.04302226027397261,10,True,True,10,0.0,False,0.19375,False
trained-feedforward-29-mixed-033,feedforward,29,116,72769aecba837a6103debf4e06eb9657c7c975953a6c9238c6f38ec4da84fe6f,Mixed,33,8596447044944452378,2.495,0.026302605210420837,13,True,True,13,0.0,False,0.2875,False
trained-feedforward-29-mixed-034,feedforward,29,116,72769aecba837a6103debf4e06eb9657c7c975953a6c9238c6f38ec4da84fe6f,Mixed,34,13844338946501988068,2.8974999999999995,0.08881578947368424,19,True,True,19,0.0,False,0.40625,False
trained-feedforward-29-mixed-035,feedforward,29,116,72769aecba837a6103debf4e06eb9657c7c975953a6c9238c6f38ec4da84fe6f,Mixed,35,15839292643023247481,2.8424999999999994,0.06151055408970979,18,True,True,18,0.0,False,0.425,False
trained-feedforward-29-mixed-036,feedforward,29,116,72769aecba837a6103debf4e06eb9657c7c975953a6c9238c6f38ec4da84fe6f,Mixed,36,6058817383182607028,1.6175,0.04723724884080373,9,True,True,9,0.0,False,0.1625,False
trained-feedforward-29-mixed-037,feedforward,29,116,72769aecba837a6103debf4e06eb9657c7c975953a6c9238c6f38ec4da84fe6f,Mixed,37,2009280258880001190,1.8199999999999998,0.05614697802197804,12,True,True,12,0.0,False,0.2625,False
trained-feedforward-29-mixed-038,feedforward,29,116,72769aecba837a6103debf4e06eb9657c7c975953a6c9238c6f38ec4da84fe6f,Mixed,38,12414692370022893271,2.0825,0.026785714285714267,11,True,True,11,0.0,False,0.23125,False
trained-feedforward-29-mixed-039,feedforward,29,116,72769aecba837a6103debf4e06eb9657c7c975953a6c9238c6f38ec4da84fe6f,Mixed,39,2955764366434266574,2.8774999999999995,0.09301694178974808,18,True,True,18,0.0,False,0.4375,False
trained-feedforward-29-mixed-040,feedforward,29,116,72769aecba837a6103debf4e06eb9657c7c975953a6c9238c6f38ec4da84fe6f,Mixed,40,8417190829591985874,1.96,0.04400510204081635,12,True,True,12,0.0,False,0.3,False
trained-feedforward-29-mixed-041,feedforward,29,116,72769aecba837a6103debf4e06eb9657c7c975953a6c9238c6f38ec4da84fe6f,Mixed,41,255523659149759212,1.4375,0.05706521739130436,6,True,True,6,0.0,False,0.125,False
trained-feedforward-29-mixed-042,feedforward,29,116,72769aecba837a6103debf4e06eb9657c7c975953a6c9238c6f38ec4da84fe6f,Mixed,42,14793100515871472827,2.7074999999999996,0.07912049861495846,19,True,True,19,0.0,False,0.41875,False
trained-feedforward-29-mixed-043,feedforward,29,116,72769aecba837a6103debf4e06eb9657c7c975953a6c9238c6f38ec4da84fe6f,Mixed,43,15946329291856381569,1.8975,0.05014822134387355,13,True,True,13,0.0,False,0.29375,False
trained-feedforward-29-mixed-044,feedforward,29,116,72769aecba837a6103debf4e06eb9657c7c975953a6c9238c6f38ec4da84fe6f,Mixed,44,12901205020928767787,2.2699999999999996,0.10118392070484583,16,True,True,16,0.0,False,0.35,False
trained-feedforward-29-mixed-045,feedforward,29,116,72769aecba837a6103debf4e06eb9657c7c975953a6c9238c6f38ec4da84fe6f,Mixed,45,3798275390009201034,1.565,0.02515974440894571,10,True,True,10,0.0,False,0.20625,False
trained-feedforward-29-mixed-046,feedforward,29,116,72769aecba837a6103debf4e06eb9657c7c975953a6c9238c6f38ec4da84fe6f,Mixed,46,6615745953405884080,4.829999999999999,0.0925371377639284,23,True,True,23,0.0,False,0.525,False
trained-feedforward-29-mixed-047,feedforward,29,116,72769aecba837a6103debf4e06eb9657c7c975953a6c9238c6f38ec4da84fe6f,Mixed,47,11475215100995498793,2.19,0.07619863013698638,15,True,True,15,0.0,False,0.3375,False
trained-feedforward-29-mixed-048,feedforward,29,116,72769aecba837a6103debf4e06eb9657c7c975953a6c9238c6f38ec4da84fe6f,Mixed,48,1014296173687673399,2.2975,0.10629760609357997,12,True,True,12,0.0,False,0.2625,False
trained-feedforward-29-mixed-049,feedforward,29,116,72769aecba837a6103debf4e06eb9657c7c975953a6c9238c6f38ec4da84fe6f,Mixed,49,5232992476998949420,1.775,0.0580985915492958,9,True,True,9,0.0,False,0.1875,False
trained-feedforward-29-mixed-050,feedforward,29,116,72769aecba837a6103debf4e06eb9657c7c975953a6c9238c6f38ec4da84fe6f,Mixed,50,4896752383973643146,2.5224999999999995,0.056305748265609544,12,True,True,12,0.0,False,0.29375,False
trained-feedforward-29-mixed-051,feedforward,29,116,72769aecba837a6103debf4e06eb9657c7c975953a6c9238c6f38ec4da84fe6f,Mixed,51,10740575583385756207,2.1624999999999996,0.06524566473988441,18,True,True,18,0.0,False,0.39375,False
trained-feedforward-29-mixed-052,feedforward,29,116,72769aecba837a6103debf4e06eb9657c7c975953a6c9238c6f38ec4da84fe6f,Mixed,52,15874951718459828499,2.2074999999999996,0.04310588901472253,13,True,True,13,0.0,False,0.3125,False
trained-feedforward-29-mixed-053,feedforward,29,116,72769aecba837a6103debf4e06eb9657c7c975953a6c9238c6f38ec4da84fe6f,Mixed,53,11979799607570774939,1.6124999999999998,0.06540697674418605,10,True,True,10,0.0,False,0.21875,False
trained-feedforward-29-mixed-054,feedforward,29,116,72769aecba837a6103debf4e06eb9657c7c975953a6c9238c6f38ec4da84fe6f,Mixed,54,12518924433798454564,2.1549999999999994,0.05176914153132255,15,True,True,15,0.0,False,0.325,False
trained-feedforward-29-mixed-055,feedforward,29,116,72769aecba837a6103debf4e06eb9657c7c975953a6c9238c6f38ec4da84fe6f,Mixed,55,9505235071392096433,2.1899999999999995,0.05693493150684937,14,True,True,14,0.0,False,0.29375,False
trained-feedforward-29-mixed-056,feedforward,29,116,72769aecba837a6103debf4e06eb9657c7c975953a6c9238c6f38ec4da84fe6f,Mixed,56,515084634722141955,2.0749999999999993,0.049698795180722906,10,True,True,10,0.0,False,0.2375,False
trained-feedforward-29-mixed-057,feedforward,29,116,72769aecba837a6103debf4e06eb9657c7c975953a6c9238c6f38ec4da84fe6f,Mixed,57,16041842199293364742,2.2899999999999996,0.06632096069868998,11,True,True,11,0.0,False,0.2125,False
trained-feedforward-29-mixed-058,feedforward,29,116,72769aecba837a6103debf4e06eb9657c7c975953a6c9238c6f38ec4da84fe6f,Mixed,58,11459739840753235111,2.5449999999999995,0.07662082514734779,14,True,True,14,0.0,False,0.30625,False
trained-feedforward-29-mixed-059,feedforward,29,116,72769aecba837a6103debf4e06eb9657c7c975953a6c9238c6f38ec4da84fe6f,Mixed,59,979809773231135644,1.575,0.03630952380952382,6,True,True,6,0.0,False,0.125,False
trained-feedforward-29-mixed-060,feedforward,29,116,72769aecba837a6103debf4e06eb9657c7c975953a6c9238c6f38ec4da84fe6f,Mixed,60,15127775385393535957,1.9274999999999998,0.0663910505836576,12,True,True,12,0.0,False,0.2625,False
trained-feedforward-29-mixed-061,feedforward,29,116,72769aecba837a6103debf4e06eb9657c7c975953a6c9238c6f38ec4da84fe6f,Mixed,61,59536447685702141,2.3649999999999998,0.05985729386892181,22,True,True,22,0.0,False,0.4375,False
trained-feedforward-29-mixed-062,feedforward,29,116,72769aecba837a6103debf4e06eb9657c7c975953a6c9238c6f38ec4da84fe6f,Mixed,62,2074164823074243808,1.7025,0.041024229074889854,11,True,True,11,0.0,False,0.2375,False
trained-feedforward-29-mixed-063,feedforward,29,116,72769aecba837a6103debf4e06eb9657c7c975953a6c9238c6f38ec4da84fe6f,Mixed,63,14827585227030798120,2.0125,0.06032608695652174,13,True,True,13,0.0,False,0.275,False
trained-feedforward-29-proportional-000,feedforward,29,116,72769aecba837a6103debf4e06eb9657c7c975953a6c9238c6f38ec4da84fe6f,Proportional,0,7737137389964922196,4.5649999999999995,0.48767798466593637,22,True,True,22,0.0,False,0.2,False
trained-feedforward-29-proportional-001,feedforward,29,116,72769aecba837a6103debf4e06eb9657c7c975953a6c9238c6f38ec4da84fe6f,Proportional,1,14086675648792001590,1.6524999999999999,0.11913767019667167,14,True,True,14,0.0,False,0.1875,False
trained-feedforward-29-proportional-002,feedforward,29,116,72769aecba837a6103debf4e06eb9657c7c975953a6c9238c6f38ec4da84fe6f,Proportional,2,17624957136752099486,4.614999999999999,0.40140845070422526,29,True,True,29,0.0,False,0.3625,False
trained-feedforward-29-proportional-003,feedforward,29,116,72769aecba837a6103debf4e06eb9657c7c975953a6c9238c6f38ec4da84fe6f,Proportional,3,8539410633382206414,2.6699999999999995,0.22191011235955058,14,True,True,14,0.0,False,0.23125,False
trained-feedforward-29-proportional-004,feedforward,29,116,72769aecba837a6103debf4e06eb9657c7c975953a6c9238c6f38ec4da84fe6f,Proportional,4,14592920970729611250,1.8799999999999997,0.15957446808510634,13,True,True,13,0.0,False,0.20625,False
trained-feedforward-29-proportional-005,feedforward,29,116,72769aecba837a6103debf4e06eb9657c7c975953a6c9238c6f38ec4da84fe6f,Proportional,5,18141084626566017090,1.7624999999999997,0.14007092198581556,5,True,True,5,0.0,False,0.10625,False
trained-feedforward-29-proportional-006,feedforward,29,116,72769aecba837a6103debf4e06eb9657c7c975953a6c9238c6f38ec4da84fe6f,Proportional,6,1797068606389900668,4.57625,0.38479196197242965,23,True,True,23,0.0,False,0.25625,False
trained-feedforward-29-proportional-007,feedforward,29,116,72769aecba837a6103debf4e06eb9657c7c975953a6c9238c6f38ec4da84fe6f,Proportional,7,14413984602966898071,1.7574999999999998,0.12197724039829297,15,True,True,15,0.0,False,0.2375,False
trained-feedforward-29-proportional-008,feedforward,29,116,72769aecba837a6103debf4e06eb9657c7c975953a6c9238c6f38ec4da84fe6f,Proportional,8,3784800513410406464,1.8499999999999999,0.1898648648648648,11,True,True,11,0.0,False,0.1375,False
trained-feedforward-29-proportional-009,feedforward,29,116,72769aecba837a6103debf4e06eb9657c7c975953a6c9238c6f38ec4da84fe6f,Proportional,9,4862446944839130251,1.8624999999999998,0.19161073825503355,10,True,True,10,0.0,False,0.15,False
trained-feedforward-29-proportional-010,feedforward,29,116,72769aecba837a6103debf4e06eb9657c7c975953a6c9238c6f38ec4da84fe6f,Proportional,10,1834151484398358619,1.9849999999999999,0.12027707808564224,9,True,True,9,0.0,False,0.1375,False
trained-feedforward-29-proportional-011,feedforward,29,116,72769aecba837a6103debf4e06eb9657c7c975953a6c9238c6f38ec4da84fe6f,Proportional,11,15349864366674094380,2.5924999999999994,0.15983606557377047,7,True,True,7,0.0,False,0.125,False
trained-feedforward-29-proportional-012,feedforward,29,116,72769aecba837a6103debf4e06eb9657c7c975953a6c9238c6f38ec4da84fe6f,Proportional,12,13440989623380230430,1.625,0.08307692307692305,12,True,True,12,0.0,False,0.1625,False
trained-feedforward-29-proportional-013,feedforward,29,116,72769aecba837a6103debf4e06eb9657c7c975953a6c9238c6f38ec4da84fe6f,Proportional,13,11285289430906383751,2.0475,0.16086691086691082,15,True,True,15,0.0,False,0.21875,False
trained-feedforward-29-proportional-014,feedforward,29,116,72769aecba837a6103debf4e06eb9657c7c975953a6c9238c6f38ec4da84fe6f,Proportional,14,7482668789988797942,2.385,0.14989517819706494,16,True,True,16,0.0,False,0.2,False
trained-feedforward-29-proportional-015,feedforward,29,116,72769aecba837a6103debf4e06eb9657c7c975953a6c9238c6f38ec4da84fe6f,Proportional,15,1276394763314498741,2.2074999999999996,0.2415062287655719,21,True,True,21,0.0,False,0.26875,False
trained-feedforward-29-proportional-016,feedforward,29,116,72769aecba837a6103debf4e06eb9657c7c975953a6c9238c6f38ec4da84fe6f,Proportional,16,17781911531766896712,10.51375,0.598844589607521,40,False,False,,200.0,True,0.425,False
trained-feedforward-29-proportional-017,feedforward,29,116,72769aecba837a6103debf4e06eb9657c7c975953a6c9238c6f38ec4da84fe6f,Proportional,17,3905792561463981636,2.1324999999999994,0.0665298944900352,13,True,True,13,0.0,False,0.24375,False
trained-feedforward-29-proportional-018,feedforward,29,116,72769aecba837a6103debf4e06eb9657c7c975953a6c9238c6f38ec4da84fe6f,Proportional,18,4694355539808325023,3.837499999999999,0.46465798045602597,20,True,True,20,0.0,False,0.19375,False
trained-feedforward-29-proportional-019,feedforward,29,116,72769aecba837a6103debf4e06eb9657c7c975953a6c9238c6f38ec4da84fe6f,Proportional,19,10851352577490892933,5.444999999999999,0.5525711662075298,40,False,False,,200.0,True,0.31875,False
trained-feedforward-29-proportional-020,feedforward,29,116,72769aecba837a6103debf4e06eb9657c7c975953a6c9238c6f38ec4da84fe6f,Proportional,20,2481010344027691818,1.9549999999999998,0.1451406649616368,11,True,True,11,0.0,False,0.1625,False
trained-feedforward-29-proportional-021,feedforward,29,116,72769aecba837a6103debf4e06eb9657c7c975953a6c9238c6f38ec4da84fe6f,Proportional,21,14460035897349682325,7.199999999999999,0.3717067589366422,40,False,False,,200.0,True,0.56875,False
trained-feedforward-29-proportional-022,feedforward,29,116,72769aecba837a6103debf4e06eb9657c7c975953a6c9238c6f38ec4da84fe6f,Proportional,22,12225562328504662540,3.664999999999999,0.3587994542974079,38,True,True,38,0.0,False,0.36875,False
trained-feedforward-29-proportional-023,feedforward,29,116,72769aecba837a6103debf4e06eb9657c7c975953a6c9238c6f38ec4da84fe6f,Proportional,23,11603020957447205929,9.76,0.415553166486842,40,False,False,,159.6,True,0.60625,False
trained-feedforward-29-proportional-024,feedforward,29,116,72769aecba837a6103debf4e06eb9657c7c975953a6c9238c6f38ec4da84fe6f,Proportional,24,15165752362779276915,2.0774999999999997,0.115222623345367,11,True,True,11,0.0,False,0.175,False
trained-feedforward-29-proportional-025,feedforward,29,116,72769aecba837a6103debf4e06eb9657c7c975953a6c9238c6f38ec4da84fe6f,Proportional,25,4199433933820755823,2.11,0.22334123222748814,14,True,True,14,0.0,False,0.2125,False
trained-feedforward-29-proportional-026,feedforward,29,116,72769aecba837a6103debf4e06eb9657c7c975953a6c9238c6f38ec4da84fe6f,Proportional,26,2432034977684747963,6.878749999999999,0.40498040984828604,40,False,False,,200.0,True,0.5375,False
trained-feedforward-29-proportional-027,feedforward,29,116,72769aecba837a6103debf4e06eb9657c7c975953a6c9238c6f38ec4da84fe6f,Proportional,27,15831500811341260264,1.67,0.10404191616766462,13,True,True,13,0.0,False,0.16875,False
trained-feedforward-29-proportional-028,feedforward,29,116,72769aecba837a6103debf4e06eb9657c7c975953a6c9238c6f38ec4da84fe6f,Proportional,28,1240551767681973719,3.3612499999999996,0.22999699536251442,14,True,True,14,0.0,False,0.26875,False
trained-feedforward-29-proportional-029,feedforward,29,116,72769aecba837a6103debf4e06eb9657c7c975953a6c9238c6f38ec4da84fe6f,Proportional,29,17038269900321116102,2.09,0.11662679425837323,11,True,True,11,0.0,False,0.1625,False
trained-feedforward-29-proportional-030,feedforward,29,116,72769aecba837a6103debf4e06eb9657c7c975953a6c9238c6f38ec4da84fe6f,Proportional,30,4743197646927487952,6.763749999999999,0.4296060687416252,37,True,True,37,0.0,False,0.43125,False
trained-feedforward-29-proportional-031,feedforward,29,116,72769aecba837a6103debf4e06eb9657c7c975953a6c9238c6f38ec4da84fe6f,Proportional,31,14941887612318859641,4.14,0.46618357487922696,19,True,True,19,0.0,False,0.23125,False
trained-feedforward-29-proportional-032,feedforward,29,116,72769aecba837a6103debf4e06eb9657c7c975953a6c9238c6f38ec4da84fe6f,Proportional,32,7231770412798439202,2.6224999999999996,0.20519542421353662,10,True,True,10,0.0,False,0.15625,False
trained-feedforward-29-proportional-033,feedforward,29,116,72769aecba837a6103debf4e06eb9657c7c975953a6c9238c6f38ec4da84fe6f,Proportional,33,13621706093020557348,7.427499999999998,0.4624081456144238,40,False,False,,18.2,True,0.39375,False
trained-feedforward-29-proportional-034,feedforward,29,116,72769aecba837a6103debf4e06eb9657c7c975953a6c9238c6f38ec4da84fe6f,Proportional,34,13445713203152251619,2.01,0.16604477611940294,10,True,True,10,0.0,False,0.13125,False
trained-feedforward-29-proportional-035,feedforward,29,116,72769aecba837a6103debf4e06eb9657c7c975953a6c9238c6f38ec4da84fe6f,Proportional,35,3078693535544345290,7.182499999999999,0.5145318482422555,40,False,False,,102.19999999999999,True,0.39375,False
trained-feedforward-29-proportional-036,feedforward,29,116,72769aecba837a6103debf4e06eb9657c7c975953a6c9238c6f38ec4da84fe6f,Proportional,36,13601604008541184709,2.02,0.19368811881188117,21,True,True,21,0.0,False,0.21875,False
trained-feedforward-29-proportional-037,feedforward,29,116,72769aecba837a6103debf4e06eb9657c7c975953a6c9238c6f38ec4da84fe6f,Proportional,37,7695359971070684685,1.7999999999999998,0.1770833333333333,7,True,True,7,0.0,False,0.1125,False
trained-feedforward-29-proportional-038,feedforward,29,116,72769aecba837a6103debf4e06eb9657c7c975953a6c9238c6f38ec4da84fe6f,Proportional,38,1112043583062625204,8.834999999999999,0.5458158212893602,40,False,False,,200.0,True,0.45,False
trained-feedforward-29-proportional-039,feedforward,29,116,72769aecba837a6103debf4e06eb9657c7c975953a6c9238c6f38ec4da84fe6f,Proportional,39,17791373129414408210,1.4975,0.05884808013355595,7,True,True,7,0.0,False,0.10625,False
trained-feedforward-29-proportional-040,feedforward,29,116,72769aecba837a6103debf4e06eb9657c7c975953a6c9238c6f38ec4da84fe6f,Proportional,40,11241546141730056733,2.0524999999999998,0.23355663824604134,6,True,True,6,0.0,False,0.1125,False
trained-feedforward-29-proportional-041,feedforward,29,116,72769aecba837a6103debf4e06eb9657c7c975953a6c9238c6f38ec4da84fe6f,Proportional,41,2637395142239573321,5.725,0.49716157205240175,26,True,True,26,0.0,False,0.2625,False
trained-feedforward-29-proportional-042,feedforward,29,116,72769aecba837a6103debf4e06eb9657c7c975953a6c9238c6f38ec4da84fe6f,Proportional,42,12870564908082010131,2.4924999999999997,0.21188565697091266,8,True,True,8,0.0,False,0.15625,False
trained-feedforward-29-proportional-043,feedforward,29,116,72769aecba837a6103debf4e06eb9657c7c975953a6c9238c6f38ec4da84fe6f,Proportional,43,301581205187377802,2.34,0.23504273504273498,13,True,True,13,0.0,False,0.1625,False
trained-feedforward-29-proportional-044,feedforward,29,116,72769aecba837a6103debf4e06eb9657c7c975953a6c9238c6f38ec4da84fe6f,Proportional,44,1892940266755401376,10.195,0.577840110126319,40,False,False,,184.79999999999998,True,0.4375,False
trained-feedforward-29-proportional-045,feedforward,29,116,72769aecba837a6103debf4e06eb9657c7c975953a6c9238c6f38ec4da84fe6f,Proportional,45,4826802803920140414,10.964999999999998,0.5707743524428341,40,False,False,,125.99999999999999,True,0.45,False
trained-feedforward-29-proportional-046,feedforward,29,116,72769aecba837a6103debf4e06eb9657c7c975953a6c9238c6f38ec4da84fe6f,Proportional,46,9785312434384122925,1.67,0.08158682634730538,8,True,True,8,0.0,False,0.125,False
trained-feedforward-29-proportional-047,feedforward,29,116,72769aecba837a6103debf4e06eb9657c7c975953a6c9238c6f38ec4da84fe6f,Proportional,47,12655330533342817365,2.1149999999999998,0.14125295508274233,14,True,True,14,0.0,False,0.1625,False
trained-feedforward-29-proportional-048,feedforward,29,116,72769aecba837a6103debf4e06eb9657c7c975953a6c9238c6f38ec4da84fe6f,Proportional,48,4152852278464830930,3.1999999999999993,0.4046874999999999,21,True,True,21,0.0,False,0.19375,False
trained-feedforward-29-proportional-049,feedforward,29,116,72769aecba837a6103debf4e06eb9657c7c975953a6c9238c6f38ec4da84fe6f,Proportional,49,3610363883192808260,4.8,0.3317626524330786,26,True,True,26,0.0,False,0.3875,False
trained-feedforward-29-proportional-050,feedforward,29,116,72769aecba837a6103debf4e06eb9657c7c975953a6c9238c6f38ec4da84fe6f,Proportional,50,15480900216997088508,2.0249999999999995,0.24012345679012345,22,True,True,22,0.0,False,0.175,False
trained-feedforward-29-proportional-051,feedforward,29,116,72769aecba837a6103debf4e06eb9657c7c975953a6c9238c6f38ec4da84fe6f,Proportional,51,4173832919263111583,2.1599999999999997,0.22511574074074067,25,True,True,25,0.0,False,0.2875,False
trained-feedforward-29-proportional-052,feedforward,29,116,72769aecba837a6103debf4e06eb9657c7c975953a6c9238c6f38ec4da84fe6f,Proportional,52,12490159840296601345,1.9224999999999999,0.13881664499349805,6,True,True,6,0.0,False,0.10625,False
trained-feedforward-29-proportional-053,feedforward,29,116,72769aecba837a6103debf4e06eb9657c7c975953a6c9238c6f38ec4da84fe6f,Proportional,53,3734205484682915506,2.0675,0.06076178960096735,13,True,True,13,0.0,False,0.2125,False
trained-feedforward-29-proportional-054,feedforward,29,116,72769aecba837a6103debf4e06eb9657c7c975953a6c9238c6f38ec4da84fe6f,Proportional,54,16797574649362061198,1.9449999999999998,0.14652956298200512,16,True,True,16,0.0,False,0.21875,False
trained-feedforward-29-proportional-055,feedforward,29,116,72769aecba837a6103debf4e06eb9657c7c975953a6c9238c6f38ec4da84fe6f,Proportional,55,14254540834651191353,2.6374999999999997,0.2774881516587677,11,True,True,11,0.0,False,0.16875,False
trained-feedforward-29-proportional-056,feedforward,29,116,72769aecba837a6103debf4e06eb9657c7c975953a6c9238c6f38ec4da84fe6f,Proportional,56,5691320942451086944,1.69,0.0880177514792899,8,True,True,8,0.0,False,0.14375,False
trained-feedforward-29-proportional-057,feedforward,29,116,72769aecba837a6103debf4e06eb9657c7c975953a6c9238c6f38ec4da84fe6f,Proportional,57,3486875689948193186,2.6924999999999994,0.3326369545032497,21,True,True,21,0.0,False,0.1875,False
trained-feedforward-29-proportional-058,feedforward,29,116,72769aecba837a6103debf4e06eb9657c7c975953a6c9238c6f38ec4da84fe6f,Proportional,58,10325411278235431536,7.999999999999998,0.5720312499999999,40,False,False,,200.0,True,0.3625,False
trained-feedforward-29-proportional-059,feedforward,29,116,72769aecba837a6103debf4e06eb9657c7c975953a6c9238c6f38ec4da84fe6f,Proportional,59,15881597018505305022,2.21,0.22171945701357462,30,True,True,30,0.0,False,0.325,False
trained-feedforward-29-proportional-060,feedforward,29,116,72769aecba837a6103debf4e06eb9657c7c975953a6c9238c6f38ec4da84fe6f,Proportional,60,15902624161976258591,1.6549999999999998,0.0513595166163142,16,True,True,16,0.0,False,0.21875,False
trained-feedforward-29-proportional-061,feedforward,29,116,72769aecba837a6103debf4e06eb9657c7c975953a6c9238c6f38ec4da84fe6f,Proportional,61,13437569605927496376,2.3825,0.27623294858342073,20,True,True,20,0.0,False,0.24375,False
trained-feedforward-29-proportional-062,feedforward,29,116,72769aecba837a6103debf4e06eb9657c7c975953a6c9238c6f38ec4da84fe6f,Proportional,62,4320891442182294705,5.6724999999999985,0.5664389598942265,40,False,False,,64.39999999999999,True,0.2875,False
trained-feedforward-29-proportional-063,feedforward,29,116,72769aecba837a6103debf4e06eb9657c7c975953a6c9238c6f38ec4da84fe6f,Proportional,63,11249077071731096885,1.9224999999999999,0.10305591677503248,14,True,True,14,0.0,False,0.2125,False
trained-feedforward-43-equal-000,feedforward,43,117,9f2316808439affb020d8d2382b50d0d5f2fa551c8451ed4228e82821cebbe18,Equal,0,9416643107344214265,1.7525,0.1417617689015692,8,True,True,8,0.0,False,0.175,False
trained-feedforward-43-equal-001,feedforward,43,117,9f2316808439affb020d8d2382b50d0d5f2fa551c8451ed4228e82821cebbe18,Equal,1,12221029274699312284,4.722499999999999,0.09495764955002647,21,True,True,21,0.0,False,0.5,False
trained-feedforward-43-equal-002,feedforward,43,117,9f2316808439affb020d8d2382b50d0d5f2fa551c8451ed4228e82821cebbe18,Equal,2,13599386278020507704,1.3725,0.05578324225865212,8,True,True,8,0.0,False,0.175,False
trained-feedforward-43-equal-003,feedforward,43,117,9f2316808439affb020d8d2382b50d0d5f2fa551c8451ed4228e82821cebbe18,Equal,3,8740803142764460787,2.8199999999999994,0.167331560283688,14,True,True,14,0.0,False,0.325,False
trained-feedforward-43-equal-004,feedforward,43,117,9f2316808439affb020d8d2382b50d0d5f2fa551c8451ed4228e82821cebbe18,Equal,4,1415025727853969329,2.3249999999999997,0.12634408602150543,12,True,True,12,0.0,False,0.3,False
trained-feedforward-43-equal-005,feedforward,43,117,9f2316808439affb020d8d2382b50d0d5f2fa551c8451ed4228e82821cebbe18,Equal,5,3163459101283783079,1.5999999999999999,0.171875,8,True,True,8,0.0,False,0.175,False
trained-feedforward-43-equal-006,feedforward,43,117,9f2316808439affb020d8d2382b50d0d5f2fa551c8451ed4228e82821cebbe18,Equal,6,18200895147047772699,1.8475,0.1395466847090663,9,True,True,9,0.0,False,0.2,False
trained-feedforward-43-equal-007,feedforward,43,117,9f2316808439affb020d8d2382b50d0d5f2fa551c8451ed4228e82821cebbe18,Equal,7,12137857780755693665,1.7249999999999999,0.061594202898550734,8,True,True,8,0.0,False,0.175,False
trained-feedforward-43-equal-008,feedforward,43,117,9f2316808439affb020d8d2382b50d0d5f2fa551c8451ed4228e82821cebbe18,Equal,8,17863899423374536926,3.4849999999999994,0.13450502152080346,19,True,True,19,0.0,False,0.45,False
trained-feedforward-43-equal-009,feedforward,43,117,9f2316808439affb020d8d2382b50d0d5f2fa551c8451ed4228e82821cebbe18,Equal,9,17804537541504590148,2.0425,0.13540391676866584,9,True,True,9,0.0,False,0.2,False
trained-feedforward-43-equal-010,feedforward,43,117,9f2316808439affb020d8d2382b50d0d5f2fa551c8451ed4228e82821cebbe18,Equal,10,8917092469963516195,1.9324999999999999,0.10430142302716691,14,True,True,14,0.0,False,0.325,False
trained-feedforward-43-equal-011,feedforward,43,117,9f2316808439affb020d8d2382b50d0d5f2fa551c8451ed4228e82821cebbe18,Equal,11,13272921524885625657,1.8625,0.08473154362416109,11,True,True,11,0.0,False,0.25,False
trained-feedforward-43-equal-012,feedforward,43,117,9f2316808439affb020d8d2382b50d0d5f2fa551c8451ed4228e82821cebbe18,Equal,12,13842839633023245927,2.13,0.17018779342723003,10,True,True,10,0.0,False,0.225,False
trained-feedforward-43-equal-013,feedforward,43,117,9f2316808439affb020d8d2382b50d0d5f2fa551c8451ed4228e82821cebbe18,Equal,13,10387504637781276296,1.71,0.11147660818713448,9,True,True,9,0.0,False,0.2,False
trained-feedforward-43-equal-014,feedforward,43,117,9f2316808439affb020d8d2382b50d0d5f2fa551c8451ed4228e82821cebbe18,Equal,14,17000823006948791684,2.225,0.09691011235955056,12,True,True,12,0.0,False,0.275,False
trained-feedforward-43-equal-015,feedforward,43,117,9f2316808439affb020d8d2382b50d0d5f2fa551c8451ed4228e82821cebbe18,Equal,15,6710658738735784901,1.5325,0.11725122349102775,9,True,True,9,0.0,False,0.2,False
trained-feedforward-43-equal-016,feedforward,43,117,9f2316808439affb020d8d2382b50d0d5f2fa551c8451ed4228e82821cebbe18,Equal,16,2842704318862538020,1.905,0.17552493438320207,10,True,True,10,0.0,False,0.225,False
trained-feedforward-43-equal-017,feedforward,43,117,9f2316808439affb020d8d2382b50d0d5f2fa551c8451ed4228e82821cebbe18,Equal,17,11298375474924207503,1.5675,0.024920255183413096,17,True,True,17,0.0,False,0.4,False
trained-feedforward-43-equal-018,feedforward,43,117,9f2316808439affb020d8d2382b50d0d5f2fa551c8451ed4228e82821cebbe18,Equal,18,11689634108503595457,1.7325,0.21735209235209238,10,True,True,10,0.0,False,0.225,False
trained-feedforward-43-equal-019,feedforward,43,117,9f2316808439affb020d8d2382b50d0d5f2fa551c8451ed4228e82821cebbe18,Equal,19,13108035956358163150,2.0725,0.13042822677925212,14,True,True,14,0.0,False,0.325,False
trained-feedforward-43-equal-020,feedforward,43,117,9f2316808439affb020d8d2382b50d0d5f2fa551c8451ed4228e82821cebbe18,Equal,20,13836464394006374208,1.72,0.06904069767441862,11,True,True,11,0.0,False,0.25,False
trained-feedforward-43-equal-021,feedforward,43,117,9f2316808439affb020d8d2382b50d0d5f2fa551c8451ed4228e82821cebbe18,Equal,21,6289155579689063920,1.795,0.11664345403899724,12,True,True,12,0.0,False,0.275,False
trained-feedforward-43-equal-022,feedforward,43,117,9f2316808439affb020d8d2382b50d0d5f2fa551c8451ed4228e82821cebbe18,Equal,22,3844779331005826803,2.0549999999999997,0.09884428223844281,10,True,True,10,0.0,False,0.225,False
trained-feedforward-43-equal-023,feedforward,43,117,9f2316808439affb020d8d2382b50d0d5f2fa551c8451ed4228e82821cebbe18,Equal,23,15320618606472025693,2.0275,0.1286991368680641,15,True,True,15,0.0,False,0.35,False
trained-feedforward-43-equal-024,feedforward,43,117,9f2316808439affb020d8d2382b50d0d5f2fa551c8451ed4228e82821cebbe18,Equal,24,4958914250674283847,2.415,0.09963768115942027,12,True,True,12,0.0,False,0.275,False
trained-feedforward-43-equal-025,feedforward,43,117,9f2316808439affb020d8d2382b50d0d5f2fa551c8451ed4228e82821cebbe18,Equal,25,3685897892149867348,2.045,0.09015892420537897,11,True,True,11,0.0,False,0.25,False
trained-feedforward-43-equal-026,feedforward,43,117,9f2316808439affb020d8d2382b50d0d5f2fa551c8451ed4228e82821cebbe18,Equal,26,15999494425493259748,1.78,0.17205056179775285,11,True,True,11,0.0,False,0.25,False
trained-feedforward-43-equal-027,feedforward,43,117,9f2316808439affb020d8d2382b50d0d5f2fa551c8451ed4228e82821cebbe18,Equal,27,892629437545349725,1.7125,0.08667883211678833,9,True,True,9,0.0,False,0.2,False
trained-feedforward-43-equal-028,feedforward,43,117,9f2316808439affb020d8d2382b50d0d5f2fa551c8451ed4228e82821cebbe18,Equal,28,17803079829376186325,1.44,0.07161458333333333,8,True,True,8,0.0,False,0.175,False
trained-feedforward-43-equal-029,feedforward,43,117,9f2316808439affb020d8d2382b50d0d5f2fa551c8451ed4228e82821cebbe18,Equal,29,16010157569219921660,1.2725,0.015962671905697456,4,True,True,4,0.0,False,0.075,False
trained-feedforward-43-equal-030,feedforward,43,117,9f2316808439affb020d8d2382b50d0d5f2fa551c8451ed4228e82821cebbe18,Equal,30,10779655016418372154,2.0549999999999997,0.11405109489051093,10,True,True,10,0.0,False,0.225,False
trained-feedforward-43-equal-031,feedforward,43,117,9f2316808439affb020d8d2382b50d0d5f2fa551c8451ed4228e82821cebbe18,Equal,31,7774202585217467346,1.8475,0.19029093369418135,9,True,True,9,0.0,False,0.2,False
trained-feedforward-43-equal-032,feedforward,43,117,9f2316808439affb020d8d2382b50d0d5f2fa551c8451ed4228e82821cebbe18,Equal,32,4754324216309785017,2.0675,0.09900241837968561,12,True,True,12,0.0,False,0.275,False
trained-feedforward-43-equal-033,feedforward,43,117,9f2316808439affb020d8d2382b50d0d5f2fa551c8451ed4228e82821cebbe18,Equal,33,8118992499992684985,2.1174999999999997,0.11437426210153484,10,True,True,10,0.0,False,0.225,False
trained-feedforward-43-equal-034,feedforward,43,117,9f2316808439affb020d8d2382b50d0d5f2fa551c8451ed4228e82821cebbe18,Equal,34,1187777599895256770,1.7824999999999998,0.1095722300140253,9,True,True,9,0.0,False,0.2,False
trained-feedforward-43-equal-035,feedforward,43,117,9f2316808439affb020d8d2382b50d0d5f2fa551c8451ed4228e82821cebbe18,Equal,35,10580558920297859570,1.6849999999999998,0.24851632047477745,8,True,True,8,0.0,False,0.175,False
trained-feedforward-43-equal-036,feedforward,43,117,9f2316808439affb020d8d2382b50d0d5f2fa551c8451ed4228e82821cebbe18,Equal,36,15450406074972725643,2.1175,0.11585005903187723,13,True,True,13,0.0,False,0.3,False
trained-feedforward-43-equal-037,feedforward,43,117,9f2316808439affb020d8d2382b50d0d5f2fa551c8451ed4228e82821cebbe18,Equal,37,11599527822130881200,3.1674999999999995,0.08928571428571434,16,True,True,16,0.0,False,0.375,False
trained-feedforward-43-equal-038,feedforward,43,117,9f2316808439affb020d8d2382b50d0d5f2fa551c8451ed4228e82821cebbe18,Equal,38,14209411262517112354,2.0925,0.05899044205495819,15,True,True,15,0.0,False,0.35,False
trained-feedforward-43-equal-039,feedforward,43,117,9f2316808439affb020d8d2382b50d0d5f2fa551c8451ed4228e82821cebbe18,Equal,39,14962136270162101366,1.5825,0.11552132701421804,8,True,True,8,0.0,False,0.175,False
trained-feedforward-43-equal-040,feedforward,43,117,9f2316808439affb020d8d2382b50d0d5f2fa551c8451ed4228e82821cebbe18,Equal,40,7969606988199631406,1.795,0.08182451253481894,8,True,True,8,0.0,False,0.175,False
trained-feedforward-43-equal-041,feedforward,43,117,9f2316808439affb020d8d2382b50d0d5f2fa551c8451ed4228e82821cebbe18,Equal,41,14262436977102280732,2.75,0.0818181818181818,12,True,True,12,0.0,False,0.275,False
trained-feedforward-43-equal-042,feedforward,43,117,9f2316808439affb020d8d2382b50d0d5f2fa551c8451ed4228e82821cebbe18,Equal,42,17813817667909565156,1.7125000000000001,0.15602189781021897,9,True,True,9,0.0,False,0.2,False
trained-feedforward-43-equal-043,feedforward,43,117,9f2316808439affb020d8d2382b50d0d5f2fa551c8451ed4228e82821cebbe18,Equal,43,16497375733860215004,1.7774999999999999,0.04483122362869197,9,True,True,9,0.0,False,0.2,False
trained-feedforward-43-equal-044,feedforward,43,117,9f2316808439affb020d8d2382b50d0d5f2fa551c8451ed4228e82821cebbe18,Equal,44,5819380937055207371,2.4099999999999997,0.2593360995850622,16,True,True,16,0.0,False,0.4,False
trained-feedforward-43-equal-045,feedforward,43,117,9f2316808439affb020d8d2382b50d0d5f2fa551c8451ed4228e82821cebbe18,Equal,45,12204663319237921744,1.9774999999999998,0.0497787610619469,11,True,True,11,0.0,False,0.25,False
trained-feedforward-43-equal-046,feedforward,43,117,9f2316808439affb020d8d2382b50d0d5f2fa551c8451ed4228e82821cebbe18,Equal,46,2223263996240296934,2.2075,0.11820498301245755,17,True,True,17,0.0,False,0.4,False
trained-feedforward-43-equal-047,feedforward,43,117,9f2316808439affb020d8d2382b50d0d5f2fa551c8451ed4228e82821cebbe18,Equal,47,8004986222318145033,1.9,0.087171052631579,11,True,True,11,0.0,False,0.25,False
trained-feedforward-43-equal-048,feedforward,43,117,9f2316808439affb020d8d2382b50d0d5f2fa551c8451ed4228e82821cebbe18,Equal,48,8804282789087243191,2.5099999999999993,0.05353585657370518,14,True,True,14,0.0,False,0.325,False
trained-feedforward-43-equal-049,feedforward,43,117,9f2316808439affb020d8d2382b50d0d5f2fa551c8451ed4228e82821cebbe18,Equal,49,2303357428107847692,3.0524999999999993,0.2165233415233416,19,True,True,19,0.0,False,0.45,False
trained-feedforward-43-equal-050,feedforward,43,117,9f2316808439affb020d8d2382b50d0d5f2fa551c8451ed4228e82821cebbe18,Equal,50,7153714901392204800,2.0524999999999998,0.05404993909866018,12,True,True,12,0.0,False,0.275,False
trained-feedforward-43-equal-051,feedforward,43,117,9f2316808439affb020d8d2382b50d0d5f2fa551c8451ed4228e82821cebbe18,Equal,51,13443445997223806493,2.4799999999999995,0.2242943548387097,11,True,True,11,0.0,False,0.25,False
trained-feedforward-43-equal-052,feedforward,43,117,9f2316808439affb020d8d2382b50d0d5f2fa551c8451ed4228e82821cebbe18,Equal,52,11004281522388148459,1.7374999999999998,0.06025179856115109,10,True,True,10,0.0,False,0.225,False
trained-feedforward-43-equal-053,feedforward,43,117,9f2316808439affb020d8d2382b50d0d5f2fa551c8451ed4228e82821cebbe18,Equal,53,8951996557914220817,1.9024999999999999,0.16015111695137982,11,True,True,11,0.0,False,0.25,False
trained-feedforward-43-equal-054,feedforward,43,117,9f2316808439affb020d8d2382b50d0d5f2fa551c8451ed4228e82821cebbe18,Equal,54,3538317955721454096,2.3674999999999997,0.2844508975712778,13,True,True,13,0.0,False,0.3,False
trained-feedforward-43-equal-055,feedforward,43,117,9f2316808439affb020d8d2382b50d0d5f2fa551c8451ed4228e82821cebbe18,Equal,55,10425594129698085021,2.4974999999999996,0.2658908908908909,10,True,True,10,0.0,False,0.225,False
trained-feedforward-43-equal-056,feedforward,43,117,9f2316808439affb020d8d2382b50d0d5f2fa551c8451ed4228e82821cebbe18,Equal,56,12176840599598237425,2.155,0.1653132250580047,11,True,True,11,0.0,False,0.25,False
trained-feedforward-43-equal-057,feedforward,43,117,9f2316808439affb020d8d2382b50d0d5f2fa551c8451ed4228e82821cebbe18,Equal,57,5047456362270620985,2.335,0.2235010706638116,14,True,True,14,0.0,False,0.325,False
trained-feedforward-43-equal-058,feedforward,43,117,9f2316808439affb020d8d2382b50d0d5f2fa551c8451ed4228e82821cebbe18,Equal,58,6008630591065169761,2.2399999999999998,0.06696428571428571,19,True,True,19,0.0,False,0.45,False
trained-feedforward-43-equal-059,feedforward,43,117,9f2316808439affb020d8d2382b50d0d5f2fa551c8451ed4228e82821cebbe18,Equal,59,18097354587344842041,1.815,0.0981404958677686,10,True,True,10,0.0,False,0.225,False
trained-feedforward-43-equal-060,feedforward,43,117,9f2316808439affb020d8d2382b50d0d5f2fa551c8451ed4228e82821cebbe18,Equal,60,2469734660086964932,1.6275,0.10272657450076807,8,True,True,8,0.0,False,0.2,False
trained-feedforward-43-equal-061,feedforward,43,117,9f2316808439affb020d8d2382b50d0d5f2fa551c8451ed4228e82821cebbe18,Equal,61,10782433170873942738,2.3949999999999996,0.13178496868475995,15,True,True,15,0.0,False,0.35,False
trained-feedforward-43-equal-062,feedforward,43,117,9f2316808439affb020d8d2382b50d0d5f2fa551c8451ed4228e82821cebbe18,Equal,62,10258842223182936188,1.6849999999999998,0.04636498516320475,11,True,True,11,0.0,False,0.275,False
trained-feedforward-43-equal-063,feedforward,43,117,9f2316808439affb020d8d2382b50d0d5f2fa551c8451ed4228e82821cebbe18,Equal,63,11885757446524759667,2.1199999999999997,0.11350235849056604,12,True,True,12,0.0,False,0.275,False
trained-feedforward-43-interpolating-000,feedforward,43,117,9f2316808439affb020d8d2382b50d0d5f2fa551c8451ed4228e82821cebbe18,Interpolating,0,11747217840323043930,1.645,0.06686930091183753,9,True,True,9,0.0,False,0.13125,True
trained-feedforward-43-interpolating-001,feedforward,43,117,9f2316808439affb020d8d2382b50d0d5f2fa551c8451ed4228e82821cebbe18,Interpolating,1,16202991775242363804,4.002499999999999,0.3929494726499214,15,True,True,15,0.0,False,0.2375,True
trained-feedforward-43-interpolating-002,feedforward,43,117,9f2316808439affb020d8d2382b50d0d5f2fa551c8451ed4228e82821cebbe18,Interpolating,2,17482214530197418646,1.835,0.13147094171836057,13,True,True,13,0.0,False,0.175,True
trained-feedforward-43-interpolating-003,feedforward,43,117,9f2316808439affb020d8d2382b50d0d5f2fa551c8451ed4228e82821cebbe18,Interpolating,3,5341735988337732292,2.1049999999999995,0.21733883001486295,21,True,True,21,0.0,False,0.225,True
trained-feedforward-43-interpolating-004,feedforward,43,117,9f2316808439affb020d8d2382b50d0d5f2fa551c8451ed4228e82821cebbe18,Interpolating,4,4696941788537428638,1.9475,0.13831828278805858,15,True,True,15,0.0,False,0.25,True
trained-feedforward-43-interpolating-005,feedforward,43,117,9f2316808439affb020d8d2382b50d0d5f2fa551c8451ed4228e82821cebbe18,Interpolating,5,1403191934110596984,3.5249999999999995,0.19040721246947384,34,True,True,34,0.0,False,0.4,True
trained-feedforward-43-interpolating-006,feedforward,43,117,9f2316808439affb020d8d2382b50d0d5f2fa551c8451ed4228e82821cebbe18,Interpolating,6,5116744787577226424,3.2174999999999994,0.4149866625024798,40,False,False,,151.2,True,0.325,True
trained-feedforward-43-interpolating-007,feedforward,43,117,9f2316808439affb020d8d2382b50d0d5f2fa551c8451ed4228e82821cebbe18,Interpolating,7,9253633702118136851,8.103749999999998,0.3178207115952331,40,False,False,,135.79999999999998,True,0.5875,True
trained-feedforward-43-interpolating-008,feedforward,43,117,9f2316808439affb020d8d2382b50d0d5f2fa551c8451ed4228e82821cebbe18,Interpolating,8,12817773035007952799,2.5899999999999994,0.18964374860916886,25,True,True,25,0.0,False,0.2375,True
trained-feedforward-43-interpolating-009,feedforward,43,117,9f2316808439affb020d8d2382b50d0d5f2fa551c8451ed4228e82821cebbe18,Interpolating,9,9338970655560470951,3.6337499999999996,0.12466690440961815,18,True,True,18,0.0,False,0.31875,True
trained-feedforward-43-interpolating-010,feedforward,43,117,9f2316808439affb020d8d2382b50d0d5f2fa551c8451ed4228e82821cebbe18,Interpolating,10,530795442670966408,2.4675,0.2555722220926572,12,True,True,12,0.0,False,0.16875,True
trained-feedforward-43-interpolating-011,feedforward,43,117,9f2316808439affb020d8d2382b50d0d5f2fa551c8451ed4228e82821cebbe18,Interpolating,11,9881332674843379691,2.2124999999999995,0.21842993160099616,20,True,True,20,0.0,False,0.19375,True
trained-feedforward-43-interpolating-012,feedforward,43,117,9f2316808439affb020d8d2382b50d0d5f2fa551c8451ed4228e82821cebbe18,Interpolating,12,12675202297891339939,2.9262499999999996,0.12248890944816539,13,True,True,13,0.0,False,0.2,True
trained-feedforward-43-interpolating-013,feedforward,43,117,9f2316808439affb020d8d2382b50d0d5f2fa551c8451ed4228e82821cebbe18,Interpolating,13,9236481082361144552,5.387499999999999,0.1921119870395623,27,True,True,27,0.0,False,0.4125,True
trained-feedforward-43-interpolating-014,feedforward,43,117,9f2316808439affb020d8d2382b50d0d5f2fa551c8451ed4228e82821cebbe18,Interpolating,14,15438529791635703520,2.105,0.11264925076233542,8,True,True,8,0.0,False,0.14375,True
trained-feedforward-43-interpolating-015,feedforward,43,117,9f2316808439affb020d8d2382b50d0d5f2fa551c8451ed4228e82821cebbe18,Interpolating,15,17349978514689791433,2.934999999999999,0.30312700721356367,14,True,True,14,0.0,False,0.19375,True
trained-feedforward-43-interpolating-016,feedforward,43,117,9f2316808439affb020d8d2382b50d0d5f2fa551c8451ed4228e82821cebbe18,Interpolating,16,11954784225856926726,1.8475,0.1708385246538888,14,True,True,14,0.0,False,0.1375,True
trained-feedforward-43-interpolating-017,feedforward,43,117,9f2316808439affb020d8d2382b50d0d5f2fa551c8451ed4228e82821cebbe18,Interpolating,17,8185276250053293433,2.275,0.15054944729777017,18,True,True,18,0.0,False,0.2875,True
trained-feedforward-43-interpolating-018,feedforward,43,117,9f2316808439affb020d8d2382b50d0d5f2fa551c8451ed4228e82821cebbe18,Interpolating,18,8256046557618364284,2.4099999999999997,0.25778007289400273,9,True,True,9,0.0,False,0.16875,True
trained-feedforward-43-interpolating-019,feedforward,43,117,9f2316808439affb020d8d2382b50d0d5f2fa551c8451ed4228e82821cebbe18,Interpolating,19,15329588786044659473,3.7299999999999995,0.3159224651695564,40,False,False,,2.8,True,0.375,True
trained-feedforward-43-interpolating-020,feedforward,43,117,9f2316808439affb020d8d2382b50d0d5f2fa551c8451ed4228e82821cebbe18,Interpolating,20,14640666969137017947,1.7275,0.12771345841561133,20,True,True,20,0.0,False,0.225,True
trained-feedforward-43-interpolating-021,feedforward,43,117,9f2316808439affb020d8d2382b50d0d5f2fa551c8451ed4228e82821cebbe18,Interpolating,21,1050459608804960093,3.0949999999999993,0.4082854761865096,23,True,True,23,0.0,False,0.20625,True
trained-feedforward-43-interpolating-022,feedforward,43,117,9f2316808439affb020d8d2382b50d0d5f2fa551c8451ed4228e82821cebbe18,Interpolating,22,7735696514982924679,9.399999999999999,0.17017034840671832,40,False,False,,106.39999999999999,True,0.63125,True
trained-feedforward-43-interpolating-023,feedforward,43,117,9f2316808439affb020d8d2382b50d0d5f2fa551c8451ed4228e82821cebbe18,Interpolating,23,7537219599268988044,1.7974999999999999,0.10674547564311379,21,True,True,21,0.0,False,0.20625,True
trained-feedforward-43-interpolating-024,feedforward,43,117,9f2316808439affb020d8d2382b50d0d5f2fa551c8451ed4228e82821cebbe18,Interpolating,24,8805022540123515294,1.83,0.14344256476164843,13,True,True,13,0.0,False,0.1625,True
trained-feedforward-43-interpolating-025,feedforward,43,117,9f2316808439affb020d8d2382b50d0d5f2fa551c8451ed4228e82821cebbe18,Interpolating,25,15858512825925652287,2.1624999999999996,0.21994134367672305,17,True,True,17,0.0,False,0.24375,True
trained-feedforward-43-interpolating-026,feedforward,43,117,9f2316808439affb020d8d2382b50d0d5f2fa551c8451ed4228e82821cebbe18,Interpolating,26,12563056856284178331,4.3225,0.328358301680575,31,True,True,31,0.0,False,0.38125,True
trained-feedforward-43-interpolating-027,feedforward,43,117,9f2316808439affb020d8d2382b50d0d5f2fa551c8451ed4228e82821cebbe18,Interpolating,27,12967431371483743604,3.5574999999999997,0.16646255057957346,18,True,True,18,0.0,False,0.29375,True
trained-feedforward-43-interpolating-028,feedforward,43,117,9f2316808439affb020d8d2382b50d0d5f2fa551c8451ed4228e82821cebbe18,Interpolating,28,15335214602648512260,1.7174999999999998,0.0920669577874777,11,True,True,11,0.0,False,0.175,True
trained-feedforward-43-interpolating-029,feedforward,43,117,9f2316808439affb020d8d2382b50d0d5f2fa551c8451ed4228e82821cebbe18,Interpolating,29,5521483860452676280,5.102499999999998,0.149809816343522,23,True,True,23,0.0,False,0.3625,True
trained-feedforward-43-interpolating-030,feedforward,43,117,9f2316808439affb020d8d2382b50d0d5f2fa551c8451ed4228e82821cebbe18,Interpolating,30,13395522591295976364,2.7399999999999993,0.3038229399438184,12,True,True,12,0.0,False,0.1625,True
trained-feedforward-43-interpolating-031,feedforward,43,117,9f2316808439affb020d8d2382b50d0d5f2fa551c8451ed4228e82821cebbe18,Interpolating,31,15394691872172392215,3.1949999999999994,0.3611055583715693,13,True,True,13,0.0,False,0.1875,True
trained-feedforward-43-interpolating-032,feedforward,43,117,9f2316808439affb020d8d2382b50d0d5f2fa551c8451ed4228e82821cebbe18,Interpolating,32,7460611902123290662,8.982499999999998,0.26505644368766956,40,False,False,,179.2,True,0.6875,True
trained-feedforward-43-interpolating-033,feedforward,43,117,9f2316808439affb020d8d2382b50d0d5f2fa551c8451ed4228e82821cebbe18,Interpolating,33,1936614669356308341,9.483749999999997,0.2696389269604406,40,False,False,,138.6,True,0.6625,True
trained-feedforward-43-interpolating-034,feedforward,43,117,9f2316808439affb020d8d2382b50d0d5f2fa551c8451ed4228e82821cebbe18,Interpolating,34,13456051814279140353,1.9799999999999998,0.1856060604142691,13,True,True,13,0.0,False,0.1625,True
trained-feedforward-43-interpolating-035,feedforward,43,117,9f2316808439affb020d8d2382b50d0d5f2fa551c8451ed4228e82821cebbe18,Interpolating,35,10489984531837755313,8.102499999999997,0.40672049054778914,38,True,True,38,0.0,False,0.51875,True
trained-feedforward-43-interpolating-036,feedforward,43,117,9f2316808439affb020d8d2382b50d0d5f2fa551c8451ed4228e82821cebbe18,Interpolating,36,6235616889194365750,1.8324999999999998,0.12721546270010078,9,True,True,9,0.0,False,0.125,True
trained-feedforward-43-interpolating-037,feedforward,43,117,9f2316808439affb020d8d2382b50d0d5f2fa551c8451ed4228e82821cebbe18,Interpolating,37,4227738586312556595,2.0324999999999998,0.18173431491955408,13,True,True,13,0.0,False,0.1875,True
trained-feedforward-43-interpolating-038,feedforward,43,117,9f2316808439affb020d8d2382b50d0d5f2fa551c8451ed4228e82821cebbe18,Interpolating,38,9724036009678836428,2.1799999999999997,0.2723623318603465,8,True,True,8,0.0,False,0.10625,True
trained-feedforward-43-interpolating-039,feedforward,43,117,9f2316808439affb020d8d2382b50d0d5f2fa551c8451ed4228e82821cebbe18,Interpolating,39,14711397391072317089,7.458749999999998,0.592761027490694,40,False,False,,200.0,True,0.4125,True
trained-feedforward-43-interpolating-040,feedforward,43,117,9f2316808439affb020d8d2382b50d0d5f2fa551c8451ed4228e82821cebbe18,Interpolating,40,2542601492088991886,2.7575,0.24456028197743104,20,True,True,20,0.0,False,0.29375,True
trained-feedforward-43-interpolating-041,feedforward,43,117,9f2316808439affb020d8d2382b50d0d5f2fa551c8451ed4228e82821cebbe18,Interpolating,41,3303459654833540581,1.9499999999999997,0.16089604797515572,15,True,True,15,0.0,False,0.18125,True
trained-feedforward-43-interpolating-042,feedforward,43,117,9f2316808439affb020d8d2382b50d0d5f2fa551c8451ed4228e82821cebbe18,Interpolating,42,16576252191479533892,1.4549999999999998,0.07646048109965632,5,True,True,5,0.0,False,0.06875,True
trained-feedforward-43-interpolating-043,feedforward,43,117,9f2316808439affb020d8d2382b50d0d5f2fa551c8451ed4228e82821cebbe18,Interpolating,43,16709861055767516539,2.9425,0.29565184924028,21,True,True,21,0.0,False,0.2125,True
trained-feedforward-43-interpolating-044,feedforward,43,117,9f2316808439affb020d8d2382b50d0d5f2fa551c8451ed4228e82821cebbe18,Interpolating,44,15408722748531047277,5.919999999999999,0.24688455657590253,40,False,False,,5.6,True,0.475,True
trained-feedforward-43-interpolating-045,feedforward,43,117,9f2316808439affb020d8d2382b50d0d5f2fa551c8451ed4228e82821cebbe18,Interpolating,45,16775601049249551590,8.101249999999999,0.18177339334986722,38,True,True,38,0.0,False,0.54375,True
trained-feedforward-43-interpolating-046,feedforward,43,117,9f2316808439affb020d8d2382b50d0d5f2fa551c8451ed4228e82821cebbe18,Interpolating,46,367945912708286607,2.3775,0.1920942243728743,14,True,True,14,0.0,False,0.19375,True
trained-feedforward-43-interpolating-047,feedforward,43,117,9f2316808439affb020d8d2382b50d0d5f2fa551c8451ed4228e82821cebbe18,Interpolating,47,17301046583752774726,6.794999999999998,0.3045455932526558,40,False,False,,159.6,True,0.45625,True
trained-feedforward-43-interpolating-048,feedforward,43,117,9f2316808439affb020d8d2382b50d0d5f2fa551c8451ed4228e82821cebbe18,Interpolating,48,3293079822609445008,9.623749999999998,0.38537389950933354,40,False,False,,106.39999999999999,True,0.59375,True
trained-feedforward-43-interpolating-049,feedforward,43,117,9f2316808439affb020d8d2382b50d0d5f2fa551c8451ed4228e82821cebbe18,Interpolating,49,12569345279102542083,2.6474999999999995,0.27974504095091735,26,True,True,26,0.0,False,0.2625,True
trained-feedforward-43-interpolating-050,feedforward,43,117,9f2316808439affb020d8d2382b50d0d5f2fa551c8451ed4228e82821cebbe18,Interpolating,50,6932266095052914906,2.0374999999999996,0.2647239227418921,9,True,True,9,0.0,False,0.0875,True
trained-feedforward-43-interpolating-051,feedforward,43,117,9f2316808439affb020d8d2382b50d0d5f2fa551c8451ed4228e82821cebbe18,Interpolating,51,4904762674839642244,2.155,0.2076566041272842,11,True,True,11,0.0,False,0.14375,True
trained-feedforward-43-interpolating-052,feedforward,43,117,9f2316808439affb020d8d2382b50d0d5f2fa551c8451ed4228e82821cebbe18,Interpolating,52,17805259995827969597,2.0624999999999996,0.15606060509607983,13,True,True,13,0.0,False,0.16875,True
trained-feedforward-43-interpolating-053,feedforward,43,117,9f2316808439affb020d8d2382b50d0d5f2fa551c8451ed4228e82821cebbe18,Interpolating,53,5943254988971645603,3.1749999999999994,0.18854168987964195,25,True,True,25,0.0,False,0.40625,True
trained-feedforward-43-interpolating-054,feedforward,43,117,9f2316808439affb020d8d2382b50d0d5f2fa551c8451ed4228e82821cebbe18,Interpolating,54,5092134111131028818,6.5387499999999985,0.21279427251043295,40,False,False,,86.8,True,0.49375,True
trained-feedforward-43-interpolating-055,feedforward,43,117,9f2316808439affb020d8d2382b50d0d5f2fa551c8451ed4228e82821cebbe18,Interpolating,55,9036543372397379952,3.9849999999999994,0.4169395099155754,13,True,True,13,0.0,False,0.19375,True
trained-feedforward-43-interpolating-056,feedforward,43,117,9f2316808439affb020d8d2382b50d0d5f2fa551c8451ed4228e82821cebbe18,Interpolating,56,138003724069135329,2.025,0.15917066143575206,8,True,True,8,0.0,False,0.1125,True
trained-feedforward-43-interpolating-057,feedforward,43,117,9f2316808439affb020d8d2382b50d0d5f2fa551c8451ed4228e82821cebbe18,Interpolating,57,1229556662423596723,2.525,0.26633663336611857,20,True,True,20,0.0,False,0.24375,True
trained-feedforward-43-interpolating-058,feedforward,43,117,9f2316808439affb020d8d2382b50d0d5f2fa551c8451ed4228e82821cebbe18,Interpolating,58,4016430757071786710,1.5699999999999998,0.05971337579428062,9,True,True,9,0.0,False,0.1375,True
trained-feedforward-43-interpolating-059,feedforward,43,117,9f2316808439affb020d8d2382b50d0d5f2fa551c8451ed4228e82821cebbe18,Interpolating,59,10684472140607289776,3.1974999999999993,0.42552731610738154,20,True,True,20,0.0,False,0.15625,True
trained-feedforward-43-interpolating-060,feedforward,43,117,9f2316808439affb020d8d2382b50d0d5f2fa551c8451ed4228e82821cebbe18,Interpolating,60,14319575522895669350,8.499999999999998,0.32700069509816243,40,True,True,40,0.0,False,0.63125,True
trained-feedforward-43-interpolating-061,feedforward,43,117,9f2316808439affb020d8d2382b50d0d5f2fa551c8451ed4228e82821cebbe18,Interpolating,61,9030474854380586649,1.8199999999999998,0.08241755409806632,8,True,True,8,0.0,False,0.15625,True
trained-feedforward-43-interpolating-062,feedforward,43,117,9f2316808439affb020d8d2382b50d0d5f2fa551c8451ed4228e82821cebbe18,Interpolating,62,2592559779539252102,7.258749999999999,0.40296607874993384,40,False,False,,170.79999999999998,True,0.475,True
trained-feedforward-43-interpolating-063,feedforward,43,117,9f2316808439affb020d8d2382b50d0d5f2fa551c8451ed4228e82821cebbe18,Interpolating,63,4254451131559618961,1.515,0.099009900949842,4,True,True,4,0.0,False,0.06875,True
trained-feedforward-43-mixed-000,feedforward,43,117,9f2316808439affb020d8d2382b50d0d5f2fa551c8451ed4228e82821cebbe18,Mixed,0,2588767882492921272,2.5199999999999996,0.08633019179894184,11,True,True,11,0.0,False,0.26875,False
trained-feedforward-43-mixed-001,feedforward,43,117,9f2316808439affb020d8d2382b50d0d5f2fa551c8451ed4228e82821cebbe18,Mixed,1,17388288174227468898,1.7525,0.054297432239657654,11,True,True,11,0.0,False,0.2375,False
trained-feedforward-43-mixed-002,feedforward,43,117,9f2316808439affb020d8d2382b50d0d5f2fa551c8451ed4228e82821cebbe18,Mixed,2,13068794295796808710,1.475,0.04131355932203392,9,True,True,9,0.0,False,0.175,False
trained-feedforward-43-mixed-003,feedforward,43,117,9f2316808439affb020d8d2382b50d0d5f2fa551c8451ed4228e82821cebbe18,Mixed,3,9593384828130182770,2.5124999999999997,0.0774253731343284,21,True,True,21,0.0,False,0.45625,False
trained-feedforward-43-mixed-004,feedforward,43,117,9f2316808439affb020d8d2382b50d0d5f2fa551c8451ed4228e82821cebbe18,Mixed,4,8686332690265633176,2.3,0.06521739130434784,11,True,True,11,0.0,False,0.275,False
trained-feedforward-43-mixed-005,feedforward,43,117,9f2316808439affb020d8d2382b50d0d5f2fa551c8451ed4228e82821cebbe18,Mixed,5,15505039458255103055,2.1049999999999995,0.07482185273159152,10,True,True,10,0.0,False,0.2125,False
trained-feedforward-43-mixed-006,feedforward,43,117,9f2316808439affb020d8d2382b50d0d5f2fa551c8451ed4228e82821cebbe18,Mixed,6,3171553257636149979,2.3499999999999996,0.05226063829787234,15,True,True,15,0.0,False,0.34375,False
trained-feedforward-43-mixed-007,feedforward,43,117,9f2316808439affb020d8d2382b50d0d5f2fa551c8451ed4228e82821cebbe18,Mixed,7,5150498216328707463,1.7475,0.05659871244635193,16,True,True,16,0.0,False,0.3375,False
trained-feedforward-43-mixed-008,feedforward,43,117,9f2316808439affb020d8d2382b50d0d5f2fa551c8451ed4228e82821cebbe18,Mixed,8,4852258040163769926,1.6574999999999998,0.09021493212669685,9,True,True,9,0.0,False,0.18125,False
trained-feedforward-43-mixed-009,feedforward,43,117,9f2316808439affb020d8d2382b50d0d5f2fa551c8451ed4228e82821cebbe18,Mixed,9,13073713500247951947,1.7524999999999997,0.07676533523537812,11,True,True,11,0.0,False,0.21875,False
trained-feedforward-43-mixed-010,feedforward,43,117,9f2316808439affb020d8d2382b50d0d5f2fa551c8451ed4228e82821cebbe18,Mixed,10,2262034312899900048,3.3137499999999998,0.07085636808301758,20,True,True,20,0.0,False,0.4375,False
trained-feedforward-43-mixed-011,feedforward,43,117,9f2316808439affb020d8d2382b50d0d5f2fa551c8451ed4228e82821cebbe18,Mixed,11,4558217939883244370,2.2699999999999996,0.07227422907488991,13,True,True,13,0.0,False,0.275,False
trained-feedforward-43-mixed-012,feedforward,43,117,9f2316808439affb020d8d2382b50d0d5f2fa551c8451ed4228e82821cebbe18,Mixed,12,3168362791080104346,2.025,0.0430555555555555,12,True,True,12,0.0,False,0.2625,False
trained-feedforward-43-mixed-013,feedforward,43,117,9f2316808439affb020d8d2382b50d0d5f2fa551c8451ed4228e82821cebbe18,Mixed,13,8630920601076522500,1.7274999999999998,0.06647973950795949,11,True,True,11,0.0,False,0.225,False
trained-feedforward-43-mixed-014,feedforward,43,117,9f2316808439affb020d8d2382b50d0d5f2fa551c8451ed4228e82821cebbe18,Mixed,14,12073094380430026494,1.8574999999999997,0.07141655450874834,10,True,True,10,0.0,False,0.21875,False
trained-feedforward-43-mixed-015,feedforward,43,117,9f2316808439affb020d8d2382b50d0d5f2fa551c8451ed4228e82821cebbe18,Mixed,15,13016142581884452871,3.215,0.07290046656298604,22,True,True,22,0.0,False,0.5125,False
trained-feedforward-43-mixed-016,feedforward,43,117,9f2316808439affb020d8d2382b50d0d5f2fa551c8451ed4228e82821cebbe18,Mixed,16,11121961686745217,2.5599999999999996,0.05310058593749998,15,True,True,15,0.0,False,0.3375,False
trained-feedforward-43-mixed-017,feedforward,43,117,9f2316808439affb020d8d2382b50d0d5f2fa551c8451ed4228e82821cebbe18,Mixed,17,16464472950556231449,1.9749999999999999,0.01803797468354432,16,True,True,16,0.0,False,0.33125,False
trained-feedforward-43-mixed-018,feedforward,43,117,9f2316808439affb020d8d2382b50d0d5f2fa551c8451ed4228e82821cebbe18,Mixed,18,3559233782406003589,2.0949999999999998,0.07875894988066828,17,True,True,17,0.0,False,0.35,False
trained-feedforward-43-mixed-019,feedforward,43,117,9f2316808439affb020d8d2382b50d0d5f2fa551c8451ed4228e82821cebbe18,Mixed,19,13474766643108843398,1.7049999999999998,0.03519061583577712,8,True,True,8,0.0,False,0.15625,False
trained-feedforward-43-mixed-020,feedforward,43,117,9f2316808439affb020d8d2382b50d0d5f2fa551c8451ed4228e82821cebbe18,Mixed,20,13672851582553724679,2.78,0.1163444244604317,18,True,True,18,0.0,False,0.38125,False
trained-feedforward-43-mixed-021,feedforward,43,117,9f2316808439affb020d8d2382b50d0d5f2fa551c8451ed4228e82821cebbe18,Mixed,21,1516564698664408013,1.5599999999999998,0.04086538461538459,8,True,True,8,0.0,False,0.1625,False
trained-feedforward-43-mixed-022,feedforward,43,117,9f2316808439affb020d8d2382b50d0d5f2fa551c8451ed4228e82821cebbe18,Mixed,22,7375651617570133859,1.9175,0.07113754889178622,11,True,True,11,0.0,False,0.25625,False
trained-feedforward-43-mixed-023,feedforward,43,117,9f2316808439affb020d8d2382b50d0d5f2fa551c8451ed4228e82821cebbe18,Mixed,23,6840208026196834750,3.155,0.07072107765451667,19,True,True,19,0.0,False,0.4375,False
trained-feedforward-43-mixed-024,feedforward,43,117,9f2316808439affb020d8d2382b50d0d5f2fa551c8451ed4228e82821cebbe18,Mixed,24,14022365353507699728,2.1725,0.10292002301495976,12,True,True,12,0.0,False,0.26875,False
trained-feedforward-43-mixed-025,feedforward,43,117,9f2316808439affb020d8d2382b50d0d5f2fa551c8451ed4228e82821cebbe18,Mixed,25,16734181709032328860,1.9699999999999998,0.05472715736040611,9,True,True,9,0.0,False,0.19375,False
trained-feedforward-43-mixed-026,feedforward,43,117,9f2316808439affb020d8d2382b50d0d5f2fa551c8451ed4228e82821cebbe18,Mixed,26,7735607065039863169,2.03,0.03740763546798033,15,True,True,15,0.0,False,0.325,False
trained-feedforward-43-mixed-027,feedforward,43,117,9f2316808439affb020d8d2382b50d0d5f2fa551c8451ed4228e82821cebbe18,Mixed,27,18402289859348359727,2.13,0.08098591549295778,9,True,True,9,0.0,False,0.21875,False
trained-feedforward-43-mixed-028,feedforward,43,117,9f2316808439affb020d8d2382b50d0d5f2fa551c8451ed4228e82821cebbe18,Mixed,28,16498427790826740620,4.272499999999999,0.05540520772381509,20,True,True,20,0.0,False,0.44375,False
trained-feedforward-43-mixed-029,feedforward,43,117,9f2316808439affb020d8d2382b50d0d5f2fa551c8451ed4228e82821cebbe18,Mixed,29,16088226046002479161,3.1324999999999994,0.09172984836392663,17,True,True,17,0.0,False,0.3875,False
trained-feedforward-43-mixed-030,feedforward,43,117,9f2316808439affb020d8d2382b50d0d5f2fa551c8451ed4228e82821cebbe18,Mixed,30,11138142093999349780,1.8675000000000002,0.06902610441767068,9,True,True,9,0.0,False,0.1875,False
trained-feedforward-43-mixed-031,feedforward,43,117,9f2316808439affb020d8d2382b50d0d5f2fa551c8451ed4228e82821cebbe18,Mixed,31,4855963107948910830,2.2724999999999995,0.08931518151815188,11,True,True,11,0.0,False,0.2375,False
trained-feedforward-43-mixed-032,feedforward,43,117,9f2316808439affb020d8d2382b50d0d5f2fa551c8451ed4228e82821cebbe18,Mixed,32,11341583189787920617,1.7325,0.07548701298701302,9,True,True,9,0.0,False,0.1875,False
trained-feedforward-43-mixed-033,feedforward,43,117,9f2316808439affb020d8d2382b50d0d5f2fa551c8451ed4228e82821cebbe18,Mixed,33,4367839307194980806,3.3774999999999995,0.08285529237601781,14,True,True,14,0.0,False,0.325,False
trained-feedforward-43-mixed-034,feedforward,43,117,9f2316808439affb020d8d2382b50d0d5f2fa551c8451ed4228e82821cebbe18,Mixed,34,9214907586073554693,2.28,0.10567434210526316,14,True,True,14,0.0,False,0.3125,False
trained-feedforward-43-mixed-035,feedforward,43,117,9f2316808439affb020d8d2382b50d0d5f2fa551c8451ed4228e82821cebbe18,Mixed,35,10699656107512481636,1.5425,0.04649513776337119,13,True,True,13,0.0,False,0.24375,False
trained-feedforward-43-mixed-036,feedforward,43,117,9f2316808439affb020d8d2382b50d0d5f2fa551c8451ed4228e82821cebbe18,Mixed,36,13474263841982486038,2.0025,0.04564606741573033,8,True,True,8,0.0,False,0.19375,False
trained-feedforward-43-mixed-037,feedforward,43,117,9f2316808439affb020d8d2382b50d0d5f2fa551c8451ed4228e82821cebbe18,Mixed,37,10157819600752799935,1.9774999999999998,0.06803097345132747,16,True,True,16,0.0,False,0.3375,False
trained-feedforward-43-mixed-038,feedforward,43,117,9f2316808439affb020d8d2382b50d0d5f2fa551c8451ed4228e82821cebbe18,Mixed,38,325584619022938861,2.0025,0.05173220973782776,12,True,True,12,0.0,False,0.25625,False
trained-feedforward-43-mixed-039,feedforward,43,117,9f2316808439affb020d8d2382b50d0d5f2fa551c8451ed4228e82821cebbe18,Mixed,39,359954284845131344,2.2024999999999997,0.09385641316685585,16,True,True,16,0.0,False,0.35,False
trained-feedforward-43-mixed-040,feedforward,43,117,9f2316808439affb020d8d2382b50d0d5f2fa551c8451ed4228e82821cebbe18,Mixed,40,563656768464533930,2.2699999999999996,0.048320484581497854,16,True,True,16,0.0,False,0.35625,False
trained-feedforward-43-mixed-041,feedforward,43,117,9f2316808439affb020d8d2382b50d0d5f2fa551c8451ed4228e82821cebbe18,Mixed,41,14818688703602803846,2.6799999999999997,0.062616604477612,17,True,True,17,0.0,False,0.34375,False
trained-feedforward-43-mixed-042,feedforward,43,117,9f2316808439affb020d8d2382b50d0d5f2fa551c8451ed4228e82821cebbe18,Mixed,42,11964200204925527131,2.0399999999999996,0.0882352941176471,12,True,True,12,0.0,False,0.25,False
trained-feedforward-43-mixed-043,feedforward,43,117,9f2316808439affb020d8d2382b50d0d5f2fa551c8451ed4228e82821cebbe18,Mixed,43,12184397985753080923,2.9649999999999994,0.12046795952782471,20,True,True,20,0.0,False,0.45625,False
trained-feedforward-43-mixed-044,feedforward,43,117,9f2316808439affb020d8d2382b50d0d5f2fa551c8451ed4228e82821cebbe18,Mixed,44,4653555550411206015,2.1174999999999997,0.06264757969303428,14,True,True,14,0.0,False,0.3,False
trained-feedforward-43-mixed-045,feedforward,43,117,9f2316808439affb020d8d2382b50d0d5f2fa551c8451ed4228e82821cebbe18,Mixed,45,4816090692795436929,2.8225,0.07921833480956599,16,True,True,16,0.0,False,0.34375,False
trained-feedforward-43-mixed-046,feedforward,43,117,9f2316808439affb020d8d2382b50d0d5f2fa551c8451ed4228e82821cebbe18,Mixed,46,15915174037834974958,1.605,0.020443925233644838,10,True,True,10,0.0,False,0.1875,False
trained-feedforward-43-mixed-047,feedforward,43,117,9f2316808439affb020d8d2382b50d0d5f2fa551c8451ed4228e82821cebbe18,Mixed,47,5243494352586461404,1.8124999999999998,0.05922413793103449,11,True,True,11,0.0,False,0.21875,False
trained-feedforward-43-mixed-048,feedforward,43,117,9f2316808439affb020d8d2382b50d0d5f2fa551c8451ed4228e82821cebbe18,Mixed,48,5511861585476979303,1.575,0.014880952380952354,11,True,True,11,0.0,False,0.2,False
trained-feedforward-43-mixed-049,feedforward,43,117,9f2316808439affb020d8d2382b50d0d5f2fa551c8451ed4228e82821cebbe18,Mixed,49,13735705757354875793,2.0024999999999995,0.03347378277153559,13,True,True,13,0.0,False,0.2875,False
trained-feedforward-43-mixed-050,feedforward,43,117,9f2316808439affb020d8d2382b50d0d5f2fa551c8451ed4228e82821cebbe18,Mixed,50,9519871889443163738,1.6775,0.05728390461997014,8,True,True,8,0.0,False,0.1625,False
trained-feedforward-43-mixed-051,feedforward,43,117,9f2316808439affb020d8d2382b50d0d5f2fa551c8451ed4228e82821cebbe18,Mixed,51,8019668990244649447,1.94,0.06910438144329897,8,True,True,8,0.0,False,0.16875,False
trained-feedforward-43-mixed-052,feedforward,43,117,9f2316808439affb020d8d2382b50d0d5f2fa551c8451ed4228e82821cebbe18,Mixed,52,15280405781255135891,1.5875,0.02746062992125982,11,True,True,11,0.0,False,0.24375,False
trained-feedforward-43-mixed-053,feedforward,43,117,9f2316808439affb020d8d2382b50d0d5f2fa551c8451ed4228e82821cebbe18,Mixed,53,8846971605836721900,1.8849999999999998,0.06962864721485411,12,True,True,12,0.0,False,0.2375,False
trained-feedforward-43-mixed-054,feedforward,43,117,9f2316808439affb020d8d2382b50d0d5f2fa551c8451ed4228e82821cebbe18,Mixed,54,11335509768189871430,1.6474999999999997,0.0332890743550835,12,True,True,12,0.0,False,0.225,False
trained-feedforward-43-mixed-055,feedforward,43,117,9f2316808439affb020d8d2382b50d0d5f2fa551c8451ed4228e82821cebbe18,Mixed,55,11722408985637714516,1.7925,0.06511506276150632,13,True,True,13,0.0,False,0.275,False
trained-feedforward-43-mixed-056,feedforward,43,117,9f2316808439affb020d8d2382b50d0d5f2fa551c8451ed4228e82821cebbe18,Mixed,56,7647432761901146281,1.4649999999999999,0.018558020477815695,10,True,True,10,0.0,False,0.2,False
trained-feedforward-43-mixed-057,feedforward,43,117,9f2316808439affb020d8d2382b50d0d5f2fa551c8451ed4228e82821cebbe18,Mixed,57,1197209808380758990,3.9787499999999993,0.11714302819392361,17,True,True,17,0.0,False,0.38125,False
trained-feedforward-43-mixed-058,feedforward,43,117,9f2316808439affb020d8d2382b50d0d5f2fa551c8451ed4228e82821cebbe18,Mixed,58,10028461442867350424,2.205,0.06590136054421769,12,True,True,12,0.0,False,0.2375,False
trained-feedforward-43-mixed-059,feedforward,43,117,9f2316808439affb020d8d2382b50d0d5f2fa551c8451ed4228e82821cebbe18,Mixed,59,10600950250205409968,1.7174999999999998,0.049399563318777324,8,True,True,8,0.0,False,0.1625,False
trained-feedforward-43-mixed-060,feedforward,43,117,9f2316808439affb020d8d2382b50d0d5f2fa551c8451ed4228e82821cebbe18,Mixed,60,1576817738645280309,2.8825,0.09643321769297485,18,True,True,18,0.0,False,0.41875,False
trained-feedforward-43-mixed-061,feedforward,43,117,9f2316808439affb020d8d2382b50d0d5f2fa551c8451ed4228e82821cebbe18,Mixed,61,15715244371488972150,2.3874999999999997,0.08540575916230372,17,True,True,17,0.0,False,0.39375,False
trained-feedforward-43-mixed-062,feedforward,43,117,9f2316808439affb020d8d2382b50d0d5f2fa551c8451ed4228e82821cebbe18,Mixed,62,1889960042953101000,2.33,0.07322961373390559,16,True,True,16,0.0,False,0.35,False
trained-feedforward-43-mixed-063,feedforward,43,117,9f2316808439affb020d8d2382b50d0d5f2fa551c8451ed4228e82821cebbe18,Mixed,63,10860777236873543025,2.0999999999999996,0.07455357142857146,13,True,True,13,0.0,False,0.28125,False
trained-feedforward-43-proportional-000,feedforward,43,117,9f2316808439affb020d8d2382b50d0d5f2fa551c8451ed4228e82821cebbe18,Proportional,0,1400714039555269213,6.793749999999999,0.5586476540938362,33,True,True,33,0.0,False,0.275,False
trained-feedforward-43-proportional-001,feedforward,43,117,9f2316808439affb020d8d2382b50d0d5f2fa551c8451ed4228e82821cebbe18,Proportional,1,13993935850019910231,2.505,0.3163672654690619,24,True,True,24,0.0,False,0.23125,False
trained-feedforward-43-proportional-002,feedforward,43,117,9f2316808439affb020d8d2382b50d0d5f2fa551c8451ed4228e82821cebbe18,Proportional,2,334972893449697112,2.9874999999999994,0.24790794979079497,15,True,True,15,0.0,False,0.18125,False
trained-feedforward-43-proportional-003,feedforward,43,117,9f2316808439affb020d8d2382b50d0d5f2fa551c8451ed4228e82821cebbe18,Proportional,3,9363859612155098637,4.3774999999999995,0.35679611650485427,19,True,True,19,0.0,False,0.2375,False
trained-feedforward-43-proportional-004,feedforward,43,117,9f2316808439affb020d8d2382b50d0d5f2fa551c8451ed4228e82821cebbe18,Proportional,4,3074284488963453944,10.332499999999998,0.5534564441981533,40,False,False,,200.0,True,0.45625,False
trained-feedforward-43-proportional-005,feedforward,43,117,9f2316808439affb020d8d2382b50d0d5f2fa551c8451ed4228e82821cebbe18,Proportional,5,9833136991012599456,2.61,0.271551724137931,12,True,True,12,0.0,False,0.15,False
trained-feedforward-43-proportional-006,feedforward,43,117,9f2316808439affb020d8d2382b50d0d5f2fa551c8451ed4228e82821cebbe18,Proportional,6,2548218435330548479,8.815,0.474118247512518,40,False,False,,200.0,True,0.46875,False
trained-feedforward-43-proportional-007,feedforward,43,117,9f2316808439affb020d8d2382b50d0d5f2fa551c8451ed4228e82821cebbe18,Proportional,7,8629738866834788858,7.162499999999998,0.4584055264821316,25,True,True,25,0.0,False,0.28125,False
trained-feedforward-43-proportional-008,feedforward,43,117,9f2316808439affb020d8d2382b50d0d5f2fa551c8451ed4228e82821cebbe18,Proportional,8,16005874459499793500,8.80125,0.48891944284972705,40,False,False,,155.39999999999998,True,0.44375,False
trained-feedforward-43-proportional-009,feedforward,43,117,9f2316808439affb020d8d2382b50d0d5f2fa551c8451ed4228e82821cebbe18,Proportional,9,12342963523311062445,3.539999999999999,0.23552259887005655,21,True,True,21,0.0,False,0.26875,False
trained-feedforward-43-proportional-010,feedforward,43,117,9f2316808439affb020d8d2382b50d0d5f2fa551c8451ed4228e82821cebbe18,Proportional,10,17544517490377231972,1.8049999999999997,0.1634349030470914,13,True,True,13,0.0,False,0.125,False
trained-feedforward-43-proportional-011,feedforward,43,117,9f2316808439affb020d8d2382b50d0d5f2fa551c8451ed4228e82821cebbe18,Proportional,11,8023963119033615904,9.934999999999999,0.5222214252331636,40,False,False,,200.0,True,0.48125,False
trained-feedforward-43-proportional-012,feedforward,43,117,9f2316808439affb020d8d2382b50d0d5f2fa551c8451ed4228e82821cebbe18,Proportional,12,14082708908573562642,6.481249999999999,0.5339922854387656,40,False,False,,200.0,True,0.39375,False
trained-feedforward-43-proportional-013,feedforward,43,117,9f2316808439affb020d8d2382b50d0d5f2fa551c8451ed4228e82821cebbe18,Proportional,13,4693011922422794576,6.001249999999999,0.5411787220549859,24,True,True,24,0.0,False,0.21875,False
trained-feedforward-43-proportional-014,feedforward,43,117,9f2316808439affb020d8d2382b50d0d5f2fa551c8451ed4228e82821cebbe18,Proportional,14,11011841189144181315,1.8199999999999998,0.07486263736263733,7,True,True,7,0.0,False,0.14375,False
trained-feedforward-43-proportional-015,feedforward,43,117,9f2316808439affb020d8d2382b50d0d5f2fa551c8451ed4228e82821cebbe18,Proportional,15,7970533121451833803,2.2024999999999997,0.15635641316685583,18,True,True,18,0.0,False,0.23125,False
trained-feedforward-43-proportional-016,feedforward,43,117,9f2316808439affb020d8d2382b50d0d5f2fa551c8451ed4228e82821cebbe18,Proportional,16,959114482836931439,3.0549999999999997,0.3527004909983633,13,True,True,13,0.0,False,0.175,False
trained-feedforward-43-proportional-017,feedforward,43,117,9f2316808439affb020d8d2382b50d0d5f2fa551c8451ed4228e82821cebbe18,Proportional,17,9953652805492181574,9.607499999999998,0.5705627794302014,40,False,False,,200.0,True,0.4125,False
trained-feedforward-43-proportional-018,feedforward,43,117,9f2316808439affb020d8d2382b50d0d5f2fa551c8451ed4228e82821cebbe18,Proportional,18,10523271807819701978,1.4224999999999999,0.07776801405975393,7,True,True,7,0.0,False,0.06875,False
trained-feedforward-43-proportional-019,feedforward,43,117,9f2316808439affb020d8d2382b50d0d5f2fa551c8451ed4228e82821cebbe18,Proportional,19,8105107171558773683,2.1025,0.1275267538644471,13,True,True,13,0.0,False,0.19375,False
trained-feedforward-43-proportional-020,feedforward,43,117,9f2316808439affb020d8d2382b50d0d5f2fa551c8451ed4228e82821cebbe18,Proportional,20,4966997320500225534,1.5425,0.03606158833063212,14,True,True,14,0.0,False,0.16875,False
trained-feedforward-43-proportional-021,feedforward,43,117,9f2316808439affb020d8d2382b50d0d5f2fa551c8451ed4228e82821cebbe18,Proportional,21,61401327080082128,6.809999999999999,0.43504543313501176,32,True,True,32,0.0,False,0.35,False
trained-feedforward-43-proportional-022,feedforward,43,117,9f2316808439affb020d8d2382b50d0d5f2fa551c8451ed4228e82821cebbe18,Proportional,22,1050444742474536379,2.44,0.1962090163934426,14,True,True,14,0.0,False,0.23125,False
trained-feedforward-43-proportional-023,feedforward,43,117,9f2316808439affb020d8d2382b50d0d5f2fa551c8451ed4228e82821cebbe18,Proportional,23,10233741101841230627,3.0749999999999993,0.28861788617886175,18,True,True,18,0.0,False,0.21875,False
trained-feedforward-43-proportional-024,feedforward,43,117,9f2316808439affb020d8d2382b50d0d5f2fa551c8451ed4228e82821cebbe18,Proportional,24,14085739292820523600,8.341249999999999,0.5788625805484789,40,False,False,,200.0,True,0.3875,False
trained-feedforward-43-proportional-025,feedforward,43,117,9f2316808439affb020d8d2382b50d0d5f2fa551c8451ed4228e82821cebbe18,Proportional,25,198249000698343840,9.277499999999998,0.5891269199676638,40,False,False,,200.0,True,0.35625,False
trained-feedforward-43-proportional-026,feedforward,43,117,9f2316808439affb020d8d2382b50d0d5f2fa551c8451ed4228e82821cebbe18,Proportional,26,7754940530845755230,6.17125,0.5754000405104314,40,False,False,,200.0,True,0.29375,False
trained-feedforward-43-proportional-027,feedforward,43,117,9f2316808439affb020d8d2382b50d0d5f2fa551c8451ed4228e82821cebbe18,Proportional,27,8449329919675929771,2.5549999999999997,0.15215264187866925,23,True,True,23,0.0,False,0.3125,False
trained-feedforward-43-proportional-028,feedforward,43,117,9f2316808439affb020d8d2382b50d0d5f2fa551c8451ed4228e82821cebbe18,Proportional,28,3361616164040021105,4.277499999999999,0.44520748100526003,23,True,True,23,0.0,False,0.26875,False
trained-feedforward-43-proportional-029,feedforward,43,117,9f2316808439affb020d8d2382b50d0d5f2fa551c8451ed4228e82821cebbe18,Proportional,29,17741964202746748837,3.0849999999999995,0.293354943273906,16,True,True,16,0.0,False,0.21875,False
trained-feedforward-43-proportional-030,feedforward,43,117,9f2316808439affb020d8d2382b50d0d5f2fa551c8451ed4228e82821cebbe18,Proportional,30,14531634531633196775,8.548749999999998,0.589888872642199,40,False,False,,200.0,True,0.35625,False
trained-feedforward-43-proportional-031,feedforward,43,117,9f2316808439affb020d8d2382b50d0d5f2fa551c8451ed4228e82821cebbe18,Proportional,31,8916431143429411887,2.3,0.22826086956521732,18,True,True,18,0.0,False,0.2,False
trained-feedforward-43-proportional-032,feedforward,43,117,9f2316808439affb020d8d2382b50d0d5f2fa551c8451ed4228e82821cebbe18,Proportional,32,13686392456099024004,8.294999999999998,0.6185955394816153,40,False,False,,200.0,True,0.38125,False
trained-feedforward-43-proportional-033,feedforward,43,117,9f2316808439affb020d8d2382b50d0d5f2fa551c8451ed4228e82821cebbe18,Proportional,33,13865865732173417938,8.409999999999998,0.6260404280618311,40,False,False,,179.2,True,0.30625,False
trained-feedforward-43-proportional-034,feedforward,43,117,9f2316808439affb020d8d2382b50d0d5f2fa551c8451ed4228e82821cebbe18,Proportional,34,18424045362544691011,2.7374999999999994,0.32351598173515983,29,True,True,29,0.0,False,0.26875,False
trained-feedforward-43-proportional-035,feedforward,43,117,9f2316808439affb020d8d2382b50d0d5f2fa551c8451ed4228e82821cebbe18,Proportional,35,3375399856397493385,9.12375,0.6414919852034524,40,False,False,,156.79999999999998,True,0.3125,False
trained-feedforward-43-proportional-036,feedforward,43,117,9f2316808439affb020d8d2382b50d0d5f2fa551c8451ed4228e82821cebbe18,Proportional,36,2116409352029459280,8.161249999999999,0.5763133711134937,40,False,False,,200.0,True,0.3625,False
trained-feedforward-43-proportional-037,feedforward,43,117,9f2316808439affb020d8d2382b50d0d5f2fa551c8451ed4228e82821cebbe18,Proportional,37,8885223311541227916,1.69,0.09393491124260354,11,True,True,11,0.0,False,0.19375,False
trained-feedforward-43-proportional-038,feedforward,43,117,9f2316808439affb020d8d2382b50d0d5f2fa551c8451ed4228e82821cebbe18,Proportional,38,5960870117460152825,6.454999999999998,0.5811386522075911,40,False,False,,200.0,True,0.34375,False
trained-feedforward-43-proportional-039,feedforward,43,117,9f2316808439affb020d8d2382b50d0d5f2fa551c8451ed4228e82821cebbe18,Proportional,39,17079817485786974096,4.2124999999999995,0.4594955489614243,29,True,True,29,0.0,False,0.28125,False
trained-feedforward-43-proportional-040,feedforward,43,117,9f2316808439affb020d8d2382b50d0d5f2fa551c8451ed4228e82821cebbe18,Proportional,40,17867360505596522716,2.2074999999999996,0.17695356738391843,26,True,True,26,0.0,False,0.3375,False
trained-feedforward-43-proportional-041,feedforward,43,117,9f2316808439affb020d8d2382b50d0d5f2fa551c8451ed4228e82821cebbe18,Proportional,41,7154542183157074732,2.0774999999999997,0.16034897713598079,7,True,True,7,0.0,False,0.11875,False
trained-feedforward-43-proportional-042,feedforward,43,117,9f2316808439affb020d8d2382b50d0d5f2fa551c8451ed4228e82821cebbe18,Proportional,42,1352599407462798075,9.055,0.5788238542241855,40,False,False,,200.0,True,0.39375,False
trained-feedforward-43-proportional-043,feedforward,43,117,9f2316808439affb020d8d2382b50d0d5f2fa551c8451ed4228e82821cebbe18,Proportional,43,2329354600980118980,2.5225,0.2792368681863231,29,True,True,29,0.0,False,0.25,False
trained-feedforward-43-proportional-044,feedforward,43,117,9f2316808439affb020d8d2382b50d0d5f2fa551c8451ed4228e82821cebbe18,Proportional,44,16221588263331225038,9.087499999999999,0.5174490668475266,40,False,False,,200.0,True,0.48125,False
trained-feedforward-43-proportional-045,feedforward,43,117,9f2316808439affb020d8d2382b50d0d5f2fa551c8451ed4228e82821cebbe18,Proportional,45,8186672306913931366,6.43375,0.3664755829265584,32,True,True,32,0.0,False,0.40625,False
trained-feedforward-43-proportional-046,feedforward,43,117,9f2316808439affb020d8d2382b50d0d5f2fa551c8451ed4228e82821cebbe18,Proportional,46,5466068222806152646,3.135,0.4059011164274322,19,True,True,19,0.0,False,0.19375,False
trained-feedforward-43-proportional-047,feedforward,43,117,9f2316808439affb020d8d2382b50d0d5f2fa551c8451ed4228e82821cebbe18,Proportional,47,10288988062305342119,7.6587499999999995,0.5743838746531744,40,False,False,,200.0,True,0.38125,False
trained-feedforward-43-proportional-048,feedforward,43,117,9f2316808439affb020d8d2382b50d0d5f2fa551c8451ed4228e82821cebbe18,Proportional,48,12224274351573540503,2.1774999999999998,0.27870264064293915,20,True,True,20,0.0,False,0.19375,False
trained-feedforward-43-proportional-049,feedforward,43,117,9f2316808439affb020d8d2382b50d0d5f2fa551c8451ed4228e82821cebbe18,Proportional,49,349703775844707644,1.4975,0.0713689482470785,10,True,True,10,0.0,False,0.15625,False
trained-feedforward-43-proportional-050,feedforward,43,117,9f2316808439affb020d8d2382b50d0d5f2fa551c8451ed4228e82821cebbe18,Proportional,50,438676212736871383,1.835,0.1682561307901907,8,True,True,8,0.0,False,0.125,False
trained-feedforward-43-proportional-051,feedforward,43,117,9f2316808439affb020d8d2382b50d0d5f2fa551c8451ed4228e82821cebbe18,Proportional,51,5800980276329377975,2.1125,0.13284023668639047,7,True,True,7,0.0,False,0.1375,False
trained-feedforward-43-proportional-052,feedforward,43,117,9f2316808439affb020d8d2382b50d0d5f2fa551c8451ed4228e82821cebbe18,Proportional,52,7923164793878709501,2.1075,0.08570581257413995,8,True,True,8,0.0,False,0.1625,False
trained-feedforward-43-proportional-053,feedforward,43,117,9f2316808439affb020d8d2382b50d0d5f2fa551c8451ed4228e82821cebbe18,Proportional,53,17264973311949279641,8.1275,0.5068748537232473,40,False,False,,200.0,True,0.5,False
trained-feedforward-43-proportional-054,feedforward,43,117,9f2316808439affb020d8d2382b50d0d5f2fa551c8451ed4228e82821cebbe18,Proportional,54,5987648967196426209,5.14375,0.49977677701368417,16,True,True,16,0.0,False,0.20625,False
trained-feedforward-43-proportional-055,feedforward,43,117,9f2316808439affb020d8d2382b50d0d5f2fa551c8451ed4228e82821cebbe18,Proportional,55,8739165741919372449,1.45,0.0887931034482758,10,True,True,10,0.0,False,0.1,False
trained-feedforward-43-proportional-056,feedforward,43,117,9f2316808439affb020d8d2382b50d0d5f2fa551c8451ed4228e82821cebbe18,Proportional,56,2259092194725888027,1.9649999999999999,0.1622137404580152,9,True,True,9,0.0,False,0.1625,False
trained-feedforward-43-proportional-057,feedforward,43,117,9f2316808439affb020d8d2382b50d0d5f2fa551c8451ed4228e82821cebbe18,Proportional,57,16876788852995732538,1.99,0.08919597989949747,28,True,True,28,0.0,False,0.275,False
trained-feedforward-43-proportional-058,feedforward,43,117,9f2316808439affb020d8d2382b50d0d5f2fa551c8451ed4228e82821cebbe18,Proportional,58,14902146480644875095,6.729999999999999,0.5438335809806835,40,False,False,,200.0,True,0.33125,False
trained-feedforward-43-proportional-059,feedforward,43,117,9f2316808439affb020d8d2382b50d0d5f2fa551c8451ed4228e82821cebbe18,Proportional,59,2810916558090436361,2.3274999999999997,0.22690655209452204,11,True,True,11,0.0,False,0.20625,False
trained-feedforward-43-proportional-060,feedforward,43,117,9f2316808439affb020d8d2382b50d0d5f2fa551c8451ed4228e82821cebbe18,Proportional,60,12426638996191309210,2.005,0.16957605985037402,7,True,True,7,0.0,False,0.125,False
trained-feedforward-43-proportional-061,feedforward,43,117,9f2316808439affb020d8d2382b50d0d5f2fa551c8451ed4228e82821cebbe18,Proportional,61,14332519365387228816,3.38375,0.2674316222070042,10,True,True,10,0.0,False,0.20625,False
trained-feedforward-43-proportional-062,feedforward,43,117,9f2316808439affb020d8d2382b50d0d5f2fa551c8451ed4228e82821cebbe18,Proportional,62,15437561637338380507,2.3299999999999996,0.14538626609442057,15,True,True,15,0.0,False,0.2125,False
trained-feedforward-43-proportional-063,feedforward,43,117,9f2316808439affb020d8d2382b50d0d5f2fa551c8451ed4228e82821cebbe18,Proportional,63,3954115443303657158,7.169999999999999,0.43354228376586434,40,False,False,,200.0,True,0.425,False
trained-linear-17-equal-000,linear,17,120,c920fe932cf7cfad9e9e5928c07e0b5b5bab4d0732c8bd1d21c9c99063847ee2,Equal,0,5254527087764132497,2.6799999999999997,0.14458955223880596,14,True,True,14,0.0,False,0.325,False
trained-linear-17-equal-001,linear,17,120,c920fe932cf7cfad9e9e5928c07e0b5b5bab4d0732c8bd1d21c9c99063847ee2,Equal,1,14376896217522835673,1.645,0.1728723404255319,8,True,True,8,0.0,False,0.175,False
trained-linear-17-equal-002,linear,17,120,c920fe932cf7cfad9e9e5928c07e0b5b5bab4d0732c8bd1d21c9c99063847ee2,Equal,2,4151064507738746227,3.381249999999999,0.1358595194085028,17,True,True,17,0.0,False,0.4,False
trained-linear-17-equal-003,linear,17,120,c920fe932cf7cfad9e9e5928c07e0b5b5bab4d0732c8bd1d21c9c99063847ee2,Equal,3,5057160709422802569,2.0549999999999997,0.09428223844282238,9,True,True,9,0.0,False,0.2,False
trained-linear-17-equal-004,linear,17,120,c920fe932cf7cfad9e9e5928c07e0b5b5bab4d0732c8bd1d21c9c99063847ee2,Equal,4,12269585359592767847,2.0875,0.0845808383233533,9,True,True,9,0.0,False,0.2,False
trained-linear-17-equal-005,linear,17,120,c920fe932cf7cfad9e9e5928c07e0b5b5bab4d0732c8bd1d21c9c99063847ee2,Equal,5,14073784254594636894,2.505,0.11227544910179642,13,True,True,13,0.0,False,0.3,False
trained-linear-17-equal-006,linear,17,120,c920fe932cf7cfad9e9e5928c07e0b5b5bab4d0732c8bd1d21c9c99063847ee2,Equal,6,4669314126040352111,1.8199999999999998,0.11675824175824175,12,True,True,12,0.0,False,0.275,False
trained-linear-17-equal-007,linear,17,120,c920fe932cf7cfad9e9e5928c07e0b5b5bab4d0732c8bd1d21c9c99063847ee2,Equal,7,5894678886060804577,2.405,0.01819126819126821,11,True,True,11,0.0,False,0.25,False
trained-linear-17-equal-008,linear,17,120,c920fe932cf7cfad9e9e5928c07e0b5b5bab4d0732c8bd1d21c9c99063847ee2,Equal,8,17673247999287840368,2.0925,0.11872759856630827,10,True,True,10,0.0,False,0.225,False
trained-linear-17-equal-009,linear,17,120,c920fe932cf7cfad9e9e5928c07e0b5b5bab4d0732c8bd1d21c9c99063847ee2,Equal,9,182376966714165623,1.46,0.0770547945205479,6,True,True,6,0.0,False,0.125,False
trained-linear-17-equal-010,linear,17,120,c920fe932cf7cfad9e9e5928c07e0b5b5bab4d0732c8bd1d21c9c99063847ee2,Equal,10,10931750881448942403,2.3175,0.13416936353829556,11,True,True,11,0.0,False,0.25,False
trained-linear-17-equal-011,linear,17,120,c920fe932cf7cfad9e9e5928c07e0b5b5bab4d0732c8bd1d21c9c99063847ee2,Equal,11,11184019632436164147,2.4425,0.10171443193449337,10,True,True,10,0.0,False,0.225,False
trained-linear-17-equal-012,linear,17,120,c920fe932cf7cfad9e9e5928c07e0b5b5bab4d0732c8bd1d21c9c99063847ee2,Equal,12,7167019119236823692,2.4074999999999998,0.09280893042575285,13,True,True,13,0.0,False,0.3,False
trained-linear-17-equal-013,linear,17,120,c920fe932cf7cfad9e9e5928c07e0b5b5bab4d0732c8bd1d21c9c99063847ee2,Equal,13,15330988131468327593,1.6674999999999998,0.19583958020989506,9,True,True,9,0.0,False,0.2,False
trained-linear-17-equal-014,linear,17,120,c920fe932cf7cfad9e9e5928c07e0b5b5bab4d0732c8bd1d21c9c99063847ee2,Equal,14,8618953244856973113,1.8649999999999998,0.0804289544235925,11,True,True,11,0.0,False,0.25,False
trained-linear-17-equal-015,linear,17,120,c920fe932cf7cfad9e9e5928c07e0b5b5bab4d0732c8bd1d21c9c99063847ee2,Equal,15,17658991377340250118,2.1774999999999998,0.14710103329506316,14,True,True,14,0.0,False,0.325,False
trained-linear-17-equal-016,linear,17,120,c920fe932cf7cfad9e9e5928c07e0b5b5bab4d0732c8bd1d21c9c99063847ee2,Equal,16,15236359465204158335,2.4274999999999993,0.12808959835221426,13,True,True,13,0.0,False,0.3,False
trained-linear-17-equal-017,linear,17,120,c920fe932cf7cfad9e9e5928c07e0b5b5bab4d0732c8bd1d21c9c99063847ee2,Equal,17,15663252372843043817,2.6925,0.1398560817084494,15,True,True,15,0.0,False,0.35,False
trained-linear-17-equal-018,linear,17,120,c920fe932cf7cfad9e9e5928c07e0b5b5bab4d0732c8bd1d21c9c99063847ee2,Equal,18,4279808323649824998,2.01,0.10261194029850744,10,True,True,10,0.0,False,0.225,False
trained-linear-17-equal-019,linear,17,120,c920fe932cf7cfad9e9e5928c07e0b5b5bab4d0732c8bd1d21c9c99063847ee2,Equal,19,6921064775724620876,2.3824999999999994,0.17903987408184688,14,True,True,14,0.0,False,0.325,False
trained-linear-17-equal-020,linear,17,120,c920fe932cf7cfad9e9e5928c07e0b5b5bab4d0732c8bd1d21c9c99063847ee2,Equal,20,11718755333233238878,2.4875,0.1162060301507538,13,True,True,13,0.0,False,0.3,False
trained-linear-17-equal-021,linear,17,120,c920fe932cf7cfad9e9e5928c07e0b5b5bab4d0732c8bd1d21c9c99063847ee2,Equal,21,10480833348582273578,2.4774999999999996,0.16712916246215945,12,True,True,12,0.0,False,0.275,False
trained-linear-17-equal-022,linear,17,120,c920fe932cf7cfad9e9e5928c07e0b5b5bab4d0732c8bd1d21c9c99063847ee2,Equal,22,12681056283921223377,2.0575,0.04936208991494532,9,True,True,9,0.0,False,0.2,False
trained-linear-17-equal-023,linear,17,120,c920fe932cf7cfad9e9e5928c07e0b5b5bab4d0732c8bd1d21c9c99063847ee2,Equal,23,12239641480472774221,1.975,0.0996835443037975,7,True,True,7,0.0,False,0.15,False
trained-linear-17-equal-024,linear,17,120,c920fe932cf7cfad9e9e5928c07e0b5b5bab4d0732c8bd1d21c9c99063847ee2,Equal,24,16009787794898374323,4.04875,0.047854276011114534,20,True,True,20,0.0,False,0.475,False
trained-linear-17-equal-025,linear,17,120,c920fe932cf7cfad9e9e5928c07e0b5b5bab4d0732c8bd1d21c9c99063847ee2,Equal,25,16041585568718491950,1.9749999999999999,0.20886075949367092,9,True,True,9,0.0,False,0.2,False
trained-linear-17-equal-026,linear,17,120,c920fe932cf7cfad9e9e5928c07e0b5b5bab4d0732c8bd1d21c9c99063847ee2,Equal,26,16734773230293742936,2.4499999999999997,0.13265306122448986,12,True,True,12,0.0,False,0.3,False
trained-linear-17-equal-027,linear,17,120,c920fe932cf7cfad9e9e5928c07e0b5b5bab4d0732c8bd1d21c9c99063847ee2,Equal,27,2108553842596333592,3.3174999999999994,0.19074981160512436,17,True,True,17,0.0,False,0.4,False
trained-linear-17-equal-028,linear,17,120,c920fe932cf7cfad9e9e5928c07e0b5b5bab4d0732c8bd1d21c9c99063847ee2,Equal,28,8690896817035327610,1.9425,0.0957207207207207,14,True,True,14,0.0,False,0.325,False
trained-linear-17-equal-029,linear,17,120,c920fe932cf7cfad9e9e5928c07e0b5b5bab4d0732c8bd1d21c9c99063847ee2,Equal,29,15041044755932770246,2.4449999999999994,0.08052147239263804,15,True,True,15,0.0,False,0.35,False
trained-linear-17-equal-030,linear,17,120,c920fe932cf7cfad9e9e5928c07e0b5b5bab4d0732c8bd1d21c9c99063847ee2,Equal,30,18127672530145915523,2.0349999999999997,0.06296068796068797,12,True,True,12,0.0,False,0.275,False
trained-linear-17-equal-031,linear,17,120,c920fe932cf7cfad9e9e5928c07e0b5b5bab4d0732c8bd1d21c9c99063847ee2,Equal,31,10678507711786230505,3.7399999999999993,0.03258689839572195,22,True,True,22,0.0,False,0.525,False
trained-linear-17-equal-032,linear,17,120,c920fe932cf7cfad9e9e5928c07e0b5b5bab4d0732c8bd1d21c9c99063847ee2,Equal,32,13796851985350288055,2.9774999999999996,0.13276658270361044,13,True,True,13,0.0,False,0.3,False
trained-linear-17-equal-033,linear,17,120,c920fe932cf7cfad9e9e5928c07e0b5b5bab4d0732c8bd1d21c9c99063847ee2,Equal,33,14333790260847480304,1.8099999999999998,0.02417127071823203,16,True,True,16,0.0,False,0.375,False
trained-linear-17-equal-034,linear,17,120,c920fe932cf7cfad9e9e5928c07e0b5b5bab4d0732c8bd1d21c9c99063847ee2,Equal,34,3215762742459653930,1.7625000000000002,0.10372340425531915,9,True,True,9,0.0,False,0.2,False
trained-linear-17-equal-035,linear,17,120,c920fe932cf7cfad9e9e5928c07e0b5b5bab4d0732c8bd1d21c9c99063847ee2,Equal,35,4280670705680497392,1.575,0.1130952380952381,8,True,True,8,0.0,False,0.175,False
trained-linear-17-equal-036,linear,17,120,c920fe932cf7cfad9e9e5928c07e0b5b5bab4d0732c8bd1d21c9c99063847ee2,Equal,36,17206775846020598622,2.4324999999999997,0.13168036998972255,11,True,True,11,0.0,False,0.275,False
trained-linear-17-equal-037,linear,17,120,c920fe932cf7cfad9e9e5928c07e0b5b5bab4d0732c8bd1d21c9c99063847ee2,Equal,37,5035473735321363655,2.5524999999999993,0.14262977473065627,16,True,True,16,0.0,False,0.375,False
trained-linear-17-equal-038,linear,17,120,c920fe932cf7cfad9e9e5928c07e0b5b5bab4d0732c8bd1d21c9c99063847ee2,Equal,38,2416917154865101439,2.165,0.08949191685912239,11,True,True,11,0.0,False,0.25,False
trained-linear-17-equal-039,linear,17,120,c920fe932cf7cfad9e9e5928c07e0b5b5bab4d0732c8bd1d21c9c99063847ee2,Equal,39,7027406341177471712,6.264999999999998,0.08878691141260975,28,True,True,28,0.0,False,0.675,False
trained-linear-17-equal-040,linear,17,120,c920fe932cf7cfad9e9e5928c07e0b5b5bab4d0732c8bd1d21c9c99063847ee2,Equal,40,632577666170274024,2.3474999999999997,0.0858626198083067,13,True,True,13,0.0,False,0.3,False
trained-linear-17-equal-041,linear,17,120,c920fe932cf7cfad9e9e5928c07e0b5b5bab4d0732c8bd1d21c9c99063847ee2,Equal,41,7215373610127926355,2.1499999999999995,0.07848837209302328,15,True,True,15,0.0,False,0.35,False
trained-linear-17-equal-042,linear,17,120,c920fe932cf7cfad9e9e5928c07e0b5b5bab4d0732c8bd1d21c9c99063847ee2,Equal,42,2721523386936531015,2.3,0.14673913043478262,10,True,True,10,0.0,False,0.225,False
trained-linear-17-equal-043,linear,17,120,c920fe932cf7cfad9e9e5928c07e0b5b5bab4d0732c8bd1d21c9c99063847ee2,Equal,43,15910691440134258791,2.2924999999999995,0.08655943293347874,8,True,True,8,0.0,False,0.175,False
trained-linear-17-equal-044,linear,17,120,c920fe932cf7cfad9e9e5928c07e0b5b5bab4d0732c8bd1d21c9c99063847ee2,Equal,44,2029706606362927457,2.4675,0.10321681864235056,10,True,True,10,0.0,False,0.225,False
trained-linear-17-equal-045,linear,17,120,c920fe932cf7cfad9e9e5928c07e0b5b5bab4d0732c8bd1d21c9c99063847ee2,Equal,45,12674992839591557063,1.9024999999999999,0.1190867279894875,7,True,True,7,0.0,False,0.15,False
trained-linear-17-equal-046,linear,17,120,c920fe932cf7cfad9e9e5928c07e0b5b5bab4d0732c8bd1d21c9c99063847ee2,Equal,46,5054666842918154900,2.21,0.14705882352941177,14,True,True,14,0.0,False,0.325,False
trained-linear-17-equal-047,linear,17,120,c920fe932cf7cfad9e9e5928c07e0b5b5bab4d0732c8bd1d21c9c99063847ee2,Equal,47,15853383156140856010,2.4375,0.04038461538461538,13,True,True,13,0.0,False,0.3,False
trained-linear-17-equal-048,linear,17,120,c920fe932cf7cfad9e9e5928c07e0b5b5bab4d0732c8bd1d21c9c99063847ee2,Equal,48,3038859432101809080,4.248749999999999,0.13974698440717861,20,True,True,20,0.0,False,0.475,False
trained-linear-17-equal-049,linear,17,120,c920fe932cf7cfad9e9e5928c07e0b5b5bab4d0732c8bd1d21c9c99063847ee2,Equal,49,10768247873367073339,2.9674999999999994,0.16796545914069091,23,True,True,23,0.0,False,0.55,False
trained-linear-17-equal-050,linear,17,120,c920fe932cf7cfad9e9e5928c07e0b5b5bab4d0732c8bd1d21c9c99063847ee2,Equal,50,14506416991469923779,2.0799999999999996,0.14122596153846156,11,True,True,11,0.0,False,0.25,False
trained-linear-17-equal-051,linear,17,120,c920fe932cf7cfad9e9e5928c07e0b5b5bab4d0732c8bd1d21c9c99063847ee2,Equal,51,10180857418203502168,2.1174999999999997,0.21251475796930344,10,True,True,10,0.0,False,0.225,False
trained-linear-17-equal-052,linear,17,120,c920fe932cf7cfad9e9e5928c07e0b5b5bab4d0732c8bd1d21c9c99063847ee2,Equal,52,17562229130174250925,2.6249999999999996,0.08809523809523812,12,True,True,12,0.0,False,0.3,False
trained-linear-17-equal-053,linear,17,120,c920fe932cf7cfad9e9e5928c07e0b5b5bab4d0732c8bd1d21c9c99063847ee2,Equal,53,1868063836509563743,2.0624999999999996,0.1431818181818182,10,True,True,10,0.0,False,0.225,False
trained-linear-17-equal-054,linear,17,120,c920fe932cf7cfad9e9e5928c07e0b5b5bab4d0732c8bd1d21c9c99063847ee2,Equal,54,14738105382741679409,2.7199999999999998,0.07697610294117647,11,True,True,11,0.0,False,0.25,False
trained-linear-17-equal-055,linear,17,120,c920fe932cf7cfad9e9e5928c07e0b5b5bab4d0732c8bd1d21c9c99063847ee2,Equal,55,4428650085798698593,2.7024999999999997,0.0803654024051804,18,True,True,18,0.0,False,0.425,False
trained-linear-17-equal-056,linear,17,120,c920fe932cf7cfad9e9e5928c07e0b5b5bab4d0732c8bd1d21c9c99063847ee2,Equal,56,15150364369326742853,2.8949999999999996,0.0885146804835924,15,True,True,15,0.0,False,0.35,False
trained-linear-17-equal-057,linear,17,120,c920fe932cf7cfad9e9e5928c07e0b5b5bab4d0732c8bd1d21c9c99063847ee2,Equal,57,11858055788064051020,3.9449999999999994,0.10931558935361217,19,True,True,19,0.0,False,0.45,False
trained-linear-17-equal-058,linear,17,120,c920fe932cf7cfad9e9e5928c07e0b5b5bab4d0732c8bd1d21c9c99063847ee2,Equal,58,9133389646491726106,2.8974999999999995,0.18172993960310618,14,True,True,14,0.0,False,0.325,False
trained-linear-17-equal-059,linear,17,120,c920fe932cf7cfad9e9e5928c07e0b5b5bab4d0732c8bd1d21c9c99063847ee2,Equal,59,12838404305255989420,1.7399999999999998,0.1221264367816092,7,True,True,7,0.0,False,0.15,False
trained-linear-17-equal-060,linear,17,120,c920fe932cf7cfad9e9e5928c07e0b5b5bab4d0732c8bd1d21c9c99063847ee2,Equal,60,12211928600533324308,1.6475,0.14700303490136568,9,True,True,9,0.0,False,0.2,False
trained-linear-17-equal-061,linear,17,120,c920fe932cf7cfad9e9e5928c07e0b5b5bab4d0732c8bd1d21c9c99063847ee2,Equal,61,10426991385441797138,1.77,0.06355932203389832,13,True,True,13,0.0,False,0.3,False
trained-linear-17-equal-062,linear,17,120,c920fe932cf7cfad9e9e5928c07e0b5b5bab4d0732c8bd1d21c9c99063847ee2,Equal,62,7492301836814347297,1.7274999999999998,0.09858900144717803,8,True,True,8,0.0,False,0.175,False
trained-linear-17-equal-063,linear,17,120,c920fe932cf7cfad9e9e5928c07e0b5b5bab4d0732c8bd1d21c9c99063847ee2,Equal,63,10396813917783954949,3.479999999999999,0.20833333333333343,15,True,True,15,0.0,False,0.35,False
trained-linear-17-interpolating-000,linear,17,120,c920fe932cf7cfad9e9e5928c07e0b5b5bab4d0732c8bd1d21c9c99063847ee2,Interpolating,0,4372120172008442652,2.8049999999999997,0.06015634291305155,12,True,True,12,0.0,False,0.24375,True
trained-linear-17-interpolating-001,linear,17,120,c920fe932cf7cfad9e9e5928c07e0b5b5bab4d0732c8bd1d21c9c99063847ee2,Interpolating,1,9927578437579847101,2.3149999999999995,0.16314417095409162,12,True,True,12,0.0,False,0.1625,True
trained-linear-17-interpolating-002,linear,17,120,c920fe932cf7cfad9e9e5928c07e0b5b5bab4d0732c8bd1d21c9c99063847ee2,Interpolating,2,13006995778827657802,1.9649999999999999,0.23409667289181807,12,True,True,12,0.0,False,0.1125,True
trained-linear-17-interpolating-003,linear,17,120,c920fe932cf7cfad9e9e5928c07e0b5b5bab4d0732c8bd1d21c9c99063847ee2,Interpolating,3,16501817567198343936,2.6049999999999995,0.10877030340295273,11,True,True,11,0.0,False,0.1875,True
trained-linear-17-interpolating-004,linear,17,120,c920fe932cf7cfad9e9e5928c07e0b5b5bab4d0732c8bd1d21c9c99063847ee2,Interpolating,4,10787242300535292126,2.2424999999999997,0.13354240838897052,11,True,True,11,0.0,False,0.1625,True
trained-linear-17-interpolating-005,linear,17,120,c920fe932cf7cfad9e9e5928c07e0b5b5bab4d0732c8bd1d21c9c99063847ee2,Interpolating,5,1977987538820203461,2.7299999999999995,0.17288614663142862,11,True,True,11,0.0,False,0.21875,True
trained-linear-17-interpolating-006,linear,17,120,c920fe932cf7cfad9e9e5928c07e0b5b5bab4d0732c8bd1d21c9c99063847ee2,Interpolating,6,9373312028506463923,1.9075000000000002,0.14250874061821497,7,True,True,7,0.0,False,0.1,True
trained-linear-17-interpolating-007,linear,17,120,c920fe932cf7cfad9e9e5928c07e0b5b5bab4d0732c8bd1d21c9c99063847ee2,Interpolating,7,9704225891443608841,2.3524999999999996,0.059836588962953824,9,True,True,9,0.0,False,0.19375,True
trained-linear-17-interpolating-008,linear,17,120,c920fe932cf7cfad9e9e5928c07e0b5b5bab4d0732c8bd1d21c9c99063847ee2,Interpolating,8,3295456206032653137,2.5875,0.09577182654836076,13,True,True,13,0.0,False,0.1875,True
trained-linear-17-interpolating-009,linear,17,120,c920fe932cf7cfad9e9e5928c07e0b5b5bab4d0732c8bd1d21c9c99063847ee2,Interpolating,9,5266459766270135052,4.244999999999999,0.33495909238187815,15,True,True,15,0.0,False,0.2875,True
trained-linear-17-interpolating-010,linear,17,120,c920fe932cf7cfad9e9e5928c07e0b5b5bab4d0732c8bd1d21c9c99063847ee2,Interpolating,10,13299787439457783020,2.2274999999999996,0.14626077917512695,11,True,True,11,0.0,False,0.15,True
trained-linear-17-interpolating-011,linear,17,120,c920fe932cf7cfad9e9e5928c07e0b5b5bab4d0732c8bd1d21c9c99063847ee2,Interpolating,11,11427064927024198691,4.057499999999999,0.19009519433853533,21,True,True,21,0.0,False,0.30625,True
trained-linear-17-interpolating-012,linear,17,120,c920fe932cf7cfad9e9e5928c07e0b5b5bab4d0732c8bd1d21c9c99063847ee2,Interpolating,12,13669410058735111367,2.325,0.25964482850729054,13,True,True,13,0.0,False,0.13125,True
trained-linear-17-interpolating-013,linear,17,120,c920fe932cf7cfad9e9e5928c07e0b5b5bab4d0732c8bd1d21c9c99063847ee2,Interpolating,13,13651253884734970729,1.7625,0.06631221370468632,6,True,True,6,0.0,False,0.10625,True
trained-linear-17-interpolating-014,linear,17,120,c920fe932cf7cfad9e9e5928c07e0b5b5bab4d0732c8bd1d21c9c99063847ee2,Interpolating,14,17814004218391548998,4.349999999999999,0.31933364803625347,20,True,True,20,0.0,False,0.29375,True
trained-linear-17-interpolating-015,linear,17,120,c920fe932cf7cfad9e9e5928c07e0b5b5bab4d0732c8bd1d21c9c99063847ee2,Interpolating,15,5065728525791288408,3.2899999999999996,0.18771823704628998,21,True,True,21,0.0,False,0.325,True
trained-linear-17-interpolating-016,linear,17,120,c920fe932cf7cfad9e9e5928c07e0b5b5bab4d0732c8bd1d21c9c99063847ee2,Interpolating,16,5501040612808148702,1.7374999999999998,0.05757458721905824,13,True,True,13,0.0,False,0.13125,True
trained-linear-17-interpolating-017,linear,17,120,c920fe932cf7cfad9e9e5928c07e0b5b5bab4d0732c8bd1d21c9c99063847ee2,Interpolating,17,1623936735179627955,5.343749999999999,0.06688790398468036,19,True,True,19,0.0,False,0.4,True
trained-linear-17-interpolating-018,linear,17,120,c920fe932cf7cfad9e9e5928c07e0b5b5bab4d0732c8bd1d21c9c99063847ee2,Interpolating,18,4667050975678024740,5.225,0.09801929372306037,23,True,True,23,0.0,False,0.425,True
trained-linear-17-interpolating-019,linear,17,120,c920fe932cf7cfad9e9e5928c07e0b5b5bab4d0732c8bd1d21c9c99063847ee2,Interpolating,19,2090906038225014064,3.0174999999999996,0.18883006646377218,11,True,True,11,0.0,False,0.225,True
trained-linear-17-interpolating-020,linear,17,120,c920fe932cf7cfad9e9e5928c07e0b5b5bab4d0732c8bd1d21c9c99063847ee2,Interpolating,20,15112006960730760106,3.0999999999999996,0.19907448658695923,11,True,True,11,0.0,False,0.2125,True
trained-linear-17-interpolating-021,linear,17,120,c920fe932cf7cfad9e9e5928c07e0b5b5bab4d0732c8bd1d21c9c99063847ee2,Interpolating,21,3076480442191967185,3.352499999999999,0.1605280708713046,14,True,True,14,0.0,False,0.24375,True
trained-linear-17-interpolating-022,linear,17,120,c920fe932cf7cfad9e9e5928c07e0b5b5bab4d0732c8bd1d21c9c99063847ee2,Interpolating,22,16804511650671959408,2.09,0.19617222322668057,16,True,True,16,0.0,False,0.19375,True
trained-linear-17-interpolating-023,linear,17,120,c920fe932cf7cfad9e9e5928c07e0b5b5bab4d0732c8bd1d21c9c99063847ee2,Interpolating,23,11692176057284618040,2.1774999999999998,0.15250402052587544,8,True,True,8,0.0,False,0.13125,True
trained-linear-17-interpolating-024,linear,17,120,c920fe932cf7cfad9e9e5928c07e0b5b5bab4d0732c8bd1d21c9c99063847ee2,Interpolating,24,8115338496918598641,5.619999999999999,0.10007714958965057,31,True,True,31,0.0,False,0.43125,True
trained-linear-17-interpolating-025,linear,17,120,c920fe932cf7cfad9e9e5928c07e0b5b5bab4d0732c8bd1d21c9c99063847ee2,Interpolating,25,16136796477672805343,2.6599999999999997,0.3143231997763616,11,True,True,11,0.0,False,0.175,True
trained-linear-17-interpolating-026,linear,17,120,c920fe932cf7cfad9e9e5928c07e0b5b5bab4d0732c8bd1d21c9c99063847ee2,Interpolating,26,13909503192118072542,2.11625,0.1596277732060925,9,True,True,9,0.0,False,0.1375,True
trained-linear-17-interpolating-027,linear,17,120,c920fe932cf7cfad9e9e5928c07e0b5b5bab4d0732c8bd1d21c9c99063847ee2,Interpolating,27,5181840439233607393,2.445,0.18297371510833235,12,True,True,12,0.0,False,0.18125,True
trained-linear-17-interpolating-028,linear,17,120,c920fe932cf7cfad9e9e5928c07e0b5b5bab4d0732c8bd1d21c9c99063847ee2,Interpolating,28,9778171846639508354,3.818749999999999,0.04152080808687081,21,True,True,21,0.0,False,0.29375,True
trained-linear-17-interpolating-029,linear,17,120,c920fe932cf7cfad9e9e5928c07e0b5b5bab4d0732c8bd1d21c9c99063847ee2,Interpolating,29,2304562124090728165,2.6899999999999995,0.23508102879303427,16,True,True,16,0.0,False,0.1875,True
trained-linear-17-interpolating-030,linear,17,120,c920fe932cf7cfad9e9e5928c07e0b5b5bab4d0732c8bd1d21c9c99063847ee2,Interpolating,30,11745509792059761276,4.584999999999999,0.1860257876671029,17,True,True,17,0.0,False,0.30625,True
trained-linear-17-interpolating-031,linear,17,120,c920fe932cf7cfad9e9e5928c07e0b5b5bab4d0732c8bd1d21c9c99063847ee2,Interpolating,31,11192922734684594913,2.4349999999999996,0.06703728055959698,9,True,True,9,0.0,False,0.18125,True
trained-linear-17-interpolating-032,linear,17,120,c920fe932cf7cfad9e9e5928c07e0b5b5bab4d0732c8bd1d21c9c99063847ee2,Interpolating,32,6781725008808597234,3.4212499999999997,0.13278621030533935,13,True,True,13,0.0,False,0.2,True
trained-linear-17-interpolating-033,linear,17,120,c920fe932cf7cfad9e9e5928c07e0b5b5bab4d0732c8bd1d21c9c99063847ee2,Interpolating,33,11913434633216856235,3.7162499999999996,0.0878878121858537,13,True,True,13,0.0,False,0.25625,True
trained-linear-17-interpolating-034,linear,17,120,c920fe932cf7cfad9e9e5928c07e0b5b5bab4d0732c8bd1d21c9c99063847ee2,Interpolating,34,1391616840847722411,2.0324999999999998,0.08446739663439684,11,True,True,11,0.0,False,0.2,True
trained-linear-17-interpolating-035,linear,17,120,c920fe932cf7cfad9e9e5928c07e0b5b5bab4d0732c8bd1d21c9c99063847ee2,Interpolating,35,3491236148605139085,2.6187499999999995,0.027519192455651008,13,True,True,13,0.0,False,0.23125,True
trained-linear-17-interpolating-036,linear,17,120,c920fe932cf7cfad9e9e5928c07e0b5b5bab4d0732c8bd1d21c9c99063847ee2,Interpolating,36,5792907601463881830,1.5875,0.04842519684337326,7,True,True,7,0.0,False,0.1,True
trained-linear-17-interpolating-037,linear,17,120,c920fe932cf7cfad9e9e5928c07e0b5b5bab4d0732c8bd1d21c9c99063847ee2,Interpolating,37,3939187534317063579,3.5249999999999995,0.20197686939568732,13,True,True,13,0.0,False,0.28125,True
trained-linear-17-interpolating-038,linear,17,120,c920fe932cf7cfad9e9e5928c07e0b5b5bab4d0732c8bd1d21c9c99063847ee2,Interpolating,38,13937947000653003070,2.92,0.15644039579526525,13,True,True,13,0.0,False,0.25625,True
trained-linear-17-interpolating-039,linear,17,120,c920fe932cf7cfad9e9e5928c07e0b5b5bab4d0732c8bd1d21c9c99063847ee2,Interpolating,39,10196538778973400759,4.46875,0.16408742536030738,15,True,True,15,0.0,False,0.3125,True
trained-linear-17-interpolating-040,linear,17,120,c920fe932cf7cfad9e9e5928c07e0b5b5bab4d0732c8bd1d21c9c99063847ee2,Interpolating,40,12339022352334795762,2.2799999999999994,0.257019167375464,14,True,True,14,0.0,False,0.125,True
trained-linear-17-interpolating-041,linear,17,120,c920fe932cf7cfad9e9e5928c07e0b5b5bab4d0732c8bd1d21c9c99063847ee2,Interpolating,41,81843317134924007,2.1199999999999997,0.14740541850656855,7,True,True,7,0.0,False,0.15,True
trained-linear-17-interpolating-042,linear,17,120,c920fe932cf7cfad9e9e5928c07e0b5b5bab4d0732c8bd1d21c9c99063847ee2,Interpolating,42,4610126231281601231,2.0175,0.23265139792185413,8,True,True,8,0.0,False,0.09375,True
trained-linear-17-interpolating-043,linear,17,120,c920fe932cf7cfad9e9e5928c07e0b5b5bab4d0732c8bd1d21c9c99063847ee2,Interpolating,43,2598127591590302451,2.7224999999999997,0.21784479721792785,15,True,True,15,0.0,False,0.20625,True
trained-linear-17-interpolating-044,linear,17,120,c920fe932cf7cfad9e9e5928c07e0b5b5bab4d0732c8bd1d21c9c99063847ee2,Interpolating,44,3766511877825541986,1.9449999999999998,0.10613184008935334,12,True,True,12,0.0,False,0.15,True
trained-linear-17-interpolating-045,linear,17,120,c920fe932cf7cfad9e9e5928c07e0b5b5bab4d0732c8bd1d21c9c99063847ee2,Interpolating,45,1995054569205171747,6.1,0.07903751166008809,30,True,True,30,0.0,False,0.55,True
trained-linear-17-interpolating-046,linear,17,120,c920fe932cf7cfad9e9e5928c07e0b5b5bab4d0732c8bd1d21c9c99063847ee2,Interpolating,46,14000102784834943549,1.8125,0.06352340169197991,7,True,True,7,0.0,False,0.14375,True
trained-linear-17-interpolating-047,linear,17,120,c920fe932cf7cfad9e9e5928c07e0b5b5bab4d0732c8bd1d21c9c99063847ee2,Interpolating,47,9553632344553180675,2.7824999999999998,0.07869135527544355,10,True,True,10,0.0,False,0.19375,True
trained-linear-17-interpolating-048,linear,17,120,c920fe932cf7cfad9e9e5928c07e0b5b5bab4d0732c8bd1d21c9c99063847ee2,Interpolating,48,10510235138819114649,2.695,0.2128484289155901,12,True,True,12,0.0,False,0.20625,True
trained-linear-17-interpolating-049,linear,17,120,c920fe932cf7cfad9e9e5928c07e0b5b5bab4d0732c8bd1d21c9c99063847ee2,Interpolating,49,15692027018131721879,2.2699999999999996,0.147191218745968,9,True,True,9,0.0,False,0.16875,True
trained-linear-17-interpolating-050,linear,17,120,c920fe932cf7cfad9e9e5928c07e0b5b5bab4d0732c8bd1d21c9c99063847ee2,Interpolating,50,14790430234168731614,2.4074999999999998,0.11139440658524685,8,True,True,8,0.0,False,0.175,True
trained-linear-17-interpolating-051,linear,17,120,c920fe932cf7cfad9e9e5928c07e0b5b5bab4d0732c8bd1d21c9c99063847ee2,Interpolating,51,14619765228392057494,8.542499999999999,0.10697108208992043,40,False,False,,47.599999999999994,True,0.675,True
trained-linear-17-interpolating-052,linear,17,120,c920fe932cf7cfad9e9e5928c07e0b5b5bab4d0732c8bd1d21c9c99063847ee2,Interpolating,52,5829495662707600278,1.8525,0.1528339111689344,7,True,True,7,0.0,False,0.1,True
trained-linear-17-interpolating-053,linear,17,120,c920fe932cf7cfad9e9e5928c07e0b5b5bab4d0732c8bd1d21c9c99063847ee2,Interpolating,53,6169785851427455799,1.9024999999999999,0.1599850700721058,10,True,True,10,0.0,False,0.125,True
trained-linear-17-interpolating-054,linear,17,120,c920fe932cf7cfad9e9e5928c07e0b5b5bab4d0732c8bd1d21c9c99063847ee2,Interpolating,54,11061847146844565076,2.9374999999999996,0.0956380764241721,9,True,True,9,0.0,False,0.20625,True
trained-linear-17-interpolating-055,linear,17,120,c920fe932cf7cfad9e9e5928c07e0b5b5bab4d0732c8bd1d21c9c99063847ee2,Interpolating,55,6868890874085225227,2.255,0.1539850037161656,10,True,True,10,0.0,False,0.175,True
trained-linear-17-interpolating-056,linear,17,120,c920fe932cf7cfad9e9e5928c07e0b5b5bab4d0732c8bd1d21c9c99063847ee2,Interpolating,56,17339597392697300378,2.175,0.16436786768570685,15,True,True,15,0.0,False,0.2125,True
trained-linear-17-interpolating-057,linear,17,120,c920fe932cf7cfad9e9e5928c07e0b5b5bab4d0732c8bd1d21c9c99063847ee2,Interpolating,57,7222771837227634207,4.3374999999999995,0.20081857932187036,23,True,True,23,0.0,False,0.325,True
trained-linear-17-interpolating-058,linear,17,120,c920fe932cf7cfad9e9e5928c07e0b5b5bab4d0732c8bd1d21c9c99063847ee2,Interpolating,58,18179593217352838173,1.4425,0.0550259965337496,5,True,True,5,0.0,False,0.075,True
trained-linear-17-interpolating-059,linear,17,120,c920fe932cf7cfad9e9e5928c07e0b5b5bab4d0732c8bd1d21c9c99063847ee2,Interpolating,59,2119696740186477829,2.5099999999999993,0.16383868435055304,14,True,True,14,0.0,False,0.225,True
trained-linear-17-interpolating-060,linear,17,120,c920fe932cf7cfad9e9e5928c07e0b5b5bab4d0732c8bd1d21c9c99063847ee2,Interpolating,60,17928717706322448417,1.7475,0.1591559370519079,13,True,True,13,0.0,False,0.1375,True
trained-linear-17-interpolating-061,linear,17,120,c920fe932cf7cfad9e9e5928c07e0b5b5bab4d0732c8bd1d21c9c99063847ee2,Interpolating,61,14831449184477743416,7.056249999999999,0.17045296108063202,32,True,True,32,0.0,False,0.51875,True
trained-linear-17-interpolating-062,linear,17,120,c920fe932cf7cfad9e9e5928c07e0b5b5bab4d0732c8bd1d21c9c99063847ee2,Interpolating,62,16868867104864381545,4.008749999999999,0.0329705112821421,16,True,True,16,0.0,False,0.3,True
trained-linear-17-interpolating-063,linear,17,120,c920fe932cf7cfad9e9e5928c07e0b5b5bab4d0732c8bd1d21c9c99063847ee2,Interpolating,63,8203775760883285953,8.564999999999998,0.20996610393904933,40,False,False,,1.4,True,0.675,True
trained-linear-17-mixed-000,linear,17,120,c920fe932cf7cfad9e9e5928c07e0b5b5bab4d0732c8bd1d21c9c99063847ee2,Mixed,0,9799211559080154028,2.26,0.09043141592920356,13,True,True,13,0.0,False,0.26875,False
trained-linear-17-mixed-001,linear,17,120,c920fe932cf7cfad9e9e5928c07e0b5b5bab4d0732c8bd1d21c9c99063847ee2,Mixed,1,4641112522422713326,2.1325,0.07627491207502932,12,True,True,12,0.0,False,0.23125,False
trained-linear-17-mixed-002,linear,17,120,c920fe932cf7cfad9e9e5928c07e0b5b5bab4d0732c8bd1d21c9c99063847ee2,Mixed,2,14020303182657252879,2.7099999999999995,0.058464022140221346,15,True,True,15,0.0,False,0.325,False
trained-linear-17-mixed-003,linear,17,120,c920fe932cf7cfad9e9e5928c07e0b5b5bab4d0732c8bd1d21c9c99063847ee2,Mixed,3,10807015114171775968,3.01375,0.06593312530098348,11,True,True,11,0.0,False,0.2375,False
trained-linear-17-mixed-004,linear,17,120,c920fe932cf7cfad9e9e5928c07e0b5b5bab4d0732c8bd1d21c9c99063847ee2,Mixed,4,6947067900992102916,2.5237499999999997,0.07259798470818618,13,True,True,13,0.0,False,0.2875,False
trained-linear-17-mixed-005,linear,17,120,c920fe932cf7cfad9e9e5928c07e0b5b5bab4d0732c8bd1d21c9c99063847ee2,Mixed,5,1940562548238778157,2.5324999999999993,0.06903998025666344,12,True,True,12,0.0,False,0.28125,False
trained-linear-17-mixed-006,linear,17,120,c920fe932cf7cfad9e9e5928c07e0b5b5bab4d0732c8bd1d21c9c99063847ee2,Mixed,6,17357106677306895690,1.9899999999999998,0.032977386934673364,9,True,True,9,0.0,False,0.2125,False
trained-linear-17-mixed-007,linear,17,120,c920fe932cf7cfad9e9e5928c07e0b5b5bab4d0732c8bd1d21c9c99063847ee2,Mixed,7,7171495258905482616,3.1049999999999995,0.023550724637681143,15,True,True,15,0.0,False,0.31875,False
trained-linear-17-mixed-008,linear,17,120,c920fe932cf7cfad9e9e5928c07e0b5b5bab4d0732c8bd1d21c9c99063847ee2,Mixed,8,6777467158593883667,2.6174999999999997,0.03707020057306588,19,True,True,19,0.0,False,0.4375,False
trained-linear-17-mixed-009,linear,17,120,c920fe932cf7cfad9e9e5928c07e0b5b5bab4d0732c8bd1d21c9c99063847ee2,Mixed,9,3929008447366519740,2.9475,0.05249715901348312,13,True,True,13,0.0,False,0.30625,False
trained-linear-17-mixed-010,linear,17,120,c920fe932cf7cfad9e9e5928c07e0b5b5bab4d0732c8bd1d21c9c99063847ee2,Mixed,10,2955801282470589992,1.7449999999999999,0.063932664756447,8,True,True,8,0.0,False,0.175,False
trained-linear-17-mixed-011,linear,17,120,c920fe932cf7cfad9e9e5928c07e0b5b5bab4d0732c8bd1d21c9c99063847ee2,Mixed,11,863405196263737589,4.54,0.06412561144802337,20,True,True,20,0.0,False,0.4375,False
trained-linear-17-mixed-012,linear,17,120,c920fe932cf7cfad9e9e5928c07e0b5b5bab4d0732c8bd1d21c9c99063847ee2,Mixed,12,14741976261278445817,2.36875,0.05509507779091987,11,True,True,11,0.0,False,0.20625,False
trained-linear-17-mixed-013,linear,17,120,c920fe932cf7cfad9e9e5928c07e0b5b5bab4d0732c8bd1d21c9c99063847ee2,Mixed,13,8295765792944670235,1.9874999999999998,0.05400943396226421,9,True,True,9,0.0,False,0.20625,False
trained-linear-17-mixed-014,linear,17,120,c920fe932cf7cfad9e9e5928c07e0b5b5bab4d0732c8bd1d21c9c99063847ee2,Mixed,14,2517275699719794262,3.925,0.04166946027489106,20,True,True,20,0.0,False,0.45625,False
trained-linear-17-mixed-015,linear,17,120,c920fe932cf7cfad9e9e5928c07e0b5b5bab4d0732c8bd1d21c9c99063847ee2,Mixed,15,13658193638361676827,1.7925,0.0640690376569038,8,True,True,8,0.0,False,0.175,False
trained-linear-17-mixed-016,linear,17,120,c920fe932cf7cfad9e9e5928c07e0b5b5bab4d0732c8bd1d21c9c99063847ee2,Mixed,16,13585580544769551818,2.0524999999999998,0.057323386114494564,10,True,True,10,0.0,False,0.225,False
trained-linear-17-mixed-017,linear,17,120,c920fe932cf7cfad9e9e5928c07e0b5b5bab4d0732c8bd1d21c9c99063847ee2,Mixed,17,2187032693152001297,2.642499999999999,0.10661069063386952,13,True,True,13,0.0,False,0.275,False
trained-linear-17-mixed-018,linear,17,120,c920fe932cf7cfad9e9e5928c07e0b5b5bab4d0732c8bd1d21c9c99063847ee2,Mixed,18,14115093675209690938,3.3287499999999994,0.0673273872203651,14,True,True,14,0.0,False,0.30625,False
trained-linear-17-mixed-019,linear,17,120,c920fe932cf7cfad9e9e5928c07e0b5b5bab4d0732c8bd1d21c9c99063847ee2,Mixed,19,2161529137571657886,1.8025,0.07411581137309296,6,True,True,6,0.0,False,0.11875,False
trained-linear-17-mixed-020,linear,17,120,c920fe932cf7cfad9e9e5928c07e0b5b5bab4d0732c8bd1d21c9c99063847ee2,Mixed,20,215907493767652234,2.8649999999999998,0.031413612565445025,13,True,True,13,0.0,False,0.2875,False
trained-linear-17-mixed-021,linear,17,120,c920fe932cf7cfad9e9e5928c07e0b5b5bab4d0732c8bd1d21c9c99063847ee2,Mixed,21,10797887563858928847,3.605,0.036881201322948934,14,True,True,14,0.0,False,0.3125,False
trained-linear-17-mixed-022,linear,17,120,c920fe932cf7cfad9e9e5928c07e0b5b5bab4d0732c8bd1d21c9c99063847ee2,Mixed,22,17186912888461821272,3.4674999999999994,0.053127253064167324,16,True,True,16,0.0,False,0.375,False
trained-linear-17-mixed-023,linear,17,120,c920fe932cf7cfad9e9e5928c07e0b5b5bab4d0732c8bd1d21c9c99063847ee2,Mixed,23,11519738576437709940,4.101249999999999,0.07987236345315338,17,True,True,17,0.0,False,0.4125,False
trained-linear-17-mixed-024,linear,17,120,c920fe932cf7cfad9e9e5928c07e0b5b5bab4d0732c8bd1d21c9c99063847ee2,Mixed,24,10731872109738227226,1.9724999999999997,0.052043726235741467,9,True,True,9,0.0,False,0.19375,False
trained-linear-17-mixed-025,linear,17,120,c920fe932cf7cfad9e9e5928c07e0b5b5bab4d0732c8bd1d21c9c99063847ee2,Mixed,25,877791693055174016,2.29,0.05240174672489086,9,True,True,9,0.0,False,0.20625,False
trained-linear-17-mixed-026,linear,17,120,c920fe932cf7cfad9e9e5928c07e0b5b5bab4d0732c8bd1d21c9c99063847ee2,Mixed,26,8264012697169648476,3.8812499999999996,0.044064974416145014,21,True,True,21,0.0,False,0.48125,False
trained-linear-17-mixed-027,linear,17,120,c920fe932cf7cfad9e9e5928c07e0b5b5bab4d0732c8bd1d21c9c99063847ee2,Mixed,27,4080397699708597986,3.4012499999999997,0.04069624297103381,20,True,True,20,0.0,False,0.45,False
trained-linear-17-mixed-028,linear,17,120,c920fe932cf7cfad9e9e5928c07e0b5b5bab4d0732c8bd1d21c9c99063847ee2,Mixed,28,6305014182681051011,1.5125000000000002,0.058574380165289285,7,True,True,7,0.0,False,0.1125,False
trained-linear-17-mixed-029,linear,17,120,c920fe932cf7cfad9e9e5928c07e0b5b5bab4d0732c8bd1d21c9c99063847ee2,Mixed,29,9439114083328430901,2.2424999999999997,0.13733277591973247,10,True,True,10,0.0,False,0.25,False
trained-linear-17-mixed-030,linear,17,120,c920fe932cf7cfad9e9e5928c07e0b5b5bab4d0732c8bd1d21c9c99063847ee2,Mixed,30,12838479191058543832,3.6587499999999995,0.07771625903521641,15,True,True,15,0.0,False,0.3625,False
trained-linear-17-mixed-031,linear,17,120,c920fe932cf7cfad9e9e5928c07e0b5b5bab4d0732c8bd1d21c9c99063847ee2,Mixed,31,5719606606416062436,2.9975,0.09586113427856548,16,True,True,16,0.0,False,0.35625,False
trained-linear-17-mixed-032,linear,17,120,c920fe932cf7cfad9e9e5928c07e0b5b5bab4d0732c8bd1d21c9c99063847ee2,Mixed,32,1380990719768105537,4.433749999999999,0.024879043626144792,22,True,True,22,0.0,False,0.50625,False
trained-linear-17-mixed-033,linear,17,120,c920fe932cf7cfad9e9e5928c07e0b5b5bab4d0732c8bd1d21c9c99063847ee2,Mixed,33,17975982192271376689,2.7224999999999997,0.06008953168044076,16,True,True,16,0.0,False,0.3625,False
trained-linear-17-mixed-034,linear,17,120,c920fe932cf7cfad9e9e5928c07e0b5b5bab4d0732c8bd1d21c9c99063847ee2,Mixed,34,5283373620139733130,3.7324999999999995,0.024740455458807827,20,True,True,20,0.0,False,0.46875,False
trained-linear-17-mixed-035,linear,17,120,c920fe932cf7cfad9e9e5928c07e0b5b5bab4d0732c8bd1d21c9c99063847ee2,Mixed,35,14681081245758104383,3.485,0.03416427546628408,24,True,True,24,0.0,False,0.50625,False
trained-linear-17-mixed-036,linear,17,120,c920fe932cf7cfad9e9e5928c07e0b5b5bab4d0732c8bd1d21c9c99063847ee2,Mixed,36,17366848651431641394,1.73,0.050939306358381495,6,True,True,6,0.0,False,0.15,False
trained-linear-17-mixed-037,linear,17,120,c920fe932cf7cfad9e9e5928c07e0b5b5bab4d0732c8bd1d21c9c99063847ee2,Mixed,37,9822391616094368883,2.0749999999999997,0.07319277108433733,11,True,True,11,0.0,False,0.225,False
trained-linear-17-mixed-038,linear,17,120,c920fe932cf7cfad9e9e5928c07e0b5b5bab4d0732c8bd1d21c9c99063847ee2,Mixed,38,4389928800928214863,2.2474999999999996,0.05109844271412683,10,True,True,10,0.0,False,0.2125,False
trained-linear-17-mixed-039,linear,17,120,c920fe932cf7cfad9e9e5928c07e0b5b5bab4d0732c8bd1d21c9c99063847ee2,Mixed,39,2429572401291927541,2.5837499999999998,0.019402579801805077,13,True,True,13,0.0,False,0.275,False
trained-linear-17-mixed-040,linear,17,120,c920fe932cf7cfad9e9e5928c07e0b5b5bab4d0732c8bd1d21c9c99063847ee2,Mixed,40,3550689966360244251,2.4562499999999994,0.10813317335012806,10,True,True,10,0.0,False,0.20625,False
trained-linear-17-mixed-041,linear,17,120,c920fe932cf7cfad9e9e5928c07e0b5b5bab4d0732c8bd1d21c9c99063847ee2,Mixed,41,18374338539566643015,2.34,0.09575320512820512,11,True,True,11,0.0,False,0.2625,False
trained-linear-17-mixed-042,linear,17,120,c920fe932cf7cfad9e9e5928c07e0b5b5bab4d0732c8bd1d21c9c99063847ee2,Mixed,42,12823537823967577713,2.5075,0.06598953140578272,10,True,True,10,0.0,False,0.23125,False
trained-linear-17-mixed-043,linear,17,120,c920fe932cf7cfad9e9e5928c07e0b5b5bab4d0732c8bd1d21c9c99063847ee2,Mixed,43,1092738496847488125,2.67,0.0646067415730337,12,True,True,12,0.0,False,0.2875,False
trained-linear-17-mixed-044,linear,17,120,c920fe932cf7cfad9e9e5928c07e0b5b5bab4d0732c8bd1d21c9c99063847ee2,Mixed,44,7721381379898016477,2.7174999999999994,0.06571987120515184,11,True,True,11,0.0,False,0.25625,False
trained-linear-17-mixed-045,linear,17,120,c920fe932cf7cfad9e9e5928c07e0b5b5bab4d0732c8bd1d21c9c99063847ee2,Mixed,45,4285110304160106071,2.7474999999999996,0.06193130118289356,14,True,True,14,0.0,False,0.33125,False
trained-linear-17-mixed-046,linear,17,120,c920fe932cf7cfad9e9e5928c07e0b5b5bab4d0732c8bd1d21c9c99063847ee2,Mixed,46,2713030653998087490,2.21375,0.03935777209434504,9,True,True,9,0.0,False,0.2125,False
trained-linear-17-mixed-047,linear,17,120,c920fe932cf7cfad9e9e5928c07e0b5b5bab4d0732c8bd1d21c9c99063847ee2,Mixed,47,11273786745361260445,3.1674999999999995,0.01228295185477501,16,True,True,16,0.0,False,0.36875,False
trained-linear-17-mixed-048,linear,17,120,c920fe932cf7cfad9e9e5928c07e0b5b5bab4d0732c8bd1d21c9c99063847ee2,Mixed,48,2663105957561838296,1.7149999999999999,0.03061224489795915,8,True,True,8,0.0,False,0.15625,False
trained-linear-17-mixed-049,linear,17,120,c920fe932cf7cfad9e9e5928c07e0b5b5bab4d0732c8bd1d21c9c99063847ee2,Mixed,49,1200741623737606261,1.4425,0.02242201039861354,4,True,True,4,0.0,False,0.075,False
trained-linear-17-mixed-050,linear,17,120,c920fe932cf7cfad9e9e5928c07e0b5b5bab4d0732c8bd1d21c9c99063847ee2,Mixed,50,1293940136157384778,3.2474999999999996,0.095121247113164,16,True,True,16,0.0,False,0.375,False
trained-linear-17-mixed-051,linear,17,120,c920fe932cf7cfad9e9e5928c07e0b5b5bab4d0732c8bd1d21c9c99063847ee2,Mixed,51,8227765338666072124,1.4899999999999998,0.04530201342281876,5,True,True,5,0.0,False,0.1,False
trained-linear-17-mixed-052,linear,17,120,c920fe932cf7cfad9e9e5928c07e0b5b5bab4d0732c8bd1d21c9c99063847ee2,Mixed,52,15237507166915759957,2.2399999999999998,0.05691964285714289,7,True,True,7,0.0,False,0.175,False
trained-linear-17-mixed-053,linear,17,120,c920fe932cf7cfad9e9e5928c07e0b5b5bab4d0732c8bd1d21c9c99063847ee2,Mixed,53,15007362647480955914,1.8499999999999999,0.04459459459459462,12,True,True,12,0.0,False,0.25625,False
trained-linear-17-mixed-054,linear,17,120,c920fe932cf7cfad9e9e5928c07e0b5b5bab4d0732c8bd1d21c9c99063847ee2,Mixed,54,6705800053259396133,1.7475,0.020118025751072927,5,True,True,5,0.0,False,0.1125,False
trained-linear-17-mixed-055,linear,17,120,c920fe932cf7cfad9e9e5928c07e0b5b5bab4d0732c8bd1d21c9c99063847ee2,Mixed,55,4595950920616574815,4.659999999999999,0.0623594931534846,20,True,True,20,0.0,False,0.41875,False
trained-linear-17-mixed-056,linear,17,120,c920fe932cf7cfad9e9e5928c07e0b5b5bab4d0732c8bd1d21c9c99063847ee2,Mixed,56,10904670890754643486,1.9375,0.08782258064516131,9,True,True,9,0.0,False,0.2,False
trained-linear-17-mixed-057,linear,17,120,c920fe932cf7cfad9e9e5928c07e0b5b5bab4d0732c8bd1d21c9c99063847ee2,Mixed,57,5680008876093331221,1.8899999999999997,0.07837301587301589,10,True,True,10,0.0,False,0.23125,False
trained-linear-17-mixed-058,linear,17,120,c920fe932cf7cfad9e9e5928c07e0b5b5bab4d0732c8bd1d21c9c99063847ee2,Mixed,58,8516835708419270593,3.834999999999999,0.07089308996088663,19,True,True,19,0.0,False,0.4375,False
trained-linear-17-mixed-059,linear,17,120,c920fe932cf7cfad9e9e5928c07e0b5b5bab4d0732c8bd1d21c9c99063847ee2,Mixed,59,1609530647440876693,3.0862499999999997,0.03813319646373657,15,True,True,15,0.0,False,0.3375,False
trained-linear-17-mixed-060,linear,17,120,c920fe932cf7cfad9e9e5928c07e0b5b5bab4d0732c8bd1d21c9c99063847ee2,Mixed,60,7197061763655467108,2.76,0.08288043478260873,17,True,True,17,0.0,False,0.38125,False
trained-linear-17-mixed-061,linear,17,120,c920fe932cf7cfad9e9e5928c07e0b5b5bab4d0732c8bd1d21c9c99063847ee2,Mixed,61,16936960107892059249,2.6875,0.05180232558139536,11,True,True,11,0.0,False,0.275,False
trained-linear-17-mixed-062,linear,17,120,c920fe932cf7cfad9e9e5928c07e0b5b5bab4d0732c8bd1d21c9c99063847ee2,Mixed,62,12789321423173270407,3.1524999999999994,0.03732157018239497,15,True,True,15,0.0,False,0.3375,False
trained-linear-17-mixed-063,linear,17,120,c920fe932cf7cfad9e9e5928c07e0b5b5bab4d0732c8bd1d21c9c99063847ee2,Mixed,63,4151319278945344086,1.9175,0.03593546284224253,8,True,True,8,0.0,False,0.16875,False
trained-linear-17-proportional-000,linear,17,120,c920fe932cf7cfad9e9e5928c07e0b5b5bab4d0732c8bd1d21c9c99063847ee2,Proportional,0,12635816863699607193,2.7899999999999996,0.13332390115072626,12,True,True,12,0.0,False,0.21875,False
trained-linear-17-proportional-001,linear,17,120,c920fe932cf7cfad9e9e5928c07e0b5b5bab4d0732c8bd1d21c9c99063847ee2,Proportional,1,7354093409800943410,1.8812499999999999,0.06505439385056348,4,True,True,4,0.0,False,0.09375,False
trained-linear-17-proportional-002,linear,17,120,c920fe932cf7cfad9e9e5928c07e0b5b5bab4d0732c8bd1d21c9c99063847ee2,Proportional,2,5794011803945563505,2.1899999999999995,0.1141552511415525,9,True,True,9,0.0,False,0.15625,False
trained-linear-17-proportional-003,linear,17,120,c920fe932cf7cfad9e9e5928c07e0b5b5bab4d0732c8bd1d21c9c99063847ee2,Proportional,3,219762809438509257,1.5,0.07749999999999997,6,True,True,6,0.0,False,0.09375,False
trained-linear-17-proportional-004,linear,17,120,c920fe932cf7cfad9e9e5928c07e0b5b5bab4d0732c8bd1d21c9c99063847ee2,Proportional,4,12145947617185597723,2.6874999999999996,0.12916768665850673,8,True,True,8,0.0,False,0.175,False
trained-linear-17-proportional-005,linear,17,120,c920fe932cf7cfad9e9e5928c07e0b5b5bab4d0732c8bd1d21c9c99063847ee2,Proportional,5,713966547352951691,2.2499999999999996,0.13611111111111113,12,True,True,12,0.0,False,0.16875,False
trained-linear-17-proportional-006,linear,17,120,c920fe932cf7cfad9e9e5928c07e0b5b5bab4d0732c8bd1d21c9c99063847ee2,Proportional,6,14719420810400927074,2.045,0.12347188264058677,9,True,True,9,0.0,False,0.19375,False
trained-linear-17-proportional-007,linear,17,120,c920fe932cf7cfad9e9e5928c07e0b5b5bab4d0732c8bd1d21c9c99063847ee2,Proportional,7,10143192062965098328,3.6412499999999994,0.1109739123936564,17,True,True,17,0.0,False,0.34375,False
trained-linear-17-proportional-008,linear,17,120,c920fe932cf7cfad9e9e5928c07e0b5b5bab4d0732c8bd1d21c9c99063847ee2,Proportional,8,13000197541714495744,2.9124999999999996,0.19763948497854072,8,True,True,8,0.0,False,0.175,False
trained-linear-17-proportional-009,linear,17,120,c920fe932cf7cfad9e9e5928c07e0b5b5bab4d0732c8bd1d21c9c99063847ee2,Proportional,9,14869509348577847556,1.7399999999999998,0.03448275862068959,6,True,True,6,0.0,False,0.0875,False
trained-linear-17-proportional-010,linear,17,120,c920fe932cf7cfad9e9e5928c07e0b5b5bab4d0732c8bd1d21c9c99063847ee2,Proportional,10,11716595907561397424,1.785,0.18137254901960784,4,True,True,4,0.0,False,0.075,False
trained-linear-17-proportional-011,linear,17,120,c920fe932cf7cfad9e9e5928c07e0b5b5bab4d0732c8bd1d21c9c99063847ee2,Proportional,11,6531419161288545514,1.565,0.08466453674121406,5,True,True,5,0.0,False,0.06875,False
trained-linear-17-proportional-012,linear,17,120,c920fe932cf7cfad9e9e5928c07e0b5b5bab4d0732c8bd1d21c9c99063847ee2,Proportional,12,6840398810441461400,2.1599999999999997,0.21180555555555552,9,True,True,9,0.0,False,0.14375,False
trained-linear-17-proportional-013,linear,17,120,c920fe932cf7cfad9e9e5928c07e0b5b5bab4d0732c8bd1d21c9c99063847ee2,Proportional,13,16116288481258591533,2.5374999999999996,0.11403940886699511,16,True,True,16,0.0,False,0.275,False
trained-linear-17-proportional-014,linear,17,120,c920fe932cf7cfad9e9e5928c07e0b5b5bab4d0732c8bd1d21c9c99063847ee2,Proportional,14,17471245994710695308,1.7399999999999998,0.03807471264367816,7,True,True,7,0.0,False,0.13125,False
trained-linear-17-proportional-015,linear,17,120,c920fe932cf7cfad9e9e5928c07e0b5b5bab4d0732c8bd1d21c9c99063847ee2,Proportional,15,2406154800794419792,9.413749999999999,0.590791395564998,37,True,True,37,0.0,False,0.4,False
trained-linear-17-proportional-016,linear,17,120,c920fe932cf7cfad9e9e5928c07e0b5b5bab4d0732c8bd1d21c9c99063847ee2,Proportional,16,9947849458857589677,1.5324999999999998,0.08115823817292003,6,True,True,6,0.0,False,0.0875,False
trained-linear-17-proportional-017,linear,17,120,c920fe932cf7cfad9e9e5928c07e0b5b5bab4d0732c8bd1d21c9c99063847ee2,Proportional,17,2771227404665403338,2.0725,0.09800965018094092,6,True,True,6,0.0,False,0.11875,False
trained-linear-17-proportional-018,linear,17,120,c920fe932cf7cfad9e9e5928c07e0b5b5bab4d0732c8bd1d21c9c99063847ee2,Proportional,18,422077588159718017,3.1149999999999998,0.2748796147672552,13,True,True,13,0.0,False,0.21875,False
trained-linear-17-proportional-019,linear,17,120,c920fe932cf7cfad9e9e5928c07e0b5b5bab4d0732c8bd1d21c9c99063847ee2,Proportional,19,11400636711096681340,2.6099999999999994,0.3328544061302682,10,True,True,10,0.0,False,0.1125,False
trained-linear-17-proportional-020,linear,17,120,c920fe932cf7cfad9e9e5928c07e0b5b5bab4d0732c8bd1d21c9c99063847ee2,Proportional,20,10981546312245224500,4.039999999999999,0.39851485148514854,13,True,True,13,0.0,False,0.2125,False
trained-linear-17-proportional-021,linear,17,120,c920fe932cf7cfad9e9e5928c07e0b5b5bab4d0732c8bd1d21c9c99063847ee2,Proportional,21,9018350593959253497,2.51,0.21862549800796804,11,True,True,11,0.0,False,0.16875,False
trained-linear-17-proportional-022,linear,17,120,c920fe932cf7cfad9e9e5928c07e0b5b5bab4d0732c8bd1d21c9c99063847ee2,Proportional,22,9443593727487121195,2.2624999999999997,0.2461325966850828,11,True,True,11,0.0,False,0.14375,False
trained-linear-17-proportional-023,linear,17,120,c920fe932cf7cfad9e9e5928c07e0b5b5bab4d0732c8bd1d21c9c99063847ee2,Proportional,23,12873699913166809552,3.9449999999999994,0.3504435994930291,26,True,True,26,0.0,False,0.30625,False
trained-linear-17-proportional-024,linear,17,120,c920fe932cf7cfad9e9e5928c07e0b5b5bab4d0732c8bd1d21c9c99063847ee2,Proportional,24,10724653349855980107,3.8874999999999997,0.19162277087718732,16,True,True,16,0.0,False,0.3125,False
trained-linear-17-proportional-025,linear,17,120,c920fe932cf7cfad9e9e5928c07e0b5b5bab4d0732c8bd1d21c9c99063847ee2,Proportional,25,6025519032879039468,2.3774999999999995,0.13590956887486857,8,True,True,8,0.0,False,0.125,False
trained-linear-17-proportional-026,linear,17,120,c920fe932cf7cfad9e9e5928c07e0b5b5bab4d0732c8bd1d21c9c99063847ee2,Proportional,26,3756774533995027784,8.684999999999999,0.553767720407672,40,False,False,,200.0,True,0.44375,False
trained-linear-17-proportional-027,linear,17,120,c920fe932cf7cfad9e9e5928c07e0b5b5bab4d0732c8bd1d21c9c99063847ee2,Proportional,27,2496546179060692833,3.0024999999999995,0.190823553601513,7,True,True,7,0.0,False,0.1625,False
trained-linear-17-proportional-028,linear,17,120,c920fe932cf7cfad9e9e5928c07e0b5b5bab4d0732c8bd1d21c9c99063847ee2,Proportional,28,853764331697474901,2.5225,0.09142715559960353,9,True,True,9,0.0,False,0.16875,False
trained-linear-17-proportional-029,linear,17,120,c920fe932cf7cfad9e9e5928c07e0b5b5bab4d0732c8bd1d21c9c99063847ee2,Proportional,29,14867218934187937876,2.4949999999999997,0.21292585170340672,12,True,True,12,0.0,False,0.19375,False
trained-linear-17-proportional-030,linear,17,120,c920fe932cf7cfad9e9e5928c07e0b5b5bab4d0732c8bd1d21c9c99063847ee2,Proportional,30,6692622532171377779,2.205,0.11033775650177757,8,True,True,8,0.0,False,0.18125,False
trained-linear-17-proportional-031,linear,17,120,c920fe932cf7cfad9e9e5928c07e0b5b5bab4d0732c8bd1d21c9c99063847ee2,Proportional,31,8202950013827793259,1.4575,0.09305317324185244,5,True,True,5,0.0,False,0.075,False
trained-linear-17-proportional-032,linear,17,120,c920fe932cf7cfad9e9e5928c07e0b5b5bab4d0732c8bd1d21c9c99063847ee2,Proportional,32,9171833270114110041,3.0199999999999996,0.12671015650864598,11,True,True,11,0.0,False,0.2125,False
trained-linear-17-proportional-033,linear,17,120,c920fe932cf7cfad9e9e5928c07e0b5b5bab4d0732c8bd1d21c9c99063847ee2,Proportional,33,14985758871360482640,7.551249999999999,0.5435772223141864,34,True,True,34,0.0,False,0.35,False
trained-linear-17-proportional-034,linear,17,120,c920fe932cf7cfad9e9e5928c07e0b5b5bab4d0732c8bd1d21c9c99063847ee2,Proportional,34,4822169906189539087,3.1824999999999997,0.3081304006284367,14,True,True,14,0.0,False,0.18125,False
trained-linear-17-proportional-035,linear,17,120,c920fe932cf7cfad9e9e5928c07e0b5b5bab4d0732c8bd1d21c9c99063847ee2,Proportional,35,11575726924961482103,1.8625,0.12181208053691274,7,True,True,7,0.0,False,0.125,False
trained-linear-17-proportional-036,linear,17,120,c920fe932cf7cfad9e9e5928c07e0b5b5bab4d0732c8bd1d21c9c99063847ee2,Proportional,36,10019184053290780377,3.3774999999999995,0.1819022945965951,13,True,True,13,0.0,False,0.25625,False
trained-linear-17-proportional-037,linear,17,120,c920fe932cf7cfad9e9e5928c07e0b5b5bab4d0732c8bd1d21c9c99063847ee2,Proportional,37,6755834387373537733,8.174999999999999,0.6045871559633027,40,False,False,,200.0,True,0.35,False
trained-linear-17-proportional-038,linear,17,120,c920fe932cf7cfad9e9e5928c07e0b5b5bab4d0732c8bd1d21c9c99063847ee2,Proportional,38,10194343722987415063,1.2850000000000001,0.02042801556420235,7,True,True,7,0.0,False,0.0625,False
trained-linear-17-proportional-039,linear,17,120,c920fe932cf7cfad9e9e5928c07e0b5b5bab4d0732c8bd1d21c9c99063847ee2,Proportional,39,7502594860636720218,2.185,0.21796338672768875,12,True,True,12,0.0,False,0.15,False
trained-linear-17-proportional-040,linear,17,120,c920fe932cf7cfad9e9e5928c07e0b5b5bab4d0732c8bd1d21c9c99063847ee2,Proportional,40,6251517461605879821,1.895,0.10158311345646437,6,True,True,6,0.0,False,0.0875,False
trained-linear-17-proportional-041,linear,17,120,c920fe932cf7cfad9e9e5928c07e0b5b5bab4d0732c8bd1d21c9c99063847ee2,Proportional,41,9304410528338800396,1.8299999999999998,0.08606557377049177,6,True,True,6,0.0,False,0.10625,False
trained-linear-17-proportional-042,linear,17,120,c920fe932cf7cfad9e9e5928c07e0b5b5bab4d0732c8bd1d21c9c99063847ee2,Proportional,42,985457958626748151,3.318749999999999,0.2292866798377872,12,True,True,12,0.0,False,0.1875,False
trained-linear-17-proportional-043,linear,17,120,c920fe932cf7cfad9e9e5928c07e0b5b5bab4d0732c8bd1d21c9c99063847ee2,Proportional,43,2195389529577980250,2.65,0.23018867924528302,13,True,True,13,0.0,False,0.19375,False
trained-linear-17-proportional-044,linear,17,120,c920fe932cf7cfad9e9e5928c07e0b5b5bab4d0732c8bd1d21c9c99063847ee2,Proportional,44,15680537276376183833,1.5425,0.08387358184764993,4,True,True,4,0.0,False,0.0625,False
trained-linear-17-proportional-045,linear,17,120,c920fe932cf7cfad9e9e5928c07e0b5b5bab4d0732c8bd1d21c9c99063847ee2,Proportional,45,15595630360067766943,2.0424999999999995,0.1159730722154223,13,True,True,13,0.0,False,0.1875,False
trained-linear-17-proportional-046,linear,17,120,c920fe932cf7cfad9e9e5928c07e0b5b5bab4d0732c8bd1d21c9c99063847ee2,Proportional,46,14701119183163690124,2.5549999999999997,0.07632093933463799,12,True,True,12,0.0,False,0.19375,False
trained-linear-17-proportional-047,linear,17,120,c920fe932cf7cfad9e9e5928c07e0b5b5bab4d0732c8bd1d21c9c99063847ee2,Proportional,47,8529008391240276516,1.6375000000000002,0.08282442748091606,9,True,True,9,0.0,False,0.09375,False
trained-linear-17-proportional-048,linear,17,120,c920fe932cf7cfad9e9e5928c07e0b5b5bab4d0732c8bd1d21c9c99063847ee2,Proportional,48,4659280679834951614,1.9725,0.09220532319391635,6,True,True,6,0.0,False,0.125,False
trained-linear-17-proportional-049,linear,17,120,c920fe932cf7cfad9e9e5928c07e0b5b5bab4d0732c8bd1d21c9c99063847ee2,Proportional,49,16779859985672083145,4.091249999999999,0.22405316938338307,22,True,True,22,0.0,False,0.275,False
trained-linear-17-proportional-050,linear,17,120,c920fe932cf7cfad9e9e5928c07e0b5b5bab4d0732c8bd1d21c9c99063847ee2,Proportional,50,17995868469550991745,2.0875,0.08832335329341316,7,True,True,7,0.0,False,0.1625,False
trained-linear-17-proportional-051,linear,17,120,c920fe932cf7cfad9e9e5928c07e0b5b5bab4d0732c8bd1d21c9c99063847ee2,Proportional,51,5318053603637189639,2.1924999999999994,0.22320410490307868,8,True,True,8,0.0,False,0.1375,False
trained-linear-17-proportional-052,linear,17,120,c920fe932cf7cfad9e9e5928c07e0b5b5bab4d0732c8bd1d21c9c99063847ee2,Proportional,52,12887589661712072479,3.6624999999999996,0.2114334470989761,13,True,True,13,0.0,False,0.25625,False
trained-linear-17-proportional-053,linear,17,120,c920fe932cf7cfad9e9e5928c07e0b5b5bab4d0732c8bd1d21c9c99063847ee2,Proportional,53,15122669159441947072,2.9724999999999993,0.15706476030277544,9,True,True,9,0.0,False,0.21875,False
trained-linear-17-proportional-054,linear,17,120,c920fe932cf7cfad9e9e5928c07e0b5b5bab4d0732c8bd1d21c9c99063847ee2,Proportional,54,3787884176073355040,3.6975,0.3020291268261711,13,True,True,13,0.0,False,0.25,False
trained-linear-17-proportional-055,linear,17,120,c920fe932cf7cfad9e9e5928c07e0b5b5bab4d0732c8bd1d21c9c99063847ee2,Proportional,55,17026218642265765242,4.18,0.26674641148325356,15,True,True,15,0.0,False,0.25625,False
trained-linear-17-proportional-056,linear,17,120,c920fe932cf7cfad9e9e5928c07e0b5b5bab4d0732c8bd1d21c9c99063847ee2,Proportional,56,13416433269029022569,3.5399999999999996,0.254590395480226,21,True,True,21,0.0,False,0.3125,False
trained-linear-17-proportional-057,linear,17,120,c920fe932cf7cfad9e9e5928c07e0b5b5bab4d0732c8bd1d21c9c99063847ee2,Proportional,57,1588007018184840626,4.42,0.344502855101794,16,True,True,16,0.0,False,0.2875,False
trained-linear-17-proportional-058,linear,17,120,c920fe932cf7cfad9e9e5928c07e0b5b5bab4d0732c8bd1d21c9c99063847ee2,Proportional,58,11080440713332022791,2.3375,0.21577540106951867,12,True,True,12,0.0,False,0.2125,False
trained-linear-17-proportional-059,linear,17,120,c920fe932cf7cfad9e9e5928c07e0b5b5bab4d0732c8bd1d21c9c99063847ee2,Proportional,59,3845312049496474905,3.2174999999999994,0.2783605283605283,13,True,True,13,0.0,False,0.225,False
trained-linear-17-proportional-060,linear,17,120,c920fe932cf7cfad9e9e5928c07e0b5b5bab4d0732c8bd1d21c9c99063847ee2,Proportional,60,16727896861710689698,2.2424999999999997,0.10730211817168342,13,True,True,13,0.0,False,0.20625,False
trained-linear-17-proportional-061,linear,17,120,c920fe932cf7cfad9e9e5928c07e0b5b5bab4d0732c8bd1d21c9c99063847ee2,Proportional,61,7755720778981127303,2.03,0.13177339901477828,4,True,True,4,0.0,False,0.09375,False
trained-linear-17-proportional-062,linear,17,120,c920fe932cf7cfad9e9e5928c07e0b5b5bab4d0732c8bd1d21c9c99063847ee2,Proportional,62,2376992358017458706,2.2324999999999995,0.19568868980963045,10,True,True,10,0.0,False,0.13125,False
trained-linear-17-proportional-063,linear,17,120,c920fe932cf7cfad9e9e5928c07e0b5b5bab4d0732c8bd1d21c9c99063847ee2,Proportional,63,560458570351268881,2.1399999999999997,0.1623831775700934,11,True,True,11,0.0,False,0.1875,False
trained-linear-29-equal-000,linear,29,120,1d746fff5df3a3d384c965301ae19af31b63dc48c1d5c4b1f86f1c5d36995c8c,Equal,0,4734207316552410943,3.477499999999999,0.16624730409777141,18,True,True,18,0.0,False,0.45,False
trained-linear-29-equal-001,linear,29,120,1d746fff5df3a3d384c965301ae19af31b63dc48c1d5c4b1f86f1c5d36995c8c,Equal,1,13779396558147871361,2.0324999999999998,0.15144526445264456,12,True,True,12,0.0,False,0.275,False
trained-linear-29-equal-002,linear,29,120,1d746fff5df3a3d384c965301ae19af31b63dc48c1d5c4b1f86f1c5d36995c8c,Equal,2,10544092707600855472,2.675,0.08060747663551404,14,True,True,14,0.0,False,0.325,False
trained-linear-29-equal-003,linear,29,120,1d746fff5df3a3d384c965301ae19af31b63dc48c1d5c4b1f86f1c5d36995c8c,Equal,3,7142235210267695470,2.2362499999999996,0.23686416992733372,9,True,True,9,0.0,False,0.2,False
trained-linear-29-equal-004,linear,29,120,1d746fff5df3a3d384c965301ae19af31b63dc48c1d5c4b1f86f1c5d36995c8c,Equal,4,231713688428275529,1.8824999999999998,0.12201195219123506,12,True,True,12,0.0,False,0.275,False
trained-linear-29-equal-005,linear,29,120,1d746fff5df3a3d384c965301ae19af31b63dc48c1d5c4b1f86f1c5d36995c8c,Equal,5,18062909222060021110,1.77,0.18361581920903958,8,True,True,8,0.0,False,0.175,False
trained-linear-29-equal-006,linear,29,120,1d746fff5df3a3d384c965301ae19af31b63dc48c1d5c4b1f86f1c5d36995c8c,Equal,6,7357863145888353998,1.9175,0.193122555410691,11,True,True,11,0.0,False,0.25,False
trained-linear-29-equal-007,linear,29,120,1d746fff5df3a3d384c965301ae19af31b63dc48c1d5c4b1f86f1c5d36995c8c,Equal,7,552137574355205634,3.2949999999999995,0.10242792109256454,18,True,True,18,0.0,False,0.425,False
trained-linear-29-equal-008,linear,29,120,1d746fff5df3a3d384c965301ae19af31b63dc48c1d5c4b1f86f1c5d36995c8c,Equal,8,6914623750873947147,2.0725,0.08670084439083234,12,True,True,12,0.0,False,0.275,False
trained-linear-29-equal-009,linear,29,120,1d746fff5df3a3d384c965301ae19af31b63dc48c1d5c4b1f86f1c5d36995c8c,Equal,9,15658417794314251934,1.7474999999999998,0.049177396280400555,8,True,True,8,0.0,False,0.175,False
trained-linear-29-equal-010,linear,29,120,1d746fff5df3a3d384c965301ae19af31b63dc48c1d5c4b1f86f1c5d36995c8c,Equal,10,15665827870074281673,2.1525,0.14445412311265973,12,True,True,12,0.0,False,0.275,False
trained-linear-29-equal-011,linear,29,120,1d746fff5df3a3d384c965301ae19af31b63dc48c1d5c4b1f86f1c5d36995c8c,Equal,11,11476277065076957737,1.9874999999999996,0.05424528301886793,10,True,True,10,0.0,False,0.225,False
trained-linear-29-equal-012,linear,29,120,1d746fff5df3a3d384c965301ae19af31b63dc48c1d5c4b1f86f1c5d36995c8c,Equal,12,15237760600773821397,2.4475,0.16024004085801835,13,True,True,13,0.0,False,0.3,False
trained-linear-29-equal-013,linear,29,120,1d746fff5df3a3d384c965301ae19af31b63dc48c1d5c4b1f86f1c5d36995c8c,Equal,13,14180644342765032506,2.5,0.10125000000000002,10,True,True,10,0.0,False,0.225,False
trained-linear-29-equal-014,linear,29,120,1d746fff5df3a3d384c965301ae19af31b63dc48c1d5c4b1f86f1c5d36995c8c,Equal,14,6164606807032568302,3.7824999999999993,0.034286186384666226,15,True,True,15,0.0,False,0.35,False
trained-linear-29-equal-015,linear,29,120,1d746fff5df3a3d384c965301ae19af31b63dc48c1d5c4b1f86f1c5d36995c8c,Equal,15,12919177902764577484,2.2874999999999996,0.09631147540983606,8,True,True,8,0.0,False,0.175,False
trained-linear-29-equal-016,linear,29,120,1d746fff5df3a3d384c965301ae19af31b63dc48c1d5c4b1f86f1c5d36995c8c,Equal,16,6819175380103640041,4.102499999999999,0.16529555149299208,21,True,True,21,0.0,False,0.5,False
trained-linear-29-equal-017,linear,29,120,1d746fff5df3a3d384c965301ae19af31b63dc48c1d5c4b1f86f1c5d36995c8c,Equal,17,9373222287107732438,3.821249999999999,0.03925417075564279,19,True,True,19,0.0,False,0.45,False
trained-linear-29-equal-018,linear,29,120,1d746fff5df3a3d384c965301ae19af31b63dc48c1d5c4b1f86f1c5d36995c8c,Equal,18,5623970207026846529,2.5574999999999997,0.13868523949169112,12,True,True,12,0.0,False,0.275,False
trained-linear-29-equal-019,linear,29,120,1d746fff5df3a3d384c965301ae19af31b63dc48c1d5c4b1f86f1c5d36995c8c,Equal,19,6131130458771521900,2.4325,0.1368191161356629,15,True,True,15,0.0,False,0.35,False
trained-linear-29-equal-020,linear,29,120,1d746fff5df3a3d384c965301ae19af31b63dc48c1d5c4b1f86f1c5d36995c8c,Equal,20,17121184649425620842,2.2299999999999995,0.08828475336322873,11,True,True,11,0.0,False,0.25,False
trained-linear-29-equal-021,linear,29,120,1d746fff5df3a3d384c965301ae19af31b63dc48c1d5c4b1f86f1c5d36995c8c,Equal,21,11630085954437933165,1.595,0.08816614420062696,8,True,True,8,0.0,False,0.175,False
trained-linear-29-equal-022,linear,29,120,1d746fff5df3a3d384c965301ae19af31b63dc48c1d5c4b1f86f1c5d36995c8c,Equal,22,15180839592794947305,2.05,0.1128048780487805,10,True,True,10,0.0,False,0.225,False
trained-linear-29-equal-023,linear,29,120,1d746fff5df3a3d384c965301ae19af31b63dc48c1d5c4b1f86f1c5d36995c8c,Equal,23,9186216219284726333,3.7574999999999994,0.11185961410512313,20,True,True,20,0.0,False,0.475,False
trained-linear-29-equal-024,linear,29,120,1d746fff5df3a3d384c965301ae19af31b63dc48c1d5c4b1f86f1c5d36995c8c,Equal,24,8650544985806947677,2.0675,0.13981257557436516,12,True,True,12,0.0,False,0.3,False
trained-linear-29-equal-025,linear,29,120,1d746fff5df3a3d384c965301ae19af31b63dc48c1d5c4b1f86f1c5d36995c8c,Equal,25,11755049113430569645,1.9349999999999998,0.14050387596899225,10,True,True,10,0.0,False,0.225,False
trained-linear-29-equal-026,linear,29,120,1d746fff5df3a3d384c965301ae19af31b63dc48c1d5c4b1f86f1c5d36995c8c,Equal,26,17694500228260591140,2.19,0.07705479452054795,17,True,True,17,0.0,False,0.4,False
trained-linear-29-equal-027,linear,29,120,1d746fff5df3a3d384c965301ae19af31b63dc48c1d5c4b1f86f1c5d36995c8c,Equal,27,15529045991374904801,1.6974999999999998,0.07639911634756998,7,True,True,7,0.0,False,0.15,False
trained-linear-29-equal-028,linear,29,120,1d746fff5df3a3d384c965301ae19af31b63dc48c1d5c4b1f86f1c5d36995c8c,Equal,28,16143800205665259552,2.8099999999999996,0.13790035587188612,15,True,True,15,0.0,False,0.35,False
trained-linear-29-equal-029,linear,29,120,1d746fff5df3a3d384c965301ae19af31b63dc48c1d5c4b1f86f1c5d36995c8c,Equal,29,13561941591595902562,1.7849999999999997,0.20483193277310927,10,True,True,10,0.0,False,0.225,False
trained-linear-29-equal-030,linear,29,120,1d746fff5df3a3d384c965301ae19af31b63dc48c1d5c4b1f86f1c5d36995c8c,Equal,30,9815012486800562887,2.4212499999999997,0.03226639132679401,14,True,True,14,0.0,False,0.325,False
trained-linear-29-equal-031,linear,29,120,1d746fff5df3a3d384c965301ae19af31b63dc48c1d5c4b1f86f1c5d36995c8c,Equal,31,3178540462664073535,2.07,0.15700483091787443,11,True,True,11,0.0,False,0.25,False
trained-linear-29-equal-032,linear,29,120,1d746fff5df3a3d384c965301ae19af31b63dc48c1d5c4b1f86f1c5d36995c8c,Equal,32,14729313589717377845,2.2449999999999997,0.10996659242761693,10,True,True,10,0.0,False,0.225,False
trained-linear-29-equal-033,linear,29,120,1d746fff5df3a3d384c965301ae19af31b63dc48c1d5c4b1f86f1c5d36995c8c,Equal,33,13460407861969846157,2.5512499999999996,0.07533072023517885,15,True,True,15,0.0,False,0.35,False
trained-linear-29-equal-034,linear,29,120,1d746fff5df3a3d384c965301ae19af31b63dc48c1d5c4b1f86f1c5d36995c8c,Equal,34,17999974766640675130,2.2875,0.1878415300546448,14,True,True,14,0.0,False,0.325,False
trained-linear-29-equal-035,linear,29,120,1d746fff5df3a3d384c965301ae19af31b63dc48c1d5c4b1f86f1c5d36995c8c,Equal,35,12617845799594712668,1.7924999999999998,0.06711994421199441,10,True,True,10,0.0,False,0.225,False
trained-linear-29-equal-036,linear,29,120,1d746fff5df3a3d384c965301ae19af31b63dc48c1d5c4b1f86f1c5d36995c8c,Equal,36,1010728720865431323,1.9824999999999995,0.114281210592686,15,True,True,15,0.0,False,0.35,False
trained-linear-29-equal-037,linear,29,120,1d746fff5df3a3d384c965301ae19af31b63dc48c1d5c4b1f86f1c5d36995c8c,Equal,37,8603235179795000304,4.154999999999999,0.033468712394705176,14,True,True,14,0.0,False,0.325,False
trained-linear-29-equal-038,linear,29,120,1d746fff5df3a3d384c965301ae19af31b63dc48c1d5c4b1f86f1c5d36995c8c,Equal,38,14682600991570577908,1.6149999999999998,0.08707430340557279,9,True,True,9,0.0,False,0.2,False
trained-linear-29-equal-039,linear,29,120,1d746fff5df3a3d384c965301ae19af31b63dc48c1d5c4b1f86f1c5d36995c8c,Equal,39,8621024682797490734,1.4949999999999999,0.09824414715719067,8,True,True,8,0.0,False,0.175,False
trained-linear-29-equal-040,linear,29,120,1d746fff5df3a3d384c965301ae19af31b63dc48c1d5c4b1f86f1c5d36995c8c,Equal,40,6944208069991942277,2.7024999999999997,0.1798103607770583,13,True,True,13,0.0,False,0.325,False
trained-linear-29-equal-041,linear,29,120,1d746fff5df3a3d384c965301ae19af31b63dc48c1d5c4b1f86f1c5d36995c8c,Equal,41,6496773101203516700,2.5549999999999997,0.16267123287671234,10,True,True,10,0.0,False,0.225,False
trained-linear-29-equal-042,linear,29,120,1d746fff5df3a3d384c965301ae19af31b63dc48c1d5c4b1f86f1c5d36995c8c,Equal,42,16741488286383965144,2.4174999999999995,0.06398655635987593,15,True,True,15,0.0,False,0.35,False
trained-linear-29-equal-043,linear,29,120,1d746fff5df3a3d384c965301ae19af31b63dc48c1d5c4b1f86f1c5d36995c8c,Equal,43,9912570341684409141,2.20375,0.09429948950652298,10,True,True,10,0.0,False,0.225,False
trained-linear-29-equal-044,linear,29,120,1d746fff5df3a3d384c965301ae19af31b63dc48c1d5c4b1f86f1c5d36995c8c,Equal,44,3392211513014167189,2.2499999999999996,0.11944444444444449,14,True,True,14,0.0,False,0.325,False
trained-linear-29-equal-045,linear,29,120,1d746fff5df3a3d384c965301ae19af31b63dc48c1d5c4b1f86f1c5d36995c8c,Equal,45,3300248940166187777,2.7899999999999996,0.07168458781362011,18,True,True,18,0.0,False,0.425,False
trained-linear-29-equal-046,linear,29,120,1d746fff5df3a3d384c965301ae19af31b63dc48c1d5c4b1f86f1c5d36995c8c,Equal,46,4665567701044753510,2.55875,0.052515876893014166,14,True,True,14,0.0,False,0.325,False
trained-linear-29-equal-047,linear,29,120,1d746fff5df3a3d384c965301ae19af31b63dc48c1d5c4b1f86f1c5d36995c8c,Equal,47,7582535612035288330,2.3175,0.11529126213592232,10,True,True,10,0.0,False,0.225,False
trained-linear-29-equal-048,linear,29,120,1d746fff5df3a3d384c965301ae19af31b63dc48c1d5c4b1f86f1c5d36995c8c,Equal,48,4070134619130459795,1.9849999999999999,0.14955919395465997,8,True,True,8,0.0,False,0.175,False
trained-linear-29-equal-049,linear,29,120,1d746fff5df3a3d384c965301ae19af31b63dc48c1d5c4b1f86f1c5d36995c8c,Equal,49,6960835538296497348,2.2849999999999997,0.15317286652078776,10,True,True,10,0.0,False,0.225,False
trained-linear-29-equal-050,linear,29,120,1d746fff5df3a3d384c965301ae19af31b63dc48c1d5c4b1f86f1c5d36995c8c,Equal,50,5571423083801492677,1.6349999999999998,0.10703363914373089,8,True,True,8,0.0,False,0.175,False
trained-linear-29-equal-051,linear,29,120,1d746fff5df3a3d384c965301ae19af31b63dc48c1d5c4b1f86f1c5d36995c8c,Equal,51,6241643363868104156,2.25,0.18194444444444444,10,True,True,10,0.0,False,0.225,False
trained-linear-29-equal-052,linear,29,120,1d746fff5df3a3d384c965301ae19af31b63dc48c1d5c4b1f86f1c5d36995c8c,Equal,52,4011650953393153406,2.0875,0.10254491017964074,13,True,True,13,0.0,False,0.3,False
trained-linear-29-equal-053,linear,29,120,1d746fff5df3a3d384c965301ae19af31b63dc48c1d5c4b1f86f1c5d36995c8c,Equal,53,15846934137482920438,2.5824999999999996,0.12040174249757987,9,True,True,9,0.0,False,0.225,False
trained-linear-29-equal-054,linear,29,120,1d746fff5df3a3d384c965301ae19af31b63dc48c1d5c4b1f86f1c5d36995c8c,Equal,54,10111806429566444144,1.595,0.08620689655172416,8,True,True,8,0.0,False,0.175,False
trained-linear-29-equal-055,linear,29,120,1d746fff5df3a3d384c965301ae19af31b63dc48c1d5c4b1f86f1c5d36995c8c,Equal,55,15811019759826740963,1.9725,0.13228770595690748,11,True,True,11,0.0,False,0.25,False
trained-linear-29-equal-056,linear,29,120,1d746fff5df3a3d384c965301ae19af31b63dc48c1d5c4b1f86f1c5d36995c8c,Equal,56,8096832640839970180,2.1674999999999995,0.15210495963091117,12,True,True,12,0.0,False,0.275,False
trained-linear-29-equal-057,linear,29,120,1d746fff5df3a3d384c965301ae19af31b63dc48c1d5c4b1f86f1c5d36995c8c,Equal,57,2955291204377061990,2.3075,0.13610509209100757,6,True,True,6,0.0,False,0.15,False
trained-linear-29-equal-058,linear,29,120,1d746fff5df3a3d384c965301ae19af31b63dc48c1d5c4b1f86f1c5d36995c8c,Equal,58,12528631314186780531,3.0924999999999994,0.09953516572352472,14,True,True,14,0.0,False,0.325,False
trained-linear-29-equal-059,linear,29,120,1d746fff5df3a3d384c965301ae19af31b63dc48c1d5c4b1f86f1c5d36995c8c,Equal,59,1321120950040808119,2.3599999999999994,0.1271186440677966,12,True,True,12,0.0,False,0.275,False
trained-linear-29-equal-060,linear,29,120,1d746fff5df3a3d384c965301ae19af31b63dc48c1d5c4b1f86f1c5d36995c8c,Equal,60,11753872758219680266,2.0575,0.15112393681652495,13,True,True,13,0.0,False,0.3,False
trained-linear-29-equal-061,linear,29,120,1d746fff5df3a3d384c965301ae19af31b63dc48c1d5c4b1f86f1c5d36995c8c,Equal,61,4511379762236129859,3.4237499999999996,0.06343556042351228,15,True,True,15,0.0,False,0.35,False
trained-linear-29-equal-062,linear,29,120,1d746fff5df3a3d384c965301ae19af31b63dc48c1d5c4b1f86f1c5d36995c8c,Equal,62,1538090110894546576,1.7525,0.09361626248216837,6,True,True,6,0.0,False,0.125,False
trained-linear-29-equal-063,linear,29,120,1d746fff5df3a3d384c965301ae19af31b63dc48c1d5c4b1f86f1c5d36995c8c,Equal,63,17077023266761435964,2.8099999999999996,0.14012455516014236,14,True,True,14,0.0,False,0.325,False
trained-linear-29-interpolating-000,linear,29,120,1d746fff5df3a3d384c965301ae19af31b63dc48c1d5c4b1f86f1c5d36995c8c,Interpolating,0,5258361016409519405,2.9749999999999996,0.1601843957206973,13,True,True,13,0.0,False,0.2625,True
trained-linear-29-interpolating-001,linear,29,120,1d746fff5df3a3d384c965301ae19af31b63dc48c1d5c4b1f86f1c5d36995c8c,Interpolating,1,4386626495949533704,2.5999999999999996,0.1081212746032978,9,True,True,9,0.0,False,0.2125,True
trained-linear-29-interpolating-002,linear,29,120,1d746fff5df3a3d384c965301ae19af31b63dc48c1d5c4b1f86f1c5d36995c8c,Interpolating,2,11792524410065446603,3.0174999999999996,0.3120730426253371,12,True,True,12,0.0,False,0.16875,True
trained-linear-29-interpolating-003,linear,29,120,1d746fff5df3a3d384c965301ae19af31b63dc48c1d5c4b1f86f1c5d36995c8c,Interpolating,3,13093686781768341924,4.484999999999999,0.3851273831279392,20,True,True,20,0.0,False,0.3,True
trained-linear-29-interpolating-004,linear,29,120,1d746fff5df3a3d384c965301ae19af31b63dc48c1d5c4b1f86f1c5d36995c8c,Interpolating,4,4615273989843325149,1.6974999999999998,0.07607703521379834,7,True,True,7,0.0,False,0.10625,True
trained-linear-29-interpolating-005,linear,29,120,1d746fff5df3a3d384c965301ae19af31b63dc48c1d5c4b1f86f1c5d36995c8c,Interpolating,5,18225870480500931063,1.9699999999999998,0.1268542368793111,9,True,True,9,0.0,False,0.1125,True
trained-linear-29-interpolating-006,linear,29,120,1d746fff5df3a3d384c965301ae19af31b63dc48c1d5c4b1f86f1c5d36995c8c,Interpolating,6,4088648474425522776,2.2449999999999997,0.13641083056366146,7,True,True,7,0.0,False,0.1375,True
trained-linear-29-interpolating-007,linear,29,120,1d746fff5df3a3d384c965301ae19af31b63dc48c1d5c4b1f86f1c5d36995c8c,Interpolating,7,12225629462981330525,2.1075,0.17763904729130198,8,True,True,8,0.0,False,0.11875,True
trained-linear-29-interpolating-008,linear,29,120,1d746fff5df3a3d384c965301ae19af31b63dc48c1d5c4b1f86f1c5d36995c8c,Interpolating,8,16156509182125105953,2.2749999999999995,0.19801102307550736,8,True,True,8,0.0,False,0.15,True
trained-linear-29-interpolating-009,linear,29,120,1d746fff5df3a3d384c965301ae19af31b63dc48c1d5c4b1f86f1c5d36995c8c,Interpolating,9,4663038911909912279,2.4625,0.17262100180569334,12,True,True,12,0.0,False,0.2,True
trained-linear-29-interpolating-010,linear,29,120,1d746fff5df3a3d384c965301ae19af31b63dc48c1d5c4b1f86f1c5d36995c8c,Interpolating,10,16309244717995499308,2.2775,0.1269265228361237,13,True,True,13,0.0,False,0.1875,True
trained-linear-29-interpolating-011,linear,29,120,1d746fff5df3a3d384c965301ae19af31b63dc48c1d5c4b1f86f1c5d36995c8c,Interpolating,11,9475768434095412320,4.0112499999999995,0.24495721783460264,19,True,True,19,0.0,False,0.3125,True
trained-linear-29-interpolating-012,linear,29,120,1d746fff5df3a3d384c965301ae19af31b63dc48c1d5c4b1f86f1c5d36995c8c,Interpolating,12,7901320668207824823,2.8399999999999994,0.0929038553686647,11,True,True,11,0.0,False,0.21875,True
trained-linear-29-interpolating-013,linear,29,120,1d746fff5df3a3d384c965301ae19af31b63dc48c1d5c4b1f86f1c5d36995c8c,Interpolating,13,15802024438096041590,1.9799999999999998,0.13193494274559892,10,True,True,10,0.0,False,0.16875,True
trained-linear-29-interpolating-014,linear,29,120,1d746fff5df3a3d384c965301ae19af31b63dc48c1d5c4b1f86f1c5d36995c8c,Interpolating,14,12259413024566334099,2.045,0.05130438368405156,6,True,True,6,0.0,False,0.10625,True
trained-linear-29-interpolating-015,linear,29,120,1d746fff5df3a3d384c965301ae19af31b63dc48c1d5c4b1f86f1c5d36995c8c,Interpolating,15,15942162699553828925,1.8024999999999998,0.11059714919996969,7,True,True,7,0.0,False,0.1125,True
trained-linear-29-interpolating-016,linear,29,120,1d746fff5df3a3d384c965301ae19af31b63dc48c1d5c4b1f86f1c5d36995c8c,Interpolating,16,12196847458243793765,5.224999999999999,0.13190513748185612,24,True,True,24,0.0,False,0.4,True
trained-linear-29-interpolating-017,linear,29,120,1d746fff5df3a3d384c965301ae19af31b63dc48c1d5c4b1f86f1c5d36995c8c,Interpolating,17,1491008869006714247,2.5199999999999996,0.1929357058534653,12,True,True,12,0.0,False,0.16875,True
trained-linear-29-interpolating-018,linear,29,120,1d746fff5df3a3d384c965301ae19af31b63dc48c1d5c4b1f86f1c5d36995c8c,Interpolating,18,18409376660554594129,2.7812499999999996,0.09381432729439096,10,True,True,10,0.0,False,0.175,True
trained-linear-29-interpolating-019,linear,29,120,1d746fff5df3a3d384c965301ae19af31b63dc48c1d5c4b1f86f1c5d36995c8c,Interpolating,19,13837113479770190083,2.4475,0.32507467994512323,10,True,True,10,0.0,False,0.1,True
trained-linear-29-interpolating-020,linear,29,120,1d746fff5df3a3d384c965301ae19af31b63dc48c1d5c4b1f86f1c5d36995c8c,Interpolating,20,2998332988930532539,2.4025,0.09507330669690368,8,True,True,8,0.0,False,0.1375,True
trained-linear-29-interpolating-021,linear,29,120,1d746fff5df3a3d384c965301ae19af31b63dc48c1d5c4b1f86f1c5d36995c8c,Interpolating,21,14494736597781699164,4.3999999999999995,0.07688251993015044,17,True,True,17,0.0,False,0.3125,True
trained-linear-29-interpolating-022,linear,29,120,1d746fff5df3a3d384c965301ae19af31b63dc48c1d5c4b1f86f1c5d36995c8c,Interpolating,22,15529111511827205313,3.8524999999999996,0.09106637111743039,12,True,True,12,0.0,False,0.25,True
trained-linear-29-interpolating-023,linear,29,120,1d746fff5df3a3d384c965301ae19af31b63dc48c1d5c4b1f86f1c5d36995c8c,Interpolating,23,8128422220661582201,6.554999999999999,0.2524146757419496,29,True,True,29,0.0,False,0.46875,True
trained-linear-29-interpolating-024,linear,29,120,1d746fff5df3a3d384c965301ae19af31b63dc48c1d5c4b1f86f1c5d36995c8c,Interpolating,24,16837990092948241027,3.7962499999999997,0.24611559664903018,20,True,True,20,0.0,False,0.31875,True
trained-linear-29-interpolating-025,linear,29,120,1d746fff5df3a3d384c965301ae19af31b63dc48c1d5c4b1f86f1c5d36995c8c,Interpolating,25,9800408905907917041,3.6574999999999998,0.21674496767797818,14,True,True,14,0.0,False,0.25,True
trained-linear-29-interpolating-026,linear,29,120,1d746fff5df3a3d384c965301ae19af31b63dc48c1d5c4b1f86f1c5d36995c8c,Interpolating,26,6119350060645539882,2.1424999999999996,0.14206369814471137,11,True,True,11,0.0,False,0.2,True
trained-linear-29-interpolating-027,linear,29,120,1d746fff5df3a3d384c965301ae19af31b63dc48c1d5c4b1f86f1c5d36995c8c,Interpolating,27,3239347700700433135,2.215,0.17832573742315008,11,True,True,11,0.0,False,0.1625,True
trained-linear-29-interpolating-028,linear,29,120,1d746fff5df3a3d384c965301ae19af31b63dc48c1d5c4b1f86f1c5d36995c8c,Interpolating,28,17199455528279905164,2.05125,0.1156298579169361,6,True,True,6,0.0,False,0.1,True
trained-linear-29-interpolating-029,linear,29,120,1d746fff5df3a3d384c965301ae19af31b63dc48c1d5c4b1f86f1c5d36995c8c,Interpolating,29,10168029697180900371,2.5649999999999995,0.174846195324093,10,True,True,10,0.0,False,0.16875,True
trained-linear-29-interpolating-030,linear,29,120,1d746fff5df3a3d384c965301ae19af31b63dc48c1d5c4b1f86f1c5d36995c8c,Interpolating,30,16400787163144248799,2.5175,0.08727772411043233,14,True,True,14,0.0,False,0.1875,True
trained-linear-29-interpolating-031,linear,29,120,1d746fff5df3a3d384c965301ae19af31b63dc48c1d5c4b1f86f1c5d36995c8c,Interpolating,31,9519641664031399792,2.5399999999999996,0.17139882435138667,15,True,True,15,0.0,False,0.24375,True
trained-linear-29-interpolating-032,linear,29,120,1d746fff5df3a3d384c965301ae19af31b63dc48c1d5c4b1f86f1c5d36995c8c,Interpolating,32,6970543828671157962,2.25,0.08414014737025745,8,True,True,8,0.0,False,0.1875,True
trained-linear-29-interpolating-033,linear,29,120,1d746fff5df3a3d384c965301ae19af31b63dc48c1d5c4b1f86f1c5d36995c8c,Interpolating,33,16500740610559899242,2.0524999999999998,0.19518628936683033,11,True,True,11,0.0,False,0.13125,True
trained-linear-29-interpolating-034,linear,29,120,1d746fff5df3a3d384c965301ae19af31b63dc48c1d5c4b1f86f1c5d36995c8c,Interpolating,34,16189478201349237410,5.749999999999999,0.43789043870406713,28,True,True,28,0.0,False,0.40625,True
trained-linear-29-interpolating-035,linear,29,120,1d746fff5df3a3d384c965301ae19af31b63dc48c1d5c4b1f86f1c5d36995c8c,Interpolating,35,15930540687270375709,1.8124999999999998,0.16517241330574006,8,True,True,8,0.0,False,0.10625,True
trained-linear-29-interpolating-036,linear,29,120,1d746fff5df3a3d384c965301ae19af31b63dc48c1d5c4b1f86f1c5d36995c8c,Interpolating,36,4576853620538717423,3.3212499999999996,0.11058963207219188,11,True,True,11,0.0,False,0.24375,True
trained-linear-29-interpolating-037,linear,29,120,1d746fff5df3a3d384c965301ae19af31b63dc48c1d5c4b1f86f1c5d36995c8c,Interpolating,37,17875704869345912348,3.1537499999999996,0.20629554203060999,15,True,True,15,0.0,False,0.2125,True
trained-linear-29-interpolating-038,linear,29,120,1d746fff5df3a3d384c965301ae19af31b63dc48c1d5c4b1f86f1c5d36995c8c,Interpolating,38,10384786399949517763,4.6274999999999995,0.17236247367662416,22,True,True,22,0.0,False,0.3375,True
trained-linear-29-interpolating-039,linear,29,120,1d746fff5df3a3d384c965301ae19af31b63dc48c1d5c4b1f86f1c5d36995c8c,Interpolating,39,910000612280399168,3.1025,0.07941484477322253,12,True,True,12,0.0,False,0.2375,True
trained-linear-29-interpolating-040,linear,29,120,1d746fff5df3a3d384c965301ae19af31b63dc48c1d5c4b1f86f1c5d36995c8c,Interpolating,40,18149733961259110541,1.45,0.07499999996600537,5,True,True,5,0.0,False,0.08125,True
trained-linear-29-interpolating-041,linear,29,120,1d746fff5df3a3d384c965301ae19af31b63dc48c1d5c4b1f86f1c5d36995c8c,Interpolating,41,7288022285617968447,1.545,0.09627831715210342,7,True,True,7,0.0,False,0.0875,True
trained-linear-29-interpolating-042,linear,29,120,1d746fff5df3a3d384c965301ae19af31b63dc48c1d5c4b1f86f1c5d36995c8c,Interpolating,42,1407046930095467203,2.5674999999999994,0.18303991865649993,13,True,True,13,0.0,False,0.20625,True
trained-linear-29-interpolating-043,linear,29,120,1d746fff5df3a3d384c965301ae19af31b63dc48c1d5c4b1f86f1c5d36995c8c,Interpolating,43,17136782156656452491,1.7799999999999998,0.13687078552557563,9,True,True,9,0.0,False,0.11875,True
trained-linear-29-interpolating-044,linear,29,120,1d746fff5df3a3d384c965301ae19af31b63dc48c1d5c4b1f86f1c5d36995c8c,Interpolating,44,13084343543589553698,4.56,0.07578554520675379,20,True,True,20,0.0,False,0.35,True
trained-linear-29-interpolating-045,linear,29,120,1d746fff5df3a3d384c965301ae19af31b63dc48c1d5c4b1f86f1c5d36995c8c,Interpolating,45,16934696346824942070,3.32875,0.2009629681340948,13,True,True,13,0.0,False,0.25625,True
trained-linear-29-interpolating-046,linear,29,120,1d746fff5df3a3d384c965301ae19af31b63dc48c1d5c4b1f86f1c5d36995c8c,Interpolating,46,2041437385152896381,2.6725,0.09350334194035301,12,True,True,12,0.0,False,0.24375,True
trained-linear-29-interpolating-047,linear,29,120,1d746fff5df3a3d384c965301ae19af31b63dc48c1d5c4b1f86f1c5d36995c8c,Interpolating,47,15845759215856747816,2.2537499999999997,0.11622804264034066,12,True,True,12,0.0,False,0.19375,True
trained-linear-29-interpolating-048,linear,29,120,1d746fff5df3a3d384c965301ae19af31b63dc48c1d5c4b1f86f1c5d36995c8c,Interpolating,48,2772471627485940717,1.4425,0.034228769497344685,6,True,True,6,0.0,False,0.1125,True
trained-linear-29-interpolating-049,linear,29,120,1d746fff5df3a3d384c965301ae19af31b63dc48c1d5c4b1f86f1c5d36995c8c,Interpolating,49,16082843542267960345,1.775,0.12534010764211587,6,True,True,6,0.0,False,0.10625,True
trained-linear-29-interpolating-050,linear,29,120,1d746fff5df3a3d384c965301ae19af31b63dc48c1d5c4b1f86f1c5d36995c8c,Interpolating,50,5035982573579227788,2.2775,0.139642415788043,8,True,True,8,0.0,False,0.14375,True
trained-linear-29-interpolating-051,linear,29,120,1d746fff5df3a3d384c965301ae19af31b63dc48c1d5c4b1f86f1c5d36995c8c,Interpolating,51,5734011727535352304,2.5799999999999996,0.2674504165971247,12,True,True,12,0.0,False,0.1625,True
trained-linear-29-interpolating-052,linear,29,120,1d746fff5df3a3d384c965301ae19af31b63dc48c1d5c4b1f86f1c5d36995c8c,Interpolating,52,17602415826701067468,2.6625,0.14425284030908694,11,True,True,11,0.0,False,0.18125,True
trained-linear-29-interpolating-053,linear,29,120,1d746fff5df3a3d384c965301ae19af31b63dc48c1d5c4b1f86f1c5d36995c8c,Interpolating,53,16210108198068313580,2.6774999999999998,0.05240399893590964,11,True,True,11,0.0,False,0.23125,True
trained-linear-29-interpolating-054,linear,29,120,1d746fff5df3a3d384c965301ae19af31b63dc48c1d5c4b1f86f1c5d36995c8c,Interpolating,54,17753741803783723921,3.932499999999999,0.09304832157747052,17,True,True,17,0.0,False,0.34375,True
trained-linear-29-interpolating-055,linear,29,120,1d746fff5df3a3d384c965301ae19af31b63dc48c1d5c4b1f86f1c5d36995c8c,Interpolating,55,10323607928510632302,6.909999999999999,0.1320867684876054,22,True,True,22,0.0,False,0.49375,True
trained-linear-29-interpolating-056,linear,29,120,1d746fff5df3a3d384c965301ae19af31b63dc48c1d5c4b1f86f1c5d36995c8c,Interpolating,56,8167619496851506509,3.6262499999999998,0.14617442258966837,20,True,True,20,0.0,False,0.2875,True
trained-linear-29-interpolating-057,linear,29,120,1d746fff5df3a3d384c965301ae19af31b63dc48c1d5c4b1f86f1c5d36995c8c,Interpolating,57,9597133124142482496,3.76875,0.10361747366182959,18,True,True,18,0.0,False,0.3125,True
trained-linear-29-interpolating-058,linear,29,120,1d746fff5df3a3d384c965301ae19af31b63dc48c1d5c4b1f86f1c5d36995c8c,Interpolating,58,1727517926817364996,6.376249999999999,0.15180282496659447,25,True,True,25,0.0,False,0.49375,True
trained-linear-29-interpolating-059,linear,29,120,1d746fff5df3a3d384c965301ae19af31b63dc48c1d5c4b1f86f1c5d36995c8c,Interpolating,59,10036885233374424860,5.142499999999999,0.08151512715787797,20,True,True,20,0.0,False,0.40625,True
trained-linear-29-interpolating-060,linear,29,120,1d746fff5df3a3d384c965301ae19af31b63dc48c1d5c4b1f86f1c5d36995c8c,Interpolating,60,15075274880911730387,2.9799999999999995,0.14366927731821794,13,True,True,13,0.0,False,0.28125,True
trained-linear-29-interpolating-061,linear,29,120,1d746fff5df3a3d384c965301ae19af31b63dc48c1d5c4b1f86f1c5d36995c8c,Interpolating,61,17156466898523051135,3.7299999999999995,0.10775245151085441,14,True,True,14,0.0,False,0.3,True
trained-linear-29-interpolating-062,linear,29,120,1d746fff5df3a3d384c965301ae19af31b63dc48c1d5c4b1f86f1c5d36995c8c,Interpolating,62,635337012270163309,5.251249999999999,0.0641043221957949,20,True,True,20,0.0,False,0.3875,True
trained-linear-29-interpolating-063,linear,29,120,1d746fff5df3a3d384c965301ae19af31b63dc48c1d5c4b1f86f1c5d36995c8c,Interpolating,63,9196592922265199812,2.4799999999999995,0.12689036220634606,7,True,True,7,0.0,False,0.1125,True
trained-linear-29-mixed-000,linear,29,120,1d746fff5df3a3d384c965301ae19af31b63dc48c1d5c4b1f86f1c5d36995c8c,Mixed,0,592610577473832486,2.09,0.0690789473684211,9,True,True,9,0.0,False,0.2,False
trained-linear-29-mixed-001,linear,29,120,1d746fff5df3a3d384c965301ae19af31b63dc48c1d5c4b1f86f1c5d36995c8c,Mixed,1,9655764031843405909,2.3124999999999996,0.05452702702702704,13,True,True,13,0.0,False,0.31875,False
trained-linear-29-mixed-002,linear,29,120,1d746fff5df3a3d384c965301ae19af31b63dc48c1d5c4b1f86f1c5d36995c8c,Mixed,2,6709626205273109705,3.312499999999999,0.05419811320754716,14,True,True,14,0.0,False,0.29375,False
trained-linear-29-mixed-003,linear,29,120,1d746fff5df3a3d384c965301ae19af31b63dc48c1d5c4b1f86f1c5d36995c8c,Mixed,3,5308251484409581231,2.165,0.010392609699769075,10,True,True,10,0.0,False,0.2125,False
trained-linear-29-mixed-004,linear,29,120,1d746fff5df3a3d384c965301ae19af31b63dc48c1d5c4b1f86f1c5d36995c8c,Mixed,4,2027912923397495786,1.9774999999999998,0.045749051833122674,13,True,True,13,0.0,False,0.275,False
trained-linear-29-mixed-005,linear,29,120,1d746fff5df3a3d384c965301ae19af31b63dc48c1d5c4b1f86f1c5d36995c8c,Mixed,5,13736589856529038134,3.2524999999999995,0.08834550345887779,19,True,True,19,0.0,False,0.4375,False
trained-linear-29-mixed-006,linear,29,120,1d746fff5df3a3d384c965301ae19af31b63dc48c1d5c4b1f86f1c5d36995c8c,Mixed,6,13949787745557611077,1.815,0.042355371900826444,10,True,True,10,0.0,False,0.19375,False
trained-linear-29-mixed-007,linear,29,120,1d746fff5df3a3d384c965301ae19af31b63dc48c1d5c4b1f86f1c5d36995c8c,Mixed,7,4062502142453195977,1.9174999999999998,0.04522490221642764,10,True,True,10,0.0,False,0.1875,False
trained-linear-29-mixed-008,linear,29,120,1d746fff5df3a3d384c965301ae19af31b63dc48c1d5c4b1f86f1c5d36995c8c,Mixed,8,6613501233589849366,1.7349999999999999,0.06538184438040348,10,True,True,10,0.0,False,0.175,False
trained-linear-29-mixed-009,linear,29,120,1d746fff5df3a3d384c965301ae19af31b63dc48c1d5c4b1f86f1c5d36995c8c,Mixed,9,1418716996996128535,2.5149999999999997,0.0741799204771372,14,True,True,14,0.0,False,0.3125,False
trained-linear-29-mixed-010,linear,29,120,1d746fff5df3a3d384c965301ae19af31b63dc48c1d5c4b1f86f1c5d36995c8c,Mixed,10,17197824119433298885,2.9799999999999995,0.05127936241610734,16,True,True,16,0.0,False,0.38125,False
trained-linear-29-mixed-011,linear,29,120,1d746fff5df3a3d384c965301ae19af31b63dc48c1d5c4b1f86f1c5d36995c8c,Mixed,11,15077539575750927847,2.9949999999999997,0.0572829716193657,15,True,True,15,0.0,False,0.325,False
trained-linear-29-mixed-012,linear,29,120,1d746fff5df3a3d384c965301ae19af31b63dc48c1d5c4b1f86f1c5d36995c8c,Mixed,12,1145823825184170842,2.3024999999999998,0.0918159609120521,11,True,True,11,0.0,False,0.2375,False
trained-linear-29-mixed-013,linear,29,120,1d746fff5df3a3d384c965301ae19af31b63dc48c1d5c4b1f86f1c5d36995c8c,Mixed,13,6828425874940072605,2.9899999999999993,0.11883361204013386,16,True,True,16,0.0,False,0.3625,False
trained-linear-29-mixed-014,linear,29,120,1d746fff5df3a3d384c965301ae19af31b63dc48c1d5c4b1f86f1c5d36995c8c,Mixed,14,16171479610796019232,5.058749999999999,0.09910652816823712,27,True,True,27,0.0,False,0.6125,False
trained-linear-29-mixed-015,linear,29,120,1d746fff5df3a3d384c965301ae19af31b63dc48c1d5c4b1f86f1c5d36995c8c,Mixed,15,9655835089481131784,2.1075,0.03625444839857653,11,True,True,11,0.0,False,0.275,False
trained-linear-29-mixed-016,linear,29,120,1d746fff5df3a3d384c965301ae19af31b63dc48c1d5c4b1f86f1c5d36995c8c,Mixed,16,12689753734919658519,2.5449999999999995,0.06299115913555989,10,True,True,10,0.0,False,0.225,False
trained-linear-29-mixed-017,linear,29,120,1d746fff5df3a3d384c965301ae19af31b63dc48c1d5c4b1f86f1c5d36995c8c,Mixed,17,1438909811357755383,3.7012499999999995,0.019149192021532483,16,True,True,16,0.0,False,0.4,False
trained-linear-29-mixed-018,linear,29,120,1d746fff5df3a3d384c965301ae19af31b63dc48c1d5c4b1f86f1c5d36995c8c,Mixed,18,10598691234843448484,2.8449999999999998,0.037565905096660794,16,True,True,16,0.0,False,0.35625,False
trained-linear-29-mixed-019,linear,29,120,1d746fff5df3a3d384c965301ae19af31b63dc48c1d5c4b1f86f1c5d36995c8c,Mixed,19,668654362023609195,2.155,0.05307424593967517,10,True,True,10,0.0,False,0.23125,False
trained-linear-29-mixed-020,linear,29,120,1d746fff5df3a3d384c965301ae19af31b63dc48c1d5c4b1f86f1c5d36995c8c,Mixed,20,15909388776424042413,2.5725,0.11242711370262393,14,True,True,14,0.0,False,0.3,False
trained-linear-29-mixed-021,linear,29,120,1d746fff5df3a3d384c965301ae19af31b63dc48c1d5c4b1f86f1c5d36995c8c,Mixed,21,10490204286135892486,1.6475,0.04580804248861911,10,True,True,10,0.0,False,0.20625,False
trained-linear-29-mixed-022,linear,29,120,1d746fff5df3a3d384c965301ae19af31b63dc48c1d5c4b1f86f1c5d36995c8c,Mixed,22,2806220143588267573,2.6274999999999995,0.02015937202664129,12,True,True,12,0.0,False,0.2625,False
trained-linear-29-mixed-023,linear,29,120,1d746fff5df3a3d384c965301ae19af31b63dc48c1d5c4b1f86f1c5d36995c8c,Mixed,23,12050350930524991167,1.7599999999999998,0.03728693181818182,9,True,True,9,0.0,False,0.1875,False
trained-linear-29-mixed-024,linear,29,120,1d746fff5df3a3d384c965301ae19af31b63dc48c1d5c4b1f86f1c5d36995c8c,Mixed,24,16861816996201722946,3.3075,0.0953798185941043,16,True,True,16,0.0,False,0.35,False
trained-linear-29-mixed-025,linear,29,120,1d746fff5df3a3d384c965301ae19af31b63dc48c1d5c4b1f86f1c5d36995c8c,Mixed,25,13234703612813662977,1.7799999999999998,0.07742275280898878,8,True,True,8,0.0,False,0.1625,False
trained-linear-29-mixed-026,linear,29,120,1d746fff5df3a3d384c965301ae19af31b63dc48c1d5c4b1f86f1c5d36995c8c,Mixed,26,17912445956739442629,3.5987499999999994,0.021673105840148466,14,True,True,14,0.0,False,0.35,False
trained-linear-29-mixed-027,linear,29,120,1d746fff5df3a3d384c965301ae19af31b63dc48c1d5c4b1f86f1c5d36995c8c,Mixed,27,17576554121961936592,1.8449999999999998,0.09705284552845529,8,True,True,8,0.0,False,0.15,False
trained-linear-29-mixed-028,linear,29,120,1d746fff5df3a3d384c965301ae19af31b63dc48c1d5c4b1f86f1c5d36995c8c,Mixed,28,7777113325854917033,3.062499999999999,0.061989795918367376,14,True,True,14,0.0,False,0.35,False
trained-linear-29-mixed-029,linear,29,120,1d746fff5df3a3d384c965301ae19af31b63dc48c1d5c4b1f86f1c5d36995c8c,Mixed,29,10324842320430142446,2.4774999999999996,0.027056004036326953,15,True,True,15,0.0,False,0.31875,False
trained-linear-29-mixed-030,linear,29,120,1d746fff5df3a3d384c965301ae19af31b63dc48c1d5c4b1f86f1c5d36995c8c,Mixed,30,6225358522658919154,2.2924999999999995,0.039871864776444985,17,True,True,17,0.0,False,0.38125,False
trained-linear-29-mixed-031,linear,29,120,1d746fff5df3a3d384c965301ae19af31b63dc48c1d5c4b1f86f1c5d36995c8c,Mixed,31,12298927802293228028,2.3425,0.0942502668089648,13,True,True,13,0.0,False,0.3,False
trained-linear-29-mixed-032,linear,29,120,1d746fff5df3a3d384c965301ae19af31b63dc48c1d5c4b1f86f1c5d36995c8c,Mixed,32,16605476291160751026,1.9075,0.05086828309305378,10,True,True,10,0.0,False,0.2,False
trained-linear-29-mixed-033,linear,29,120,1d746fff5df3a3d384c965301ae19af31b63dc48c1d5c4b1f86f1c5d36995c8c,Mixed,33,8942354182344050342,3.4187499999999993,0.039725482101786884,16,True,True,16,0.0,False,0.3625,False
trained-linear-29-mixed-034,linear,29,120,1d746fff5df3a3d384c965301ae19af31b63dc48c1d5c4b1f86f1c5d36995c8c,Mixed,34,6611422638442712630,2.1987499999999995,0.05656579484299857,9,True,True,9,0.0,False,0.18125,False
trained-linear-29-mixed-035,linear,29,120,1d746fff5df3a3d384c965301ae19af31b63dc48c1d5c4b1f86f1c5d36995c8c,Mixed,35,11015081719638643501,2.675,0.04030373831775705,16,True,True,16,0.0,False,0.3625,False
trained-linear-29-mixed-036,linear,29,120,1d746fff5df3a3d384c965301ae19af31b63dc48c1d5c4b1f86f1c5d36995c8c,Mixed,36,7987167289971895620,2.66625,0.02680610377629565,11,True,True,11,0.0,False,0.2375,False
trained-linear-29-mixed-037,linear,29,120,1d746fff5df3a3d384c965301ae19af31b63dc48c1d5c4b1f86f1c5d36995c8c,Mixed,37,17072881843121353475,3.2274999999999996,0.05359217660728121,18,True,True,18,0.0,False,0.375,False
trained-linear-29-mixed-038,linear,29,120,1d746fff5df3a3d384c965301ae19af31b63dc48c1d5c4b1f86f1c5d36995c8c,Mixed,38,9179799826673532743,2.2175,0.03530157835400226,13,True,True,13,0.0,False,0.26875,False
trained-linear-29-mixed-039,linear,29,120,1d746fff5df3a3d384c965301ae19af31b63dc48c1d5c4b1f86f1c5d36995c8c,Mixed,39,1633264241603749951,2.9824999999999995,0.06113788767812245,17,True,True,17,0.0,False,0.3875,False
trained-linear-29-mixed-040,linear,29,120,1d746fff5df3a3d384c965301ae19af31b63dc48c1d5c4b1f86f1c5d36995c8c,Mixed,40,17033849479882457794,2.4324999999999997,0.038347893114080184,10,True,True,10,0.0,False,0.2125,False
trained-linear-29-mixed-041,linear,29,120,1d746fff5df3a3d384c965301ae19af31b63dc48c1d5c4b1f86f1c5d36995c8c,Mixed,41,14865953110638350307,3.1225,0.08671046426182043,13,True,True,13,0.0,False,0.2875,False
trained-linear-29-mixed-042,linear,29,120,1d746fff5df3a3d384c965301ae19af31b63dc48c1d5c4b1f86f1c5d36995c8c,Mixed,42,17553529331608800300,2.24,0.07952008928571427,13,True,True,13,0.0,False,0.28125,False
trained-linear-29-mixed-043,linear,29,120,1d746fff5df3a3d384c965301ae19af31b63dc48c1d5c4b1f86f1c5d36995c8c,Mixed,43,3486241377801458039,1.745,0.079512893982808,9,True,True,9,0.0,False,0.18125,False
trained-linear-29-mixed-044,linear,29,120,1d746fff5df3a3d384c965301ae19af31b63dc48c1d5c4b1f86f1c5d36995c8c,Mixed,44,7789980525277625325,2.1049999999999995,0.0788301662707839,11,True,True,11,0.0,False,0.225,False
trained-linear-29-mixed-045,linear,29,120,1d746fff5df3a3d384c965301ae19af31b63dc48c1d5c4b1f86f1c5d36995c8c,Mixed,45,14488951982118758633,2.6125,0.08486842105263163,12,True,True,12,0.0,False,0.3,False
trained-linear-29-mixed-046,linear,29,120,1d746fff5df3a3d384c965301ae19af31b63dc48c1d5c4b1f86f1c5d36995c8c,Mixed,46,14608241191088300514,1.7925,0.04733263598326355,7,True,True,7,0.0,False,0.1625,False
trained-linear-29-mixed-047,linear,29,120,1d746fff5df3a3d384c965301ae19af31b63dc48c1d5c4b1f86f1c5d36995c8c,Mixed,47,10910743916698828201,4.3424999999999985,0.04414939550949922,17,True,True,17,0.0,False,0.425,False
trained-linear-29-mixed-048,linear,29,120,1d746fff5df3a3d384c965301ae19af31b63dc48c1d5c4b1f86f1c5d36995c8c,Mixed,48,14273871600035877334,2.1574999999999998,0.028027230590961797,13,True,True,13,0.0,False,0.2875,False
trained-linear-29-mixed-049,linear,29,120,1d746fff5df3a3d384c965301ae19af31b63dc48c1d5c4b1f86f1c5d36995c8c,Mixed,49,5728858012615484096,2.7349999999999994,0.03324954296160879,15,True,True,15,0.0,False,0.3125,False
trained-linear-29-mixed-050,linear,29,120,1d746fff5df3a3d384c965301ae19af31b63dc48c1d5c4b1f86f1c5d36995c8c,Mixed,50,16038474596553729055,3.3749999999999996,0.061033950617283936,15,True,True,15,0.0,False,0.29375,False
trained-linear-29-mixed-051,linear,29,120,1d746fff5df3a3d384c965301ae19af31b63dc48c1d5c4b1f86f1c5d36995c8c,Mixed,51,3804741212959434692,2.4149999999999996,0.07725155279503108,12,True,True,12,0.0,False,0.25,False
trained-linear-29-mixed-052,linear,29,120,1d746fff5df3a3d384c965301ae19af31b63dc48c1d5c4b1f86f1c5d36995c8c,Mixed,52,8539106878890616530,1.67,0.05501497005988027,7,True,True,7,0.0,False,0.14375,False
trained-linear-29-mixed-053,linear,29,120,1d746fff5df3a3d384c965301ae19af31b63dc48c1d5c4b1f86f1c5d36995c8c,Mixed,53,1737824035563974207,1.9274999999999998,0.05131322957198451,10,True,True,10,0.0,False,0.20625,False
trained-linear-29-mixed-054,linear,29,120,1d746fff5df3a3d384c965301ae19af31b63dc48c1d5c4b1f86f1c5d36995c8c,Mixed,54,16310379522627555567,2.35125,0.06731577232426131,11,True,True,11,0.0,False,0.25,False
trained-linear-29-mixed-055,linear,29,120,1d746fff5df3a3d384c965301ae19af31b63dc48c1d5c4b1f86f1c5d36995c8c,Mixed,55,4127249869071944535,2.2274999999999996,0.06544612794612797,15,True,True,15,0.0,False,0.35,False
trained-linear-29-mixed-056,linear,29,120,1d746fff5df3a3d384c965301ae19af31b63dc48c1d5c4b1f86f1c5d36995c8c,Mixed,56,16699188708803293991,2.3024999999999998,0.0629071661237785,13,True,True,13,0.0,False,0.3125,False
trained-linear-29-mixed-057,linear,29,120,1d746fff5df3a3d384c965301ae19af31b63dc48c1d5c4b1f86f1c5d36995c8c,Mixed,57,11619150469939278975,2.98875,0.05726676562162578,15,True,True,15,0.0,False,0.375,False
trained-linear-29-mixed-058,linear,29,120,1d746fff5df3a3d384c965301ae19af31b63dc48c1d5c4b1f86f1c5d36995c8c,Mixed,58,7818304957209615124,2.9549999999999996,0.05583756345177662,16,True,True,16,0.0,False,0.34375,False
trained-linear-29-mixed-059,linear,29,120,1d746fff5df3a3d384c965301ae19af31b63dc48c1d5c4b1f86f1c5d36995c8c,Mixed,59,2964075123047685420,1.9449999999999998,0.08386889460154247,11,True,True,11,0.0,False,0.225,False
trained-linear-29-mixed-060,linear,29,120,1d746fff5df3a3d384c965301ae19af31b63dc48c1d5c4b1f86f1c5d36995c8c,Mixed,60,8401215948379633421,2.5299999999999994,0.11005434782608699,14,True,True,14,0.0,False,0.31875,False
trained-linear-29-mixed-061,linear,29,120,1d746fff5df3a3d384c965301ae19af31b63dc48c1d5c4b1f86f1c5d36995c8c,Mixed,61,7456585974976345936,2.05,0.05350609756097567,10,True,True,10,0.0,False,0.20625,False
trained-linear-29-mixed-062,linear,29,120,1d746fff5df3a3d384c965301ae19af31b63dc48c1d5c4b1f86f1c5d36995c8c,Mixed,62,661225815937939811,1.915,0.05972584856396868,9,True,True,9,0.0,False,0.20625,False
trained-linear-29-mixed-063,linear,29,120,1d746fff5df3a3d384c965301ae19af31b63dc48c1d5c4b1f86f1c5d36995c8c,Mixed,63,12976848430051483336,3.1124999999999994,0.03478915662650602,14,True,True,14,0.0,False,0.3125,False
trained-linear-29-proportional-000,linear,29,120,1d746fff5df3a3d384c965301ae19af31b63dc48c1d5c4b1f86f1c5d36995c8c,Proportional,0,2942124203487826967,1.9274999999999998,0.10927367055771726,9,True,True,9,0.0,False,0.14375,False
trained-linear-29-proportional-001,linear,29,120,1d746fff5df3a3d384c965301ae19af31b63dc48c1d5c4b1f86f1c5d36995c8c,Proportional,1,10138620981673360765,2.55,0.13755036261079776,11,True,True,11,0.0,False,0.18125,False
trained-linear-29-proportional-002,linear,29,120,1d746fff5df3a3d384c965301ae19af31b63dc48c1d5c4b1f86f1c5d36995c8c,Proportional,2,14950246915442577394,3.1299999999999994,0.15023370015382795,14,True,True,14,0.0,False,0.2625,False
trained-linear-29-proportional-003,linear,29,120,1d746fff5df3a3d384c965301ae19af31b63dc48c1d5c4b1f86f1c5d36995c8c,Proportional,3,519460996144560565,3.4299999999999997,0.3152332361516035,16,True,True,16,0.0,False,0.29375,False
trained-linear-29-proportional-004,linear,29,120,1d746fff5df3a3d384c965301ae19af31b63dc48c1d5c4b1f86f1c5d36995c8c,Proportional,4,3266644541239784369,7.123749999999999,0.5649658827930752,28,True,True,28,0.0,False,0.25,False
trained-linear-29-proportional-005,linear,29,120,1d746fff5df3a3d384c965301ae19af31b63dc48c1d5c4b1f86f1c5d36995c8c,Proportional,5,3017857384181441189,1.6199999999999999,0.09876543209876541,11,True,True,11,0.0,False,0.11875,False
trained-linear-29-proportional-006,linear,29,120,1d746fff5df3a3d384c965301ae19af31b63dc48c1d5c4b1f86f1c5d36995c8c,Proportional,6,16637864230739660643,1.9249999999999998,0.1675324675324676,13,True,True,13,0.0,False,0.125,False
trained-linear-29-proportional-007,linear,29,120,1d746fff5df3a3d384c965301ae19af31b63dc48c1d5c4b1f86f1c5d36995c8c,Proportional,7,13728896036967489846,2.1274999999999995,0.11603995299647471,10,True,True,10,0.0,False,0.14375,False
trained-linear-29-proportional-008,linear,29,120,1d746fff5df3a3d384c965301ae19af31b63dc48c1d5c4b1f86f1c5d36995c8c,Proportional,8,16069921183551445003,2.2375,0.22877094972067039,9,True,True,9,0.0,False,0.10625,False
trained-linear-29-proportional-009,linear,29,120,1d746fff5df3a3d384c965301ae19af31b63dc48c1d5c4b1f86f1c5d36995c8c,Proportional,9,13480143735373711629,2.3749999999999996,0.2563157894736841,13,True,True,13,0.0,False,0.14375,False
trained-linear-29-proportional-010,linear,29,120,1d746fff5df3a3d384c965301ae19af31b63dc48c1d5c4b1f86f1c5d36995c8c,Proportional,10,14854406064430632401,3.8337499999999993,0.2803590189472158,14,True,True,14,0.0,False,0.20625,False
trained-linear-29-proportional-011,linear,29,120,1d746fff5df3a3d384c965301ae19af31b63dc48c1d5c4b1f86f1c5d36995c8c,Proportional,11,11979572025427338149,4.702499999999999,0.467437533227007,24,True,True,24,0.0,False,0.25625,False
trained-linear-29-proportional-012,linear,29,120,1d746fff5df3a3d384c965301ae19af31b63dc48c1d5c4b1f86f1c5d36995c8c,Proportional,12,3506087732305555136,3.5799999999999996,0.2789707479826194,14,True,True,14,0.0,False,0.24375,False
trained-linear-29-proportional-013,linear,29,120,1d746fff5df3a3d384c965301ae19af31b63dc48c1d5c4b1f86f1c5d36995c8c,Proportional,13,732967296608221450,6.1362499999999995,0.45081642833285257,20,True,True,20,0.0,False,0.29375,False
trained-linear-29-proportional-014,linear,29,120,1d746fff5df3a3d384c965301ae19af31b63dc48c1d5c4b1f86f1c5d36995c8c,Proportional,14,4506241273085287895,4.237499999999999,0.33849557522123896,16,True,True,16,0.0,False,0.28125,False
trained-linear-29-proportional-015,linear,29,120,1d746fff5df3a3d384c965301ae19af31b63dc48c1d5c4b1f86f1c5d36995c8c,Proportional,15,3976815866186489554,2.33125,0.04045150293840879,11,True,True,11,0.0,False,0.18125,False
trained-linear-29-proportional-016,linear,29,120,1d746fff5df3a3d384c965301ae19af31b63dc48c1d5c4b1f86f1c5d36995c8c,Proportional,16,9169410769653174438,1.9949999999999999,0.22180451127819542,9,True,True,9,0.0,False,0.14375,False
trained-linear-29-proportional-017,linear,29,120,1d746fff5df3a3d384c965301ae19af31b63dc48c1d5c4b1f86f1c5d36995c8c,Proportional,17,6352794528614519480,6.10375,0.44470244238046097,27,True,True,27,0.0,False,0.31875,False
trained-linear-29-proportional-018,linear,29,120,1d746fff5df3a3d384c965301ae19af31b63dc48c1d5c4b1f86f1c5d36995c8c,Proportional,18,15940376293888003145,2.86,0.11582167832167826,14,True,True,14,0.0,False,0.28125,False
trained-linear-29-proportional-019,linear,29,120,1d746fff5df3a3d384c965301ae19af31b63dc48c1d5c4b1f86f1c5d36995c8c,Proportional,19,3164942544226664637,7.207499999999999,0.5496878251821019,40,False,False,,200.0,True,0.39375,False
trained-linear-29-proportional-020,linear,29,120,1d746fff5df3a3d384c965301ae19af31b63dc48c1d5c4b1f86f1c5d36995c8c,Proportional,20,6640356338889583369,7.139999999999999,0.5060389175212405,40,False,False,,1.4,True,0.41875,False
trained-linear-29-proportional-021,linear,29,120,1d746fff5df3a3d384c965301ae19af31b63dc48c1d5c4b1f86f1c5d36995c8c,Proportional,21,15549241382710517808,3.7274999999999996,0.2389336016096579,15,True,True,15,0.0,False,0.275,False
trained-linear-29-proportional-022,linear,29,120,1d746fff5df3a3d384c965301ae19af31b63dc48c1d5c4b1f86f1c5d36995c8c,Proportional,22,17218882049729999808,2.2575,0.2810077519379845,13,True,True,13,0.0,False,0.1625,False
trained-linear-29-proportional-023,linear,29,120,1d746fff5df3a3d384c965301ae19af31b63dc48c1d5c4b1f86f1c5d36995c8c,Proportional,23,12818662995068901879,2.4,0.2557291666666666,7,True,True,7,0.0,False,0.10625,False
trained-linear-29-proportional-024,linear,29,120,1d746fff5df3a3d384c965301ae19af31b63dc48c1d5c4b1f86f1c5d36995c8c,Proportional,24,17774743567316979293,2.1424999999999996,0.17007001166861144,8,True,True,8,0.0,False,0.125,False
trained-linear-29-proportional-025,linear,29,120,1d746fff5df3a3d384c965301ae19af31b63dc48c1d5c4b1f86f1c5d36995c8c,Proportional,25,14642893319241780053,4.3237499999999995,0.40477863843446876,13,True,True,13,0.0,False,0.25625,False
trained-linear-29-proportional-026,linear,29,120,1d746fff5df3a3d384c965301ae19af31b63dc48c1d5c4b1f86f1c5d36995c8c,Proportional,26,9495186169122652141,2.87125,0.18180555801966036,10,True,True,10,0.0,False,0.2,False
trained-linear-29-proportional-027,linear,29,120,1d746fff5df3a3d384c965301ae19af31b63dc48c1d5c4b1f86f1c5d36995c8c,Proportional,27,17870439675738597283,2.9875,0.2194560669456067,10,True,True,10,0.0,False,0.19375,False
trained-linear-29-proportional-028,linear,29,120,1d746fff5df3a3d384c965301ae19af31b63dc48c1d5c4b1f86f1c5d36995c8c,Proportional,28,81748403451553041,2.3,0.1375,11,True,True,11,0.0,False,0.1875,False
trained-linear-29-proportional-029,linear,29,120,1d746fff5df3a3d384c965301ae19af31b63dc48c1d5c4b1f86f1c5d36995c8c,Proportional,29,3631472820515013805,2.1912499999999997,0.15540576188136604,10,True,True,10,0.0,False,0.175,False
trained-linear-29-proportional-030,linear,29,120,1d746fff5df3a3d384c965301ae19af31b63dc48c1d5c4b1f86f1c5d36995c8c,Proportional,30,16877214517991879630,2.3175,0.26456310679611644,15,True,True,15,0.0,False,0.16875,False
trained-linear-29-proportional-031,linear,29,120,1d746fff5df3a3d384c965301ae19af31b63dc48c1d5c4b1f86f1c5d36995c8c,Proportional,31,4017168078627396507,3.0149999999999992,0.2885572139303483,14,True,True,14,0.0,False,0.1875,False
trained-linear-29-proportional-032,linear,29,120,1d746fff5df3a3d384c965301ae19af31b63dc48c1d5c4b1f86f1c5d36995c8c,Proportional,32,7944401254344718738,2.1874999999999996,0.13857142857142857,11,True,True,11,0.0,False,0.2,False
trained-linear-29-proportional-033,linear,29,120,1d746fff5df3a3d384c965301ae19af31b63dc48c1d5c4b1f86f1c5d36995c8c,Proportional,33,10187171703033721809,2.3899999999999997,0.1412133891213389,15,True,True,15,0.0,False,0.23125,False
trained-linear-29-proportional-034,linear,29,120,1d746fff5df3a3d384c965301ae19af31b63dc48c1d5c4b1f86f1c5d36995c8c,Proportional,34,17635691720007177966,1.9574999999999996,0.09802043422733075,8,True,True,8,0.0,False,0.1375,False
trained-linear-29-proportional-035,linear,29,120,1d746fff5df3a3d384c965301ae19af31b63dc48c1d5c4b1f86f1c5d36995c8c,Proportional,35,10319794265578363317,2.2125,0.1550847457627119,12,True,True,12,0.0,False,0.175,False
trained-linear-29-proportional-036,linear,29,120,1d746fff5df3a3d384c965301ae19af31b63dc48c1d5c4b1f86f1c5d36995c8c,Proportional,36,1642579140146355197,2.44,0.1808401639344262,13,True,True,13,0.0,False,0.2,False
trained-linear-29-proportional-037,linear,29,120,1d746fff5df3a3d384c965301ae19af31b63dc48c1d5c4b1f86f1c5d36995c8c,Proportional,37,10653986422573544543,2.3625,0.14365079365079364,10,True,True,10,0.0,False,0.2125,False
trained-linear-29-proportional-038,linear,29,120,1d746fff5df3a3d384c965301ae19af31b63dc48c1d5c4b1f86f1c5d36995c8c,Proportional,38,1800158501455101217,2.26,0.2112831858407079,7,True,True,7,0.0,False,0.1625,False
trained-linear-29-proportional-039,linear,29,120,1d746fff5df3a3d384c965301ae19af31b63dc48c1d5c4b1f86f1c5d36995c8c,Proportional,39,15981852255083444482,1.5699999999999998,0.08837579617834393,6,True,True,6,0.0,False,0.0875,False
trained-linear-29-proportional-040,linear,29,120,1d746fff5df3a3d384c965301ae19af31b63dc48c1d5c4b1f86f1c5d36995c8c,Proportional,40,1074606433232688407,2.6499999999999995,0.1627358490566037,12,True,True,12,0.0,False,0.21875,False
trained-linear-29-proportional-041,linear,29,120,1d746fff5df3a3d384c965301ae19af31b63dc48c1d5c4b1f86f1c5d36995c8c,Proportional,41,18396207635459647,2.9299999999999997,0.24360068259385667,12,True,True,12,0.0,False,0.2125,False
trained-linear-29-proportional-042,linear,29,120,1d746fff5df3a3d384c965301ae19af31b63dc48c1d5c4b1f86f1c5d36995c8c,Proportional,42,16306360879878158185,2.1075,0.13374851720047448,12,True,True,12,0.0,False,0.20625,False
trained-linear-29-proportional-043,linear,29,120,1d746fff5df3a3d384c965301ae19af31b63dc48c1d5c4b1f86f1c5d36995c8c,Proportional,43,1151367819688667579,1.8299999999999998,0.15163934426229506,10,True,True,10,0.0,False,0.125,False
trained-linear-29-proportional-044,linear,29,120,1d746fff5df3a3d384c965301ae19af31b63dc48c1d5c4b1f86f1c5d36995c8c,Proportional,44,6836783818280558613,2.0749999999999997,0.17289156626506022,6,True,True,6,0.0,False,0.10625,False
trained-linear-29-proportional-045,linear,29,120,1d746fff5df3a3d384c965301ae19af31b63dc48c1d5c4b1f86f1c5d36995c8c,Proportional,45,11308666263591122319,1.9549999999999998,0.10677749360613814,8,True,True,8,0.0,False,0.11875,False
trained-linear-29-proportional-046,linear,29,120,1d746fff5df3a3d384c965301ae19af31b63dc48c1d5c4b1f86f1c5d36995c8c,Proportional,46,18214996949234736640,1.7999999999999998,0.12152777777777776,9,True,True,9,0.0,False,0.13125,False
trained-linear-29-proportional-047,linear,29,120,1d746fff5df3a3d384c965301ae19af31b63dc48c1d5c4b1f86f1c5d36995c8c,Proportional,47,9168489734388105497,2.1249999999999996,0.17823529411764702,10,True,True,10,0.0,False,0.14375,False
trained-linear-29-proportional-048,linear,29,120,1d746fff5df3a3d384c965301ae19af31b63dc48c1d5c4b1f86f1c5d36995c8c,Proportional,48,1399052094959712795,2.8474999999999997,0.2851185250219491,14,True,True,14,0.0,False,0.19375,False
trained-linear-29-proportional-049,linear,29,120,1d746fff5df3a3d384c965301ae19af31b63dc48c1d5c4b1f86f1c5d36995c8c,Proportional,49,9359699614199389936,4.076249999999999,0.30899863778691483,17,True,True,17,0.0,False,0.2875,False
trained-linear-29-proportional-050,linear,29,120,1d746fff5df3a3d384c965301ae19af31b63dc48c1d5c4b1f86f1c5d36995c8c,Proportional,50,14260211267486510763,2.2699999999999996,0.2334801762114537,10,True,True,10,0.0,False,0.15625,False
trained-linear-29-proportional-051,linear,29,120,1d746fff5df3a3d384c965301ae19af31b63dc48c1d5c4b1f86f1c5d36995c8c,Proportional,51,13347753189395362599,4.738749999999999,0.48489844368240576,25,True,True,25,0.0,False,0.2375,False
trained-linear-29-proportional-052,linear,29,120,1d746fff5df3a3d384c965301ae19af31b63dc48c1d5c4b1f86f1c5d36995c8c,Proportional,52,17880306252088004041,2.9475,0.1757845631891433,10,True,True,10,0.0,False,0.2,False
trained-linear-29-proportional-053,linear,29,120,1d746fff5df3a3d384c965301ae19af31b63dc48c1d5c4b1f86f1c5d36995c8c,Proportional,53,12005824940796597593,2.3674999999999993,0.19139387539598723,20,True,True,20,0.0,False,0.25625,False
trained-linear-29-proportional-054,linear,29,120,1d746fff5df3a3d384c965301ae19af31b63dc48c1d5c4b1f86f1c5d36995c8c,Proportional,54,9057164049400138267,6.5612499999999985,0.4365929619942625,40,False,False,,200.0,True,0.4125,False
trained-linear-29-proportional-055,linear,29,120,1d746fff5df3a3d384c965301ae19af31b63dc48c1d5c4b1f86f1c5d36995c8c,Proportional,55,3358018849536665723,3.1224999999999996,0.12766310609463177,14,True,True,14,0.0,False,0.21875,False
trained-linear-29-proportional-056,linear,29,120,1d746fff5df3a3d384c965301ae19af31b63dc48c1d5c4b1f86f1c5d36995c8c,Proportional,56,5472999221507945605,2.4099999999999997,0.23392116182572617,18,True,True,18,0.0,False,0.1625,False
trained-linear-29-proportional-057,linear,29,120,1d746fff5df3a3d384c965301ae19af31b63dc48c1d5c4b1f86f1c5d36995c8c,Proportional,57,14342137840120798559,3.8624999999999994,0.4155707561047367,27,True,True,27,0.0,False,0.34375,False
trained-linear-29-proportional-058,linear,29,120,1d746fff5df3a3d384c965301ae19af31b63dc48c1d5c4b1f86f1c5d36995c8c,Proportional,58,13906696877044019121,4.199999999999999,0.3143917155903457,16,True,True,16,0.0,False,0.29375,False
trained-linear-29-proportional-059,linear,29,120,1d746fff5df3a3d384c965301ae19af31b63dc48c1d5c4b1f86f1c5d36995c8c,Proportional,59,10800419060686418227,2.0774999999999997,0.18561973525872438,9,True,True,9,0.0,False,0.14375,False
trained-linear-29-proportional-060,linear,29,120,1d746fff5df3a3d384c965301ae19af31b63dc48c1d5c4b1f86f1c5d36995c8c,Proportional,60,18393662662416397750,2.215,0.19525959367945828,8,True,True,8,0.0,False,0.15,False
trained-linear-29-proportional-061,linear,29,120,1d746fff5df3a3d384c965301ae19af31b63dc48c1d5c4b1f86f1c5d36995c8c,Proportional,61,15747494401585284477,2.9224999999999994,0.3111633875106929,14,True,True,14,0.0,False,0.18125,False
trained-linear-29-proportional-062,linear,29,120,1d746fff5df3a3d384c965301ae19af31b63dc48c1d5c4b1f86f1c5d36995c8c,Proportional,62,15542814582196368584,3.3274999999999992,0.2822304539272841,13,True,True,13,0.0,False,0.24375,False
trained-linear-29-proportional-063,linear,29,120,1d746fff5df3a3d384c965301ae19af31b63dc48c1d5c4b1f86f1c5d36995c8c,Proportional,63,466622674502433424,3.0749999999999993,0.2865853658536585,20,True,True,20,0.0,False,0.29375,False
trained-linear-43-equal-000,linear,43,120,cab8a69f36f55fcc0e3e6153b71856e08419caf9d5e6de8e74421260e1f115f9,Equal,0,7279008607229611643,3.1624999999999996,0.09189723320158108,13,True,True,13,0.0,False,0.3,False
trained-linear-43-equal-001,linear,43,120,cab8a69f36f55fcc0e3e6153b71856e08419caf9d5e6de8e74421260e1f115f9,Equal,1,17835923265492050144,2.7424999999999997,0.09742479489516866,14,True,True,14,0.0,False,0.325,False
trained-linear-43-equal-002,linear,43,120,cab8a69f36f55fcc0e3e6153b71856e08419caf9d5e6de8e74421260e1f115f9,Equal,2,6809809938992964692,2.6449999999999996,0.0732514177693762,10,True,True,10,0.0,False,0.225,False
trained-linear-43-equal-003,linear,43,120,cab8a69f36f55fcc0e3e6153b71856e08419caf9d5e6de8e74421260e1f115f9,Equal,3,14905005492939811580,3.6975,0.16692021636240703,19,True,True,19,0.0,False,0.45,False
trained-linear-43-equal-004,linear,43,120,cab8a69f36f55fcc0e3e6153b71856e08419caf9d5e6de8e74421260e1f115f9,Equal,4,11110750982418590708,2.6074999999999995,0.1743767976989454,13,True,True,13,0.0,False,0.3,False
trained-linear-43-equal-005,linear,43,120,cab8a69f36f55fcc0e3e6153b71856e08419caf9d5e6de8e74421260e1f115f9,Equal,5,4618762632378015973,2.6012499999999994,0.10091302258529555,11,True,True,11,0.0,False,0.25,False
trained-linear-43-equal-006,linear,43,120,cab8a69f36f55fcc0e3e6153b71856e08419caf9d5e6de8e74421260e1f115f9,Equal,6,5720054443499752276,2.53,0.09263833992094864,14,True,True,14,0.0,False,0.325,False
trained-linear-43-equal-007,linear,43,120,cab8a69f36f55fcc0e3e6153b71856e08419caf9d5e6de8e74421260e1f115f9,Equal,7,13722183712646529625,3.0824999999999996,0.13128548256285483,17,True,True,17,0.0,False,0.4,False
trained-linear-43-equal-008,linear,43,120,cab8a69f36f55fcc0e3e6153b71856e08419caf9d5e6de8e74421260e1f115f9,Equal,8,12223360633174525287,2.4749999999999996,0.07449494949494952,12,True,True,12,0.0,False,0.275,False
trained-linear-43-equal-009,linear,43,120,cab8a69f36f55fcc0e3e6153b71856e08419caf9d5e6de8e74421260e1f115f9,Equal,9,14146232909600931168,1.8675000000000002,0.07279116465863456,8,True,True,8,0.0,False,0.2,False
trained-linear-43-equal-010,linear,43,120,cab8a69f36f55fcc0e3e6153b71856e08419caf9d5e6de8e74421260e1f115f9,Equal,10,5924551558228103515,3.0937499999999996,0.03333333333333332,14,True,True,14,0.0,False,0.325,False
trained-linear-43-equal-011,linear,43,120,cab8a69f36f55fcc0e3e6153b71856e08419caf9d5e6de8e74421260e1f115f9,Equal,11,6061770371255947811,2.2375,0.15572625698324022,12,True,True,12,0.0,False,0.275,False
trained-linear-43-equal-012,linear,43,120,cab8a69f36f55fcc0e3e6153b71856e08419caf9d5e6de8e74421260e1f115f9,Equal,12,613143587645931501,1.8125,0.10258620689655171,9,True,True,9,0.0,False,0.2,False
trained-linear-43-equal-013,linear,43,120,cab8a69f36f55fcc0e3e6153b71856e08419caf9d5e6de8e74421260e1f115f9,Equal,13,7056414827241250783,2.2649999999999997,0.1186534216335541,11,True,True,11,0.0,False,0.25,False
trained-linear-43-equal-014,linear,43,120,cab8a69f36f55fcc0e3e6153b71856e08419caf9d5e6de8e74421260e1f115f9,Equal,14,10414493950581291750,3.0349999999999993,0.05766062602965405,14,True,True,14,0.0,False,0.325,False
trained-linear-43-equal-015,linear,43,120,cab8a69f36f55fcc0e3e6153b71856e08419caf9d5e6de8e74421260e1f115f9,Equal,15,9354872205023690325,2.8975,0.08897756686798963,12,True,True,12,0.0,False,0.275,False
trained-linear-43-equal-016,linear,43,120,cab8a69f36f55fcc0e3e6153b71856e08419caf9d5e6de8e74421260e1f115f9,Equal,16,13163562823513648084,2.915,0.18760720411663812,12,True,True,12,0.0,False,0.275,False
trained-linear-43-equal-017,linear,43,120,cab8a69f36f55fcc0e3e6153b71856e08419caf9d5e6de8e74421260e1f115f9,Equal,17,12812841465116149366,3.53,0.08852691218130315,18,True,True,18,0.0,False,0.425,False
trained-linear-43-equal-018,linear,43,120,cab8a69f36f55fcc0e3e6153b71856e08419caf9d5e6de8e74421260e1f115f9,Equal,18,13177074430339977537,4.1925,0.11851520572450805,17,True,True,17,0.0,False,0.4,False
trained-linear-43-equal-019,linear,43,120,cab8a69f36f55fcc0e3e6153b71856e08419caf9d5e6de8e74421260e1f115f9,Equal,19,9640053570931634232,2.2625,0.1691988950276243,11,True,True,11,0.0,False,0.25,False
trained-linear-43-equal-020,linear,43,120,cab8a69f36f55fcc0e3e6153b71856e08419caf9d5e6de8e74421260e1f115f9,Equal,20,6939960044515818231,2.7725,0.06931920649233544,11,True,True,11,0.0,False,0.25,False
trained-linear-43-equal-021,linear,43,120,cab8a69f36f55fcc0e3e6153b71856e08419caf9d5e6de8e74421260e1f115f9,Equal,21,4621055426764861625,3.2325,0.10972544470224288,18,True,True,18,0.0,False,0.425,False
trained-linear-43-equal-022,linear,43,120,cab8a69f36f55fcc0e3e6153b71856e08419caf9d5e6de8e74421260e1f115f9,Equal,22,15617407300175815834,2.8224999999999993,0.12787865367581933,15,True,True,15,0.0,False,0.35,False
trained-linear-43-equal-023,linear,43,120,cab8a69f36f55fcc0e3e6153b71856e08419caf9d5e6de8e74421260e1f115f9,Equal,23,5525655600764801281,2.1975,0.08887940841865757,11,True,True,11,0.0,False,0.25,False
trained-linear-43-equal-024,linear,43,120,cab8a69f36f55fcc0e3e6153b71856e08419caf9d5e6de8e74421260e1f115f9,Equal,24,18396263474029814483,2.07,0.0815217391304348,11,True,True,11,0.0,False,0.25,False
trained-linear-43-equal-025,linear,43,120,cab8a69f36f55fcc0e3e6153b71856e08419caf9d5e6de8e74421260e1f115f9,Equal,25,6714008272250620473,1.5625,0.11300000000000004,8,True,True,8,0.0,False,0.175,False
trained-linear-43-equal-026,linear,43,120,cab8a69f36f55fcc0e3e6153b71856e08419caf9d5e6de8e74421260e1f115f9,Equal,26,2058785061849015212,1.9,0.1529605263157895,9,True,True,9,0.0,False,0.2,False
trained-linear-43-equal-027,linear,43,120,cab8a69f36f55fcc0e3e6153b71856e08419caf9d5e6de8e74421260e1f115f9,Equal,27,6121319475900191935,1.8649999999999998,0.09718498659517429,9,True,True,9,0.0,False,0.2,False
trained-linear-43-equal-028,linear,43,120,cab8a69f36f55fcc0e3e6153b71856e08419caf9d5e6de8e74421260e1f115f9,Equal,28,13995631877710370631,2.7349999999999994,0.13025594149908593,15,True,True,15,0.0,False,0.35,False
trained-linear-43-equal-029,linear,43,120,cab8a69f36f55fcc0e3e6153b71856e08419caf9d5e6de8e74421260e1f115f9,Equal,29,10947061177028178515,2.5974999999999997,0.07639557266602504,14,True,True,14,0.0,False,0.325,False
trained-linear-43-equal-030,linear,43,120,cab8a69f36f55fcc0e3e6153b71856e08419caf9d5e6de8e74421260e1f115f9,Equal,30,16697084166463955816,2.0349999999999997,0.15663390663390664,8,True,True,8,0.0,False,0.175,False
trained-linear-43-equal-031,linear,43,120,cab8a69f36f55fcc0e3e6153b71856e08419caf9d5e6de8e74421260e1f115f9,Equal,31,13340041341721486261,1.95125,0.024023062139654047,11,True,True,11,0.0,False,0.25,False
trained-linear-43-equal-032,linear,43,120,cab8a69f36f55fcc0e3e6153b71856e08419caf9d5e6de8e74421260e1f115f9,Equal,32,4453625522008661093,2.4499999999999997,0.10459183673469392,12,True,True,12,0.0,False,0.275,False
trained-linear-43-equal-033,linear,43,120,cab8a69f36f55fcc0e3e6153b71856e08419caf9d5e6de8e74421260e1f115f9,Equal,33,2567181835137450689,3.4499999999999993,0.1476449275362319,18,True,True,18,0.0,False,0.425,False
trained-linear-43-equal-034,linear,43,120,cab8a69f36f55fcc0e3e6153b71856e08419caf9d5e6de8e74421260e1f115f9,Equal,34,12741690787106050768,2.4124999999999996,0.3005181347150259,13,True,True,13,0.0,False,0.3,False
trained-linear-43-equal-035,linear,43,120,cab8a69f36f55fcc0e3e6153b71856e08419caf9d5e6de8e74421260e1f115f9,Equal,35,2236414638685260497,1.7974999999999997,0.09474965229485396,8,True,True,8,0.0,False,0.175,False
trained-linear-43-equal-036,linear,43,120,cab8a69f36f55fcc0e3e6153b71856e08419caf9d5e6de8e74421260e1f115f9,Equal,36,14717505289351711593,2.3175,0.13551779935275082,18,True,True,18,0.0,False,0.425,False
trained-linear-43-equal-037,linear,43,120,cab8a69f36f55fcc0e3e6153b71856e08419caf9d5e6de8e74421260e1f115f9,Equal,37,649193071778970388,4.4575,0.056435782389231644,22,True,True,22,0.0,False,0.525,False
trained-linear-43-equal-038,linear,43,120,cab8a69f36f55fcc0e3e6153b71856e08419caf9d5e6de8e74421260e1f115f9,Equal,38,12926668643384934306,2.8049999999999997,0.07130124777183604,16,True,True,16,0.0,False,0.375,False
trained-linear-43-equal-039,linear,43,120,cab8a69f36f55fcc0e3e6153b71856e08419caf9d5e6de8e74421260e1f115f9,Equal,39,14844775173551406110,3.8175,0.059348395546823855,19,True,True,19,0.0,False,0.45,False
trained-linear-43-equal-040,linear,43,120,cab8a69f36f55fcc0e3e6153b71856e08419caf9d5e6de8e74421260e1f115f9,Equal,40,10337087125639676454,2.6599999999999997,0.14450187969924813,11,True,True,11,0.0,False,0.275,False
trained-linear-43-equal-041,linear,43,120,cab8a69f36f55fcc0e3e6153b71856e08419caf9d5e6de8e74421260e1f115f9,Equal,41,2462815632366768028,3.21875,0.019417475728155355,16,True,True,16,0.0,False,0.375,False
trained-linear-43-equal-042,linear,43,120,cab8a69f36f55fcc0e3e6153b71856e08419caf9d5e6de8e74421260e1f115f9,Equal,42,5117675987328312314,2.1525,0.05879790940766551,13,True,True,13,0.0,False,0.3,False
trained-linear-43-equal-043,linear,43,120,cab8a69f36f55fcc0e3e6153b71856e08419caf9d5e6de8e74421260e1f115f9,Equal,43,12318096191747290845,2.225,0.18398876404494383,12,True,True,12,0.0,False,0.275,False
trained-linear-43-equal-044,linear,43,120,cab8a69f36f55fcc0e3e6153b71856e08419caf9d5e6de8e74421260e1f115f9,Equal,44,9272310789610485685,2.0949999999999998,0.09994033412887827,12,True,True,12,0.0,False,0.275,False
trained-linear-43-equal-045,linear,43,120,cab8a69f36f55fcc0e3e6153b71856e08419caf9d5e6de8e74421260e1f115f9,Equal,45,11153956031337757735,2.1874999999999996,0.10500000000000004,12,True,True,12,0.0,False,0.275,False
trained-linear-43-equal-046,linear,43,120,cab8a69f36f55fcc0e3e6153b71856e08419caf9d5e6de8e74421260e1f115f9,Equal,46,11783448637204608247,2.425,0.12500000000000003,12,True,True,12,0.0,False,0.275,False
trained-linear-43-equal-047,linear,43,120,cab8a69f36f55fcc0e3e6153b71856e08419caf9d5e6de8e74421260e1f115f9,Equal,47,11495992833694577419,1.9425,0.07963320463320461,12,True,True,12,0.0,False,0.275,False
trained-linear-43-equal-048,linear,43,120,cab8a69f36f55fcc0e3e6153b71856e08419caf9d5e6de8e74421260e1f115f9,Equal,48,14201146013465878117,1.9799999999999998,0.15940656565656566,14,True,True,14,0.0,False,0.325,False
trained-linear-43-equal-049,linear,43,120,cab8a69f36f55fcc0e3e6153b71856e08419caf9d5e6de8e74421260e1f115f9,Equal,49,591339178177394853,2.425,0.19716494845360832,10,True,True,10,0.0,False,0.225,False
trained-linear-43-equal-050,linear,43,120,cab8a69f36f55fcc0e3e6153b71856e08419caf9d5e6de8e74421260e1f115f9,Equal,50,16347341555331859379,2.0225,0.14601359703337452,9,True,True,9,0.0,False,0.2,False
trained-linear-43-equal-051,linear,43,120,cab8a69f36f55fcc0e3e6153b71856e08419caf9d5e6de8e74421260e1f115f9,Equal,51,10238595600160641422,3.3024999999999998,0.058194549583648766,16,True,True,16,0.0,False,0.375,False
trained-linear-43-equal-052,linear,43,120,cab8a69f36f55fcc0e3e6153b71856e08419caf9d5e6de8e74421260e1f115f9,Equal,52,13271578532284183139,2.6499999999999995,0.07134433962264153,12,True,True,12,0.0,False,0.275,False
trained-linear-43-equal-053,linear,43,120,cab8a69f36f55fcc0e3e6153b71856e08419caf9d5e6de8e74421260e1f115f9,Equal,53,17087415412565623506,2.9537499999999994,0.08992805755395683,13,True,True,13,0.0,False,0.3,False
trained-linear-43-equal-054,linear,43,120,cab8a69f36f55fcc0e3e6153b71856e08419caf9d5e6de8e74421260e1f115f9,Equal,54,15377608748028358815,2.2375,0.11243016759776538,12,True,True,12,0.0,False,0.275,False
trained-linear-43-equal-055,linear,43,120,cab8a69f36f55fcc0e3e6153b71856e08419caf9d5e6de8e74421260e1f115f9,Equal,55,8425696202234330043,2.1774999999999998,0.16432261768082665,13,True,True,13,0.0,False,0.3,False
trained-linear-43-equal-056,linear,43,120,cab8a69f36f55fcc0e3e6153b71856e08419caf9d5e6de8e74421260e1f115f9,Equal,56,16687474512817624871,3.437499999999999,0.10863636363636363,16,True,True,16,0.0,False,0.375,False
trained-linear-43-equal-057,linear,43,120,cab8a69f36f55fcc0e3e6153b71856e08419caf9d5e6de8e74421260e1f115f9,Equal,57,4028744163652343035,2.3274999999999997,0.16044575725026858,10,True,True,10,0.0,False,0.225,False
trained-linear-43-equal-058,linear,43,120,cab8a69f36f55fcc0e3e6153b71856e08419caf9d5e6de8e74421260e1f115f9,Equal,58,16573778408874153695,2.2024999999999997,0.1652951191827469,12,True,True,12,0.0,False,0.275,False
trained-linear-43-equal-059,linear,43,120,cab8a69f36f55fcc0e3e6153b71856e08419caf9d5e6de8e74421260e1f115f9,Equal,59,14396643757938708353,1.7674999999999998,0.1051980198019802,8,True,True,8,0.0,False,0.175,False
trained-linear-43-equal-060,linear,43,120,cab8a69f36f55fcc0e3e6153b71856e08419caf9d5e6de8e74421260e1f115f9,Equal,60,5238856340705232064,2.135,0.06001170960187354,12,True,True,12,0.0,False,0.275,False
trained-linear-43-equal-061,linear,43,120,cab8a69f36f55fcc0e3e6153b71856e08419caf9d5e6de8e74421260e1f115f9,Equal,61,93240049462782699,2.2824999999999998,0.12116648411829135,13,True,True,13,0.0,False,0.3,False
trained-linear-43-equal-062,linear,43,120,cab8a69f36f55fcc0e3e6153b71856e08419caf9d5e6de8e74421260e1f115f9,Equal,62,531639145157277740,2.4799999999999995,0.10332661290322584,15,True,True,15,0.0,False,0.35,False
trained-linear-43-equal-063,linear,43,120,cab8a69f36f55fcc0e3e6153b71856e08419caf9d5e6de8e74421260e1f115f9,Equal,63,11861102247288939395,1.6349999999999998,0.11467889908256879,7,True,True,7,0.0,False,0.15,False
trained-linear-43-interpolating-000,linear,43,120,cab8a69f36f55fcc0e3e6153b71856e08419caf9d5e6de8e74421260e1f115f9,Interpolating,0,12421328374125815963,1.605,0.05140186223891621,7,True,True,7,0.0,False,0.10625,True
trained-linear-43-interpolating-001,linear,43,120,cab8a69f36f55fcc0e3e6153b71856e08419caf9d5e6de8e74421260e1f115f9,Interpolating,1,2402372022994722492,2.1025,0.02835121468025348,11,True,True,11,0.0,False,0.21875,True
trained-linear-43-interpolating-002,linear,43,120,cab8a69f36f55fcc0e3e6153b71856e08419caf9d5e6de8e74421260e1f115f9,Interpolating,2,1501098546064675800,1.6475,0.06562964546978256,7,True,True,7,0.0,False,0.1,True
trained-linear-43-interpolating-003,linear,43,120,cab8a69f36f55fcc0e3e6153b71856e08419caf9d5e6de8e74421260e1f115f9,Interpolating,3,12480580961365952998,2.9149999999999996,0.14987461670513832,14,True,True,14,0.0,False,0.26875,True
trained-linear-43-interpolating-004,linear,43,120,cab8a69f36f55fcc0e3e6153b71856e08419caf9d5e6de8e74421260e1f115f9,Interpolating,4,7545129425898137940,2.4699999999999998,0.08525173092991425,11,True,True,11,0.0,False,0.2125,True
trained-linear-43-interpolating-005,linear,43,120,cab8a69f36f55fcc0e3e6153b71856e08419caf9d5e6de8e74421260e1f115f9,Interpolating,5,3332851390510932055,3.0199999999999996,0.1113152863395549,10,True,True,10,0.0,False,0.20625,True
trained-linear-43-interpolating-006,linear,43,120,cab8a69f36f55fcc0e3e6153b71856e08419caf9d5e6de8e74421260e1f115f9,Interpolating,6,9727341290068766728,2.4274999999999998,0.16754172149123653,15,True,True,15,0.0,False,0.24375,True
trained-linear-43-interpolating-007,linear,43,120,cab8a69f36f55fcc0e3e6153b71856e08419caf9d5e6de8e74421260e1f115f9,Interpolating,7,5755546005986698284,4.8325,0.1106220472689542,22,True,True,22,0.0,False,0.38125,True
trained-linear-43-interpolating-008,linear,43,120,cab8a69f36f55fcc0e3e6153b71856e08419caf9d5e6de8e74421260e1f115f9,Interpolating,8,12726128227163198646,5.31,0.0676454771154182,19,True,True,19,0.0,False,0.4125,True
trained-linear-43-interpolating-009,linear,43,120,cab8a69f36f55fcc0e3e6153b71856e08419caf9d5e6de8e74421260e1f115f9,Interpolating,9,13075684325954039438,2.7649999999999997,0.18324972541384826,13,True,True,13,0.0,False,0.20625,True
trained-linear-43-interpolating-010,linear,43,120,cab8a69f36f55fcc0e3e6153b71856e08419caf9d5e6de8e74421260e1f115f9,Interpolating,10,2937983273866943418,2.9274999999999993,0.33753059808155056,13,True,True,13,0.0,False,0.1625,True
trained-linear-43-interpolating-011,linear,43,120,cab8a69f36f55fcc0e3e6153b71856e08419caf9d5e6de8e74421260e1f115f9,Interpolating,11,14008806644102165429,1.9299999999999997,0.09715025596804781,11,True,True,11,0.0,False,0.21875,True
trained-linear-43-interpolating-012,linear,43,120,cab8a69f36f55fcc0e3e6153b71856e08419caf9d5e6de8e74421260e1f115f9,Interpolating,12,9521208041417119470,2.4299999999999997,0.21629204132587349,12,True,True,12,0.0,False,0.1625,True
trained-linear-43-interpolating-013,linear,43,120,cab8a69f36f55fcc0e3e6153b71856e08419caf9d5e6de8e74421260e1f115f9,Interpolating,13,11369267173520254248,4.1875,0.08712827069382595,14,True,True,14,0.0,False,0.3,True
trained-linear-43-interpolating-014,linear,43,120,cab8a69f36f55fcc0e3e6153b71856e08419caf9d5e6de8e74421260e1f115f9,Interpolating,14,13211142518487898836,2.4324999999999997,0.11270552915071626,10,True,True,10,0.0,False,0.175,True
trained-linear-43-interpolating-015,linear,43,120,cab8a69f36f55fcc0e3e6153b71856e08419caf9d5e6de8e74421260e1f115f9,Interpolating,15,16855955602027376949,1.8924999999999998,0.14299867853550607,8,True,True,8,0.0,False,0.125,True
trained-linear-43-interpolating-016,linear,43,120,cab8a69f36f55fcc0e3e6153b71856e08419caf9d5e6de8e74421260e1f115f9,Interpolating,16,686309185971283567,2.5349999999999997,0.09604968418716518,10,True,True,10,0.0,False,0.14375,True
trained-linear-43-interpolating-017,linear,43,120,cab8a69f36f55fcc0e3e6153b71856e08419caf9d5e6de8e74421260e1f115f9,Interpolating,17,15336149820418927026,2.1262499999999998,0.08007807302890924,6,True,True,6,0.0,False,0.13125,True
trained-linear-43-interpolating-018,linear,43,120,cab8a69f36f55fcc0e3e6153b71856e08419caf9d5e6de8e74421260e1f115f9,Interpolating,18,17207785180985117904,2.4599999999999995,0.1706218344313889,6,True,True,6,0.0,False,0.14375,True
trained-linear-43-interpolating-019,linear,43,120,cab8a69f36f55fcc0e3e6153b71856e08419caf9d5e6de8e74421260e1f115f9,Interpolating,19,10077150018269234066,1.9974999999999998,0.13547876612574725,13,True,True,13,0.0,False,0.18125,True
trained-linear-43-interpolating-020,linear,43,120,cab8a69f36f55fcc0e3e6153b71856e08419caf9d5e6de8e74421260e1f115f9,Interpolating,20,4597736525904663841,2.2075,0.12423437086048303,7,True,True,7,0.0,False,0.125,True
trained-linear-43-interpolating-021,linear,43,120,cab8a69f36f55fcc0e3e6153b71856e08419caf9d5e6de8e74421260e1f115f9,Interpolating,21,7846532749447988404,3.5862499999999997,0.19249422535735006,17,True,True,17,0.0,False,0.275,True
trained-linear-43-interpolating-022,linear,43,120,cab8a69f36f55fcc0e3e6153b71856e08419caf9d5e6de8e74421260e1f115f9,Interpolating,22,11341676007476008235,2.5324999999999998,0.17003841112021698,11,True,True,11,0.0,False,0.16875,True
trained-linear-43-interpolating-023,linear,43,120,cab8a69f36f55fcc0e3e6153b71856e08419caf9d5e6de8e74421260e1f115f9,Interpolating,23,11589991667234676352,3.732499999999999,0.09676154154133,15,True,True,15,0.0,False,0.29375,True
trained-linear-43-interpolating-024,linear,43,120,cab8a69f36f55fcc0e3e6153b71856e08419caf9d5e6de8e74421260e1f115f9,Interpolating,24,6263339552395091004,1.9625,0.10654654016585298,8,True,True,8,0.0,False,0.13125,True
trained-linear-43-interpolating-025,linear,43,120,cab8a69f36f55fcc0e3e6153b71856e08419caf9d5e6de8e74421260e1f115f9,Interpolating,25,14150524203444060425,1.93,0.05958316958452979,8,True,True,8,0.0,False,0.175,True
trained-linear-43-interpolating-026,linear,43,120,cab8a69f36f55fcc0e3e6153b71856e08419caf9d5e6de8e74421260e1f115f9,Interpolating,26,13139837240732640811,7.683749999999999,0.1005559267071063,35,True,True,35,0.0,False,0.70625,True
trained-linear-43-interpolating-027,linear,43,120,cab8a69f36f55fcc0e3e6153b71856e08419caf9d5e6de8e74421260e1f115f9,Interpolating,27,14524543737777148495,2.9324999999999997,0.24529822625822265,13,True,True,13,0.0,False,0.18125,True
trained-linear-43-interpolating-028,linear,43,120,cab8a69f36f55fcc0e3e6153b71856e08419caf9d5e6de8e74421260e1f115f9,Interpolating,28,13799344432074636144,5.583749999999998,0.05172789468154828,17,True,True,17,0.0,False,0.39375,True
trained-linear-43-interpolating-029,linear,43,120,cab8a69f36f55fcc0e3e6153b71856e08419caf9d5e6de8e74421260e1f115f9,Interpolating,29,14344990305901750929,2.9299999999999997,0.11683189107861092,14,True,True,14,0.0,False,0.2,True
trained-linear-43-interpolating-030,linear,43,120,cab8a69f36f55fcc0e3e6153b71856e08419caf9d5e6de8e74421260e1f115f9,Interpolating,30,12333953934387139674,2.9849999999999994,0.14546835920090753,11,True,True,11,0.0,False,0.2125,True
trained-linear-43-interpolating-031,linear,43,120,cab8a69f36f55fcc0e3e6153b71856e08419caf9d5e6de8e74421260e1f115f9,Interpolating,31,3470219541793170262,3.0624999999999996,0.24285777165207956,18,True,True,18,0.0,False,0.26875,True
trained-linear-43-interpolating-032,linear,43,120,cab8a69f36f55fcc0e3e6153b71856e08419caf9d5e6de8e74421260e1f115f9,Interpolating,32,13566147402765386500,1.9474999999999998,0.138530008072224,6,True,True,6,0.0,False,0.09375,True
trained-linear-43-interpolating-033,linear,43,120,cab8a69f36f55fcc0e3e6153b71856e08419caf9d5e6de8e74421260e1f115f9,Interpolating,33,3655030220978851039,2.3899999999999997,0.09569452760612884,12,True,True,12,0.0,False,0.1875,True
trained-linear-43-interpolating-034,linear,43,120,cab8a69f36f55fcc0e3e6153b71856e08419caf9d5e6de8e74421260e1f115f9,Interpolating,34,4732091362488626374,2.1424999999999996,0.19574067526420033,16,True,True,16,0.0,False,0.16875,True
trained-linear-43-interpolating-035,linear,43,120,cab8a69f36f55fcc0e3e6153b71856e08419caf9d5e6de8e74421260e1f115f9,Interpolating,35,9355653253599214069,6.321249999999999,0.2253688685435267,36,True,True,36,0.0,False,0.425,True
trained-linear-43-interpolating-036,linear,43,120,cab8a69f36f55fcc0e3e6153b71856e08419caf9d5e6de8e74421260e1f115f9,Interpolating,36,12090059753418859615,3.579999999999999,0.3878938366952671,15,True,True,15,0.0,False,0.1875,True
trained-linear-43-interpolating-037,linear,43,120,cab8a69f36f55fcc0e3e6153b71856e08419caf9d5e6de8e74421260e1f115f9,Interpolating,37,4778429842454372578,2.4174999999999995,0.09639249609688753,11,True,True,11,0.0,False,0.20625,True
trained-linear-43-interpolating-038,linear,43,120,cab8a69f36f55fcc0e3e6153b71856e08419caf9d5e6de8e74421260e1f115f9,Interpolating,38,16187446306035517592,1.9674999999999998,0.04559045110687779,8,True,True,8,0.0,False,0.1375,True
trained-linear-43-interpolating-039,linear,43,120,cab8a69f36f55fcc0e3e6153b71856e08419caf9d5e6de8e74421260e1f115f9,Interpolating,39,11301127468403014564,3.3074999999999997,0.043416030649181515,11,True,True,11,0.0,False,0.25,True
trained-linear-43-interpolating-040,linear,43,120,cab8a69f36f55fcc0e3e6153b71856e08419caf9d5e6de8e74421260e1f115f9,Interpolating,40,16466728441306206324,2.125,0.25999999709293403,10,True,True,10,0.0,False,0.11875,True
trained-linear-43-interpolating-041,linear,43,120,cab8a69f36f55fcc0e3e6153b71856e08419caf9d5e6de8e74421260e1f115f9,Interpolating,41,8746222382325411357,2.375,0.21255082191773625,8,True,True,8,0.0,False,0.15625,True
trained-linear-43-interpolating-042,linear,43,120,cab8a69f36f55fcc0e3e6153b71856e08419caf9d5e6de8e74421260e1f115f9,Interpolating,42,1940367913332696543,2.6487499999999997,0.17448363909240178,11,True,True,11,0.0,False,0.175,True
trained-linear-43-interpolating-043,linear,43,120,cab8a69f36f55fcc0e3e6153b71856e08419caf9d5e6de8e74421260e1f115f9,Interpolating,43,7515873899204519752,3.6224999999999996,0.3119415778181385,25,True,True,25,0.0,False,0.33125,True
trained-linear-43-interpolating-044,linear,43,120,cab8a69f36f55fcc0e3e6153b71856e08419caf9d5e6de8e74421260e1f115f9,Interpolating,44,4208908729327331842,4.007499999999999,0.05724395068049632,17,True,True,17,0.0,False,0.3125,True
trained-linear-43-interpolating-045,linear,43,120,cab8a69f36f55fcc0e3e6153b71856e08419caf9d5e6de8e74421260e1f115f9,Interpolating,45,7896860364946163827,2.4924999999999997,0.19081581839623568,13,True,True,13,0.0,False,0.175,True
trained-linear-43-interpolating-046,linear,43,120,cab8a69f36f55fcc0e3e6153b71856e08419caf9d5e6de8e74421260e1f115f9,Interpolating,46,16517576054653249953,3.7474999999999996,0.23087980461827504,25,True,True,25,0.0,False,0.33125,True
trained-linear-43-interpolating-047,linear,43,120,cab8a69f36f55fcc0e3e6153b71856e08419caf9d5e6de8e74421260e1f115f9,Interpolating,47,14162845328619526678,1.9399999999999997,0.11402020444416129,8,True,True,8,0.0,False,0.13125,True
trained-linear-43-interpolating-048,linear,43,120,cab8a69f36f55fcc0e3e6153b71856e08419caf9d5e6de8e74421260e1f115f9,Interpolating,48,15299492963281346255,1.5524999999999998,0.09057971014488778,10,True,True,10,0.0,False,0.125,True
trained-linear-43-interpolating-049,linear,43,120,cab8a69f36f55fcc0e3e6153b71856e08419caf9d5e6de8e74421260e1f115f9,Interpolating,49,3382395505829871671,1.9549999999999998,0.13680568903677165,8,True,True,8,0.0,False,0.125,True
trained-linear-43-interpolating-050,linear,43,120,cab8a69f36f55fcc0e3e6153b71856e08419caf9d5e6de8e74421260e1f115f9,Interpolating,50,12469816240232575266,3.84875,0.18987984249934264,19,True,True,19,0.0,False,0.25625,True
trained-linear-43-interpolating-051,linear,43,120,cab8a69f36f55fcc0e3e6153b71856e08419caf9d5e6de8e74421260e1f115f9,Interpolating,51,9287055531676339138,2.8125,0.2627520959320757,12,True,True,12,0.0,False,0.2125,True
trained-linear-43-interpolating-052,linear,43,120,cab8a69f36f55fcc0e3e6153b71856e08419caf9d5e6de8e74421260e1f115f9,Interpolating,52,2093086208799826256,4.637499999999999,0.11329146677778608,25,True,True,25,0.0,False,0.45,True
trained-linear-43-interpolating-053,linear,43,120,cab8a69f36f55fcc0e3e6153b71856e08419caf9d5e6de8e74421260e1f115f9,Interpolating,53,8509830845307242378,2.3,0.2489003914609382,8,True,True,8,0.0,False,0.125,True
trained-linear-43-interpolating-054,linear,43,120,cab8a69f36f55fcc0e3e6153b71856e08419caf9d5e6de8e74421260e1f115f9,Interpolating,54,14101518903131436829,2.01,0.14612080005938477,9,True,True,9,0.0,False,0.14375,True
trained-linear-43-interpolating-055,linear,43,120,cab8a69f36f55fcc0e3e6153b71856e08419caf9d5e6de8e74421260e1f115f9,Interpolating,55,911200859074859874,2.2624999999999997,0.1535613354436781,9,True,True,9,0.0,False,0.1625,True
trained-linear-43-interpolating-056,linear,43,120,cab8a69f36f55fcc0e3e6153b71856e08419caf9d5e6de8e74421260e1f115f9,Interpolating,56,8751395727503195835,2.6399999999999997,0.23447887966139808,13,True,True,13,0.0,False,0.2,True
trained-linear-43-interpolating-057,linear,43,120,cab8a69f36f55fcc0e3e6153b71856e08419caf9d5e6de8e74421260e1f115f9,Interpolating,57,1808463138167373573,2.9999999999999996,0.19017046461749265,10,True,True,10,0.0,False,0.21875,True
trained-linear-43-interpolating-058,linear,43,120,cab8a69f36f55fcc0e3e6153b71856e08419caf9d5e6de8e74421260e1f115f9,Interpolating,58,7214396306605175306,2.9699999999999998,0.25879008677007204,14,True,True,14,0.0,False,0.25625,True
trained-linear-43-interpolating-059,linear,43,120,cab8a69f36f55fcc0e3e6153b71856e08419caf9d5e6de8e74421260e1f115f9,Interpolating,59,13448312087647433615,3.7599999999999993,0.2662249710701719,20,True,True,20,0.0,False,0.24375,True
trained-linear-43-interpolating-060,linear,43,120,cab8a69f36f55fcc0e3e6153b71856e08419caf9d5e6de8e74421260e1f115f9,Interpolating,60,4265877048285758373,5.541249999999999,0.04488909544423869,21,True,True,21,0.0,False,0.45625,True
trained-linear-43-interpolating-061,linear,43,120,cab8a69f36f55fcc0e3e6153b71856e08419caf9d5e6de8e74421260e1f115f9,Interpolating,61,5301952254416589419,1.39,0.05395683443826431,4,True,True,4,0.0,False,0.05625,True
trained-linear-43-interpolating-062,linear,43,120,cab8a69f36f55fcc0e3e6153b71856e08419caf9d5e6de8e74421260e1f115f9,Interpolating,62,13432619049485400946,4.43375,0.1125692303964255,20,True,True,20,0.0,False,0.35,True
trained-linear-43-interpolating-063,linear,43,120,cab8a69f36f55fcc0e3e6153b71856e08419caf9d5e6de8e74421260e1f115f9,Interpolating,63,12327490817191900076,3.1387499999999995,0.19508637144338864,14,True,True,14,0.0,False,0.25625,True
trained-linear-43-mixed-000,linear,43,120,cab8a69f36f55fcc0e3e6153b71856e08419caf9d5e6de8e74421260e1f115f9,Mixed,0,9693633161102013248,2.28,0.09909539473684212,6,True,True,6,0.0,False,0.15,False
trained-linear-43-mixed-001,linear,43,120,cab8a69f36f55fcc0e3e6153b71856e08419caf9d5e6de8e74421260e1f115f9,Mixed,1,17357593594072098165,2.6099999999999994,0.03378486983677112,15,True,True,15,0.0,False,0.31875,False
trained-linear-43-mixed-002,linear,43,120,cab8a69f36f55fcc0e3e6153b71856e08419caf9d5e6de8e74421260e1f115f9,Mixed,2,651117423650843392,2.8749999999999996,0.059673913043478265,13,True,True,13,0.0,False,0.3125,False
trained-linear-43-mixed-003,linear,43,120,cab8a69f36f55fcc0e3e6153b71856e08419caf9d5e6de8e74421260e1f115f9,Mixed,3,15475529883589964311,1.6275,0.03830645161290328,8,True,True,8,0.0,False,0.1625,False
trained-linear-43-mixed-004,linear,43,120,cab8a69f36f55fcc0e3e6153b71856e08419caf9d5e6de8e74421260e1f115f9,Mixed,4,16996185195441187063,1.665,0.048423423423423415,12,True,True,12,0.0,False,0.275,False
trained-linear-43-mixed-005,linear,43,120,cab8a69f36f55fcc0e3e6153b71856e08419caf9d5e6de8e74421260e1f115f9,Mixed,5,14806495268488516511,2.6949999999999994,0.017045454545454558,11,True,True,11,0.0,False,0.25,False
trained-linear-43-mixed-006,linear,43,120,cab8a69f36f55fcc0e3e6153b71856e08419caf9d5e6de8e74421260e1f115f9,Mixed,6,17813986527325406396,2.7824999999999998,0.07732479784366587,11,True,True,11,0.0,False,0.25625,False
trained-linear-43-mixed-007,linear,43,120,cab8a69f36f55fcc0e3e6153b71856e08419caf9d5e6de8e74421260e1f115f9,Mixed,7,15523307122767267495,2.0174999999999996,0.06947026022304839,9,True,True,9,0.0,False,0.2125,False
trained-linear-43-mixed-008,linear,43,120,cab8a69f36f55fcc0e3e6153b71856e08419caf9d5e6de8e74421260e1f115f9,Mixed,8,9431211515191197335,2.8325,0.043464630917271256,14,True,True,14,0.0,False,0.30625,False
trained-linear-43-mixed-009,linear,43,120,cab8a69f36f55fcc0e3e6153b71856e08419caf9d5e6de8e74421260e1f115f9,Mixed,9,15562022081828623290,4.67,0.05368760991289609,18,True,True,18,0.0,False,0.41875,False
trained-linear-43-mixed-010,linear,43,120,cab8a69f36f55fcc0e3e6153b71856e08419caf9d5e6de8e74421260e1f115f9,Mixed,10,15159726613568783412,2.545,0.033577667207653566,14,True,True,14,0.0,False,0.29375,False
trained-linear-43-mixed-011,linear,43,120,cab8a69f36f55fcc0e3e6153b71856e08419caf9d5e6de8e74421260e1f115f9,Mixed,11,7648943633547487035,1.6275,0.043490783410138276,7,True,True,7,0.0,False,0.13125,False
trained-linear-43-mixed-012,linear,43,120,cab8a69f36f55fcc0e3e6153b71856e08419caf9d5e6de8e74421260e1f115f9,Mixed,12,1993405602400541602,2.6674999999999995,0.04059278350515467,14,True,True,14,0.0,False,0.33125,False
trained-linear-43-mixed-013,linear,43,120,cab8a69f36f55fcc0e3e6153b71856e08419caf9d5e6de8e74421260e1f115f9,Mixed,13,6880518151026903013,2.9674999999999994,0.039332350463353004,14,True,True,14,0.0,False,0.3,False
trained-linear-43-mixed-014,linear,43,120,cab8a69f36f55fcc0e3e6153b71856e08419caf9d5e6de8e74421260e1f115f9,Mixed,14,5587480366024272981,2.7175,0.05675022999080043,13,True,True,13,0.0,False,0.2875,False
trained-linear-43-mixed-015,linear,43,120,cab8a69f36f55fcc0e3e6153b71856e08419caf9d5e6de8e74421260e1f115f9,Mixed,15,13335323221718912007,2.5599999999999996,0.09448242187500006,15,True,True,15,0.0,False,0.34375,False
trained-linear-43-mixed-016,linear,43,120,cab8a69f36f55fcc0e3e6153b71856e08419caf9d5e6de8e74421260e1f115f9,Mixed,16,457227411178456388,1.52,0.022820723684210516,6,True,True,6,0.0,False,0.1125,False
trained-linear-43-mixed-017,linear,43,120,cab8a69f36f55fcc0e3e6153b71856e08419caf9d5e6de8e74421260e1f115f9,Mixed,17,6128299853995052808,1.7525,0.04787803138373753,8,True,True,8,0.0,False,0.1625,False
trained-linear-43-mixed-018,linear,43,120,cab8a69f36f55fcc0e3e6153b71856e08419caf9d5e6de8e74421260e1f115f9,Mixed,18,13484322754396141391,3.9187499999999993,0.036615975730808305,15,True,True,15,0.0,False,0.35,False
trained-linear-43-mixed-019,linear,43,120,cab8a69f36f55fcc0e3e6153b71856e08419caf9d5e6de8e74421260e1f115f9,Mixed,19,1409272809608051057,2.55,0.05147058823529412,11,True,True,11,0.0,False,0.2375,False
trained-linear-43-mixed-020,linear,43,120,cab8a69f36f55fcc0e3e6153b71856e08419caf9d5e6de8e74421260e1f115f9,Mixed,20,5527999810971480140,2.2074999999999996,0.04990090600226506,11,True,True,11,0.0,False,0.23125,False
trained-linear-43-mixed-021,linear,43,120,cab8a69f36f55fcc0e3e6153b71856e08419caf9d5e6de8e74421260e1f115f9,Mixed,21,14533421541251851357,1.7599999999999998,0.07830255681818184,7,True,True,7,0.0,False,0.15,False
trained-linear-43-mixed-022,linear,43,120,cab8a69f36f55fcc0e3e6153b71856e08419caf9d5e6de8e74421260e1f115f9,Mixed,22,8965928793882815342,3.01375,0.06000502666196263,16,True,True,16,0.0,False,0.375,False
trained-linear-43-mixed-023,linear,43,120,cab8a69f36f55fcc0e3e6153b71856e08419caf9d5e6de8e74421260e1f115f9,Mixed,23,8772935167161827841,3.9137499999999994,0.031695386468718334,16,True,True,16,0.0,False,0.3625,False
trained-linear-43-mixed-024,linear,43,120,cab8a69f36f55fcc0e3e6153b71856e08419caf9d5e6de8e74421260e1f115f9,Mixed,24,18071528856739170185,2.1174999999999997,0.02988488783943329,8,True,True,8,0.0,False,0.18125,False
trained-linear-43-mixed-025,linear,43,120,cab8a69f36f55fcc0e3e6153b71856e08419caf9d5e6de8e74421260e1f115f9,Mixed,25,6676229848920451968,4.518749999999999,0.02588812461128591,18,True,True,18,0.0,False,0.3875,False
trained-linear-43-mixed-026,linear,43,120,cab8a69f36f55fcc0e3e6153b71856e08419caf9d5e6de8e74421260e1f115f9,Mixed,26,2406460555292667741,2.005,0.05143391521197008,12,True,True,12,0.0,False,0.25,False
trained-linear-43-mixed-027,linear,43,120,cab8a69f36f55fcc0e3e6153b71856e08419caf9d5e6de8e74421260e1f115f9,Mixed,27,12170558895844207340,2.54,0.0690206692913386,15,True,True,15,0.0,False,0.3375,False
trained-linear-43-mixed-028,linear,43,120,cab8a69f36f55fcc0e3e6153b71856e08419caf9d5e6de8e74421260e1f115f9,Mixed,28,5705392495417592775,2.9674999999999994,0.07419892614390765,12,True,True,12,0.0,False,0.29375,False
trained-linear-43-mixed-029,linear,43,120,cab8a69f36f55fcc0e3e6153b71856e08419caf9d5e6de8e74421260e1f115f9,Mixed,29,1288424055209371828,2.5425,0.02378318584070798,13,True,True,13,0.0,False,0.2875,False
trained-linear-43-mixed-030,linear,43,120,cab8a69f36f55fcc0e3e6153b71856e08419caf9d5e6de8e74421260e1f115f9,Mixed,30,15755620951887746005,2.0949999999999998,0.05235680190930793,8,True,True,8,0.0,False,0.1875,False
trained-linear-43-mixed-031,linear,43,120,cab8a69f36f55fcc0e3e6153b71856e08419caf9d5e6de8e74421260e1f115f9,Mixed,31,5592857343955043817,2.59,0.08542471042471048,17,True,True,17,0.0,False,0.39375,False
trained-linear-43-mixed-032,linear,43,120,cab8a69f36f55fcc0e3e6153b71856e08419caf9d5e6de8e74421260e1f115f9,Mixed,32,13810648465876212671,2.2874999999999996,0.0834016393442623,11,True,True,11,0.0,False,0.225,False
trained-linear-43-mixed-033,linear,43,120,cab8a69f36f55fcc0e3e6153b71856e08419caf9d5e6de8e74421260e1f115f9,Mixed,33,17047928584513187953,3.1487499999999997,0.0404887353157424,15,True,True,15,0.0,False,0.33125,False
trained-linear-43-mixed-034,linear,43,120,cab8a69f36f55fcc0e3e6153b71856e08419caf9d5e6de8e74421260e1f115f9,Mixed,34,15448357691223540057,2.0799999999999996,0.10321514423076926,7,True,True,7,0.0,False,0.1625,False
trained-linear-43-mixed-035,linear,43,120,cab8a69f36f55fcc0e3e6153b71856e08419caf9d5e6de8e74421260e1f115f9,Mixed,35,12588508061210765884,1.7049999999999998,0.07038123167155426,9,True,True,9,0.0,False,0.18125,False
trained-linear-43-mixed-036,linear,43,120,cab8a69f36f55fcc0e3e6153b71856e08419caf9d5e6de8e74421260e1f115f9,Mixed,36,2265235656602125923,1.92,0.05517578125000001,9,True,True,9,0.0,False,0.1875,False
trained-linear-43-mixed-037,linear,43,120,cab8a69f36f55fcc0e3e6153b71856e08419caf9d5e6de8e74421260e1f115f9,Mixed,37,1611147116163323044,2.6224999999999996,0.08561725452812208,14,True,True,14,0.0,False,0.3125,False
trained-linear-43-mixed-038,linear,43,120,cab8a69f36f55fcc0e3e6153b71856e08419caf9d5e6de8e74421260e1f115f9,Mixed,38,5310009612564868590,2.7624999999999993,0.05277149321266979,13,True,True,13,0.0,False,0.26875,False
trained-linear-43-mixed-039,linear,43,120,cab8a69f36f55fcc0e3e6153b71856e08419caf9d5e6de8e74421260e1f115f9,Mixed,39,4674025353422871197,2.51,0.016060756972111567,12,True,True,12,0.0,False,0.2625,False
trained-linear-43-mixed-040,linear,43,120,cab8a69f36f55fcc0e3e6153b71856e08419caf9d5e6de8e74421260e1f115f9,Mixed,40,12398282227377786422,1.8474999999999997,0.048460757780784854,9,True,True,9,0.0,False,0.1875,False
trained-linear-43-mixed-041,linear,43,120,cab8a69f36f55fcc0e3e6153b71856e08419caf9d5e6de8e74421260e1f115f9,Mixed,41,8532608112198007672,2.065,0.050409392124378734,12,True,True,12,0.0,False,0.25,False
trained-linear-43-mixed-042,linear,43,120,cab8a69f36f55fcc0e3e6153b71856e08419caf9d5e6de8e74421260e1f115f9,Mixed,42,11477115836128105913,2.0075,0.09269925280199258,11,True,True,11,0.0,False,0.225,False
trained-linear-43-mixed-043,linear,43,120,cab8a69f36f55fcc0e3e6153b71856e08419caf9d5e6de8e74421260e1f115f9,Mixed,43,9727210312780956412,2.3749999999999996,0.02881578947368422,11,True,True,11,0.0,False,0.25,False
trained-linear-43-mixed-044,linear,43,120,cab8a69f36f55fcc0e3e6153b71856e08419caf9d5e6de8e74421260e1f115f9,Mixed,44,15867352344838860599,2.8174999999999994,0.04009538598047919,9,True,True,9,0.0,False,0.2,False
trained-linear-43-mixed-045,linear,43,120,cab8a69f36f55fcc0e3e6153b71856e08419caf9d5e6de8e74421260e1f115f9,Mixed,45,16193370595595138376,2.2125,0.07055084745762712,10,True,True,10,0.0,False,0.2125,False
trained-linear-43-mixed-046,linear,43,120,cab8a69f36f55fcc0e3e6153b71856e08419caf9d5e6de8e74421260e1f115f9,Mixed,46,17910664071583573962,2.0624999999999996,0.06022727272727273,10,True,True,10,0.0,False,0.21875,False
trained-linear-43-mixed-047,linear,43,120,cab8a69f36f55fcc0e3e6153b71856e08419caf9d5e6de8e74421260e1f115f9,Mixed,47,6903969129926050759,1.4225,0.02932776801405974,5,True,True,5,0.0,False,0.0875,False
trained-linear-43-mixed-048,linear,43,120,cab8a69f36f55fcc0e3e6153b71856e08419caf9d5e6de8e74421260e1f115f9,Mixed,48,16342209960776691898,3.505,0.10595675137416381,16,True,True,16,0.0,False,0.375,False
trained-linear-43-mixed-049,linear,43,120,cab8a69f36f55fcc0e3e6153b71856e08419caf9d5e6de8e74421260e1f115f9,Mixed,49,824034604368110940,3.2387499999999996,0.04913985339762902,12,True,True,12,0.0,False,0.28125,False
trained-linear-43-mixed-050,linear,43,120,cab8a69f36f55fcc0e3e6153b71856e08419caf9d5e6de8e74421260e1f115f9,Mixed,50,7803403157635517298,2.51,0.07880976095617531,16,True,True,16,0.0,False,0.35625,False
trained-linear-43-mixed-051,linear,43,120,cab8a69f36f55fcc0e3e6153b71856e08419caf9d5e6de8e74421260e1f115f9,Mixed,51,6374408496783355945,2.485,0.0539486921529175,13,True,True,13,0.0,False,0.2875,False
trained-linear-43-mixed-052,linear,43,120,cab8a69f36f55fcc0e3e6153b71856e08419caf9d5e6de8e74421260e1f115f9,Mixed,52,2172311478228350138,2.0549999999999997,0.04881386861313867,10,True,True,10,0.0,False,0.2125,False
trained-linear-43-mixed-053,linear,43,120,cab8a69f36f55fcc0e3e6153b71856e08419caf9d5e6de8e74421260e1f115f9,Mixed,53,12690828509307821155,3.2624999999999993,0.05043103448275867,18,True,True,18,0.0,False,0.425,False
trained-linear-43-mixed-054,linear,43,120,cab8a69f36f55fcc0e3e6153b71856e08419caf9d5e6de8e74421260e1f115f9,Mixed,54,6347185673525025362,1.7449999999999997,0.039756446991404,8,True,True,8,0.0,False,0.175,False
trained-linear-43-mixed-055,linear,43,120,cab8a69f36f55fcc0e3e6153b71856e08419caf9d5e6de8e74421260e1f115f9,Mixed,55,6706635287249302314,2.9299999999999997,0.07487201365187716,15,True,True,15,0.0,False,0.35,False
trained-linear-43-mixed-056,linear,43,120,cab8a69f36f55fcc0e3e6153b71856e08419caf9d5e6de8e74421260e1f115f9,Mixed,56,16640050023806545629,3.2999999999999994,0.050852272727272746,16,True,True,16,0.0,False,0.3625,False
trained-linear-43-mixed-057,linear,43,120,cab8a69f36f55fcc0e3e6153b71856e08419caf9d5e6de8e74421260e1f115f9,Mixed,57,7610381989423104502,2.4524999999999997,0.05294342507645261,17,True,True,17,0.0,False,0.3625,False
trained-linear-43-mixed-058,linear,43,120,cab8a69f36f55fcc0e3e6153b71856e08419caf9d5e6de8e74421260e1f115f9,Mixed,58,929493696217106690,1.9324999999999997,0.060397800776196664,10,True,True,10,0.0,False,0.2375,False
trained-linear-43-mixed-059,linear,43,120,cab8a69f36f55fcc0e3e6153b71856e08419caf9d5e6de8e74421260e1f115f9,Mixed,59,9177652572312051142,1.8499999999999999,0.03902027027027028,7,True,True,7,0.0,False,0.15,False
trained-linear-43-mixed-060,linear,43,120,cab8a69f36f55fcc0e3e6153b71856e08419caf9d5e6de8e74421260e1f115f9,Mixed,60,5307950189991924067,4.92625,0.054966056674577386,22,True,True,22,0.0,False,0.53125,False
trained-linear-43-mixed-061,linear,43,120,cab8a69f36f55fcc0e3e6153b71856e08419caf9d5e6de8e74421260e1f115f9,Mixed,61,2824705097040077935,2.09,0.0053827751196172564,10,True,True,10,0.0,False,0.225,False
trained-linear-43-mixed-062,linear,43,120,cab8a69f36f55fcc0e3e6153b71856e08419caf9d5e6de8e74421260e1f115f9,Mixed,62,11371105578752673294,2.55,0.09264705882352946,13,True,True,13,0.0,False,0.28125,False
trained-linear-43-mixed-063,linear,43,120,cab8a69f36f55fcc0e3e6153b71856e08419caf9d5e6de8e74421260e1f115f9,Mixed,63,11135987962627894163,2.4024999999999994,0.06692247658688864,13,True,True,13,0.0,False,0.2875,False
trained-linear-43-proportional-000,linear,43,120,cab8a69f36f55fcc0e3e6153b71856e08419caf9d5e6de8e74421260e1f115f9,Proportional,0,11673945911907098839,2.9787499999999993,0.09479918698490725,11,True,True,11,0.0,False,0.20625,False
trained-linear-43-proportional-001,linear,43,120,cab8a69f36f55fcc0e3e6153b71856e08419caf9d5e6de8e74421260e1f115f9,Proportional,1,5854984583618795904,1.5899999999999999,0.10298742138364776,3,True,True,3,0.0,False,0.05,False
trained-linear-43-proportional-002,linear,43,120,cab8a69f36f55fcc0e3e6153b71856e08419caf9d5e6de8e74421260e1f115f9,Proportional,2,14918319468164988487,1.9249999999999998,0.21428571428571422,11,True,True,11,0.0,False,0.1625,False
trained-linear-43-proportional-003,linear,43,120,cab8a69f36f55fcc0e3e6153b71856e08419caf9d5e6de8e74421260e1f115f9,Proportional,3,6899970535945603605,3.0624999999999996,0.22020408163265304,15,True,True,15,0.0,False,0.21875,False
trained-linear-43-proportional-004,linear,43,120,cab8a69f36f55fcc0e3e6153b71856e08419caf9d5e6de8e74421260e1f115f9,Proportional,4,12904219253542316466,1.4224999999999999,0.03998242530755713,8,True,True,8,0.0,False,0.08125,False
trained-linear-43-proportional-005,linear,43,120,cab8a69f36f55fcc0e3e6153b71856e08419caf9d5e6de8e74421260e1f115f9,Proportional,5,13996910952498935155,3.5724999999999993,0.2451014695591322,14,True,True,14,0.0,False,0.25,False
trained-linear-43-proportional-006,linear,43,120,cab8a69f36f55fcc0e3e6153b71856e08419caf9d5e6de8e74421260e1f115f9,Proportional,6,16078325895203525184,5.803749999999999,0.4419826686086356,23,True,True,23,0.0,False,0.4125,False
trained-linear-43-proportional-007,linear,43,120,cab8a69f36f55fcc0e3e6153b71856e08419caf9d5e6de8e74421260e1f115f9,Proportional,7,17755714291549200144,2.2649999999999997,0.2367549668874172,21,True,True,21,0.0,False,0.225,False
trained-linear-43-proportional-008,linear,43,120,cab8a69f36f55fcc0e3e6153b71856e08419caf9d5e6de8e74421260e1f115f9,Proportional,8,11632765324074576436,3.9074999999999993,0.22152911068458092,15,True,True,15,0.0,False,0.35,False
trained-linear-43-proportional-009,linear,43,120,cab8a69f36f55fcc0e3e6153b71856e08419caf9d5e6de8e74421260e1f115f9,Proportional,9,11552794690203383475,6.698749999999999,0.5230296598718552,25,True,True,25,0.0,False,0.3125,False
trained-linear-43-proportional-010,linear,43,120,cab8a69f36f55fcc0e3e6153b71856e08419caf9d5e6de8e74421260e1f115f9,Proportional,10,6951471672966872884,2.4399999999999995,0.06557377049180328,11,True,True,11,0.0,False,0.2125,False
trained-linear-43-proportional-011,linear,43,120,cab8a69f36f55fcc0e3e6153b71856e08419caf9d5e6de8e74421260e1f115f9,Proportional,11,9857394914583557950,2.1999999999999997,0.16363636363636355,8,True,True,8,0.0,False,0.16875,False
trained-linear-43-proportional-012,linear,43,120,cab8a69f36f55fcc0e3e6153b71856e08419caf9d5e6de8e74421260e1f115f9,Proportional,12,369911494009936568,2.4524999999999997,0.12206931702344546,7,True,True,7,0.0,False,0.15625,False
trained-linear-43-proportional-013,linear,43,120,cab8a69f36f55fcc0e3e6153b71856e08419caf9d5e6de8e74421260e1f115f9,Proportional,13,9481024041495161638,3.2924999999999995,0.3464312832194381,20,True,True,20,0.0,False,0.25625,False
trained-linear-43-proportional-014,linear,43,120,cab8a69f36f55fcc0e3e6153b71856e08419caf9d5e6de8e74421260e1f115f9,Proportional,14,16440513813917561186,1.92,0.22591145833333331,11,True,True,11,0.0,False,0.13125,False
trained-linear-43-proportional-015,linear,43,120,cab8a69f36f55fcc0e3e6153b71856e08419caf9d5e6de8e74421260e1f115f9,Proportional,15,4791319993486755925,4.132499999999999,0.265495986004153,15,True,True,15,0.0,False,0.23125,False
trained-linear-43-proportional-016,linear,43,120,cab8a69f36f55fcc0e3e6153b71856e08419caf9d5e6de8e74421260e1f115f9,Proportional,16,14499524657325063963,4.50625,0.4058083977157238,17,True,True,17,0.0,False,0.275,False
trained-linear-43-proportional-017,linear,43,120,cab8a69f36f55fcc0e3e6153b71856e08419caf9d5e6de8e74421260e1f115f9,Proportional,17,13989903168744196743,8.947499999999998,0.5569041353539922,40,False,False,,35.0,True,0.4375,False
trained-linear-43-proportional-018,linear,43,120,cab8a69f36f55fcc0e3e6153b71856e08419caf9d5e6de8e74421260e1f115f9,Proportional,18,4467512022318276231,3.2524999999999995,0.28420445810914674,13,True,True,13,0.0,False,0.24375,False
trained-linear-43-proportional-019,linear,43,120,cab8a69f36f55fcc0e3e6153b71856e08419caf9d5e6de8e74421260e1f115f9,Proportional,19,9438057398501253236,3.8774999999999995,0.34675142345131926,15,True,True,15,0.0,False,0.20625,False
trained-linear-43-proportional-020,linear,43,120,cab8a69f36f55fcc0e3e6153b71856e08419caf9d5e6de8e74421260e1f115f9,Proportional,20,18224687560244975757,3.1537499999999996,0.25908500037205595,14,True,True,14,0.0,False,0.25,False
trained-linear-43-proportional-021,linear,43,120,cab8a69f36f55fcc0e3e6153b71856e08419caf9d5e6de8e74421260e1f115f9,Proportional,21,15079103536978200322,1.8499999999999999,0.1986486486486486,13,True,True,13,0.0,False,0.1375,False
trained-linear-43-proportional-022,linear,43,120,cab8a69f36f55fcc0e3e6153b71856e08419caf9d5e6de8e74421260e1f115f9,Proportional,22,2387653560492289317,2.255,0.19013303769401324,10,True,True,10,0.0,False,0.18125,False
trained-linear-43-proportional-023,linear,43,120,cab8a69f36f55fcc0e3e6153b71856e08419caf9d5e6de8e74421260e1f115f9,Proportional,23,10327868606477789872,2.3,0.11358695652173906,9,True,True,9,0.0,False,0.15,False
trained-linear-43-proportional-024,linear,43,120,cab8a69f36f55fcc0e3e6153b71856e08419caf9d5e6de8e74421260e1f115f9,Proportional,24,11536723639710672963,8.19375,0.5107258065004978,36,True,True,36,0.0,False,0.40625,False
trained-linear-43-proportional-025,linear,43,120,cab8a69f36f55fcc0e3e6153b71856e08419caf9d5e6de8e74421260e1f115f9,Proportional,25,12427213919755446730,5.789999999999998,0.35837651122625214,24,True,True,24,0.0,False,0.35,False
trained-linear-43-proportional-026,linear,43,120,cab8a69f36f55fcc0e3e6153b71856e08419caf9d5e6de8e74421260e1f115f9,Proportional,26,6637311450689106756,2.6937499999999996,0.24917136228041098,12,True,True,12,0.0,False,0.1875,False
trained-linear-43-proportional-027,linear,43,120,cab8a69f36f55fcc0e3e6153b71856e08419caf9d5e6de8e74421260e1f115f9,Proportional,27,13927162674321531937,4.744999999999999,0.5089567966280295,22,True,True,22,0.0,False,0.23125,False
trained-linear-43-proportional-028,linear,43,120,cab8a69f36f55fcc0e3e6153b71856e08419caf9d5e6de8e74421260e1f115f9,Proportional,28,16321676427939617950,1.8424999999999998,0.1387381275440977,6,True,True,6,0.0,False,0.0875,False
trained-linear-43-proportional-029,linear,43,120,cab8a69f36f55fcc0e3e6153b71856e08419caf9d5e6de8e74421260e1f115f9,Proportional,29,14026787762366632973,2.0225,0.13566131025957973,6,True,True,6,0.0,False,0.125,False
trained-linear-43-proportional-030,linear,43,120,cab8a69f36f55fcc0e3e6153b71856e08419caf9d5e6de8e74421260e1f115f9,Proportional,30,9217626737315753656,3.1749999999999994,0.17322834645669294,16,True,True,16,0.0,False,0.21875,False
trained-linear-43-proportional-031,linear,43,120,cab8a69f36f55fcc0e3e6153b71856e08419caf9d5e6de8e74421260e1f115f9,Proportional,31,6307961442166305323,7.708749999999998,0.5548599689592069,37,True,True,37,0.0,False,0.38125,False
trained-linear-43-proportional-032,linear,43,120,cab8a69f36f55fcc0e3e6153b71856e08419caf9d5e6de8e74421260e1f115f9,Proportional,32,13627310856477231035,3.26375,0.10962389407176697,14,True,True,14,0.0,False,0.3,False
trained-linear-43-proportional-033,linear,43,120,cab8a69f36f55fcc0e3e6153b71856e08419caf9d5e6de8e74421260e1f115f9,Proportional,33,1682646355937461787,2.01,0.04912935323383082,11,True,True,11,0.0,False,0.16875,False
trained-linear-43-proportional-034,linear,43,120,cab8a69f36f55fcc0e3e6153b71856e08419caf9d5e6de8e74421260e1f115f9,Proportional,34,5208733074085755279,2.1325,0.13569753810082055,10,True,True,10,0.0,False,0.1875,False
trained-linear-43-proportional-035,linear,43,120,cab8a69f36f55fcc0e3e6153b71856e08419caf9d5e6de8e74421260e1f115f9,Proportional,35,4896921797665594099,6.338749999999999,0.47639002357006693,24,True,True,24,0.0,False,0.31875,False
trained-linear-43-proportional-036,linear,43,120,cab8a69f36f55fcc0e3e6153b71856e08419caf9d5e6de8e74421260e1f115f9,Proportional,36,2288911245921458685,3.0587499999999994,0.28470305163340365,16,True,True,16,0.0,False,0.26875,False
trained-linear-43-proportional-037,linear,43,120,cab8a69f36f55fcc0e3e6153b71856e08419caf9d5e6de8e74421260e1f115f9,Proportional,37,1897199898246312467,1.97,0.13197969543147206,9,True,True,9,0.0,False,0.16875,False
trained-linear-43-proportional-038,linear,43,120,cab8a69f36f55fcc0e3e6153b71856e08419caf9d5e6de8e74421260e1f115f9,Proportional,38,14065440974621797723,2.4299999999999997,0.16460905349794236,7,True,True,7,0.0,False,0.15,False
trained-linear-43-proportional-039,linear,43,120,cab8a69f36f55fcc0e3e6153b71856e08419caf9d5e6de8e74421260e1f115f9,Proportional,39,13389602923215039466,1.76,0.05468749999999999,4,True,True,4,0.0,False,0.075,False
trained-linear-43-proportional-040,linear,43,120,cab8a69f36f55fcc0e3e6153b71856e08419caf9d5e6de8e74421260e1f115f9,Proportional,40,17613711627332962439,3.2274999999999996,0.22598760650658403,10,True,True,10,0.0,False,0.19375,False
trained-linear-43-proportional-041,linear,43,120,cab8a69f36f55fcc0e3e6153b71856e08419caf9d5e6de8e74421260e1f115f9,Proportional,41,9387325404650538102,2.3,0.11485507246376807,10,True,True,10,0.0,False,0.1625,False
trained-linear-43-proportional-042,linear,43,120,cab8a69f36f55fcc0e3e6153b71856e08419caf9d5e6de8e74421260e1f115f9,Proportional,42,324700696774360030,1.7725,0.10613540197461208,10,True,True,10,0.0,False,0.14375,False
trained-linear-43-proportional-043,linear,43,120,cab8a69f36f55fcc0e3e6153b71856e08419caf9d5e6de8e74421260e1f115f9,Proportional,43,10802521755446739662,2.3425,0.04028815368196367,14,True,True,14,0.0,False,0.225,False
trained-linear-43-proportional-044,linear,43,120,cab8a69f36f55fcc0e3e6153b71856e08419caf9d5e6de8e74421260e1f115f9,Proportional,44,9522801408265451679,2.4224999999999994,0.13751289989680082,11,True,True,11,0.0,False,0.15625,False
trained-linear-43-proportional-045,linear,43,120,cab8a69f36f55fcc0e3e6153b71856e08419caf9d5e6de8e74421260e1f115f9,Proportional,45,15987853952569935067,1.9725000000000001,0.07889733840304182,6,True,True,6,0.0,False,0.11875,False
trained-linear-43-proportional-046,linear,43,120,cab8a69f36f55fcc0e3e6153b71856e08419caf9d5e6de8e74421260e1f115f9,Proportional,46,11791609722991416915,3.0349999999999993,0.3673805601317957,16,True,True,16,0.0,False,0.15625,False
trained-linear-43-proportional-047,linear,43,120,cab8a69f36f55fcc0e3e6153b71856e08419caf9d5e6de8e74421260e1f115f9,Proportional,47,1042197540358702522,3.0749999999999993,0.4101626016260162,10,True,True,10,0.0,False,0.15625,False
trained-linear-43-proportional-048,linear,43,120,cab8a69f36f55fcc0e3e6153b71856e08419caf9d5e6de8e74421260e1f115f9,Proportional,48,4214219208379373888,2.8824999999999994,0.11951782658634348,12,True,True,12,0.0,False,0.2375,False
trained-linear-43-proportional-049,linear,43,120,cab8a69f36f55fcc0e3e6153b71856e08419caf9d5e6de8e74421260e1f115f9,Proportional,49,2016417341326299943,1.8975,0.19466403162055335,9,True,True,9,0.0,False,0.10625,False
trained-linear-43-proportional-050,linear,43,120,cab8a69f36f55fcc0e3e6153b71856e08419caf9d5e6de8e74421260e1f115f9,Proportional,50,16175254725469787848,3.4025,0.16464777107888037,17,True,True,17,0.0,False,0.26875,False
trained-linear-43-proportional-051,linear,43,120,cab8a69f36f55fcc0e3e6153b71856e08419caf9d5e6de8e74421260e1f115f9,Proportional,51,13164079274898302165,4.963749999999999,0.38468477002463936,22,True,True,22,0.0,False,0.39375,False
trained-linear-43-proportional-052,linear,43,120,cab8a69f36f55fcc0e3e6153b71856e08419caf9d5e6de8e74421260e1f115f9,Proportional,52,5757617938957812521,2.2699999999999996,0.15638766519823788,14,True,True,14,0.0,False,0.2375,False
trained-linear-43-proportional-053,linear,43,120,cab8a69f36f55fcc0e3e6153b71856e08419caf9d5e6de8e74421260e1f115f9,Proportional,53,18246765442718208813,3.7799999999999994,0.17621225319396047,14,True,True,14,0.0,False,0.325,False
trained-linear-43-proportional-054,linear,43,120,cab8a69f36f55fcc0e3e6153b71856e08419caf9d5e6de8e74421260e1f115f9,Proportional,54,8751505699827122516,5.46625,0.5438149876918523,23,True,True,23,0.0,False,0.28125,False
trained-linear-43-proportional-055,linear,43,120,cab8a69f36f55fcc0e3e6153b71856e08419caf9d5e6de8e74421260e1f115f9,Proportional,55,13684121910031177064,2.16,0.07928240740740741,12,True,True,12,0.0,False,0.2125,False
trained-linear-43-proportional-056,linear,43,120,cab8a69f36f55fcc0e3e6153b71856e08419caf9d5e6de8e74421260e1f115f9,Proportional,56,17473774203951713153,2.0649999999999995,0.16222760290556898,9,True,True,9,0.0,False,0.11875,False
trained-linear-43-proportional-057,linear,43,120,cab8a69f36f55fcc0e3e6153b71856e08419caf9d5e6de8e74421260e1f115f9,Proportional,57,4497751392829087514,1.5875,0.11141732283464564,10,True,True,10,0.0,False,0.1375,False
trained-linear-43-proportional-058,linear,43,120,cab8a69f36f55fcc0e3e6153b71856e08419caf9d5e6de8e74421260e1f115f9,Proportional,58,2960239400439777211,2.0925,0.09826762246117084,11,True,True,11,0.0,False,0.175,False
trained-linear-43-proportional-059,linear,43,120,cab8a69f36f55fcc0e3e6153b71856e08419caf9d5e6de8e74421260e1f115f9,Proportional,59,16928168186694471565,2.0849999999999995,0.1043165467625899,9,True,True,9,0.0,False,0.125,False
trained-linear-43-proportional-060,linear,43,120,cab8a69f36f55fcc0e3e6153b71856e08419caf9d5e6de8e74421260e1f115f9,Proportional,60,2960486613898956103,2.4749999999999996,0.3055555555555555,7,True,True,7,0.0,False,0.10625,False
trained-linear-43-proportional-061,linear,43,120,cab8a69f36f55fcc0e3e6153b71856e08419caf9d5e6de8e74421260e1f115f9,Proportional,61,7721982355107700087,1.9924999999999995,0.15150564617314924,11,True,True,11,0.0,False,0.1375,False
trained-linear-43-proportional-062,linear,43,120,cab8a69f36f55fcc0e3e6153b71856e08419caf9d5e6de8e74421260e1f115f9,Proportional,62,10308974641369407200,1.9574999999999998,0.1044061302681992,10,True,True,10,0.0,False,0.18125,False
trained-linear-43-proportional-063,linear,43,120,cab8a69f36f55fcc0e3e6153b71856e08419caf9d5e6de8e74421260e1f115f9,Proportional,63,7201053977875238132,2.2525,0.2006104328523862,13,True,True,13,0.0,False,0.19375,False
trained-recurrent-17-equal-000,recurrent,17,116,4146b729f335ff47d4f2e59c62a77fc77d8cdc8db568839126dcc5cf41f884a7,Equal,0,5274149309666405448,1.6275,0.14304915514592934,7,True,True,7,0.0,False,0.15,False
trained-recurrent-17-equal-001,recurrent,17,116,4146b729f335ff47d4f2e59c62a77fc77d8cdc8db568839126dcc5cf41f884a7,Equal,1,18053302402476290054,1.395,0.14560931899641574,5,True,True,5,0.0,False,0.1,False
trained-recurrent-17-equal-002,recurrent,17,116,4146b729f335ff47d4f2e59c62a77fc77d8cdc8db568839126dcc5cf41f884a7,Equal,2,16234631806234212852,1.64,0.14100609756097562,9,True,True,9,0.0,False,0.2,False
trained-recurrent-17-equal-003,recurrent,17,116,4146b729f335ff47d4f2e59c62a77fc77d8cdc8db568839126dcc5cf41f884a7,Equal,3,10780244853571035417,3.1574999999999998,0.06680522565320665,24,True,True,24,0.0,False,0.575,False
trained-recurrent-17-equal-004,recurrent,17,116,4146b729f335ff47d4f2e59c62a77fc77d8cdc8db568839126dcc5cf41f884a7,Equal,4,6624342872850399145,1.565,0.10982428115015974,6,True,True,6,0.0,False,0.125,False
trained-recurrent-17-equal-005,recurrent,17,116,4146b729f335ff47d4f2e59c62a77fc77d8cdc8db568839126dcc5cf41f884a7,Equal,5,5754890080482856976,1.535,0.13029315960912047,6,True,True,6,0.0,False,0.125,False
trained-recurrent-17-equal-006,recurrent,17,116,4146b729f335ff47d4f2e59c62a77fc77d8cdc8db568839126dcc5cf41f884a7,Equal,6,9249814805389874863,1.3475,0.06377551020408163,5,True,True,5,0.0,False,0.1,False
trained-recurrent-17-equal-007,recurrent,17,116,4146b729f335ff47d4f2e59c62a77fc77d8cdc8db568839126dcc5cf41f884a7,Equal,7,12948947656252539669,1.9274999999999998,0.047827496757457864,11,True,True,11,0.0,False,0.25,False
trained-recurrent-17-equal-008,recurrent,17,116,4146b729f335ff47d4f2e59c62a77fc77d8cdc8db568839126dcc5cf41f884a7,Equal,8,9574109436530604278,2.0925,0.2322281959378734,13,True,True,13,0.0,False,0.3,False
trained-recurrent-17-equal-009,recurrent,17,116,4146b729f335ff47d4f2e59c62a77fc77d8cdc8db568839126dcc5cf41f884a7,Equal,9,4099441780004209653,1.9299999999999997,0.09067357512953367,12,True,True,12,0.0,False,0.275,False
trained-recurrent-17-equal-010,recurrent,17,116,4146b729f335ff47d4f2e59c62a77fc77d8cdc8db568839126dcc5cf41f884a7,Equal,10,15113158670016361963,2.3724999999999996,0.07968914646996839,22,True,True,22,0.0,False,0.525,False
trained-recurrent-17-equal-011,recurrent,17,116,4146b729f335ff47d4f2e59c62a77fc77d8cdc8db568839126dcc5cf41f884a7,Equal,11,14086150231894426248,1.8349999999999997,0.06982288828337875,9,True,True,9,0.0,False,0.2,False
trained-recurrent-17-equal-012,recurrent,17,116,4146b729f335ff47d4f2e59c62a77fc77d8cdc8db568839126dcc5cf41f884a7,Equal,12,6656486447066588326,1.68,0.12462797619047622,8,True,True,8,0.0,False,0.2,False
trained-recurrent-17-equal-013,recurrent,17,116,4146b729f335ff47d4f2e59c62a77fc77d8cdc8db568839126dcc5cf41f884a7,Equal,13,1440147327772382864,1.5725,0.1043322734499205,7,True,True,7,0.0,False,0.15,False
trained-recurrent-17-equal-014,recurrent,17,116,4146b729f335ff47d4f2e59c62a77fc77d8cdc8db568839126dcc5cf41f884a7,Equal,14,648335343187523875,1.53,0.08578431372549021,7,True,True,7,0.0,False,0.15,False
trained-recurrent-17-equal-015,recurrent,17,116,4146b729f335ff47d4f2e59c62a77fc77d8cdc8db568839126dcc5cf41f884a7,Equal,15,10821980071808908048,1.535,0.1547231270358306,7,True,True,7,0.0,False,0.15,False
trained-recurrent-17-equal-016,recurrent,17,116,4146b729f335ff47d4f2e59c62a77fc77d8cdc8db568839126dcc5cf41f884a7,Equal,16,9577728307063978885,2.5074999999999994,0.06418245264207377,16,True,True,16,0.0,False,0.375,False
trained-recurrent-17-equal-017,recurrent,17,116,4146b729f335ff47d4f2e59c62a77fc77d8cdc8db568839126dcc5cf41f884a7,Equal,17,1796298111126797386,2.6274999999999995,0.17186013320647006,17,True,True,17,0.0,False,0.4,False
trained-recurrent-17-equal-018,recurrent,17,116,4146b729f335ff47d4f2e59c62a77fc77d8cdc8db568839126dcc5cf41f884a7,Equal,18,7984761978393222128,1.6524999999999999,0.08793494704992437,6,True,True,6,0.0,False,0.15,False
trained-recurrent-17-equal-019,recurrent,17,116,4146b729f335ff47d4f2e59c62a77fc77d8cdc8db568839126dcc5cf41f884a7,Equal,19,13865885144139846745,2.3474999999999997,0.13112353567625137,13,True,True,13,0.0,False,0.3,False
trained-recurrent-17-equal-020,recurrent,17,116,4146b729f335ff47d4f2e59c62a77fc77d8cdc8db568839126dcc5cf41f884a7,Equal,20,14253851115557150953,1.7799999999999998,0.07373595505617979,15,True,True,15,0.0,False,0.35,False
trained-recurrent-17-equal-021,recurrent,17,116,4146b729f335ff47d4f2e59c62a77fc77d8cdc8db568839126dcc5cf41f884a7,Equal,21,12157084906890588591,1.3424999999999998,0.029096834264432023,5,True,True,5,0.0,False,0.1,False
trained-recurrent-17-equal-022,recurrent,17,116,4146b729f335ff47d4f2e59c62a77fc77d8cdc8db568839126dcc5cf41f884a7,Equal,22,7080225130865423831,1.8424999999999998,0.12296472184531884,10,True,True,10,0.0,False,0.225,False
trained-recurrent-17-equal-023,recurrent,17,116,4146b729f335ff47d4f2e59c62a77fc77d8cdc8db568839126dcc5cf41f884a7,Equal,23,2937384709799595985,1.5325,0.17230831973898858,5,True,True,5,0.0,False,0.125,False
trained-recurrent-17-equal-024,recurrent,17,116,4146b729f335ff47d4f2e59c62a77fc77d8cdc8db568839126dcc5cf41f884a7,Equal,24,1178459614135164389,1.6975,0.23472017673048604,7,True,True,7,0.0,False,0.15,False
trained-recurrent-17-equal-025,recurrent,17,116,4146b729f335ff47d4f2e59c62a77fc77d8cdc8db568839126dcc5cf41f884a7,Equal,25,4484380145360083350,6.097499999999999,0.13402009020090205,40,False,False,,95.19999999999999,True,1.0,False
trained-recurrent-17-equal-026,recurrent,17,116,4146b729f335ff47d4f2e59c62a77fc77d8cdc8db568839126dcc5cf41f884a7,Equal,26,9652798674624469714,2.3974999999999995,0.14403023983315957,18,True,True,18,0.0,False,0.425,False
trained-recurrent-17-equal-027,recurrent,17,116,4146b729f335ff47d4f2e59c62a77fc77d8cdc8db568839126dcc5cf41f884a7,Equal,27,8966182218847416845,1.4075,0.12100355239786857,5,True,True,5,0.0,False,0.1,False
trained-recurrent-17-equal-028,recurrent,17,116,4146b729f335ff47d4f2e59c62a77fc77d8cdc8db568839126dcc5cf41f884a7,Equal,28,5941761884449304019,1.67,0.15157185628742514,8,True,True,8,0.0,False,0.175,False
trained-recurrent-17-equal-029,recurrent,17,116,4146b729f335ff47d4f2e59c62a77fc77d8cdc8db568839126dcc5cf41f884a7,Equal,29,11903131092381310903,1.54,0.12378246753246747,6,True,True,6,0.0,False,0.125,False
trained-recurrent-17-equal-030,recurrent,17,116,4146b729f335ff47d4f2e59c62a77fc77d8cdc8db568839126dcc5cf41f884a7,Equal,30,4162837150372011096,2.02,0.055693069306930715,10,True,True,10,0.0,False,0.225,False
trained-recurrent-17-equal-031,recurrent,17,116,4146b729f335ff47d4f2e59c62a77fc77d8cdc8db568839126dcc5cf41f884a7,Equal,31,4564137490645907728,1.6224999999999998,0.13963790446841293,6,True,True,6,0.0,False,0.125,False
trained-recurrent-17-equal-032,recurrent,17,116,4146b729f335ff47d4f2e59c62a77fc77d8cdc8db568839126dcc5cf41f884a7,Equal,32,10936354821508160248,1.54,0.16639610389610388,7,True,True,7,0.0,False,0.15,False
trained-recurrent-17-equal-033,recurrent,17,116,4146b729f335ff47d4f2e59c62a77fc77d8cdc8db568839126dcc5cf41f884a7,Equal,33,2650938261958528861,3.135,0.10665869218500798,30,True,True,30,0.0,False,0.725,False
trained-recurrent-17-equal-034,recurrent,17,116,4146b729f335ff47d4f2e59c62a77fc77d8cdc8db568839126dcc5cf41f884a7,Equal,34,18038250659209851543,1.3824999999999998,0.08476491862567814,4,True,True,4,0.0,False,0.1,False
trained-recurrent-17-equal-035,recurrent,17,116,4146b729f335ff47d4f2e59c62a77fc77d8cdc8db568839126dcc5cf41f884a7,Equal,35,14370425335399267684,1.49,0.1572986577181208,5,True,True,5,0.0,False,0.1,False
trained-recurrent-17-equal-036,recurrent,17,116,4146b729f335ff47d4f2e59c62a77fc77d8cdc8db568839126dcc5cf41f884a7,Equal,36,3276252004662131393,2.2899999999999996,0.09552401746724892,12,True,True,12,0.0,False,0.275,False
trained-recurrent-17-equal-037,recurrent,17,116,4146b729f335ff47d4f2e59c62a77fc77d8cdc8db568839126dcc5cf41f884a7,Equal,37,10695310734720599376,2.0175,0.15257125154894674,9,True,True,9,0.0,False,0.2,False
trained-recurrent-17-equal-038,recurrent,17,116,4146b729f335ff47d4f2e59c62a77fc77d8cdc8db568839126dcc5cf41f884a7,Equal,38,14447786839003334497,2.9974999999999996,0.12562552126772308,17,True,True,17,0.0,False,0.4,False
trained-recurrent-17-equal-039,recurrent,17,116,4146b729f335ff47d4f2e59c62a77fc77d8cdc8db568839126dcc5cf41f884a7,Equal,39,4128699797167127739,1.7,0.05882352941176471,9,True,True,9,0.0,False,0.2,False
trained-recurrent-17-equal-040,recurrent,17,116,4146b729f335ff47d4f2e59c62a77fc77d8cdc8db568839126dcc5cf41f884a7,Equal,40,16281386669552022697,2.9174999999999995,0.03695372750642673,16,True,True,16,0.0,False,0.375,False
trained-recurrent-17-equal-041,recurrent,17,116,4146b729f335ff47d4f2e59c62a77fc77d8cdc8db568839126dcc5cf41f884a7,Equal,41,1883192081081744004,1.8925,0.07843461030383093,9,True,True,9,0.0,False,0.2,False
trained-recurrent-17-equal-042,recurrent,17,116,4146b729f335ff47d4f2e59c62a77fc77d8cdc8db568839126dcc5cf41f884a7,Equal,42,17070904694020388822,1.9849999999999999,0.193639798488665,14,True,True,14,0.0,False,0.325,False
trained-recurrent-17-equal-043,recurrent,17,116,4146b729f335ff47d4f2e59c62a77fc77d8cdc8db568839126dcc5cf41f884a7,Equal,43,5897870739809837456,1.785,0.16456582633053224,8,True,True,8,0.0,False,0.175,False
trained-recurrent-17-equal-044,recurrent,17,116,4146b729f335ff47d4f2e59c62a77fc77d8cdc8db568839126dcc5cf41f884a7,Equal,44,1737085562345109868,2.05,0.18140243902439024,11,True,True,11,0.0,False,0.25,False
trained-recurrent-17-equal-045,recurrent,17,116,4146b729f335ff47d4f2e59c62a77fc77d8cdc8db568839126dcc5cf41f884a7,Equal,45,1976055428935627046,1.5074999999999998,0.10053897180762852,5,True,True,5,0.0,False,0.125,False
trained-recurrent-17-equal-046,recurrent,17,116,4146b729f335ff47d4f2e59c62a77fc77d8cdc8db568839126dcc5cf41f884a7,Equal,46,1312923343429894796,1.625,0.1326923076923077,8,True,True,8,0.0,False,0.175,False
trained-recurrent-17-equal-047,recurrent,17,116,4146b729f335ff47d4f2e59c62a77fc77d8cdc8db568839126dcc5cf41f884a7,Equal,47,15741683580066617259,2.19,0.08418949771689499,11,True,True,11,0.0,False,0.25,False
trained-recurrent-17-equal-048,recurrent,17,116,4146b729f335ff47d4f2e59c62a77fc77d8cdc8db568839126dcc5cf41f884a7,Equal,48,9270460126657970647,1.4649999999999999,0.07252559726962458,5,True,True,5,0.0,False,0.1,False
trained-recurrent-17-equal-049,recurrent,17,116,4146b729f335ff47d4f2e59c62a77fc77d8cdc8db568839126dcc5cf41f884a7,Equal,49,5743700088747448031,1.32,0.05208333333333332,3,True,True,3,0.0,False,0.075,False
trained-recurrent-17-equal-050,recurrent,17,116,4146b729f335ff47d4f2e59c62a77fc77d8cdc8db568839126dcc5cf41f884a7,Equal,50,13845945820742229223,2.0799999999999996,0.08112980769230771,18,True,True,18,0.0,False,0.425,False
trained-recurrent-17-equal-051,recurrent,17,116,4146b729f335ff47d4f2e59c62a77fc77d8cdc8db568839126dcc5cf41f884a7,Equal,51,4160339850309444990,1.9249999999999996,0.1866883116883117,12,True,True,12,0.0,False,0.275,False
trained-recurrent-17-equal-052,recurrent,17,116,4146b729f335ff47d4f2e59c62a77fc77d8cdc8db568839126dcc5cf41f884a7,Equal,52,402274214938883528,1.58,0.17602848101265825,9,True,True,9,0.0,False,0.2,False
trained-recurrent-17-equal-053,recurrent,17,116,4146b729f335ff47d4f2e59c62a77fc77d8cdc8db568839126dcc5cf41f884a7,Equal,53,6828686727759356268,1.6549999999999998,0.04154078549848942,7,True,True,7,0.0,False,0.15,False
trained-recurrent-17-equal-054,recurrent,17,116,4146b729f335ff47d4f2e59c62a77fc77d8cdc8db568839126dcc5cf41f884a7,Equal,54,16461103447161002790,1.7399999999999998,0.21910919540229887,8,True,True,8,0.0,False,0.175,False
trained-recurrent-17-equal-055,recurrent,17,116,4146b729f335ff47d4f2e59c62a77fc77d8cdc8db568839126dcc5cf41f884a7,Equal,55,14120706429496890887,1.835,0.11069482288828339,7,True,True,7,0.0,False,0.15,False
trained-recurrent-17-equal-056,recurrent,17,116,4146b729f335ff47d4f2e59c62a77fc77d8cdc8db568839126dcc5cf41f884a7,Equal,56,14726396842032145637,1.8099999999999998,0.1812845303867403,8,True,True,8,0.0,False,0.175,False
trained-recurrent-17-equal-057,recurrent,17,116,4146b729f335ff47d4f2e59c62a77fc77d8cdc8db568839126dcc5cf41f884a7,Equal,57,16118012265010375955,1.7674999999999996,0.09282178217821781,7,True,True,7,0.0,False,0.15,False
trained-recurrent-17-equal-058,recurrent,17,116,4146b729f335ff47d4f2e59c62a77fc77d8cdc8db568839126dcc5cf41f884a7,Equal,58,13360735530189121042,2.2725,0.17120462046204624,16,True,True,16,0.0,False,0.375,False
trained-recurrent-17-equal-059,recurrent,17,116,4146b729f335ff47d4f2e59c62a77fc77d8cdc8db568839126dcc5cf41f884a7,Equal,59,12308495379151060536,1.68,0.16183035714285712,10,True,True,10,0.0,False,0.225,False
trained-recurrent-17-equal-060,recurrent,17,116,4146b729f335ff47d4f2e59c62a77fc77d8cdc8db568839126dcc5cf41f884a7,Equal,60,2647874738743494951,1.3975,0.07043828264758493,6,True,True,6,0.0,False,0.125,False
trained-recurrent-17-equal-061,recurrent,17,116,4146b729f335ff47d4f2e59c62a77fc77d8cdc8db568839126dcc5cf41f884a7,Equal,61,7347178733778606755,1.6849999999999998,0.037091988130563795,7,True,True,7,0.0,False,0.15,False
trained-recurrent-17-equal-062,recurrent,17,116,4146b729f335ff47d4f2e59c62a77fc77d8cdc8db568839126dcc5cf41f884a7,Equal,62,5510996169098151011,3.1149999999999993,0.11336276083467094,21,True,True,21,0.0,False,0.5,False
trained-recurrent-17-equal-063,recurrent,17,116,4146b729f335ff47d4f2e59c62a77fc77d8cdc8db568839126dcc5cf41f884a7,Equal,63,11165501015250155071,1.4125,0.11172566371681417,4,True,True,4,0.0,False,0.1,False
trained-recurrent-17-interpolating-000,recurrent,17,116,4146b729f335ff47d4f2e59c62a77fc77d8cdc8db568839126dcc5cf41f884a7,Interpolating,0,922606269192883734,1.7374999999999998,0.05071895893620054,10,True,True,10,0.0,False,0.1875,True
trained-recurrent-17-interpolating-001,recurrent,17,116,4146b729f335ff47d4f2e59c62a77fc77d8cdc8db568839126dcc5cf41f884a7,Interpolating,1,11823722606494303374,1.52,0.08552631544664241,12,True,True,12,0.0,False,0.11875,True
trained-recurrent-17-interpolating-002,recurrent,17,116,4146b729f335ff47d4f2e59c62a77fc77d8cdc8db568839126dcc5cf41f884a7,Interpolating,2,6878722928611492550,8.679999999999998,0.3532813196062213,40,False,False,,1.4,True,0.5125,True
trained-recurrent-17-interpolating-003,recurrent,17,116,4146b729f335ff47d4f2e59c62a77fc77d8cdc8db568839126dcc5cf41f884a7,Interpolating,3,16424031381938466435,1.94,0.19651982331891168,9,True,True,9,0.0,False,0.15625,True
trained-recurrent-17-interpolating-004,recurrent,17,116,4146b729f335ff47d4f2e59c62a77fc77d8cdc8db568839126dcc5cf41f884a7,Interpolating,4,5967451973595286595,1.53,0.04493460044496216,6,True,True,6,0.0,False,0.1,True
trained-recurrent-17-interpolating-005,recurrent,17,116,4146b729f335ff47d4f2e59c62a77fc77d8cdc8db568839126dcc5cf41f884a7,Interpolating,5,16078285352458281779,1.8175,0.18878954534781503,15,True,True,15,0.0,False,0.18125,True
trained-recurrent-17-interpolating-006,recurrent,17,116,4146b729f335ff47d4f2e59c62a77fc77d8cdc8db568839126dcc5cf41f884a7,Interpolating,6,17387662496644666764,1.35,0.0462962962962963,7,True,True,7,0.0,False,0.06875,True
trained-recurrent-17-interpolating-007,recurrent,17,116,4146b729f335ff47d4f2e59c62a77fc77d8cdc8db568839126dcc5cf41f884a7,Interpolating,7,16412905506431550481,3.7549999999999994,0.33255359105497195,40,False,False,,53.199999999999996,True,0.40625,True
trained-recurrent-17-interpolating-008,recurrent,17,116,4146b729f335ff47d4f2e59c62a77fc77d8cdc8db568839126dcc5cf41f884a7,Interpolating,8,9002539037074307357,6.216249999999999,0.2706359726545705,33,True,True,33,0.0,False,0.4,True
trained-recurrent-17-interpolating-009,recurrent,17,116,4146b729f335ff47d4f2e59c62a77fc77d8cdc8db568839126dcc5cf41f884a7,Interpolating,9,4329730365069625862,4.554999999999999,0.45992806918815293,27,True,True,27,0.0,False,0.3,True
trained-recurrent-17-interpolating-010,recurrent,17,116,4146b729f335ff47d4f2e59c62a77fc77d8cdc8db568839126dcc5cf41f884a7,Interpolating,10,4952830783659757698,2.7424999999999997,0.24236589736290234,25,True,True,25,0.0,False,0.2375,True
trained-recurrent-17-interpolating-011,recurrent,17,116,4146b729f335ff47d4f2e59c62a77fc77d8cdc8db568839126dcc5cf41f884a7,Interpolating,11,11820129771236568377,6.262499999999999,0.23101982387620368,40,False,False,,141.39999999999998,True,0.60625,True
trained-recurrent-17-interpolating-012,recurrent,17,116,4146b729f335ff47d4f2e59c62a77fc77d8cdc8db568839126dcc5cf41f884a7,Interpolating,12,1389309881441580573,2.1075,0.213819514473831,11,True,True,11,0.0,False,0.18125,True
trained-recurrent-17-interpolating-013,recurrent,17,116,4146b729f335ff47d4f2e59c62a77fc77d8cdc8db568839126dcc5cf41f884a7,Interpolating,13,16461675311885846777,3.9787499999999993,0.19633451175085043,16,True,True,16,0.0,False,0.25625,True
trained-recurrent-17-interpolating-014,recurrent,17,116,4146b729f335ff47d4f2e59c62a77fc77d8cdc8db568839126dcc5cf41f884a7,Interpolating,14,5055057430376591236,1.4725,0.07258064514855003,5,True,True,5,0.0,False,0.08125,True
trained-recurrent-17-interpolating-015,recurrent,17,116,4146b729f335ff47d4f2e59c62a77fc77d8cdc8db568839126dcc5cf41f884a7,Interpolating,15,12844419120486395039,1.9024999999999999,0.11327138659697558,11,True,True,11,0.0,False,0.19375,True
trained-recurrent-17-interpolating-016,recurrent,17,116,4146b729f335ff47d4f2e59c62a77fc77d8cdc8db568839126dcc5cf41f884a7,Interpolating,16,14567249414196307707,1.41,0.053191489165709156,5,True,True,5,0.0,False,0.0625,True
trained-recurrent-17-interpolating-017,recurrent,17,116,4146b729f335ff47d4f2e59c62a77fc77d8cdc8db568839126dcc5cf41f884a7,Interpolating,17,8621731711037263651,2.91625,0.3680342987220838,40,False,False,,15.399999999999999,True,0.2875,True
trained-recurrent-17-interpolating-018,recurrent,17,116,4146b729f335ff47d4f2e59c62a77fc77d8cdc8db568839126dcc5cf41f884a7,Interpolating,18,10922518555603030427,3.1024999999999996,0.31324495348031506,37,True,True,37,0.0,False,0.31875,True
trained-recurrent-17-interpolating-019,recurrent,17,116,4146b729f335ff47d4f2e59c62a77fc77d8cdc8db568839126dcc5cf41f884a7,Interpolating,19,431377355820760297,1.96,0.05533574211902853,8,True,True,8,0.0,False,0.15,True
trained-recurrent-17-interpolating-020,recurrent,17,116,4146b729f335ff47d4f2e59c62a77fc77d8cdc8db568839126dcc5cf41f884a7,Interpolating,20,2455102369963628382,4.08125,0.4127151623980781,40,False,False,,62.99999999999999,True,0.31875,True
trained-recurrent-17-interpolating-021,recurrent,17,116,4146b729f335ff47d4f2e59c62a77fc77d8cdc8db568839126dcc5cf41f884a7,Interpolating,21,12728905299855227938,1.9799999999999998,0.12124636494264329,11,True,True,11,0.0,False,0.125,True
trained-recurrent-17-interpolating-022,recurrent,17,116,4146b729f335ff47d4f2e59c62a77fc77d8cdc8db568839126dcc5cf41f884a7,Interpolating,22,13120553307747728025,1.745,0.1275071047461034,11,True,True,11,0.0,False,0.1375,True
trained-recurrent-17-interpolating-023,recurrent,17,116,4146b729f335ff47d4f2e59c62a77fc77d8cdc8db568839126dcc5cf41f884a7,Interpolating,23,3139413410312977357,2.2199999999999998,0.29615438260181354,12,True,True,12,0.0,False,0.10625,True
trained-recurrent-17-interpolating-024,recurrent,17,116,4146b729f335ff47d4f2e59c62a77fc77d8cdc8db568839126dcc5cf41f884a7,Interpolating,24,4326596056332998048,1.5225,0.07921702657208579,6,True,True,6,0.0,False,0.08125,True
trained-recurrent-17-interpolating-025,recurrent,17,116,4146b729f335ff47d4f2e59c62a77fc77d8cdc8db568839126dcc5cf41f884a7,Interpolating,25,13281501129528367229,1.4449999999999998,0.04844290657391977,5,True,True,5,0.0,False,0.08125,True
trained-recurrent-17-interpolating-026,recurrent,17,116,4146b729f335ff47d4f2e59c62a77fc77d8cdc8db568839126dcc5cf41f884a7,Interpolating,26,13318406457660060164,1.815,0.05922862618875503,18,True,True,18,0.0,False,0.26875,True
trained-recurrent-17-interpolating-027,recurrent,17,116,4146b729f335ff47d4f2e59c62a77fc77d8cdc8db568839126dcc5cf41f884a7,Interpolating,27,1781400155288024247,3.4624999999999995,0.4228149183691588,18,True,True,18,0.0,False,0.16875,True
trained-recurrent-17-interpolating-028,recurrent,17,116,4146b729f335ff47d4f2e59c62a77fc77d8cdc8db568839126dcc5cf41f884a7,Interpolating,28,14053744425352299569,2.1,0.169450539294684,10,True,True,10,0.0,False,0.175,True
trained-recurrent-17-interpolating-029,recurrent,17,116,4146b729f335ff47d4f2e59c62a77fc77d8cdc8db568839126dcc5cf41f884a7,Interpolating,29,6617230652652136118,1.54,0.05438311680033614,9,True,True,9,0.0,False,0.15,True
trained-recurrent-17-interpolating-030,recurrent,17,116,4146b729f335ff47d4f2e59c62a77fc77d8cdc8db568839126dcc5cf41f884a7,Interpolating,30,17282504438980044086,8.237499999999999,0.15890827630753113,40,False,False,,89.6,True,0.675,True
trained-recurrent-17-interpolating-031,recurrent,17,116,4146b729f335ff47d4f2e59c62a77fc77d8cdc8db568839126dcc5cf41f884a7,Interpolating,31,6623123528894021003,6.468749999999999,0.19077739754103484,40,False,False,,200.0,True,0.55,True
trained-recurrent-17-interpolating-032,recurrent,17,116,4146b729f335ff47d4f2e59c62a77fc77d8cdc8db568839126dcc5cf41f884a7,Interpolating,32,5123675124000565874,2.1725,0.18210389803197954,15,True,True,15,0.0,False,0.2375,True
trained-recurrent-17-interpolating-033,recurrent,17,116,4146b729f335ff47d4f2e59c62a77fc77d8cdc8db568839126dcc5cf41f884a7,Interpolating,33,331482488545872731,1.5775,0.1065768621236079,8,True,True,8,0.0,False,0.11875,True
trained-recurrent-17-interpolating-034,recurrent,17,116,4146b729f335ff47d4f2e59c62a77fc77d8cdc8db568839126dcc5cf41f884a7,Interpolating,34,18422095748856432903,8.523749999999998,0.2646614141952734,40,False,False,,14.0,True,0.6125,True
trained-recurrent-17-interpolating-035,recurrent,17,116,4146b729f335ff47d4f2e59c62a77fc77d8cdc8db568839126dcc5cf41f884a7,Interpolating,35,11298912012708128788,3.6374999999999997,0.4127387082981829,15,True,True,15,0.0,False,0.19375,True
trained-recurrent-17-interpolating-036,recurrent,17,116,4146b729f335ff47d4f2e59c62a77fc77d8cdc8db568839126dcc5cf41f884a7,Interpolating,36,18099366547008892802,1.8025,0.07858609535033377,9,True,True,9,0.0,False,0.14375,True
trained-recurrent-17-interpolating-037,recurrent,17,116,4146b729f335ff47d4f2e59c62a77fc77d8cdc8db568839126dcc5cf41f884a7,Interpolating,37,7683784379619473898,2.84,0.26936156329390143,32,True,True,32,0.0,False,0.275,True
trained-recurrent-17-interpolating-038,recurrent,17,116,4146b729f335ff47d4f2e59c62a77fc77d8cdc8db568839126dcc5cf41f884a7,Interpolating,38,15140461665514062254,2.9475,0.3606735219020038,21,True,True,21,0.0,False,0.2375,True
trained-recurrent-17-interpolating-039,recurrent,17,116,4146b729f335ff47d4f2e59c62a77fc77d8cdc8db568839126dcc5cf41f884a7,Interpolating,39,1619157398885897744,3.5124999999999993,0.2752116444518754,23,True,True,23,0.0,False,0.23125,True
trained-recurrent-17-interpolating-040,recurrent,17,116,4146b729f335ff47d4f2e59c62a77fc77d8cdc8db568839126dcc5cf41f884a7,Interpolating,40,15319274728870224964,2.6824999999999997,0.3413327086745198,30,True,True,30,0.0,False,0.30625,True
trained-recurrent-17-interpolating-041,recurrent,17,116,4146b729f335ff47d4f2e59c62a77fc77d8cdc8db568839126dcc5cf41f884a7,Interpolating,41,12046343484517395635,7.782499999999999,0.2985305435680356,37,True,True,37,0.0,False,0.575,True
trained-recurrent-17-interpolating-042,recurrent,17,116,4146b729f335ff47d4f2e59c62a77fc77d8cdc8db568839126dcc5cf41f884a7,Interpolating,42,10223518078113485514,1.8099999999999998,0.1678176787434336,11,True,True,11,0.0,False,0.1375,True
trained-recurrent-17-interpolating-043,recurrent,17,116,4146b729f335ff47d4f2e59c62a77fc77d8cdc8db568839126dcc5cf41f884a7,Interpolating,43,6626996031927551391,2.295,0.2096928874665617,18,True,True,18,0.0,False,0.2125,True
trained-recurrent-17-interpolating-044,recurrent,17,116,4146b729f335ff47d4f2e59c62a77fc77d8cdc8db568839126dcc5cf41f884a7,Interpolating,44,10218678328121397200,1.3824999999999998,0.06735985533453338,3,True,True,3,0.0,False,0.04375,True
trained-recurrent-17-interpolating-045,recurrent,17,116,4146b729f335ff47d4f2e59c62a77fc77d8cdc8db568839126dcc5cf41f884a7,Interpolating,45,879002154629048963,2.0999999999999996,0.224404503462289,14,True,True,14,0.0,False,0.1625,True
trained-recurrent-17-interpolating-046,recurrent,17,116,4146b729f335ff47d4f2e59c62a77fc77d8cdc8db568839126dcc5cf41f884a7,Interpolating,46,6258725595803305984,1.7725,0.2133286318600056,29,True,True,29,0.0,False,0.225,True
trained-recurrent-17-interpolating-047,recurrent,17,116,4146b729f335ff47d4f2e59c62a77fc77d8cdc8db568839126dcc5cf41f884a7,Interpolating,47,15928868332319703073,4.1175,0.22649855523249676,13,True,True,13,0.0,False,0.275,True
trained-recurrent-17-interpolating-048,recurrent,17,116,4146b729f335ff47d4f2e59c62a77fc77d8cdc8db568839126dcc5cf41f884a7,Interpolating,48,15117712201387620959,1.3824999999999998,0.05560578661571228,4,True,True,4,0.0,False,0.05,True
trained-recurrent-17-interpolating-049,recurrent,17,116,4146b729f335ff47d4f2e59c62a77fc77d8cdc8db568839126dcc5cf41f884a7,Interpolating,49,2024803206856223476,1.525,0.08606557362003127,11,True,True,11,0.0,False,0.11875,True
trained-recurrent-17-interpolating-050,recurrent,17,116,4146b729f335ff47d4f2e59c62a77fc77d8cdc8db568839126dcc5cf41f884a7,Interpolating,50,16019818423265706630,1.45,0.045689655136433506,4,True,True,4,0.0,False,0.09375,True
trained-recurrent-17-interpolating-051,recurrent,17,116,4146b729f335ff47d4f2e59c62a77fc77d8cdc8db568839126dcc5cf41f884a7,Interpolating,51,3488455688723735573,2.0575,0.10582870194280594,16,True,True,16,0.0,False,0.18125,True
trained-recurrent-17-interpolating-052,recurrent,17,116,4146b729f335ff47d4f2e59c62a77fc77d8cdc8db568839126dcc5cf41f884a7,Interpolating,52,14866537452763199297,2.03,0.18226557446962707,8,True,True,8,0.0,False,0.11875,True
trained-recurrent-17-interpolating-053,recurrent,17,116,4146b729f335ff47d4f2e59c62a77fc77d8cdc8db568839126dcc5cf41f884a7,Interpolating,53,17408467398863970882,1.4375,0.06565217390056041,6,True,True,6,0.0,False,0.075,True
trained-recurrent-17-interpolating-054,recurrent,17,116,4146b729f335ff47d4f2e59c62a77fc77d8cdc8db568839126dcc5cf41f884a7,Interpolating,54,10918457706554242081,2.3175,0.26615430722921524,22,True,True,22,0.0,False,0.2,True
trained-recurrent-17-interpolating-055,recurrent,17,116,4146b729f335ff47d4f2e59c62a77fc77d8cdc8db568839126dcc5cf41f884a7,Interpolating,55,10632344093671665818,7.136249999999998,0.547760634010121,40,False,False,,79.8,True,0.36875,True
trained-recurrent-17-interpolating-056,recurrent,17,116,4146b729f335ff47d4f2e59c62a77fc77d8cdc8db568839126dcc5cf41f884a7,Interpolating,56,10934863731300264188,8.731249999999998,0.463887137509895,40,True,True,40,0.0,False,0.4875,True
trained-recurrent-17-interpolating-057,recurrent,17,116,4146b729f335ff47d4f2e59c62a77fc77d8cdc8db568839126dcc5cf41f884a7,Interpolating,57,11616126177546954985,1.645,0.10486321307503646,11,True,True,11,0.0,False,0.125,True
trained-recurrent-17-interpolating-058,recurrent,17,116,4146b729f335ff47d4f2e59c62a77fc77d8cdc8db568839126dcc5cf41f884a7,Interpolating,58,9918697956990936861,1.4925,0.04229477159297664,4,True,True,4,0.0,False,0.0625,True
trained-recurrent-17-interpolating-059,recurrent,17,116,4146b729f335ff47d4f2e59c62a77fc77d8cdc8db568839126dcc5cf41f884a7,Interpolating,59,8152567554423919378,2.3149999999999995,0.24943021865712597,8,True,True,8,0.0,False,0.13125,True
trained-recurrent-17-interpolating-060,recurrent,17,116,4146b729f335ff47d4f2e59c62a77fc77d8cdc8db568839126dcc5cf41f884a7,Interpolating,60,5193042129267196513,6.108749999999999,0.31913151934913364,29,True,True,29,0.0,False,0.48125,True
trained-recurrent-17-interpolating-061,recurrent,17,116,4146b729f335ff47d4f2e59c62a77fc77d8cdc8db568839126dcc5cf41f884a7,Interpolating,61,9941109311078180428,1.4324999999999999,0.06413612564377176,6,True,True,6,0.0,False,0.0875,True
trained-recurrent-17-interpolating-062,recurrent,17,116,4146b729f335ff47d4f2e59c62a77fc77d8cdc8db568839126dcc5cf41f884a7,Interpolating,62,5859714291536708275,1.66,0.10993974966746511,8,True,True,8,0.0,False,0.11875,True
trained-recurrent-17-interpolating-063,recurrent,17,116,4146b729f335ff47d4f2e59c62a77fc77d8cdc8db568839126dcc5cf41f884a7,Interpolating,63,11715758967977758260,1.8675,0.07862263291530135,7,True,True,7,0.0,False,0.13125,True
trained-recurrent-17-mixed-000,recurrent,17,116,4146b729f335ff47d4f2e59c62a77fc77d8cdc8db568839126dcc5cf41f884a7,Mixed,0,11693184006193655110,1.7325,0.06574675324675328,9,True,True,9,0.0,False,0.16875,False
trained-recurrent-17-mixed-001,recurrent,17,116,4146b729f335ff47d4f2e59c62a77fc77d8cdc8db568839126dcc5cf41f884a7,Mixed,1,3097829693800685797,1.5775,0.04070919175911253,6,True,True,6,0.0,False,0.1125,False
trained-recurrent-17-mixed-002,recurrent,17,116,4146b729f335ff47d4f2e59c62a77fc77d8cdc8db568839126dcc5cf41f884a7,Mixed,2,10968350454564092249,6.631249999999999,0.08791001036589591,36,True,True,36,0.0,False,0.8375,False
trained-recurrent-17-mixed-003,recurrent,17,116,4146b729f335ff47d4f2e59c62a77fc77d8cdc8db568839126dcc5cf41f884a7,Mixed,3,10843537105896734661,2.4274999999999998,0.07936405767250261,18,True,True,18,0.0,False,0.4,False
trained-recurrent-17-mixed-004,recurrent,17,116,4146b729f335ff47d4f2e59c62a77fc77d8cdc8db568839126dcc5cf41f884a7,Mixed,4,2725972636071396495,5.004999999999999,0.056848972944863414,40,False,False,,42.0,True,1.0,False
trained-recurrent-17-mixed-005,recurrent,17,116,4146b729f335ff47d4f2e59c62a77fc77d8cdc8db568839126dcc5cf41f884a7,Mixed,5,9511861904886916718,1.8425,0.0521540027137042,8,True,True,8,0.0,False,0.175,False
trained-recurrent-17-mixed-006,recurrent,17,116,4146b729f335ff47d4f2e59c62a77fc77d8cdc8db568839126dcc5cf41f884a7,Mixed,6,14370672212029807881,1.9649999999999999,0.0672709923664122,12,True,True,12,0.0,False,0.275,False
trained-recurrent-17-mixed-007,recurrent,17,116,4146b729f335ff47d4f2e59c62a77fc77d8cdc8db568839126dcc5cf41f884a7,Mixed,7,12866029369333819657,1.4474999999999998,0.045012953367875676,6,True,True,6,0.0,False,0.125,False
trained-recurrent-17-mixed-008,recurrent,17,116,4146b729f335ff47d4f2e59c62a77fc77d8cdc8db568839126dcc5cf41f884a7,Mixed,8,16423287121287400131,2.64125,0.0678129640811398,16,True,True,16,0.0,False,0.3625,False
trained-recurrent-17-mixed-009,recurrent,17,116,4146b729f335ff47d4f2e59c62a77fc77d8cdc8db568839126dcc5cf41f884a7,Mixed,9,9964552113833291196,1.4124999999999999,0.03683628318584072,5,True,True,5,0.0,False,0.11875,False
trained-recurrent-17-mixed-010,recurrent,17,116,4146b729f335ff47d4f2e59c62a77fc77d8cdc8db568839126dcc5cf41f884a7,Mixed,10,14350474367194228574,1.35,0.03680555555555555,5,True,True,5,0.0,False,0.09375,False
trained-recurrent-17-mixed-011,recurrent,17,116,4146b729f335ff47d4f2e59c62a77fc77d8cdc8db568839126dcc5cf41f884a7,Mixed,11,18434517687812626517,2.1674999999999995,0.08109861591695507,14,True,True,14,0.0,False,0.29375,False
trained-recurrent-17-mixed-012,recurrent,17,116,4146b729f335ff47d4f2e59c62a77fc77d8cdc8db568839126dcc5cf41f884a7,Mixed,12,14166945888328707129,1.65,0.026704545454545443,6,True,True,6,0.0,False,0.1375,False
trained-recurrent-17-mixed-013,recurrent,17,116,4146b729f335ff47d4f2e59c62a77fc77d8cdc8db568839126dcc5cf41f884a7,Mixed,13,9806776406167094679,2.8499999999999996,0.0285949248120301,16,True,True,16,0.0,False,0.35,False
trained-recurrent-17-mixed-014,recurrent,17,116,4146b729f335ff47d4f2e59c62a77fc77d8cdc8db568839126dcc5cf41f884a7,Mixed,14,13808534106723871244,2.5124999999999997,0.07779850746268657,18,True,True,18,0.0,False,0.40625,False
trained-recurrent-17-mixed-015,recurrent,17,116,4146b729f335ff47d4f2e59c62a77fc77d8cdc8db568839126dcc5cf41f884a7,Mixed,15,18206170641581216248,1.6524999999999999,0.017870650529500747,7,True,True,7,0.0,False,0.1375,False
trained-recurrent-17-mixed-016,recurrent,17,116,4146b729f335ff47d4f2e59c62a77fc77d8cdc8db568839126dcc5cf41f884a7,Mixed,16,18434134305217499020,1.6649999999999998,0.0461711711711712,8,True,True,8,0.0,False,0.14375,False
trained-recurrent-17-mixed-017,recurrent,17,116,4146b729f335ff47d4f2e59c62a77fc77d8cdc8db568839126dcc5cf41f884a7,Mixed,17,16206799265977809200,2.5049999999999994,0.11901197604790423,17,True,True,17,0.0,False,0.3625,False
trained-recurrent-17-mixed-018,recurrent,17,116,4146b729f335ff47d4f2e59c62a77fc77d8cdc8db568839126dcc5cf41f884a7,Mixed,18,11999332366128747141,2.6449999999999996,0.08010396975425339,19,True,True,19,0.0,False,0.4125,False
trained-recurrent-17-mixed-019,recurrent,17,116,4146b729f335ff47d4f2e59c62a77fc77d8cdc8db568839126dcc5cf41f884a7,Mixed,19,5611344560600826042,1.5875,0.0575787401574803,6,True,True,6,0.0,False,0.125,False
trained-recurrent-17-mixed-020,recurrent,17,116,4146b729f335ff47d4f2e59c62a77fc77d8cdc8db568839126dcc5cf41f884a7,Mixed,20,14561720548331535902,2.6249999999999996,0.07000000000000005,15,True,True,15,0.0,False,0.3375,False
trained-recurrent-17-mixed-021,recurrent,17,116,4146b729f335ff47d4f2e59c62a77fc77d8cdc8db568839126dcc5cf41f884a7,Mixed,21,17348181863922889178,1.6925,0.01800221565731168,6,True,True,6,0.0,False,0.1125,False
trained-recurrent-17-mixed-022,recurrent,17,116,4146b729f335ff47d4f2e59c62a77fc77d8cdc8db568839126dcc5cf41f884a7,Mixed,22,10431646167334803045,1.55,0.02479838709677423,6,True,True,6,0.0,False,0.13125,False
trained-recurrent-17-mixed-023,recurrent,17,116,4146b729f335ff47d4f2e59c62a77fc77d8cdc8db568839126dcc5cf41f884a7,Mixed,23,12831893455660654645,2.0275,0.09132244143033297,14,True,True,14,0.0,False,0.30625,False
trained-recurrent-17-mixed-024,recurrent,17,116,4146b729f335ff47d4f2e59c62a77fc77d8cdc8db568839126dcc5cf41f884a7,Mixed,24,6262059443007772592,2.3074999999999997,0.09649241603466961,19,True,True,19,0.0,False,0.4,False
trained-recurrent-17-mixed-025,recurrent,17,116,4146b729f335ff47d4f2e59c62a77fc77d8cdc8db568839126dcc5cf41f884a7,Mixed,25,5536587331723246115,1.7474999999999998,0.0812768240343348,7,True,True,7,0.0,False,0.125,False
trained-recurrent-17-mixed-026,recurrent,17,116,4146b729f335ff47d4f2e59c62a77fc77d8cdc8db568839126dcc5cf41f884a7,Mixed,26,13979672816884246587,1.5675,0.08642344497607655,10,True,True,10,0.0,False,0.20625,False
trained-recurrent-17-mixed-027,recurrent,17,116,4146b729f335ff47d4f2e59c62a77fc77d8cdc8db568839126dcc5cf41f884a7,Mixed,27,9510514608232816345,1.6124999999999998,0.024127906976744173,8,True,True,8,0.0,False,0.15625,False
trained-recurrent-17-mixed-028,recurrent,17,116,4146b729f335ff47d4f2e59c62a77fc77d8cdc8db568839126dcc5cf41f884a7,Mixed,28,11850468846187648974,2.7125,0.10593317972350233,13,True,True,13,0.0,False,0.29375,False
trained-recurrent-17-mixed-029,recurrent,17,116,4146b729f335ff47d4f2e59c62a77fc77d8cdc8db568839126dcc5cf41f884a7,Mixed,29,9773519652635138547,1.7275,0.05019898697539797,8,True,True,8,0.0,False,0.15625,False
trained-recurrent-17-mixed-030,recurrent,17,116,4146b729f335ff47d4f2e59c62a77fc77d8cdc8db568839126dcc5cf41f884a7,Mixed,30,18109103595753708605,1.4775,0.06567258883248732,7,True,True,7,0.0,False,0.16875,False
trained-recurrent-17-mixed-031,recurrent,17,116,4146b729f335ff47d4f2e59c62a77fc77d8cdc8db568839126dcc5cf41f884a7,Mixed,31,7426388868689062152,1.4874999999999998,0.030567226890756288,6,True,True,6,0.0,False,0.125,False
trained-recurrent-17-mixed-032,recurrent,17,116,4146b729f335ff47d4f2e59c62a77fc77d8cdc8db568839126dcc5cf41f884a7,Mixed,32,10982252295754481054,1.4725,0.0417020373514431,5,True,True,5,0.0,False,0.09375,False
trained-recurrent-17-mixed-033,recurrent,17,116,4146b729f335ff47d4f2e59c62a77fc77d8cdc8db568839126dcc5cf41f884a7,Mixed,33,18334283805673394264,2.2674999999999996,0.09695424476295482,19,True,True,19,0.0,False,0.4,False
trained-recurrent-17-mixed-034,recurrent,17,116,4146b729f335ff47d4f2e59c62a77fc77d8cdc8db568839126dcc5cf41f884a7,Mixed,34,1580475968414976254,1.7774999999999999,0.04878691983122364,6,True,True,6,0.0,False,0.13125,False
trained-recurrent-17-mixed-035,recurrent,17,116,4146b729f335ff47d4f2e59c62a77fc77d8cdc8db568839126dcc5cf41f884a7,Mixed,35,11736101925292035457,1.8899999999999997,0.0763888888888889,11,True,True,11,0.0,False,0.2375,False
trained-recurrent-17-mixed-036,recurrent,17,116,4146b729f335ff47d4f2e59c62a77fc77d8cdc8db568839126dcc5cf41f884a7,Mixed,36,8937111883181870039,1.6324999999999998,0.04910030627871367,8,True,True,8,0.0,False,0.16875,False
trained-recurrent-17-mixed-037,recurrent,17,116,4146b729f335ff47d4f2e59c62a77fc77d8cdc8db568839126dcc5cf41f884a7,Mixed,37,11803791212012943647,1.72,0.029978197674418613,10,True,True,10,0.0,False,0.20625,False
trained-recurrent-17-mixed-038,recurrent,17,116,4146b729f335ff47d4f2e59c62a77fc77d8cdc8db568839126dcc5cf41f884a7,Mixed,38,18171947541163247481,1.6199999999999999,0.07002314814814814,7,True,True,7,0.0,False,0.15,False
trained-recurrent-17-mixed-039,recurrent,17,116,4146b729f335ff47d4f2e59c62a77fc77d8cdc8db568839126dcc5cf41f884a7,Mixed,39,12579032184386533052,1.4525,0.05195783132530124,6,True,True,6,0.0,False,0.125,False
trained-recurrent-17-mixed-040,recurrent,17,116,4146b729f335ff47d4f2e59c62a77fc77d8cdc8db568839126dcc5cf41f884a7,Mixed,40,4509978586142137710,2.0825,0.07135354141656665,15,True,True,15,0.0,False,0.3125,False
trained-recurrent-17-mixed-041,recurrent,17,116,4146b729f335ff47d4f2e59c62a77fc77d8cdc8db568839126dcc5cf41f884a7,Mixed,41,14641302207530918642,2.0824999999999996,0.10061524609843946,13,True,True,13,0.0,False,0.2625,False
trained-recurrent-17-mixed-042,recurrent,17,116,4146b729f335ff47d4f2e59c62a77fc77d8cdc8db568839126dcc5cf41f884a7,Mixed,42,4756656427138674865,1.9249999999999998,0.08425324675324679,11,True,True,11,0.0,False,0.2375,False
trained-recurrent-17-mixed-043,recurrent,17,116,4146b729f335ff47d4f2e59c62a77fc77d8cdc8db568839126dcc5cf41f884a7,Mixed,43,14356451894362165132,1.4875,0.03434873949579832,9,True,True,9,0.0,False,0.15,False
trained-recurrent-17-mixed-044,recurrent,17,116,4146b729f335ff47d4f2e59c62a77fc77d8cdc8db568839126dcc5cf41f884a7,Mixed,44,10076200870236912808,1.5875,0.04458661417322835,7,True,True,7,0.0,False,0.1375,False
trained-recurrent-17-mixed-045,recurrent,17,116,4146b729f335ff47d4f2e59c62a77fc77d8cdc8db568839126dcc5cf41f884a7,Mixed,45,2684129433044138666,1.5499999999999998,0.03447580645161294,7,True,True,7,0.0,False,0.1375,False
trained-recurrent-17-mixed-046,recurrent,17,116,4146b729f335ff47d4f2e59c62a77fc77d8cdc8db568839126dcc5cf41f884a7,Mixed,46,6317294538268993798,2.03,0.03417487684729066,11,True,True,11,0.0,False,0.21875,False
trained-recurrent-17-mixed-047,recurrent,17,116,4146b729f335ff47d4f2e59c62a77fc77d8cdc8db568839126dcc5cf41f884a7,Mixed,47,4767737085651352328,1.53,0.06311274509803927,8,True,True,8,0.0,False,0.14375,False
trained-recurrent-17-mixed-048,recurrent,17,116,4146b729f335ff47d4f2e59c62a77fc77d8cdc8db568839126dcc5cf41f884a7,Mixed,48,8469156436760044324,1.9474999999999998,0.06330231065468551,19,True,True,19,0.0,False,0.3625,False
trained-recurrent-17-mixed-049,recurrent,17,116,4146b729f335ff47d4f2e59c62a77fc77d8cdc8db568839126dcc5cf41f884a7,Mixed,49,265081458048048968,1.8499999999999999,0.06587837837837836,9,True,True,9,0.0,False,0.1875,False
trained-recurrent-17-mixed-050,recurrent,17,116,4146b729f335ff47d4f2e59c62a77fc77d8cdc8db568839126dcc5cf41f884a7,Mixed,50,10404713457987610441,1.4924999999999997,0.034233668341708545,6,True,True,6,0.0,False,0.125,False
trained-recurrent-17-mixed-051,recurrent,17,116,4146b729f335ff47d4f2e59c62a77fc77d8cdc8db568839126dcc5cf41f884a7,Mixed,51,5169345982879976824,1.48,0.018369932432432436,5,True,True,5,0.0,False,0.1,False
trained-recurrent-17-mixed-052,recurrent,17,116,4146b729f335ff47d4f2e59c62a77fc77d8cdc8db568839126dcc5cf41f884a7,Mixed,52,7442838273807525051,1.625,0.036346153846153875,7,True,True,7,0.0,False,0.14375,False
trained-recurrent-17-mixed-053,recurrent,17,116,4146b729f335ff47d4f2e59c62a77fc77d8cdc8db568839126dcc5cf41f884a7,Mixed,53,1788374245917911973,1.755,0.0512820512820513,8,True,True,8,0.0,False,0.16875,False
trained-recurrent-17-mixed-054,recurrent,17,116,4146b729f335ff47d4f2e59c62a77fc77d8cdc8db568839126dcc5cf41f884a7,Mixed,54,9208276248654495330,1.5125,0.06229338842975208,8,True,True,8,0.0,False,0.1625,False
trained-recurrent-17-mixed-055,recurrent,17,116,4146b729f335ff47d4f2e59c62a77fc77d8cdc8db568839126dcc5cf41f884a7,Mixed,55,13237053565437010092,1.6025,0.019013260530421253,5,True,True,5,0.0,False,0.125,False
trained-recurrent-17-mixed-056,recurrent,17,116,4146b729f335ff47d4f2e59c62a77fc77d8cdc8db568839126dcc5cf41f884a7,Mixed,56,2985758079635430556,4.416249999999999,0.07861547304208005,39,True,True,39,0.0,False,0.93125,False
trained-recurrent-17-mixed-057,recurrent,17,116,4146b729f335ff47d4f2e59c62a77fc77d8cdc8db568839126dcc5cf41f884a7,Mixed,57,12338818025486692690,2.6049999999999995,0.017274472168905968,14,True,True,14,0.0,False,0.2875,False
trained-recurrent-17-mixed-058,recurrent,17,116,4146b729f335ff47d4f2e59c62a77fc77d8cdc8db568839126dcc5cf41f884a7,Mixed,58,8998545467274219745,2.2449999999999997,0.030902004454342987,16,True,True,16,0.0,False,0.3375,False
trained-recurrent-17-mixed-059,recurrent,17,116,4146b729f335ff47d4f2e59c62a77fc77d8cdc8db568839126dcc5cf41f884a7,Mixed,59,4539731234960718536,1.5625,0.04169999999999997,6,True,True,6,0.0,False,0.125,False
trained-recurrent-17-mixed-060,recurrent,17,116,4146b729f335ff47d4f2e59c62a77fc77d8cdc8db568839126dcc5cf41f884a7,Mixed,60,5052797527254766658,2.3349999999999995,0.0570128479657388,13,True,True,13,0.0,False,0.25,False
trained-recurrent-17-mixed-061,recurrent,17,116,4146b729f335ff47d4f2e59c62a77fc77d8cdc8db568839126dcc5cf41f884a7,Mixed,61,14319797008570585416,1.7325,0.03382034632034635,6,True,True,6,0.0,False,0.1375,False
trained-recurrent-17-mixed-062,recurrent,17,116,4146b729f335ff47d4f2e59c62a77fc77d8cdc8db568839126dcc5cf41f884a7,Mixed,62,3249696863224591767,1.5775,0.05378367670364502,7,True,True,7,0.0,False,0.13125,False
trained-recurrent-17-mixed-063,recurrent,17,116,4146b729f335ff47d4f2e59c62a77fc77d8cdc8db568839126dcc5cf41f884a7,Mixed,63,1226644580028137368,2.3362499999999997,0.08742293011013322,15,True,True,15,0.0,False,0.325,False
trained-recurrent-17-proportional-000,recurrent,17,116,4146b729f335ff47d4f2e59c62a77fc77d8cdc8db568839126dcc5cf41f884a7,Proportional,0,14442350616644213893,2.5824999999999996,0.3671345595353339,12,True,True,12,0.0,False,0.13125,False
trained-recurrent-17-proportional-001,recurrent,17,116,4146b729f335ff47d4f2e59c62a77fc77d8cdc8db568839126dcc5cf41f884a7,Proportional,1,17613518807122832062,2.5349999999999997,0.061143984220907284,10,True,True,10,0.0,False,0.19375,False
trained-recurrent-17-proportional-002,recurrent,17,116,4146b729f335ff47d4f2e59c62a77fc77d8cdc8db568839126dcc5cf41f884a7,Proportional,2,11800055567989872449,4.003749999999999,0.46620355916328443,19,True,True,19,0.0,False,0.20625,False
trained-recurrent-17-proportional-003,recurrent,17,116,4146b729f335ff47d4f2e59c62a77fc77d8cdc8db568839126dcc5cf41f884a7,Proportional,3,2574416237339380089,1.3475,0.041280148423005564,3,True,True,3,0.0,False,0.05,False
trained-recurrent-17-proportional-004,recurrent,17,116,4146b729f335ff47d4f2e59c62a77fc77d8cdc8db568839126dcc5cf41f884a7,Proportional,4,9661359410068146518,2.7775,0.21534653465346537,21,True,True,21,0.0,False,0.30625,False
trained-recurrent-17-proportional-005,recurrent,17,116,4146b729f335ff47d4f2e59c62a77fc77d8cdc8db568839126dcc5cf41f884a7,Proportional,5,1672573019418649874,6.987499999999999,0.44566957664296925,40,False,False,,74.19999999999999,True,0.4625,False
trained-recurrent-17-proportional-006,recurrent,17,116,4146b729f335ff47d4f2e59c62a77fc77d8cdc8db568839126dcc5cf41f884a7,Proportional,6,2883053209160262360,3.1599999999999997,0.2943037974683544,21,True,True,21,0.0,False,0.29375,False
trained-recurrent-17-proportional-007,recurrent,17,116,4146b729f335ff47d4f2e59c62a77fc77d8cdc8db568839126dcc5cf41f884a7,Proportional,7,9916943050593220870,1.4175,0.06040564373897709,2,True,True,2,0.0,False,0.04375,False
trained-recurrent-17-proportional-008,recurrent,17,116,4146b729f335ff47d4f2e59c62a77fc77d8cdc8db568839126dcc5cf41f884a7,Proportional,8,11895165029759424944,1.3399999999999999,0.0466417910447761,4,True,True,4,0.0,False,0.05,False
trained-recurrent-17-proportional-009,recurrent,17,116,4146b729f335ff47d4f2e59c62a77fc77d8cdc8db568839126dcc5cf41f884a7,Proportional,9,7051237957101168958,1.4275,0.06611208406304728,8,True,True,8,0.0,False,0.0875,False
trained-recurrent-17-proportional-010,recurrent,17,116,4146b729f335ff47d4f2e59c62a77fc77d8cdc8db568839126dcc5cf41f884a7,Proportional,10,12484783408702927541,1.8375,0.16428571428571428,6,True,True,6,0.0,False,0.1,False
trained-recurrent-17-proportional-011,recurrent,17,116,4146b729f335ff47d4f2e59c62a77fc77d8cdc8db568839126dcc5cf41f884a7,Proportional,11,3146855755583249026,1.7799999999999998,0.04424157303370786,13,True,True,13,0.0,False,0.1875,False
trained-recurrent-17-proportional-012,recurrent,17,116,4146b729f335ff47d4f2e59c62a77fc77d8cdc8db568839126dcc5cf41f884a7,Proportional,12,18104598285941962031,2.5675,0.24269717624148002,13,True,True,13,0.0,False,0.18125,False
trained-recurrent-17-proportional-013,recurrent,17,116,4146b729f335ff47d4f2e59c62a77fc77d8cdc8db568839126dcc5cf41f884a7,Proportional,13,930570720582359836,1.4925,0.043132328308207686,10,True,True,10,0.0,False,0.11875,False
trained-recurrent-17-proportional-014,recurrent,17,116,4146b729f335ff47d4f2e59c62a77fc77d8cdc8db568839126dcc5cf41f884a7,Proportional,14,4903504462547208318,1.9224999999999999,0.14336801040312094,28,True,True,28,0.0,False,0.225,False
trained-recurrent-17-proportional-015,recurrent,17,116,4146b729f335ff47d4f2e59c62a77fc77d8cdc8db568839126dcc5cf41f884a7,Proportional,15,14882048310062812980,2.6224999999999996,0.28765490943755956,23,True,True,23,0.0,False,0.2375,False
trained-recurrent-17-proportional-016,recurrent,17,116,4146b729f335ff47d4f2e59c62a77fc77d8cdc8db568839126dcc5cf41f884a7,Proportional,16,1405664437740860722,8.827499999999999,0.4626482364842925,40,False,False,,193.2,True,0.45625,False
trained-recurrent-17-proportional-017,recurrent,17,116,4146b729f335ff47d4f2e59c62a77fc77d8cdc8db568839126dcc5cf41f884a7,Proportional,17,3890800192684961074,1.8099999999999998,0.11533149171270712,21,True,True,21,0.0,False,0.19375,False
trained-recurrent-17-proportional-018,recurrent,17,116,4146b729f335ff47d4f2e59c62a77fc77d8cdc8db568839126dcc5cf41f884a7,Proportional,18,7718898274904347984,1.7599999999999998,0.03835227272727268,8,True,True,8,0.0,False,0.14375,False
trained-recurrent-17-proportional-019,recurrent,17,116,4146b729f335ff47d4f2e59c62a77fc77d8cdc8db568839126dcc5cf41f884a7,Proportional,19,4704224529074141397,1.525,0.10491803278688523,6,True,True,6,0.0,False,0.075,False
trained-recurrent-17-proportional-020,recurrent,17,116,4146b729f335ff47d4f2e59c62a77fc77d8cdc8db568839126dcc5cf41f884a7,Proportional,20,17769059789335760377,1.6624999999999999,0.1778195488721804,8,True,True,8,0.0,False,0.0875,False
trained-recurrent-17-proportional-021,recurrent,17,116,4146b729f335ff47d4f2e59c62a77fc77d8cdc8db568839126dcc5cf41f884a7,Proportional,21,9169207826884871976,7.789999999999998,0.553433889602054,40,False,False,,200.0,True,0.39375,False
trained-recurrent-17-proportional-022,recurrent,17,116,4146b729f335ff47d4f2e59c62a77fc77d8cdc8db568839126dcc5cf41f884a7,Proportional,22,16343270617080912504,3.1649999999999996,0.419431279620853,40,False,False,,53.199999999999996,True,0.29375,False
trained-recurrent-17-proportional-023,recurrent,17,116,4146b729f335ff47d4f2e59c62a77fc77d8cdc8db568839126dcc5cf41f884a7,Proportional,23,4284801247477158080,2.09,0.1692583732057416,11,True,True,11,0.0,False,0.1625,False
trained-recurrent-17-proportional-024,recurrent,17,116,4146b729f335ff47d4f2e59c62a77fc77d8cdc8db568839126dcc5cf41f884a7,Proportional,24,14079032398024367015,2.4949999999999997,0.24248496993987978,20,True,True,20,0.0,False,0.2375,False
trained-recurrent-17-proportional-025,recurrent,17,116,4146b729f335ff47d4f2e59c62a77fc77d8cdc8db568839126dcc5cf41f884a7,Proportional,25,14546792847115865026,1.8324999999999998,0.1408594815825375,13,True,True,13,0.0,False,0.16875,False
trained-recurrent-17-proportional-026,recurrent,17,116,4146b729f335ff47d4f2e59c62a77fc77d8cdc8db568839126dcc5cf41f884a7,Proportional,26,18286168751335214300,2.9399999999999995,0.27848639455782304,17,True,True,17,0.0,False,0.2125,False
trained-recurrent-17-proportional-027,recurrent,17,116,4146b729f335ff47d4f2e59c62a77fc77d8cdc8db568839126dcc5cf41f884a7,Proportional,27,14131153021892368072,1.54,0.07467532467532463,6,True,True,6,0.0,False,0.10625,False
trained-recurrent-17-proportional-028,recurrent,17,116,4146b729f335ff47d4f2e59c62a77fc77d8cdc8db568839126dcc5cf41f884a7,Proportional,28,1291549086237546712,6.603749999999999,0.5287242097293204,26,True,True,26,0.0,False,0.3375,False
trained-recurrent-17-proportional-029,recurrent,17,116,4146b729f335ff47d4f2e59c62a77fc77d8cdc8db568839126dcc5cf41f884a7,Proportional,29,1234373928827677995,3.0249999999999995,0.28719008264462814,28,True,True,28,0.0,False,0.2875,False
trained-recurrent-17-proportional-030,recurrent,17,116,4146b729f335ff47d4f2e59c62a77fc77d8cdc8db568839126dcc5cf41f884a7,Proportional,30,2465928082122561206,2.405,0.3238045738045738,12,True,True,12,0.0,False,0.15,False
trained-recurrent-17-proportional-031,recurrent,17,116,4146b729f335ff47d4f2e59c62a77fc77d8cdc8db568839126dcc5cf41f884a7,Proportional,31,15475526255016828981,1.4925,0.0724455611390285,15,True,True,15,0.0,False,0.16875,False
trained-recurrent-17-proportional-032,recurrent,17,116,4146b729f335ff47d4f2e59c62a77fc77d8cdc8db568839126dcc5cf41f884a7,Proportional,32,18106248325765241763,1.2525,0.0014970059880239535,2,True,True,2,0.0,False,0.03125,False
trained-recurrent-17-proportional-033,recurrent,17,116,4146b729f335ff47d4f2e59c62a77fc77d8cdc8db568839126dcc5cf41f884a7,Proportional,33,17348717462088120710,7.402499999999998,0.6213272543059777,40,False,False,,200.0,True,0.29375,False
trained-recurrent-17-proportional-034,recurrent,17,116,4146b729f335ff47d4f2e59c62a77fc77d8cdc8db568839126dcc5cf41f884a7,Proportional,34,4258170119764372685,9.059999999999999,0.5696538310123237,40,False,False,,200.0,True,0.4,False
trained-recurrent-17-proportional-035,recurrent,17,116,4146b729f335ff47d4f2e59c62a77fc77d8cdc8db568839126dcc5cf41f884a7,Proportional,35,10136288529248410131,1.7899999999999998,0.16061452513966476,14,True,True,14,0.0,False,0.14375,False
trained-recurrent-17-proportional-036,recurrent,17,116,4146b729f335ff47d4f2e59c62a77fc77d8cdc8db568839126dcc5cf41f884a7,Proportional,36,2104123053781259768,6.2475,0.5863345338135254,40,False,False,,200.0,True,0.3375,False
trained-recurrent-17-proportional-037,recurrent,17,116,4146b729f335ff47d4f2e59c62a77fc77d8cdc8db568839126dcc5cf41f884a7,Proportional,37,14443027864937875155,2.1149999999999998,0.15602836879432624,15,True,True,15,0.0,False,0.21875,False
trained-recurrent-17-proportional-038,recurrent,17,116,4146b729f335ff47d4f2e59c62a77fc77d8cdc8db568839126dcc5cf41f884a7,Proportional,38,3221020318432789918,2.3524999999999996,0.19527098831030815,18,True,True,18,0.0,False,0.225,False
trained-recurrent-17-proportional-039,recurrent,17,116,4146b729f335ff47d4f2e59c62a77fc77d8cdc8db568839126dcc5cf41f884a7,Proportional,39,9433301915754841490,1.75,0.1614285714285714,12,True,True,12,0.0,False,0.11875,False
trained-recurrent-17-proportional-040,recurrent,17,116,4146b729f335ff47d4f2e59c62a77fc77d8cdc8db568839126dcc5cf41f884a7,Proportional,40,12708844304768729652,7.468749999999999,0.5884937238493724,40,False,False,,161.0,True,0.3375,False
trained-recurrent-17-proportional-041,recurrent,17,116,4146b729f335ff47d4f2e59c62a77fc77d8cdc8db568839126dcc5cf41f884a7,Proportional,41,15416313736944028940,2.9974999999999996,0.2858632193494578,24,True,True,24,0.0,False,0.2875,False
trained-recurrent-17-proportional-042,recurrent,17,116,4146b729f335ff47d4f2e59c62a77fc77d8cdc8db568839126dcc5cf41f884a7,Proportional,42,15787700136715092397,2.0025,0.17322097378277151,19,True,True,19,0.0,False,0.21875,False
trained-recurrent-17-proportional-043,recurrent,17,116,4146b729f335ff47d4f2e59c62a77fc77d8cdc8db568839126dcc5cf41f884a7,Proportional,43,14671896648740850985,1.5175,0.06301482701812189,5,True,True,5,0.0,False,0.09375,False
trained-recurrent-17-proportional-044,recurrent,17,116,4146b729f335ff47d4f2e59c62a77fc77d8cdc8db568839126dcc5cf41f884a7,Proportional,44,15199762338049854837,2.06,0.12924757281553392,14,True,True,14,0.0,False,0.18125,False
trained-recurrent-17-proportional-045,recurrent,17,116,4146b729f335ff47d4f2e59c62a77fc77d8cdc8db568839126dcc5cf41f884a7,Proportional,45,12396371248855811256,4.559999999999999,0.48382675438596484,26,True,True,26,0.0,False,0.2625,False
trained-recurrent-17-proportional-046,recurrent,17,116,4146b729f335ff47d4f2e59c62a77fc77d8cdc8db568839126dcc5cf41f884a7,Proportional,46,8369596895189137347,4.2025,0.4947947650208209,35,True,True,35,0.0,False,0.2875,False
trained-recurrent-17-proportional-047,recurrent,17,116,4146b729f335ff47d4f2e59c62a77fc77d8cdc8db568839126dcc5cf41f884a7,Proportional,47,11257317150411849640,1.8449999999999998,0.15989159891598914,7,True,True,7,0.0,False,0.09375,False
trained-recurrent-17-proportional-048,recurrent,17,116,4146b729f335ff47d4f2e59c62a77fc77d8cdc8db568839126dcc5cf41f884a7,Proportional,48,6102897518253705073,7.507499999999999,0.593989343989344,40,False,False,,109.19999999999999,True,0.36875,False
trained-recurrent-17-proportional-049,recurrent,17,116,4146b729f335ff47d4f2e59c62a77fc77d8cdc8db568839126dcc5cf41f884a7,Proportional,49,1073114136646889511,8.834999999999999,0.6110639501980758,36,True,True,36,0.0,False,0.3375,False
trained-recurrent-17-proportional-050,recurrent,17,116,4146b729f335ff47d4f2e59c62a77fc77d8cdc8db568839126dcc5cf41f884a7,Proportional,50,8088427062501841751,1.7149999999999999,0.07944606413994165,8,True,True,8,0.0,False,0.1375,False
trained-recurrent-17-proportional-051,recurrent,17,116,4146b729f335ff47d4f2e59c62a77fc77d8cdc8db568839126dcc5cf41f884a7,Proportional,51,2500926946695009213,1.76,0.12073863636363635,6,True,True,6,0.0,False,0.125,False
trained-recurrent-17-proportional-052,recurrent,17,116,4146b729f335ff47d4f2e59c62a77fc77d8cdc8db568839126dcc5cf41f884a7,Proportional,52,14529821819150158923,3.1674999999999995,0.25118389897395427,38,True,True,38,0.0,False,0.38125,False
trained-recurrent-17-proportional-053,recurrent,17,116,4146b729f335ff47d4f2e59c62a77fc77d8cdc8db568839126dcc5cf41f884a7,Proportional,53,12904209315867204261,4.6237499999999985,0.5166937010002703,17,True,True,17,0.0,False,0.1875,False
trained-recurrent-17-proportional-054,recurrent,17,116,4146b729f335ff47d4f2e59c62a77fc77d8cdc8db568839126dcc5cf41f884a7,Proportional,54,4771764925779171328,1.5474999999999999,0.09006462035541192,13,True,True,13,0.0,False,0.11875,False
trained-recurrent-17-proportional-055,recurrent,17,116,4146b729f335ff47d4f2e59c62a77fc77d8cdc8db568839126dcc5cf41f884a7,Proportional,55,2877026233148783659,3.5124999999999997,0.3617437722419929,22,True,True,22,0.0,False,0.24375,False
trained-recurrent-17-proportional-056,recurrent,17,116,4146b729f335ff47d4f2e59c62a77fc77d8cdc8db568839126dcc5cf41f884a7,Proportional,56,13401571104931531403,1.7925,0.09239888423988844,8,True,True,8,0.0,False,0.15,False
trained-recurrent-17-proportional-057,recurrent,17,116,4146b729f335ff47d4f2e59c62a77fc77d8cdc8db568839126dcc5cf41f884a7,Proportional,57,17176070355335404706,1.6549999999999998,0.11102719033232628,6,True,True,6,0.0,False,0.1125,False
trained-recurrent-17-proportional-058,recurrent,17,116,4146b729f335ff47d4f2e59c62a77fc77d8cdc8db568839126dcc5cf41f884a7,Proportional,58,13853639791532479368,3.4449999999999994,0.25616835994194487,30,True,True,30,0.0,False,0.46875,False
trained-recurrent-17-proportional-059,recurrent,17,116,4146b729f335ff47d4f2e59c62a77fc77d8cdc8db568839126dcc5cf41f884a7,Proportional,59,7307458086572404771,2.5674999999999994,0.2801850048685491,14,True,True,14,0.0,False,0.16875,False
trained-recurrent-17-proportional-060,recurrent,17,116,4146b729f335ff47d4f2e59c62a77fc77d8cdc8db568839126dcc5cf41f884a7,Proportional,60,14188840831892337652,1.9699999999999998,0.10786802030456846,16,True,True,16,0.0,False,0.16875,False
trained-recurrent-17-proportional-061,recurrent,17,116,4146b729f335ff47d4f2e59c62a77fc77d8cdc8db568839126dcc5cf41f884a7,Proportional,61,10085909607848142707,7.298749999999998,0.6215533481760576,40,False,False,,196.0,True,0.26875,False
trained-recurrent-17-proportional-062,recurrent,17,116,4146b729f335ff47d4f2e59c62a77fc77d8cdc8db568839126dcc5cf41f884a7,Proportional,62,8016522712870760088,7.627499999999999,0.43624888603521994,32,True,True,32,0.0,False,0.61875,False
trained-recurrent-17-proportional-063,recurrent,17,116,4146b729f335ff47d4f2e59c62a77fc77d8cdc8db568839126dcc5cf41f884a7,Proportional,63,12902010070337393115,7.366249999999999,0.43513374019627316,24,True,True,24,0.0,False,0.4125,False
trained-recurrent-29-equal-000,recurrent,29,117,25143274613b933909fde59f9c7829f73581c5edb821787fdf4efeb1c2169091,Equal,0,12663329517553754930,1.69,0.12389053254437869,7,True,True,7,0.0,False,0.15,False
trained-recurrent-29-equal-001,recurrent,29,117,25143274613b933909fde59f9c7829f73581c5edb821787fdf4efeb1c2169091,Equal,1,8350979837693019541,4.6587499999999995,0.09726321438154012,40,False,False,,21.0,True,1.0,False
trained-recurrent-29-equal-002,recurrent,29,117,25143274613b933909fde59f9c7829f73581c5edb821787fdf4efeb1c2169091,Equal,2,10089478655322619286,2.5949999999999998,0.10476878612716765,19,True,True,19,0.0,False,0.475,False
trained-recurrent-29-equal-003,recurrent,29,117,25143274613b933909fde59f9c7829f73581c5edb821787fdf4efeb1c2169091,Equal,3,16969405680302937583,2.0675,0.1760882708585248,15,True,True,15,0.0,False,0.35,False
trained-recurrent-29-equal-004,recurrent,29,117,25143274613b933909fde59f9c7829f73581c5edb821787fdf4efeb1c2169091,Equal,4,17902024750928864590,1.5374999999999999,0.15752032520325207,7,True,True,7,0.0,False,0.15,False
trained-recurrent-29-equal-005,recurrent,29,117,25143274613b933909fde59f9c7829f73581c5edb821787fdf4efeb1c2169091,Equal,5,16147920379582792423,1.3,0.06730769230769232,3,True,True,3,0.0,False,0.075,False
trained-recurrent-29-equal-006,recurrent,29,117,25143274613b933909fde59f9c7829f73581c5edb821787fdf4efeb1c2169091,Equal,6,15147524360784451056,9.139999999999997,0.06427789934354489,40,False,False,,106.39999999999999,True,1.0,False
trained-recurrent-29-equal-007,recurrent,29,117,25143274613b933909fde59f9c7829f73581c5edb821787fdf4efeb1c2169091,Equal,7,4108681998104909209,1.4649999999999999,0.15571672354948804,6,True,True,6,0.0,False,0.125,False
trained-recurrent-29-equal-008,recurrent,29,117,25143274613b933909fde59f9c7829f73581c5edb821787fdf4efeb1c2169091,Equal,8,8815670955119315320,1.545,0.14563106796116507,7,True,True,7,0.0,False,0.15,False
trained-recurrent-29-equal-009,recurrent,29,117,25143274613b933909fde59f9c7829f73581c5edb821787fdf4efeb1c2169091,Equal,9,13778314247458425482,1.9549999999999996,0.11508951406649615,15,True,True,15,0.0,False,0.35,False
trained-recurrent-29-equal-010,recurrent,29,117,25143274613b933909fde59f9c7829f73581c5edb821787fdf4efeb1c2169091,Equal,10,7949024007376210452,1.8575,0.1303835800807537,9,True,True,9,0.0,False,0.2,False
trained-recurrent-29-equal-011,recurrent,29,117,25143274613b933909fde59f9c7829f73581c5edb821787fdf4efeb1c2169091,Equal,11,14167141884126173434,1.4649999999999999,0.09172354948805461,7,True,True,7,0.0,False,0.15,False
trained-recurrent-29-equal-012,recurrent,29,117,25143274613b933909fde59f9c7829f73581c5edb821787fdf4efeb1c2169091,Equal,12,11926589301799496681,1.4675,0.17568143100511077,6,True,True,6,0.0,False,0.125,False
trained-recurrent-29-equal-013,recurrent,29,117,25143274613b933909fde59f9c7829f73581c5edb821787fdf4efeb1c2169091,Equal,13,14497636290768824883,1.3725,0.05350637522768671,6,True,True,6,0.0,False,0.125,False
trained-recurrent-29-equal-014,recurrent,29,117,25143274613b933909fde59f9c7829f73581c5edb821787fdf4efeb1c2169091,Equal,14,13314788006799177862,2.0324999999999998,0.03305658056580567,11,True,True,11,0.0,False,0.25,False
trained-recurrent-29-equal-015,recurrent,29,117,25143274613b933909fde59f9c7829f73581c5edb821787fdf4efeb1c2169091,Equal,15,10458146671386929264,2.5249999999999995,0.11138613861386142,14,True,True,14,0.0,False,0.325,False
trained-recurrent-29-equal-016,recurrent,29,117,25143274613b933909fde59f9c7829f73581c5edb821787fdf4efeb1c2169091,Equal,16,2151064176329508131,1.9924999999999997,0.10272898368883315,9,True,True,9,0.0,False,0.2,False
trained-recurrent-29-equal-017,recurrent,29,117,25143274613b933909fde59f9c7829f73581c5edb821787fdf4efeb1c2169091,Equal,17,2463778370848212102,1.5100000000000002,0.11796357615894042,6,True,True,6,0.0,False,0.125,False
trained-recurrent-29-equal-018,recurrent,29,117,25143274613b933909fde59f9c7829f73581c5edb821787fdf4efeb1c2169091,Equal,18,14026504145392702833,1.64,0.09717987804878049,11,True,True,11,0.0,False,0.25,False
trained-recurrent-29-equal-019,recurrent,29,117,25143274613b933909fde59f9c7829f73581c5edb821787fdf4efeb1c2169091,Equal,19,10266362144141721873,1.8724999999999998,0.1393524699599466,10,True,True,10,0.0,False,0.225,False
trained-recurrent-29-equal-020,recurrent,29,117,25143274613b933909fde59f9c7829f73581c5edb821787fdf4efeb1c2169091,Equal,20,18193260538013328016,1.9149999999999998,0.172976501305483,7,True,True,7,0.0,False,0.15,False
trained-recurrent-29-equal-021,recurrent,29,117,25143274613b933909fde59f9c7829f73581c5edb821787fdf4efeb1c2169091,Equal,21,8239093428951538396,3.3999999999999995,0.14981617647058826,30,True,True,30,0.0,False,0.725,False
trained-recurrent-29-equal-022,recurrent,29,117,25143274613b933909fde59f9c7829f73581c5edb821787fdf4efeb1c2169091,Equal,22,9156751386867342991,1.8549999999999998,0.12297843665768197,10,True,True,10,0.0,False,0.225,False
trained-recurrent-29-equal-023,recurrent,29,117,25143274613b933909fde59f9c7829f73581c5edb821787fdf4efeb1c2169091,Equal,23,2375879014633433296,1.5224999999999997,0.12007389162561576,7,True,True,7,0.0,False,0.15,False
trained-recurrent-29-equal-024,recurrent,29,117,25143274613b933909fde59f9c7829f73581c5edb821787fdf4efeb1c2169091,Equal,24,9631116966046003827,1.7374999999999998,0.08723021582733817,8,True,True,8,0.0,False,0.175,False
trained-recurrent-29-equal-025,recurrent,29,117,25143274613b933909fde59f9c7829f73581c5edb821787fdf4efeb1c2169091,Equal,25,3964684055181964424,1.5474999999999999,0.1363085621970921,7,True,True,7,0.0,False,0.15,False
trained-recurrent-29-equal-026,recurrent,29,117,25143274613b933909fde59f9c7829f73581c5edb821787fdf4efeb1c2169091,Equal,26,10906930715171656439,1.605,0.0856697819314642,7,True,True,7,0.0,False,0.15,False
trained-recurrent-29-equal-027,recurrent,29,117,25143274613b933909fde59f9c7829f73581c5edb821787fdf4efeb1c2169091,Equal,27,575735458899911742,6.073749999999999,0.09852850380736777,40,False,False,,12.6,True,1.0,False
trained-recurrent-29-equal-028,recurrent,29,117,25143274613b933909fde59f9c7829f73581c5edb821787fdf4efeb1c2169091,Equal,28,9177430755750938243,1.9399999999999997,0.10470360824742267,12,True,True,12,0.0,False,0.275,False
trained-recurrent-29-equal-029,recurrent,29,117,25143274613b933909fde59f9c7829f73581c5edb821787fdf4efeb1c2169091,Equal,29,17717019047279357500,1.395,0.15232974910394265,3,True,True,3,0.0,False,0.075,False
trained-recurrent-29-equal-030,recurrent,29,117,25143274613b933909fde59f9c7829f73581c5edb821787fdf4efeb1c2169091,Equal,30,6224386664760679179,1.7825,0.13061009817671812,9,True,True,9,0.0,False,0.2,False
trained-recurrent-29-equal-031,recurrent,29,117,25143274613b933909fde59f9c7829f73581c5edb821787fdf4efeb1c2169091,Equal,31,5425917485370252091,1.6024999999999998,0.05362714508580344,6,True,True,6,0.0,False,0.125,False
trained-recurrent-29-equal-032,recurrent,29,117,25143274613b933909fde59f9c7829f73581c5edb821787fdf4efeb1c2169091,Equal,32,17777671529507607968,1.6975,0.1132179675994109,6,True,True,6,0.0,False,0.125,False
trained-recurrent-29-equal-033,recurrent,29,117,25143274613b933909fde59f9c7829f73581c5edb821787fdf4efeb1c2169091,Equal,33,7062891176962974292,2.5749999999999997,0.041262135922330107,17,True,True,17,0.0,False,0.4,False
trained-recurrent-29-equal-034,recurrent,29,117,25143274613b933909fde59f9c7829f73581c5edb821787fdf4efeb1c2169091,Equal,34,10730255443023409512,1.6925,0.08770310192023634,8,True,True,8,0.0,False,0.175,False
trained-recurrent-29-equal-035,recurrent,29,117,25143274613b933909fde59f9c7829f73581c5edb821787fdf4efeb1c2169091,Equal,35,11499158018856639884,1.5875,0.17421259842519685,6,True,True,6,0.0,False,0.125,False
trained-recurrent-29-equal-036,recurrent,29,117,25143274613b933909fde59f9c7829f73581c5edb821787fdf4efeb1c2169091,Equal,36,4299639240162105993,1.6199999999999999,0.12538580246913583,7,True,True,7,0.0,False,0.15,False
trained-recurrent-29-equal-037,recurrent,29,117,25143274613b933909fde59f9c7829f73581c5edb821787fdf4efeb1c2169091,Equal,37,11240549395843931158,2.2199999999999998,0.0844594594594595,10,True,True,10,0.0,False,0.225,False
trained-recurrent-29-equal-038,recurrent,29,117,25143274613b933909fde59f9c7829f73581c5edb821787fdf4efeb1c2169091,Equal,38,13414576955154569003,1.7374999999999998,0.137589928057554,9,True,True,9,0.0,False,0.2,False
trained-recurrent-29-equal-039,recurrent,29,117,25143274613b933909fde59f9c7829f73581c5edb821787fdf4efeb1c2169091,Equal,39,1788719614168181969,1.5574999999999999,0.11135634028892456,8,True,True,8,0.0,False,0.175,False
trained-recurrent-29-equal-040,recurrent,29,117,25143274613b933909fde59f9c7829f73581c5edb821787fdf4efeb1c2169091,Equal,40,12673177735362106809,1.3900000000000001,0.06070143884892082,5,True,True,5,0.0,False,0.125,False
trained-recurrent-29-equal-041,recurrent,29,117,25143274613b933909fde59f9c7829f73581c5edb821787fdf4efeb1c2169091,Equal,41,8079729464610980263,1.3475,0.049860853432282026,4,True,True,4,0.0,False,0.075,False
trained-recurrent-29-equal-042,recurrent,29,117,25143274613b933909fde59f9c7829f73581c5edb821787fdf4efeb1c2169091,Equal,42,7349912613988986,1.7225,0.204100145137881,7,True,True,7,0.0,False,0.15,False
trained-recurrent-29-equal-043,recurrent,29,117,25143274613b933909fde59f9c7829f73581c5edb821787fdf4efeb1c2169091,Equal,43,1116581932259101944,1.7325,0.19570707070707075,8,True,True,8,0.0,False,0.175,False
trained-recurrent-29-equal-044,recurrent,29,117,25143274613b933909fde59f9c7829f73581c5edb821787fdf4efeb1c2169091,Equal,44,14464567049840219385,2.135,0.08343091334894615,14,True,True,14,0.0,False,0.325,False
trained-recurrent-29-equal-045,recurrent,29,117,25143274613b933909fde59f9c7829f73581c5edb821787fdf4efeb1c2169091,Equal,45,6835860571567678197,1.3599999999999999,0.06204044117647061,4,True,True,4,0.0,False,0.075,False
trained-recurrent-29-equal-046,recurrent,29,117,25143274613b933909fde59f9c7829f73581c5edb821787fdf4efeb1c2169091,Equal,46,6237838147338616102,2.3724999999999996,0.10208113804004215,15,True,True,15,0.0,False,0.35,False
trained-recurrent-29-equal-047,recurrent,29,117,25143274613b933909fde59f9c7829f73581c5edb821787fdf4efeb1c2169091,Equal,47,3985409706211509989,1.645,0.07028875379939209,8,True,True,8,0.0,False,0.175,False
trained-recurrent-29-equal-048,recurrent,29,117,25143274613b933909fde59f9c7829f73581c5edb821787fdf4efeb1c2169091,Equal,48,8574737878605648400,1.7249999999999999,0.12500000000000003,8,True,True,8,0.0,False,0.175,False
trained-recurrent-29-equal-049,recurrent,29,117,25143274613b933909fde59f9c7829f73581c5edb821787fdf4efeb1c2169091,Equal,49,9711903003055713525,1.6349999999999998,0.11850152905198777,10,True,True,10,0.0,False,0.225,False
trained-recurrent-29-equal-050,recurrent,29,117,25143274613b933909fde59f9c7829f73581c5edb821787fdf4efeb1c2169091,Equal,50,2853018683952496860,2.925,0.11431623931623935,15,True,True,15,0.0,False,0.35,False
trained-recurrent-29-equal-051,recurrent,29,117,25143274613b933909fde59f9c7829f73581c5edb821787fdf4efeb1c2169091,Equal,51,10600743958838346124,2.4775,0.18478809283551967,17,True,True,17,0.0,False,0.4,False
trained-recurrent-29-equal-052,recurrent,29,117,25143274613b933909fde59f9c7829f73581c5edb821787fdf4efeb1c2169091,Equal,52,7809067060291729067,1.6599999999999997,0.04329819277108431,8,True,True,8,0.0,False,0.175,False
trained-recurrent-29-equal-053,recurrent,29,117,25143274613b933909fde59f9c7829f73581c5edb821787fdf4efeb1c2169091,Equal,53,5765253588458463254,1.6149999999999998,0.08707430340557276,7,True,True,7,0.0,False,0.15,False
trained-recurrent-29-equal-054,recurrent,29,117,25143274613b933909fde59f9c7829f73581c5edb821787fdf4efeb1c2169091,Equal,54,11713047792980171905,1.8399999999999999,0.13417119565217392,12,True,True,12,0.0,False,0.275,False
trained-recurrent-29-equal-055,recurrent,29,117,25143274613b933909fde59f9c7829f73581c5edb821787fdf4efeb1c2169091,Equal,55,10966579418253601245,2.525,0.15470297029702973,14,True,True,14,0.0,False,0.325,False
trained-recurrent-29-equal-056,recurrent,29,117,25143274613b933909fde59f9c7829f73581c5edb821787fdf4efeb1c2169091,Equal,56,5826460239376651125,2.1374999999999997,0.14839181286549707,19,True,True,19,0.0,False,0.45,False
trained-recurrent-29-equal-057,recurrent,29,117,25143274613b933909fde59f9c7829f73581c5edb821787fdf4efeb1c2169091,Equal,57,15758187837892534099,1.8599999999999999,0.08064516129032256,9,True,True,9,0.0,False,0.2,False
trained-recurrent-29-equal-058,recurrent,29,117,25143274613b933909fde59f9c7829f73581c5edb821787fdf4efeb1c2169091,Equal,58,12378458665295655712,1.6099999999999999,0.11451863354037266,7,True,True,7,0.0,False,0.15,False
trained-recurrent-29-equal-059,recurrent,29,117,25143274613b933909fde59f9c7829f73581c5edb821787fdf4efeb1c2169091,Equal,59,8417653259103981220,1.7399999999999998,0.050287356321839075,10,True,True,10,0.0,False,0.225,False
trained-recurrent-29-equal-060,recurrent,29,117,25143274613b933909fde59f9c7829f73581c5edb821787fdf4efeb1c2169091,Equal,60,15740590517821599281,5.618749999999999,0.03337041156840935,40,False,False,,26.599999999999998,True,1.0,False
trained-recurrent-29-equal-061,recurrent,29,117,25143274613b933909fde59f9c7829f73581c5edb821787fdf4efeb1c2169091,Equal,61,936979237118596302,1.6925,0.06554652880354501,10,True,True,10,0.0,False,0.225,False
trained-recurrent-29-equal-062,recurrent,29,117,25143274613b933909fde59f9c7829f73581c5edb821787fdf4efeb1c2169091,Equal,62,60563514093598698,1.545,0.11124595469255665,6,True,True,6,0.0,False,0.125,False
trained-recurrent-29-equal-063,recurrent,29,117,25143274613b933909fde59f9c7829f73581c5edb821787fdf4efeb1c2169091,Equal,63,12664707841723350882,1.7325,0.09830447330447337,9,True,True,9,0.0,False,0.2,False
trained-recurrent-29-interpolating-000,recurrent,29,117,25143274613b933909fde59f9c7829f73581c5edb821787fdf4efeb1c2169091,Interpolating,0,12909146810067857998,1.3599999999999999,0.026654411764705184,6,True,True,6,0.0,False,0.09375,True
trained-recurrent-29-interpolating-001,recurrent,29,117,25143274613b933909fde59f9c7829f73581c5edb821787fdf4efeb1c2169091,Interpolating,1,17425049063483570759,2.7324999999999995,0.32547844462642866,34,True,True,34,0.0,False,0.3125,True
trained-recurrent-29-interpolating-002,recurrent,29,117,25143274613b933909fde59f9c7829f73581c5edb821787fdf4efeb1c2169091,Interpolating,2,2824483979902127128,11.42625,0.06492064836035712,40,False,False,,42.0,True,0.89375,True
trained-recurrent-29-interpolating-003,recurrent,29,117,25143274613b933909fde59f9c7829f73581c5edb821787fdf4efeb1c2169091,Interpolating,3,6041218932100560314,1.7074999999999998,0.10797259649951269,9,True,True,9,0.0,False,0.13125,True
trained-recurrent-29-interpolating-004,recurrent,29,117,25143274613b933909fde59f9c7829f73581c5edb821787fdf4efeb1c2169091,Interpolating,4,6034283299189686260,2.9624999999999995,0.3449462901109827,18,True,True,18,0.0,False,0.18125,True
trained-recurrent-29-interpolating-005,recurrent,29,117,25143274613b933909fde59f9c7829f73581c5edb821787fdf4efeb1c2169091,Interpolating,5,7709463369673220251,2.185,0.2980549193209186,11,True,True,11,0.0,False,0.1125,True
trained-recurrent-29-interpolating-006,recurrent,29,117,25143274613b933909fde59f9c7829f73581c5edb821787fdf4efeb1c2169091,Interpolating,6,5990259152714987376,1.9549999999999998,0.14576216422258303,8,True,True,8,0.0,False,0.13125,True
trained-recurrent-29-interpolating-007,recurrent,29,117,25143274613b933909fde59f9c7829f73581c5edb821787fdf4efeb1c2169091,Interpolating,7,5657254148255748674,1.69,0.06829887104707205,6,True,True,6,0.0,False,0.0875,True
trained-recurrent-29-interpolating-008,recurrent,29,117,25143274613b933909fde59f9c7829f73581c5edb821787fdf4efeb1c2169091,Interpolating,8,12894847171690866150,1.8924999999999998,0.10600100389264656,10,True,True,10,0.0,False,0.1375,True
trained-recurrent-29-interpolating-009,recurrent,29,117,25143274613b933909fde59f9c7829f73581c5edb821787fdf4efeb1c2169091,Interpolating,9,11239863294767875329,1.9699999999999998,0.16351471819130056,19,True,True,19,0.0,False,0.225,True
trained-recurrent-29-interpolating-010,recurrent,29,117,25143274613b933909fde59f9c7829f73581c5edb821787fdf4efeb1c2169091,Interpolating,10,13951000257080475687,5.892499999999998,0.2653923310026189,40,False,False,,200.0,True,0.50625,True
trained-recurrent-29-interpolating-011,recurrent,29,117,25143274613b933909fde59f9c7829f73581c5edb821787fdf4efeb1c2169091,Interpolating,11,1030807235316772971,6.019999999999999,0.218355480485903,40,False,False,,149.79999999999998,True,0.61875,True
trained-recurrent-29-interpolating-012,recurrent,29,117,25143274613b933909fde59f9c7829f73581c5edb821787fdf4efeb1c2169091,Interpolating,12,2421037521193347765,9.038749999999999,0.24658902680206587,40,False,False,,133.0,True,0.65,True
trained-recurrent-29-interpolating-013,recurrent,29,117,25143274613b933909fde59f9c7829f73581c5edb821787fdf4efeb1c2169091,Interpolating,13,3183972319839354790,1.4125,0.07300884954964204,5,True,True,5,0.0,False,0.06875,True
trained-recurrent-29-interpolating-014,recurrent,29,117,25143274613b933909fde59f9c7829f73581c5edb821787fdf4efeb1c2169091,Interpolating,14,10157423932626578986,2.0075,0.15030362908571568,9,True,True,9,0.0,False,0.125,True
trained-recurrent-29-interpolating-015,recurrent,29,117,25143274613b933909fde59f9c7829f73581c5edb821787fdf4efeb1c2169091,Interpolating,15,5012640182855947390,1.6224999999999998,0.09668720103220566,14,True,True,14,0.0,False,0.15,True
trained-recurrent-29-interpolating-016,recurrent,29,117,25143274613b933909fde59f9c7829f73581c5edb821787fdf4efeb1c2169091,Interpolating,16,3507271801091034043,1.5975,0.06768380437831409,8,True,True,8,0.0,False,0.10625,True
trained-recurrent-29-interpolating-017,recurrent,29,117,25143274613b933909fde59f9c7829f73581c5edb821787fdf4efeb1c2169091,Interpolating,17,486448462906864595,1.455,0.04725085909531745,5,True,True,5,0.0,False,0.09375,True
trained-recurrent-29-interpolating-018,recurrent,29,117,25143274613b933909fde59f9c7829f73581c5edb821787fdf4efeb1c2169091,Interpolating,18,17963772249998685803,10.534999999999998,0.19319324919030903,40,False,False,,156.79999999999998,True,0.85625,True
trained-recurrent-29-interpolating-019,recurrent,29,117,25143274613b933909fde59f9c7829f73581c5edb821787fdf4efeb1c2169091,Interpolating,19,15559744353589558843,1.8175,0.18397494320293464,25,True,True,25,0.0,False,0.20625,True
trained-recurrent-29-interpolating-020,recurrent,29,117,25143274613b933909fde59f9c7829f73581c5edb821787fdf4efeb1c2169091,Interpolating,20,1238334189596737097,2.0449999999999995,0.1888138534960867,17,True,True,17,0.0,False,0.1875,True
trained-recurrent-29-interpolating-021,recurrent,29,117,25143274613b933909fde59f9c7829f73581c5edb821787fdf4efeb1c2169091,Interpolating,21,14115846367314137218,1.6149999999999998,0.09210524162399751,10,True,True,10,0.0,False,0.175,True
trained-recurrent-29-interpolating-022,recurrent,29,117,25143274613b933909fde59f9c7829f73581c5edb821787fdf4efeb1c2169091,Interpolating,22,5141415921004397687,1.505,0.08222591356086134,9,True,True,9,0.0,False,0.1,True
trained-recurrent-29-interpolating-023,recurrent,29,117,25143274613b933909fde59f9c7829f73581c5edb821787fdf4efeb1c2169091,Interpolating,23,17482055303545228880,2.1224999999999996,0.10009343455746988,12,True,True,12,0.0,False,0.1875,True
trained-recurrent-29-interpolating-024,recurrent,29,117,25143274613b933909fde59f9c7829f73581c5edb821787fdf4efeb1c2169091,Interpolating,24,6963531367962570155,1.495,0.0451505015333781,7,True,True,7,0.0,False,0.11875,True
trained-recurrent-29-interpolating-025,recurrent,29,117,25143274613b933909fde59f9c7829f73581c5edb821787fdf4efeb1c2169091,Interpolating,25,18385517273624775839,1.8224999999999998,0.10801512608644047,9,True,True,9,0.0,False,0.16875,True
trained-recurrent-29-interpolating-026,recurrent,29,117,25143274613b933909fde59f9c7829f73581c5edb821787fdf4efeb1c2169091,Interpolating,26,6442597742028216178,6.639999999999999,0.13515054309039234,40,False,False,,166.6,True,0.625,True
trained-recurrent-29-interpolating-027,recurrent,29,117,25143274613b933909fde59f9c7829f73581c5edb821787fdf4efeb1c2169091,Interpolating,27,15716180873215133152,8.428749999999997,0.10661160715164285,40,False,False,,121.8,True,0.65,True
trained-recurrent-29-interpolating-028,recurrent,29,117,25143274613b933909fde59f9c7829f73581c5edb821787fdf4efeb1c2169091,Interpolating,28,7277146284597458908,6.582499999999999,0.20772764574789077,40,False,False,,200.0,True,0.6,True
trained-recurrent-29-interpolating-029,recurrent,29,117,25143274613b933909fde59f9c7829f73581c5edb821787fdf4efeb1c2169091,Interpolating,29,10725577921267028309,1.5599999999999998,0.04086236115990282,6,True,True,6,0.0,False,0.1,True
trained-recurrent-29-interpolating-030,recurrent,29,117,25143274613b933909fde59f9c7829f73581c5edb821787fdf4efeb1c2169091,Interpolating,30,18037819997091036301,2.09,0.2054479588291719,7,True,True,7,0.0,False,0.10625,True
trained-recurrent-29-interpolating-031,recurrent,29,117,25143274613b933909fde59f9c7829f73581c5edb821787fdf4efeb1c2169091,Interpolating,31,11529415418420777349,3.5224999999999995,0.31776268569212895,40,False,False,,125.99999999999999,True,0.38125,True
trained-recurrent-29-interpolating-032,recurrent,29,117,25143274613b933909fde59f9c7829f73581c5edb821787fdf4efeb1c2169091,Interpolating,32,17299005077072194557,9.007499999999997,0.1270661862204172,40,False,False,,125.99999999999999,True,0.71875,True
trained-recurrent-29-interpolating-033,recurrent,29,117,25143274613b933909fde59f9c7829f73581c5edb821787fdf4efeb1c2169091,Interpolating,33,9352617298947877973,7.751249999999999,0.1518102852718317,40,False,False,,200.0,True,0.73125,True
trained-recurrent-29-interpolating-034,recurrent,29,117,25143274613b933909fde59f9c7829f73581c5edb821787fdf4efeb1c2169091,Interpolating,34,2434464207316766795,2.5749999999999997,0.3325060168016872,10,True,True,10,0.0,False,0.13125,True
trained-recurrent-29-interpolating-035,recurrent,29,117,25143274613b933909fde59f9c7829f73581c5edb821787fdf4efeb1c2169091,Interpolating,35,8702550359338887382,4.968749999999999,0.5386792337189141,40,False,False,,37.8,True,0.31875,True
trained-recurrent-29-interpolating-036,recurrent,29,117,25143274613b933909fde59f9c7829f73581c5edb821787fdf4efeb1c2169091,Interpolating,36,10581025884903704366,6.149999999999999,0.10759065285162116,21,True,True,21,0.0,False,0.49375,True
trained-recurrent-29-interpolating-037,recurrent,29,117,25143274613b933909fde59f9c7829f73581c5edb821787fdf4efeb1c2169091,Interpolating,37,8908423054970662989,3.6149999999999993,0.37586021306675066,38,True,True,38,0.0,False,0.375,True
trained-recurrent-29-interpolating-038,recurrent,29,117,25143274613b933909fde59f9c7829f73581c5edb821787fdf4efeb1c2169091,Interpolating,38,9771343922049360139,1.915,0.13185320575258822,18,True,True,18,0.0,False,0.175,True
trained-recurrent-29-interpolating-039,recurrent,29,117,25143274613b933909fde59f9c7829f73581c5edb821787fdf4efeb1c2169091,Interpolating,39,6161461264773433057,2.09,0.17820062975308365,15,True,True,15,0.0,False,0.175,True
trained-recurrent-29-interpolating-040,recurrent,29,117,25143274613b933909fde59f9c7829f73581c5edb821787fdf4efeb1c2169091,Interpolating,40,12776445641784854360,9.804999999999998,0.06427680663225621,40,False,False,,148.39999999999998,True,0.8,True
trained-recurrent-29-interpolating-041,recurrent,29,117,25143274613b933909fde59f9c7829f73581c5edb821787fdf4efeb1c2169091,Interpolating,41,13847638525080870664,1.4125,0.024336283181509828,5,True,True,5,0.0,False,0.08125,True
trained-recurrent-29-interpolating-042,recurrent,29,117,25143274613b933909fde59f9c7829f73581c5edb821787fdf4efeb1c2169091,Interpolating,42,2875374030016452929,2.6949999999999994,0.36066543079464836,11,True,True,11,0.0,False,0.125,True
trained-recurrent-29-interpolating-043,recurrent,29,117,25143274613b933909fde59f9c7829f73581c5edb821787fdf4efeb1c2169091,Interpolating,43,10591882204209244203,3.1324999999999994,0.3780089476078472,15,True,True,15,0.0,False,0.23125,True
trained-recurrent-29-interpolating-044,recurrent,29,117,25143274613b933909fde59f9c7829f73581c5edb821787fdf4efeb1c2169091,Interpolating,44,5518129672422802365,5.911249999999999,0.11911252938427776,25,True,True,25,0.0,False,0.425,True
trained-recurrent-29-interpolating-045,recurrent,29,117,25143274613b933909fde59f9c7829f73581c5edb821787fdf4efeb1c2169091,Interpolating,45,9921900938359427109,8.374999999999998,0.18625480799342656,40,False,False,,1.4,True,0.625,True
trained-recurrent-29-interpolating-046,recurrent,29,117,25143274613b933909fde59f9c7829f73581c5edb821787fdf4efeb1c2169091,Interpolating,46,2987925530769715402,10.313749999999999,0.08103197870294902,40,False,False,,182.0,True,0.9125,True
trained-recurrent-29-interpolating-047,recurrent,29,117,25143274613b933909fde59f9c7829f73581c5edb821787fdf4efeb1c2169091,Interpolating,47,666114943608546556,9.867499999999998,0.20061939348153252,40,False,False,,166.6,True,0.6875,True
trained-recurrent-29-interpolating-048,recurrent,29,117,25143274613b933909fde59f9c7829f73581c5edb821787fdf4efeb1c2169091,Interpolating,48,15495270000745385734,1.5125,0.026033056075876217,5,True,True,5,0.0,False,0.1,True
trained-recurrent-29-interpolating-049,recurrent,29,117,25143274613b933909fde59f9c7829f73581c5edb821787fdf4efeb1c2169091,Interpolating,49,4875353195238316370,2.5124999999999997,0.2394859262785538,40,False,False,,61.599999999999994,True,0.3625,True
trained-recurrent-29-interpolating-050,recurrent,29,117,25143274613b933909fde59f9c7829f73581c5edb821787fdf4efeb1c2169091,Interpolating,50,3811962083589108269,9.204999999999998,0.10606615799222982,40,False,False,,158.2,True,0.68125,True
trained-recurrent-29-interpolating-051,recurrent,29,117,25143274613b933909fde59f9c7829f73581c5edb821787fdf4efeb1c2169091,Interpolating,51,10233055066862884058,1.5499999999999998,0.07822578056284567,9,True,True,9,0.0,False,0.11875,True
trained-recurrent-29-interpolating-052,recurrent,29,117,25143274613b933909fde59f9c7829f73581c5edb821787fdf4efeb1c2169091,Interpolating,52,10689033729777956964,5.9537499999999985,0.43931759570401635,40,False,False,,186.2,True,0.4625,True
trained-recurrent-29-interpolating-053,recurrent,29,117,25143274613b933909fde59f9c7829f73581c5edb821787fdf4efeb1c2169091,Interpolating,53,15045772401571101254,7.743749999999999,0.289844120166772,28,True,True,28,0.0,False,0.5625,True
trained-recurrent-29-interpolating-054,recurrent,29,117,25143274613b933909fde59f9c7829f73581c5edb821787fdf4efeb1c2169091,Interpolating,54,15295667159241985182,2.2924999999999995,0.3208487621592684,8,True,True,8,0.0,False,0.075,True
trained-recurrent-29-interpolating-055,recurrent,29,117,25143274613b933909fde59f9c7829f73581c5edb821787fdf4efeb1c2169091,Interpolating,55,1216853312861811493,8.767499999999998,0.1083675985230807,40,False,False,,200.0,True,0.78125,True
trained-recurrent-29-interpolating-056,recurrent,29,117,25143274613b933909fde59f9c7829f73581c5edb821787fdf4efeb1c2169091,Interpolating,56,9782632706302755970,1.6549999999999998,0.09667662854719007,8,True,True,8,0.0,False,0.10625,True
trained-recurrent-29-interpolating-057,recurrent,29,117,25143274613b933909fde59f9c7829f73581c5edb821787fdf4efeb1c2169091,Interpolating,57,9306979408044317861,5.477499999999999,0.2592336635309474,23,True,True,23,0.0,False,0.425,True
trained-recurrent-29-interpolating-058,recurrent,29,117,25143274613b933909fde59f9c7829f73581c5edb821787fdf4efeb1c2169091,Interpolating,58,17367554549572792268,7.263749999999999,0.2230102911918475,40,False,False,,184.79999999999998,True,0.71875,True
trained-recurrent-29-interpolating-059,recurrent,29,117,25143274613b933909fde59f9c7829f73581c5edb821787fdf4efeb1c2169091,Interpolating,59,7887496468689787376,4.026249999999999,0.11842179799335731,14,True,True,14,0.0,False,0.3,True
trained-recurrent-29-interpolating-060,recurrent,29,117,25143274613b933909fde59f9c7829f73581c5edb821787fdf4efeb1c2169091,Interpolating,60,15709421685623014790,1.7125,0.07481726431935322,9,True,True,9,0.0,False,0.14375,True
trained-recurrent-29-interpolating-061,recurrent,29,117,25143274613b933909fde59f9c7829f73581c5edb821787fdf4efeb1c2169091,Interpolating,61,212454557333562205,8.784999999999998,0.12942067082100786,40,False,False,,92.39999999999999,True,0.7375,True
trained-recurrent-29-interpolating-062,recurrent,29,117,25143274613b933909fde59f9c7829f73581c5edb821787fdf4efeb1c2169091,Interpolating,62,4330682909289685298,2.1374999999999997,0.25701735643301565,40,False,False,,145.6,True,0.325,True
trained-recurrent-29-interpolating-063,recurrent,29,117,25143274613b933909fde59f9c7829f73581c5edb821787fdf4efeb1c2169091,Interpolating,63,17858919165245423508,1.325,0.03396226415094337,3,True,True,3,0.0,False,0.05,True
trained-recurrent-29-mixed-000,recurrent,29,117,25143274613b933909fde59f9c7829f73581c5edb821787fdf4efeb1c2169091,Mixed,0,3792824133363414653,8.881249999999998,0.06108569864727503,40,False,False,,71.39999999999999,True,1.0,False
trained-recurrent-29-mixed-001,recurrent,29,117,25143274613b933909fde59f9c7829f73581c5edb821787fdf4efeb1c2169091,Mixed,1,3023107947293984932,1.7874999999999999,0.03487762237762233,12,True,True,12,0.0,False,0.2375,False
trained-recurrent-29-mixed-002,recurrent,29,117,25143274613b933909fde59f9c7829f73581c5edb821787fdf4efeb1c2169091,Mixed,2,17560291364549069408,1.6775,0.10199329359165428,9,True,True,9,0.0,False,0.1625,False
trained-recurrent-29-mixed-003,recurrent,29,117,25143274613b933909fde59f9c7829f73581c5edb821787fdf4efeb1c2169091,Mixed,3,1056389437924654364,1.7774999999999999,0.04931434599156119,10,True,True,10,0.0,False,0.2,False
trained-recurrent-29-mixed-004,recurrent,29,117,25143274613b933909fde59f9c7829f73581c5edb821787fdf4efeb1c2169091,Mixed,4,17401776063229659817,1.7449999999999999,0.0805873925501433,12,True,True,12,0.0,False,0.225,False
trained-recurrent-29-mixed-005,recurrent,29,117,25143274613b933909fde59f9c7829f73581c5edb821787fdf4efeb1c2169091,Mixed,5,15671529226808155853,1.6599999999999997,0.04631024096385543,9,True,True,9,0.0,False,0.16875,False
trained-recurrent-29-mixed-006,recurrent,29,117,25143274613b933909fde59f9c7829f73581c5edb821787fdf4efeb1c2169091,Mixed,6,10845136936426729189,1.7899999999999998,0.0607541899441341,11,True,True,11,0.0,False,0.2375,False
trained-recurrent-29-mixed-007,recurrent,29,117,25143274613b933909fde59f9c7829f73581c5edb821787fdf4efeb1c2169091,Mixed,7,10317841227527131026,1.7599999999999998,0.05326704545454547,11,True,True,11,0.0,False,0.2375,False
trained-recurrent-29-mixed-008,recurrent,29,117,25143274613b933909fde59f9c7829f73581c5edb821787fdf4efeb1c2169091,Mixed,8,10387816120676660136,1.68,0.04575892857142864,9,True,True,9,0.0,False,0.175,False
trained-recurrent-29-mixed-009,recurrent,29,117,25143274613b933909fde59f9c7829f73581c5edb821787fdf4efeb1c2169091,Mixed,9,17034447210580169167,1.6374999999999997,0.06440839694656494,8,True,True,8,0.0,False,0.1625,False
trained-recurrent-29-mixed-010,recurrent,29,117,25143274613b933909fde59f9c7829f73581c5edb821787fdf4efeb1c2169091,Mixed,10,6515169858801784611,2.08,0.09420072115384617,12,True,True,12,0.0,False,0.25625,False
trained-recurrent-29-mixed-011,recurrent,29,117,25143274613b933909fde59f9c7829f73581c5edb821787fdf4efeb1c2169091,Mixed,11,15213372778669645383,1.7175,0.02865720524017463,7,True,True,7,0.0,False,0.13125,False
trained-recurrent-29-mixed-012,recurrent,29,117,25143274613b933909fde59f9c7829f73581c5edb821787fdf4efeb1c2169091,Mixed,12,7922875662469399432,1.73,0.0444364161849711,8,True,True,8,0.0,False,0.15625,False
trained-recurrent-29-mixed-013,recurrent,29,117,25143274613b933909fde59f9c7829f73581c5edb821787fdf4efeb1c2169091,Mixed,13,8817046076628393251,1.6975,0.048324742268041246,7,True,True,7,0.0,False,0.125,False
trained-recurrent-29-mixed-014,recurrent,29,117,25143274613b933909fde59f9c7829f73581c5edb821787fdf4efeb1c2169091,Mixed,14,2165052658958230753,2.0475,0.07532051282051283,10,True,True,10,0.0,False,0.2125,False
trained-recurrent-29-mixed-015,recurrent,29,117,25143274613b933909fde59f9c7829f73581c5edb821787fdf4efeb1c2169091,Mixed,15,6383169693253136795,1.9349999999999998,0.04748062015503877,12,True,True,12,0.0,False,0.25625,False
trained-recurrent-29-mixed-016,recurrent,29,117,25143274613b933909fde59f9c7829f73581c5edb821787fdf4efeb1c2169091,Mixed,16,14557194175008921711,2.6199999999999997,0.04150763358778628,26,True,True,26,0.0,False,0.60625,False
trained-recurrent-29-mixed-017,recurrent,29,117,25143274613b933909fde59f9c7829f73581c5edb821787fdf4efeb1c2169091,Mixed,17,16358667684345335115,1.6124999999999998,0.061337209302325606,8,True,True,8,0.0,False,0.15625,False
trained-recurrent-29-mixed-018,recurrent,29,117,25143274613b933909fde59f9c7829f73581c5edb821787fdf4efeb1c2169091,Mixed,18,3341692057850181139,2.0625,0.1115909090909091,11,True,True,11,0.0,False,0.2375,False
trained-recurrent-29-mixed-019,recurrent,29,117,25143274613b933909fde59f9c7829f73581c5edb821787fdf4efeb1c2169091,Mixed,19,13683102396606854877,1.73,0.0720736994219653,8,True,True,8,0.0,False,0.15625,False
trained-recurrent-29-mixed-020,recurrent,29,117,25143274613b933909fde59f9c7829f73581c5edb821787fdf4efeb1c2169091,Mixed,20,7007656639402724910,2.0599999999999996,0.04960558252427186,11,True,True,11,0.0,False,0.23125,False
trained-recurrent-29-mixed-021,recurrent,29,117,25143274613b933909fde59f9c7829f73581c5edb821787fdf4efeb1c2169091,Mixed,21,13440685988676234483,2.0574999999999997,0.03303462940461726,12,True,True,12,0.0,False,0.25,False
trained-recurrent-29-mixed-022,recurrent,29,117,25143274613b933909fde59f9c7829f73581c5edb821787fdf4efeb1c2169091,Mixed,22,8171317153629284785,3.2649999999999997,0.05168453292496177,38,True,True,38,0.0,False,0.90625,False
trained-recurrent-29-mixed-023,recurrent,29,117,25143274613b933909fde59f9c7829f73581c5edb821787fdf4efeb1c2169091,Mixed,23,484151042376335405,1.4625,0.02083333333333332,6,True,True,6,0.0,False,0.125,False
trained-recurrent-29-mixed-024,recurrent,29,117,25143274613b933909fde59f9c7829f73581c5edb821787fdf4efeb1c2169091,Mixed,24,15086636213511692759,2.3024999999999998,0.11583876221498375,15,True,True,15,0.0,False,0.29375,False
trained-recurrent-29-mixed-025,recurrent,29,117,25143274613b933909fde59f9c7829f73581c5edb821787fdf4efeb1c2169091,Mixed,25,12757990641556275448,7.388749999999999,0.036570617309916884,40,False,False,,91.0,True,1.0,False
trained-recurrent-29-mixed-026,recurrent,29,117,25143274613b933909fde59f9c7829f73581c5edb821787fdf4efeb1c2169091,Mixed,26,12197053842346914932,4.719999999999999,0.053704839429081205,40,False,False,,22.4,True,1.0,False
trained-recurrent-29-mixed-027,recurrent,29,117,25143274613b933909fde59f9c7829f73581c5edb821787fdf4efeb1c2169091,Mixed,27,15656072814773331814,5.128749999999998,0.07619424811113823,40,False,False,,183.39999999999998,True,1.0,False
trained-recurrent-29-mixed-028,recurrent,29,117,25143274613b933909fde59f9c7829f73581c5edb821787fdf4efeb1c2169091,Mixed,28,17526703858387765819,2.0475,0.03182234432234433,15,True,True,15,0.0,False,0.3,False
trained-recurrent-29-mixed-029,recurrent,29,117,25143274613b933909fde59f9c7829f73581c5edb821787fdf4efeb1c2169091,Mixed,29,17376475672625902135,1.8449999999999998,0.07418699186991866,11,True,True,11,0.0,False,0.21875,False
trained-recurrent-29-mixed-030,recurrent,29,117,25143274613b933909fde59f9c7829f73581c5edb821787fdf4efeb1c2169091,Mixed,30,4348757498669627051,1.42,0.027728873239436597,5,True,True,5,0.0,False,0.1,False
trained-recurrent-29-mixed-031,recurrent,29,117,25143274613b933909fde59f9c7829f73581c5edb821787fdf4efeb1c2169091,Mixed,31,12596653839035170421,1.7324999999999997,0.013257575757575742,7,True,True,7,0.0,False,0.15,False
trained-recurrent-29-mixed-032,recurrent,29,117,25143274613b933909fde59f9c7829f73581c5edb821787fdf4efeb1c2169091,Mixed,32,6296695352008574738,4.3,0.06148255813953487,39,True,True,39,0.0,False,0.94375,False
trained-recurrent-29-mixed-033,recurrent,29,117,25143274613b933909fde59f9c7829f73581c5edb821787fdf4efeb1c2169091,Mixed,33,8382678127295828188,5.459999999999999,0.1229395604395605,34,True,True,34,0.0,False,0.8,False
trained-recurrent-29-mixed-034,recurrent,29,117,25143274613b933909fde59f9c7829f73581c5edb821787fdf4efeb1c2169091,Mixed,34,6437922754303720328,2.7049999999999996,0.045748613678373386,21,True,True,21,0.0,False,0.475,False
trained-recurrent-29-mixed-035,recurrent,29,117,25143274613b933909fde59f9c7829f73581c5edb821787fdf4efeb1c2169091,Mixed,35,11293644987931461854,4.7887499999999985,0.08139772315827595,30,True,True,30,0.0,False,0.7375,False
trained-recurrent-29-mixed-036,recurrent,29,117,25143274613b933909fde59f9c7829f73581c5edb821787fdf4efeb1c2169091,Mixed,36,12511813803898962649,4.454999999999999,0.04398148148148148,37,True,True,37,0.0,False,0.875,False
trained-recurrent-29-mixed-037,recurrent,29,117,25143274613b933909fde59f9c7829f73581c5edb821787fdf4efeb1c2169091,Mixed,37,16977238533893009382,5.414999999999999,0.04948638042474607,40,False,False,,47.599999999999994,True,1.0,False
trained-recurrent-29-mixed-038,recurrent,29,117,25143274613b933909fde59f9c7829f73581c5edb821787fdf4efeb1c2169091,Mixed,38,1041136331898568598,6.849999999999998,0.04703467153284672,40,False,False,,67.19999999999999,True,1.0,False
trained-recurrent-29-mixed-039,recurrent,29,117,25143274613b933909fde59f9c7829f73581c5edb821787fdf4efeb1c2169091,Mixed,39,13223557882104806802,1.8424999999999998,0.040451153324287684,10,True,True,10,0.0,False,0.19375,False
trained-recurrent-29-mixed-040,recurrent,29,117,25143274613b933909fde59f9c7829f73581c5edb821787fdf4efeb1c2169091,Mixed,40,10552095945866258395,1.4949999999999999,0.03511705685618729,8,True,True,8,0.0,False,0.15,False
trained-recurrent-29-mixed-041,recurrent,29,117,25143274613b933909fde59f9c7829f73581c5edb821787fdf4efeb1c2169091,Mixed,41,2889464320147492642,2.12,0.029186320754717027,8,True,True,8,0.0,False,0.175,False
trained-recurrent-29-mixed-042,recurrent,29,117,25143274613b933909fde59f9c7829f73581c5edb821787fdf4efeb1c2169091,Mixed,42,17961934430512545273,1.36,0.03308823529411768,2,True,True,2,0.0,False,0.05,False
trained-recurrent-29-mixed-043,recurrent,29,117,25143274613b933909fde59f9c7829f73581c5edb821787fdf4efeb1c2169091,Mixed,43,13346559245493740386,1.5799999999999998,0.048655063291139264,8,True,True,8,0.0,False,0.1625,False
trained-recurrent-29-mixed-044,recurrent,29,117,25143274613b933909fde59f9c7829f73581c5edb821787fdf4efeb1c2169091,Mixed,44,12238862435042328230,2.5549999999999997,0.09870352250489238,12,True,True,12,0.0,False,0.2625,False
trained-recurrent-29-mixed-045,recurrent,29,117,25143274613b933909fde59f9c7829f73581c5edb821787fdf4efeb1c2169091,Mixed,45,17696185023626378290,1.5125,0.029442148760330585,7,True,True,7,0.0,False,0.15,False
trained-recurrent-29-mixed-046,recurrent,29,117,25143274613b933909fde59f9c7829f73581c5edb821787fdf4efeb1c2169091,Mixed,46,10660015471746606539,6.624999999999998,0.09750539523985702,40,False,False,,12.6,True,1.0,False
trained-recurrent-29-mixed-047,recurrent,29,117,25143274613b933909fde59f9c7829f73581c5edb821787fdf4efeb1c2169091,Mixed,47,9399689618063443277,2.2374999999999994,0.06934357541899445,21,True,True,21,0.0,False,0.45625,False
trained-recurrent-29-mixed-048,recurrent,29,117,25143274613b933909fde59f9c7829f73581c5edb821787fdf4efeb1c2169091,Mixed,48,1230730853268031559,1.66,0.02371987951807228,9,True,True,9,0.0,False,0.16875,False
trained-recurrent-29-mixed-049,recurrent,29,117,25143274613b933909fde59f9c7829f73581c5edb821787fdf4efeb1c2169091,Mixed,49,636319844101430504,1.9349999999999998,0.04263565891472864,17,True,True,17,0.0,False,0.35625,False
trained-recurrent-29-mixed-050,recurrent,29,117,25143274613b933909fde59f9c7829f73581c5edb821787fdf4efeb1c2169091,Mixed,50,3273242346698573164,1.7774999999999999,0.07410337552742616,12,True,True,12,0.0,False,0.24375,False
trained-recurrent-29-mixed-051,recurrent,29,117,25143274613b933909fde59f9c7829f73581c5edb821787fdf4efeb1c2169091,Mixed,51,493530673928618981,1.7799999999999998,0.054775280898876434,9,True,True,9,0.0,False,0.19375,False
trained-recurrent-29-mixed-052,recurrent,29,117,25143274613b933909fde59f9c7829f73581c5edb821787fdf4efeb1c2169091,Mixed,52,10212755433852057570,1.785,0.03151260504201681,10,True,True,10,0.0,False,0.1875,False
trained-recurrent-29-mixed-053,recurrent,29,117,25143274613b933909fde59f9c7829f73581c5edb821787fdf4efeb1c2169091,Mixed,53,16548210862829139928,1.4825,0.039523608768971326,6,True,True,6,0.0,False,0.1125,False
trained-recurrent-29-mixed-054,recurrent,29,117,25143274613b933909fde59f9c7829f73581c5edb821787fdf4efeb1c2169091,Mixed,54,11705075776136359700,2.44875,0.09602908001119728,13,True,True,13,0.0,False,0.2875,False
trained-recurrent-29-mixed-055,recurrent,29,117,25143274613b933909fde59f9c7829f73581c5edb821787fdf4efeb1c2169091,Mixed,55,10925170577973143501,1.795,0.04178272980501397,8,True,True,8,0.0,False,0.16875,False
trained-recurrent-29-mixed-056,recurrent,29,117,25143274613b933909fde59f9c7829f73581c5edb821787fdf4efeb1c2169091,Mixed,56,4524404311576369140,1.9774999999999998,0.042904551201011394,14,True,True,14,0.0,False,0.3125,False
trained-recurrent-29-mixed-057,recurrent,29,117,25143274613b933909fde59f9c7829f73581c5edb821787fdf4efeb1c2169091,Mixed,57,4990198746295576408,2.994999999999999,0.08545492487479135,29,True,True,29,0.0,False,0.6875,False
trained-recurrent-29-mixed-058,recurrent,29,117,25143274613b933909fde59f9c7829f73581c5edb821787fdf4efeb1c2169091,Mixed,58,10935600715654185564,3.5324999999999993,0.016056263269639073,37,True,True,37,0.0,False,0.7875,False
trained-recurrent-29-mixed-059,recurrent,29,117,25143274613b933909fde59f9c7829f73581c5edb821787fdf4efeb1c2169091,Mixed,59,1159508692300503623,1.6749999999999998,0.06884328358208955,6,True,True,6,0.0,False,0.1375,False
trained-recurrent-29-mixed-060,recurrent,29,117,25143274613b933909fde59f9c7829f73581c5edb821787fdf4efeb1c2169091,Mixed,60,7001365150127749151,5.213749999999999,0.04809997602493408,40,False,False,,71.39999999999999,True,1.0,False
trained-recurrent-29-mixed-061,recurrent,29,117,25143274613b933909fde59f9c7829f73581c5edb821787fdf4efeb1c2169091,Mixed,61,6964642335438109189,2.5249999999999995,0.03304455445544555,17,True,True,17,0.0,False,0.36875,False
trained-recurrent-29-mixed-062,recurrent,29,117,25143274613b933909fde59f9c7829f73581c5edb821787fdf4efeb1c2169091,Mixed,62,16526425299940752600,1.7599999999999998,0.08203125000000006,12,True,True,12,0.0,False,0.25625,False
trained-recurrent-29-mixed-063,recurrent,29,117,25143274613b933909fde59f9c7829f73581c5edb821787fdf4efeb1c2169091,Mixed,63,15544825652898929863,2.2775,0.0817096597145994,18,True,True,18,0.0,False,0.36875,False
trained-recurrent-29-proportional-000,recurrent,29,117,25143274613b933909fde59f9c7829f73581c5edb821787fdf4efeb1c2169091,Proportional,0,2869816371353104722,2.3874999999999997,0.23900523560209425,9,True,True,9,0.0,False,0.1375,False
trained-recurrent-29-proportional-001,recurrent,29,117,25143274613b933909fde59f9c7829f73581c5edb821787fdf4efeb1c2169091,Proportional,1,3252223316639895901,1.95,0.1711538461538461,14,True,True,14,0.0,False,0.16875,False
trained-recurrent-29-proportional-002,recurrent,29,117,25143274613b933909fde59f9c7829f73581c5edb821787fdf4efeb1c2169091,Proportional,2,18106617841243639172,8.331249999999999,0.6187171792948236,40,False,False,,200.0,True,0.29375,False
trained-recurrent-29-proportional-003,recurrent,29,117,25143274613b933909fde59f9c7829f73581c5edb821787fdf4efeb1c2169091,Proportional,3,5120799027322939971,2.1174999999999997,0.12839433293978744,14,True,True,14,0.0,False,0.21875,False
trained-recurrent-29-proportional-004,recurrent,29,117,25143274613b933909fde59f9c7829f73581c5edb821787fdf4efeb1c2169091,Proportional,4,5296420891388049904,1.7475,0.08977110157367668,7,True,True,7,0.0,False,0.13125,False
trained-recurrent-29-proportional-005,recurrent,29,117,25143274613b933909fde59f9c7829f73581c5edb821787fdf4efeb1c2169091,Proportional,5,11613350198165527996,2.2962499999999997,0.08047871745972235,14,True,True,14,0.0,False,0.19375,False
trained-recurrent-29-proportional-006,recurrent,29,117,25143274613b933909fde59f9c7829f73581c5edb821787fdf4efeb1c2169091,Proportional,6,16079930617645498929,1.7574999999999998,0.11415362731152202,5,True,True,5,0.0,False,0.09375,False
trained-recurrent-29-proportional-007,recurrent,29,117,25143274613b933909fde59f9c7829f73581c5edb821787fdf4efeb1c2169091,Proportional,7,14456157117717905651,2.8537499999999993,0.33607095926412606,40,False,False,,9.799999999999999,True,0.35625,False
trained-recurrent-29-proportional-008,recurrent,29,117,25143274613b933909fde59f9c7829f73581c5edb821787fdf4efeb1c2169091,Proportional,8,16669825008945643361,1.6974999999999998,0.09536082474226806,10,True,True,10,0.0,False,0.15,False
trained-recurrent-29-proportional-009,recurrent,29,117,25143274613b933909fde59f9c7829f73581c5edb821787fdf4efeb1c2169091,Proportional,9,10210919313703823413,2.0624999999999996,0.11424242424242426,17,True,True,17,0.0,False,0.23125,False
trained-recurrent-29-proportional-010,recurrent,29,117,25143274613b933909fde59f9c7829f73581c5edb821787fdf4efeb1c2169091,Proportional,10,9118219186326043658,8.19,0.42753332415735734,33,True,True,33,0.0,False,0.60625,False
trained-recurrent-29-proportional-011,recurrent,29,117,25143274613b933909fde59f9c7829f73581c5edb821787fdf4efeb1c2169091,Proportional,11,15897185277671969462,8.32,0.6141826923076922,39,True,True,39,0.0,False,0.31875,False
trained-recurrent-29-proportional-012,recurrent,29,117,25143274613b933909fde59f9c7829f73581c5edb821787fdf4efeb1c2169091,Proportional,12,16121092804712933277,1.475,0.06016949152542371,6,True,True,6,0.0,False,0.08125,False
trained-recurrent-29-proportional-013,recurrent,29,117,25143274613b933909fde59f9c7829f73581c5edb821787fdf4efeb1c2169091,Proportional,13,2854415986596508998,8.733749999999999,0.6083082868183769,40,False,False,,200.0,True,0.39375,False
trained-recurrent-29-proportional-014,recurrent,29,117,25143274613b933909fde59f9c7829f73581c5edb821787fdf4efeb1c2169091,Proportional,14,13687308923009629281,1.7625,0.14432624113475176,8,True,True,8,0.0,False,0.10625,False
trained-recurrent-29-proportional-015,recurrent,29,117,25143274613b933909fde59f9c7829f73581c5edb821787fdf4efeb1c2169091,Proportional,15,1227010462389861822,6.632499999999999,0.5677169364064127,40,False,False,,200.0,True,0.3625,False
trained-recurrent-29-proportional-016,recurrent,29,117,25143274613b933909fde59f9c7829f73581c5edb821787fdf4efeb1c2169091,Proportional,16,1532806024143894510,1.605,0.046728971962616786,14,True,True,14,0.0,False,0.15,False
trained-recurrent-29-proportional-017,recurrent,29,117,25143274613b933909fde59f9c7829f73581c5edb821787fdf4efeb1c2169091,Proportional,17,3622599630187056211,1.3849999999999998,0.045126353790613666,3,True,True,3,0.0,False,0.05,False
trained-recurrent-29-proportional-018,recurrent,29,117,25143274613b933909fde59f9c7829f73581c5edb821787fdf4efeb1c2169091,Proportional,18,17871682329370420414,6.096249999999999,0.5673057207299569,40,False,False,,200.0,True,0.35,False
trained-recurrent-29-proportional-019,recurrent,29,117,25143274613b933909fde59f9c7829f73581c5edb821787fdf4efeb1c2169091,Proportional,19,5289240994460198324,1.6124999999999998,0.11356589147286822,6,True,True,6,0.0,False,0.075,False
trained-recurrent-29-proportional-020,recurrent,29,117,25143274613b933909fde59f9c7829f73581c5edb821787fdf4efeb1c2169091,Proportional,20,2047521707472475889,4.912499999999999,0.23396946564885493,18,True,True,18,0.0,False,0.31875,False
trained-recurrent-29-proportional-021,recurrent,29,117,25143274613b933909fde59f9c7829f73581c5edb821787fdf4efeb1c2169091,Proportional,21,8535797513829342628,7.19375,0.527904159776226,29,True,True,29,0.0,False,0.38125,False
trained-recurrent-29-proportional-022,recurrent,29,117,25143274613b933909fde59f9c7829f73581c5edb821787fdf4efeb1c2169091,Proportional,22,16510478610983308261,4.857499999999999,0.3847851017814303,24,True,True,24,0.0,False,0.3875,False
trained-recurrent-29-proportional-023,recurrent,29,117,25143274613b933909fde59f9c7829f73581c5edb821787fdf4efeb1c2169091,Proportional,23,7983762111101180875,1.69,0.12795857988165674,7,True,True,7,0.0,False,0.1,False
trained-recurrent-29-proportional-024,recurrent,29,117,25143274613b933909fde59f9c7829f73581c5edb821787fdf4efeb1c2169091,Proportional,24,14721090777355539015,1.4075,0.04928952042628773,5,True,True,5,0.0,False,0.06875,False
trained-recurrent-29-proportional-025,recurrent,29,117,25143274613b933909fde59f9c7829f73581c5edb821787fdf4efeb1c2169091,Proportional,25,735389930595765119,1.6975,0.15500736377025037,13,True,True,13,0.0,False,0.11875,False
trained-recurrent-29-proportional-026,recurrent,29,117,25143274613b933909fde59f9c7829f73581c5edb821787fdf4efeb1c2169091,Proportional,26,10283646690458040705,2.21,0.28902714932126694,7,True,True,7,0.0,False,0.08125,False
trained-recurrent-29-proportional-027,recurrent,29,117,25143274613b933909fde59f9c7829f73581c5edb821787fdf4efeb1c2169091,Proportional,27,12735308592897715012,8.989999999999998,0.5499592913383403,40,False,False,,127.39999999999999,True,0.48125,False
trained-recurrent-29-proportional-028,recurrent,29,117,25143274613b933909fde59f9c7829f73581c5edb821787fdf4efeb1c2169091,Proportional,28,5268462983257875123,1.8449999999999998,0.060975609756097573,12,True,True,12,0.0,False,0.16875,False
trained-recurrent-29-proportional-029,recurrent,29,117,25143274613b933909fde59f9c7829f73581c5edb821787fdf4efeb1c2169091,Proportional,29,13607716173327377635,1.51,0.05711920529801324,5,True,True,5,0.0,False,0.06875,False
trained-recurrent-29-proportional-030,recurrent,29,117,25143274613b933909fde59f9c7829f73581c5edb821787fdf4efeb1c2169091,Proportional,30,14769831562332751002,2.5024999999999995,0.22552447552447555,8,True,True,8,0.0,False,0.1375,False
trained-recurrent-29-proportional-031,recurrent,29,117,25143274613b933909fde59f9c7829f73581c5edb821787fdf4efeb1c2169091,Proportional,31,14920082850806691816,1.47,0.07908163265306119,11,True,True,11,0.0,False,0.1125,False
trained-recurrent-29-proportional-032,recurrent,29,117,25143274613b933909fde59f9c7829f73581c5edb821787fdf4efeb1c2169091,Proportional,32,10929082554059655107,4.598749999999999,0.517599891274803,18,True,True,18,0.0,False,0.19375,False
trained-recurrent-29-proportional-033,recurrent,29,117,25143274613b933909fde59f9c7829f73581c5edb821787fdf4efeb1c2169091,Proportional,33,15159171681111660395,6.081249999999998,0.5190074179723276,40,False,False,,172.2,True,0.34375,False
trained-recurrent-29-proportional-034,recurrent,29,117,25143274613b933909fde59f9c7829f73581c5edb821787fdf4efeb1c2169091,Proportional,34,9982715715829461366,1.4775,0.08079526226734343,6,True,True,6,0.0,False,0.0625,False
trained-recurrent-29-proportional-035,recurrent,29,117,25143274613b933909fde59f9c7829f73581c5edb821787fdf4efeb1c2169091,Proportional,35,2502929297454042071,1.7824999999999998,0.13078541374474048,7,True,True,7,0.0,False,0.1,False
trained-recurrent-29-proportional-036,recurrent,29,117,25143274613b933909fde59f9c7829f73581c5edb821787fdf4efeb1c2169091,Proportional,36,13542108234593223793,1.8999999999999997,0.10131578947368412,8,True,True,8,0.0,False,0.125,False
trained-recurrent-29-proportional-037,recurrent,29,117,25143274613b933909fde59f9c7829f73581c5edb821787fdf4efeb1c2169091,Proportional,37,14989748510517771253,2.9924999999999997,0.2529239766081871,23,True,True,23,0.0,False,0.30625,False
trained-recurrent-29-proportional-038,recurrent,29,117,25143274613b933909fde59f9c7829f73581c5edb821787fdf4efeb1c2169091,Proportional,38,17415666088557463457,3.1599999999999997,0.38844936708860767,15,True,True,15,0.0,False,0.175,False
trained-recurrent-29-proportional-039,recurrent,29,117,25143274613b933909fde59f9c7829f73581c5edb821787fdf4efeb1c2169091,Proportional,39,5008715779083895066,4.282499999999999,0.5109457092819615,29,True,True,29,0.0,False,0.25,False
trained-recurrent-29-proportional-040,recurrent,29,117,25143274613b933909fde59f9c7829f73581c5edb821787fdf4efeb1c2169091,Proportional,40,17140631749653894833,4.921249999999999,0.5117475234950469,24,True,True,24,0.0,False,0.2625,False
trained-recurrent-29-proportional-041,recurrent,29,117,25143274613b933909fde59f9c7829f73581c5edb821787fdf4efeb1c2169091,Proportional,41,1813188828491460192,2.9274999999999998,0.37596071733561054,22,True,True,22,0.0,False,0.19375,False
trained-recurrent-29-proportional-042,recurrent,29,117,25143274613b933909fde59f9c7829f73581c5edb821787fdf4efeb1c2169091,Proportional,42,18412054931283722768,1.8949999999999998,0.12203166226912927,7,True,True,7,0.0,False,0.125,False
trained-recurrent-29-proportional-043,recurrent,29,117,25143274613b933909fde59f9c7829f73581c5edb821787fdf4efeb1c2169091,Proportional,43,7056126651007047150,1.5499999999999998,0.10322580645161288,10,True,True,10,0.0,False,0.125,False
trained-recurrent-29-proportional-044,recurrent,29,117,25143274613b933909fde59f9c7829f73581c5edb821787fdf4efeb1c2169091,Proportional,44,17404730947565256969,4.6812499999999995,0.5257009345794391,37,True,True,37,0.0,False,0.28125,False
trained-recurrent-29-proportional-045,recurrent,29,117,25143274613b933909fde59f9c7829f73581c5edb821787fdf4efeb1c2169091,Proportional,45,1410209470343747608,4.56125,0.5077418470813921,20,True,True,20,0.0,False,0.19375,False
trained-recurrent-29-proportional-046,recurrent,29,117,25143274613b933909fde59f9c7829f73581c5edb821787fdf4efeb1c2169091,Proportional,46,17493552221770718539,2.07,0.25120772946859893,8,True,True,8,0.0,False,0.11875,False
trained-recurrent-29-proportional-047,recurrent,29,117,25143274613b933909fde59f9c7829f73581c5edb821787fdf4efeb1c2169091,Proportional,47,12622789717619158147,1.3975,0.07110912343470484,5,True,True,5,0.0,False,0.05625,False
trained-recurrent-29-proportional-048,recurrent,29,117,25143274613b933909fde59f9c7829f73581c5edb821787fdf4efeb1c2169091,Proportional,48,2591181371639269123,9.127499999999998,0.5931936455765544,40,False,False,,200.0,True,0.4125,False
trained-recurrent-29-proportional-049,recurrent,29,117,25143274613b933909fde59f9c7829f73581c5edb821787fdf4efeb1c2169091,Proportional,49,6001705481195724185,1.7824999999999998,0.07187938288920057,9,True,True,9,0.0,False,0.1625,False
trained-recurrent-29-proportional-050,recurrent,29,117,25143274613b933909fde59f9c7829f73581c5edb821787fdf4efeb1c2169091,Proportional,50,15730494762794977365,1.7525,0.12089871611982878,8,True,True,8,0.0,False,0.11875,False
trained-recurrent-29-proportional-051,recurrent,29,117,25143274613b933909fde59f9c7829f73581c5edb821787fdf4efeb1c2169091,Proportional,51,7693684485279127126,2.0124999999999997,0.2580745341614906,9,True,True,9,0.0,False,0.11875,False
trained-recurrent-29-proportional-052,recurrent,29,117,25143274613b933909fde59f9c7829f73581c5edb821787fdf4efeb1c2169091,Proportional,52,17374812209631220878,1.8074999999999997,0.13105117565698482,10,True,True,10,0.0,False,0.15625,False
trained-recurrent-29-proportional-053,recurrent,29,117,25143274613b933909fde59f9c7829f73581c5edb821787fdf4efeb1c2169091,Proportional,53,7682333083364743263,1.6949999999999998,0.15339233038348085,11,True,True,11,0.0,False,0.10625,False
trained-recurrent-29-proportional-054,recurrent,29,117,25143274613b933909fde59f9c7829f73581c5edb821787fdf4efeb1c2169091,Proportional,54,9184467836081231775,6.241249999999999,0.36496827265488757,40,False,False,,32.199999999999996,True,0.5125,False
trained-recurrent-29-proportional-055,recurrent,29,117,25143274613b933909fde59f9c7829f73581c5edb821787fdf4efeb1c2169091,Proportional,55,6437564031728764872,4.307499999999999,0.4844747533372025,40,False,False,,200.0,True,0.3375,False
trained-recurrent-29-proportional-056,recurrent,29,117,25143274613b933909fde59f9c7829f73581c5edb821787fdf4efeb1c2169091,Proportional,56,16698987117301759504,8.784999999999998,0.5966978722334061,40,False,False,,200.0,True,0.36875,False
trained-recurrent-29-proportional-057,recurrent,29,117,25143274613b933909fde59f9c7829f73581c5edb821787fdf4efeb1c2169091,Proportional,57,12095153170687498930,2.2124999999999995,0.20875706214689263,21,True,True,21,0.0,False,0.26875,False
trained-recurrent-29-proportional-058,recurrent,29,117,25143274613b933909fde59f9c7829f73581c5edb821787fdf4efeb1c2169091,Proportional,58,11859169688350802959,4.538749999999999,0.5222390526025888,18,True,True,18,0.0,False,0.1625,False
trained-recurrent-29-proportional-059,recurrent,29,117,25143274613b933909fde59f9c7829f73581c5edb821787fdf4efeb1c2169091,Proportional,59,15922467138020599415,8.567499999999999,0.4267964982502816,37,True,True,37,0.0,False,0.55625,False
trained-recurrent-29-proportional-060,recurrent,29,117,25143274613b933909fde59f9c7829f73581c5edb821787fdf4efeb1c2169091,Proportional,60,17789176774768782898,8.666249999999998,0.6014351651521707,40,False,False,,145.6,True,0.40625,False
trained-recurrent-29-proportional-061,recurrent,29,117,25143274613b933909fde59f9c7829f73581c5edb821787fdf4efeb1c2169091,Proportional,61,9994443755397349862,1.7025,0.12518355359765046,29,True,True,29,0.0,False,0.25625,False
trained-recurrent-29-proportional-062,recurrent,29,117,25143274613b933909fde59f9c7829f73581c5edb821787fdf4efeb1c2169091,Proportional,62,1441971938319584897,1.725,0.037681159420289864,8,True,True,8,0.0,False,0.1125,False
trained-recurrent-29-proportional-063,recurrent,29,117,25143274613b933909fde59f9c7829f73581c5edb821787fdf4efeb1c2169091,Proportional,63,14098114538115173354,8.318749999999998,0.5632231404958677,40,False,False,,71.39999999999999,True,0.4375,False
trained-recurrent-43-equal-000,recurrent,43,113,83ea46a7c1f7b5874d32f28d7a0a26cb3f07d77bf57f1682801d3ac26bed14d2,Equal,0,7103900508957033383,1.7,0.11029411764705886,7,True,True,7,0.0,False,0.15,False
trained-recurrent-43-equal-001,recurrent,43,113,83ea46a7c1f7b5874d32f28d7a0a26cb3f07d77bf57f1682801d3ac26bed14d2,Equal,1,8261220632376924596,1.9349999999999998,0.14373385012919898,12,True,True,12,0.0,False,0.3,False
trained-recurrent-43-equal-002,recurrent,43,113,83ea46a7c1f7b5874d32f28d7a0a26cb3f07d77bf57f1682801d3ac26bed14d2,Equal,2,3210263021633920381,6.861249999999998,0.05374385133904172,40,False,False,,35.0,True,1.0,False
trained-recurrent-43-equal-003,recurrent,43,113,83ea46a7c1f7b5874d32f28d7a0a26cb3f07d77bf57f1682801d3ac26bed14d2,Equal,3,9461223122153360229,1.5525,0.12379227053140093,7,True,True,7,0.0,False,0.15,False
trained-recurrent-43-equal-004,recurrent,43,113,83ea46a7c1f7b5874d32f28d7a0a26cb3f07d77bf57f1682801d3ac26bed14d2,Equal,4,12630639351878712014,2.0075,0.1159713574097136,13,True,True,13,0.0,False,0.3,False
trained-recurrent-43-equal-005,recurrent,43,113,83ea46a7c1f7b5874d32f28d7a0a26cb3f07d77bf57f1682801d3ac26bed14d2,Equal,5,1966612867455180038,1.7799999999999998,0.17205056179775283,7,True,True,7,0.0,False,0.15,False
trained-recurrent-43-equal-006,recurrent,43,113,83ea46a7c1f7b5874d32f28d7a0a26cb3f07d77bf57f1682801d3ac26bed14d2,Equal,6,7118957780628466146,1.9024999999999999,0.025459921156373206,9,True,True,9,0.0,False,0.2,False
trained-recurrent-43-equal-007,recurrent,43,113,83ea46a7c1f7b5874d32f28d7a0a26cb3f07d77bf57f1682801d3ac26bed14d2,Equal,7,10131635408411338707,1.43,0.07211538461538464,5,True,True,5,0.0,False,0.125,False
trained-recurrent-43-equal-008,recurrent,43,113,83ea46a7c1f7b5874d32f28d7a0a26cb3f07d77bf57f1682801d3ac26bed14d2,Equal,8,603116095228841592,1.775,0.17253521126760565,9,True,True,9,0.0,False,0.2,False
trained-recurrent-43-equal-009,recurrent,43,113,83ea46a7c1f7b5874d32f28d7a0a26cb3f07d77bf57f1682801d3ac26bed14d2,Equal,9,10585438669686392265,1.5699999999999998,0.07762738853503186,8,True,True,8,0.0,False,0.175,False
trained-recurrent-43-equal-010,recurrent,43,113,83ea46a7c1f7b5874d32f28d7a0a26cb3f07d77bf57f1682801d3ac26bed14d2,Equal,10,8638143422103840663,1.6549999999999998,0.08496978851963743,7,True,True,7,0.0,False,0.15,False
trained-recurrent-43-equal-011,recurrent,43,113,83ea46a7c1f7b5874d32f28d7a0a26cb3f07d77bf57f1682801d3ac26bed14d2,Equal,11,15755038497369856416,6.526249999999999,0.0921758283853668,40,False,False,,200.0,True,1.0,False
trained-recurrent-43-equal-012,recurrent,43,113,83ea46a7c1f7b5874d32f28d7a0a26cb3f07d77bf57f1682801d3ac26bed14d2,Equal,12,2903436536649581892,2.3775,0.1610147213459516,25,True,True,25,0.0,False,0.6,False
trained-recurrent-43-equal-013,recurrent,43,113,83ea46a7c1f7b5874d32f28d7a0a26cb3f07d77bf57f1682801d3ac26bed14d2,Equal,13,11049362694503334712,1.3849999999999998,0.09927797833935016,5,True,True,5,0.0,False,0.1,False
trained-recurrent-43-equal-014,recurrent,43,113,83ea46a7c1f7b5874d32f28d7a0a26cb3f07d77bf57f1682801d3ac26bed14d2,Equal,14,10874287556629863985,1.3,0.05769230769230769,4,True,True,4,0.0,False,0.075,False
trained-recurrent-43-equal-015,recurrent,43,113,83ea46a7c1f7b5874d32f28d7a0a26cb3f07d77bf57f1682801d3ac26bed14d2,Equal,15,15079451003153595270,1.8299999999999996,0.13319672131147542,9,True,True,9,0.0,False,0.2,False
trained-recurrent-43-equal-016,recurrent,43,113,83ea46a7c1f7b5874d32f28d7a0a26cb3f07d77bf57f1682801d3ac26bed14d2,Equal,16,6288341936126514018,1.505,0.15157807308970106,6,True,True,6,0.0,False,0.125,False
trained-recurrent-43-equal-017,recurrent,43,113,83ea46a7c1f7b5874d32f28d7a0a26cb3f07d77bf57f1682801d3ac26bed14d2,Equal,17,2873886694938652924,1.8049999999999997,0.051939058171745156,9,True,True,9,0.0,False,0.2,False
trained-recurrent-43-equal-018,recurrent,43,113,83ea46a7c1f7b5874d32f28d7a0a26cb3f07d77bf57f1682801d3ac26bed14d2,Equal,18,17935390602553778253,1.5974999999999997,0.17116588419405324,7,True,True,7,0.0,False,0.15,False
trained-recurrent-43-equal-019,recurrent,43,113,83ea46a7c1f7b5874d32f28d7a0a26cb3f07d77bf57f1682801d3ac26bed14d2,Equal,19,1454513147933634360,1.975,0.1265822784810127,12,True,True,12,0.0,False,0.275,False
trained-recurrent-43-equal-020,recurrent,43,113,83ea46a7c1f7b5874d32f28d7a0a26cb3f07d77bf57f1682801d3ac26bed14d2,Equal,20,4624191932255594794,1.7025,0.24137298091042586,6,True,True,6,0.0,False,0.15,False
trained-recurrent-43-equal-021,recurrent,43,113,83ea46a7c1f7b5874d32f28d7a0a26cb3f07d77bf57f1682801d3ac26bed14d2,Equal,21,17158674613308555233,1.6124999999999998,0.13081395348837213,7,True,True,7,0.0,False,0.15,False
trained-recurrent-43-equal-022,recurrent,43,113,83ea46a7c1f7b5874d32f28d7a0a26cb3f07d77bf57f1682801d3ac26bed14d2,Equal,22,5582087537706079882,1.53,0.04289215686274512,6,True,True,6,0.0,False,0.125,False
trained-recurrent-43-equal-023,recurrent,43,113,83ea46a7c1f7b5874d32f28d7a0a26cb3f07d77bf57f1682801d3ac26bed14d2,Equal,23,14966678022591397244,1.575,0.09325396825396824,8,True,True,8,0.0,False,0.175,False
trained-recurrent-43-equal-024,recurrent,43,113,83ea46a7c1f7b5874d32f28d7a0a26cb3f07d77bf57f1682801d3ac26bed14d2,Equal,24,3118146091851003906,1.67,0.052395209580838306,9,True,True,9,0.0,False,0.2,False
trained-recurrent-43-equal-025,recurrent,43,113,83ea46a7c1f7b5874d32f28d7a0a26cb3f07d77bf57f1682801d3ac26bed14d2,Equal,25,11847763548928738696,1.7025,0.13491189427312777,8,True,True,8,0.0,False,0.175,False
trained-recurrent-43-equal-026,recurrent,43,113,83ea46a7c1f7b5874d32f28d7a0a26cb3f07d77bf57f1682801d3ac26bed14d2,Equal,26,14307793151229420249,2.2099999999999995,0.23048642533936653,12,True,True,12,0.0,False,0.275,False
trained-recurrent-43-equal-027,recurrent,43,113,83ea46a7c1f7b5874d32f28d7a0a26cb3f07d77bf57f1682801d3ac26bed14d2,Equal,27,15687493597606678894,1.9549999999999998,0.027173913043478274,10,True,True,10,0.0,False,0.225,False
trained-recurrent-43-equal-028,recurrent,43,113,83ea46a7c1f7b5874d32f28d7a0a26cb3f07d77bf57f1682801d3ac26bed14d2,Equal,28,15594330100904027336,1.5875,0.1643700787401575,6,True,True,6,0.0,False,0.125,False
trained-recurrent-43-equal-029,recurrent,43,113,83ea46a7c1f7b5874d32f28d7a0a26cb3f07d77bf57f1682801d3ac26bed14d2,Equal,29,2117229342770252080,1.7374999999999998,0.1483812949640288,8,True,True,8,0.0,False,0.175,False
trained-recurrent-43-equal-030,recurrent,43,113,83ea46a7c1f7b5874d32f28d7a0a26cb3f07d77bf57f1682801d3ac26bed14d2,Equal,30,937912747903255239,1.67,0.13847305389221556,6,True,True,6,0.0,False,0.15,False
trained-recurrent-43-equal-031,recurrent,43,113,83ea46a7c1f7b5874d32f28d7a0a26cb3f07d77bf57f1682801d3ac26bed14d2,Equal,31,17274336721046340154,1.5574999999999999,0.09129213483146066,6,True,True,6,0.0,False,0.15,False
trained-recurrent-43-equal-032,recurrent,43,113,83ea46a7c1f7b5874d32f28d7a0a26cb3f07d77bf57f1682801d3ac26bed14d2,Equal,32,3003522407486026010,1.7524999999999997,0.06508559201141226,7,True,True,7,0.0,False,0.175,False
trained-recurrent-43-equal-033,recurrent,43,113,83ea46a7c1f7b5874d32f28d7a0a26cb3f07d77bf57f1682801d3ac26bed14d2,Equal,33,5198052769717982948,1.795,0.047005571030640694,9,True,True,9,0.0,False,0.2,False
trained-recurrent-43-equal-034,recurrent,43,113,83ea46a7c1f7b5874d32f28d7a0a26cb3f07d77bf57f1682801d3ac26bed14d2,Equal,34,12347572421833542418,2.9149999999999996,0.051457975986277896,19,True,True,19,0.0,False,0.45,False
trained-recurrent-43-equal-035,recurrent,43,113,83ea46a7c1f7b5874d32f28d7a0a26cb3f07d77bf57f1682801d3ac26bed14d2,Equal,35,4240515990430950663,1.8575,0.12028936742934052,10,True,True,10,0.0,False,0.225,False
trained-recurrent-43-equal-036,recurrent,43,113,83ea46a7c1f7b5874d32f28d7a0a26cb3f07d77bf57f1682801d3ac26bed14d2,Equal,36,11523315044141231976,2.9974999999999996,0.10998748957464552,27,True,True,27,0.0,False,0.65,False
trained-recurrent-43-equal-037,recurrent,43,113,83ea46a7c1f7b5874d32f28d7a0a26cb3f07d77bf57f1682801d3ac26bed14d2,Equal,37,1815534025398262685,1.7349999999999999,0.15850144092219023,10,True,True,10,0.0,False,0.225,False
trained-recurrent-43-equal-038,recurrent,43,113,83ea46a7c1f7b5874d32f28d7a0a26cb3f07d77bf57f1682801d3ac26bed14d2,Equal,38,124557808821297290,1.4825,0.0832630691399663,8,True,True,8,0.0,False,0.175,False
trained-recurrent-43-equal-039,recurrent,43,113,83ea46a7c1f7b5874d32f28d7a0a26cb3f07d77bf57f1682801d3ac26bed14d2,Equal,39,716926058483006325,1.6425,0.02568493150684933,7,True,True,7,0.0,False,0.175,False
trained-recurrent-43-equal-040,recurrent,43,113,83ea46a7c1f7b5874d32f28d7a0a26cb3f07d77bf57f1682801d3ac26bed14d2,Equal,40,10375452832849340268,1.8224999999999998,0.15517832647462276,8,True,True,8,0.0,False,0.175,False
trained-recurrent-43-equal-041,recurrent,43,113,83ea46a7c1f7b5874d32f28d7a0a26cb3f07d77bf57f1682801d3ac26bed14d2,Equal,41,6062006876771340529,1.5125,0.07128099173553724,5,True,True,5,0.0,False,0.125,False
trained-recurrent-43-equal-042,recurrent,43,113,83ea46a7c1f7b5874d32f28d7a0a26cb3f07d77bf57f1682801d3ac26bed14d2,Equal,42,11523437127005010238,1.4625,0.09294871794871795,6,True,True,6,0.0,False,0.125,False
trained-recurrent-43-equal-043,recurrent,43,113,83ea46a7c1f7b5874d32f28d7a0a26cb3f07d77bf57f1682801d3ac26bed14d2,Equal,43,3143296775550650134,2.8824999999999994,0.06016912402428449,17,True,True,17,0.0,False,0.4,False
trained-recurrent-43-equal-044,recurrent,43,113,83ea46a7c1f7b5874d32f28d7a0a26cb3f07d77bf57f1682801d3ac26bed14d2,Equal,44,11941645590719140316,2.11,0.1273696682464455,11,True,True,11,0.0,False,0.25,False
trained-recurrent-43-equal-045,recurrent,43,113,83ea46a7c1f7b5874d32f28d7a0a26cb3f07d77bf57f1682801d3ac26bed14d2,Equal,45,11889464975068589010,1.4275,0.04925569176882663,5,True,True,5,0.0,False,0.1,False
trained-recurrent-43-equal-046,recurrent,43,113,83ea46a7c1f7b5874d32f28d7a0a26cb3f07d77bf57f1682801d3ac26bed14d2,Equal,46,11698218444319253145,1.7849999999999997,0.20833333333333334,8,True,True,8,0.0,False,0.175,False
trained-recurrent-43-equal-047,recurrent,43,113,83ea46a7c1f7b5874d32f28d7a0a26cb3f07d77bf57f1682801d3ac26bed14d2,Equal,47,14033660277546922014,2.135,0.10245901639344261,10,True,True,10,0.0,False,0.225,False
trained-recurrent-43-equal-048,recurrent,43,113,83ea46a7c1f7b5874d32f28d7a0a26cb3f07d77bf57f1682801d3ac26bed14d2,Equal,48,282286500967415670,1.6824999999999999,0.023216939078751858,7,True,True,7,0.0,False,0.15,False
trained-recurrent-43-equal-049,recurrent,43,113,83ea46a7c1f7b5874d32f28d7a0a26cb3f07d77bf57f1682801d3ac26bed14d2,Equal,49,2427122241154462330,1.58,0.15229430379746836,6,True,True,6,0.0,False,0.125,False
trained-recurrent-43-equal-050,recurrent,43,113,83ea46a7c1f7b5874d32f28d7a0a26cb3f07d77bf57f1682801d3ac26bed14d2,Equal,50,15160337028777607867,4.139999999999999,0.09359903381642512,33,True,True,33,0.0,False,0.8,False
trained-recurrent-43-equal-051,recurrent,43,113,83ea46a7c1f7b5874d32f28d7a0a26cb3f07d77bf57f1682801d3ac26bed14d2,Equal,51,4978969448973888386,1.9149999999999998,0.029373368146214107,7,True,True,7,0.0,False,0.15,False
trained-recurrent-43-equal-052,recurrent,43,113,83ea46a7c1f7b5874d32f28d7a0a26cb3f07d77bf57f1682801d3ac26bed14d2,Equal,52,7616947170602550805,1.6974999999999998,0.07455817378497794,7,True,True,7,0.0,False,0.175,False
trained-recurrent-43-equal-053,recurrent,43,113,83ea46a7c1f7b5874d32f28d7a0a26cb3f07d77bf57f1682801d3ac26bed14d2,Equal,53,3811985487677737855,1.5025,0.06759567387687186,4,True,True,4,0.0,False,0.1,False
trained-recurrent-43-equal-054,recurrent,43,113,83ea46a7c1f7b5874d32f28d7a0a26cb3f07d77bf57f1682801d3ac26bed14d2,Equal,54,4509544889044261618,2.3625,0.083994708994709,13,True,True,13,0.0,False,0.3,False
trained-recurrent-43-equal-055,recurrent,43,113,83ea46a7c1f7b5874d32f28d7a0a26cb3f07d77bf57f1682801d3ac26bed14d2,Equal,55,786454442490203279,1.5775,0.10202060221870049,6,True,True,6,0.0,False,0.125,False
trained-recurrent-43-equal-056,recurrent,43,113,83ea46a7c1f7b5874d32f28d7a0a26cb3f07d77bf57f1682801d3ac26bed14d2,Equal,56,6921083587672588797,1.8499999999999999,0.21452702702702706,7,True,True,7,0.0,False,0.15,False
trained-recurrent-43-equal-057,recurrent,43,113,83ea46a7c1f7b5874d32f28d7a0a26cb3f07d77bf57f1682801d3ac26bed14d2,Equal,57,10819061437665258384,1.3925,0.08864452423698387,5,True,True,5,0.0,False,0.1,False
trained-recurrent-43-equal-058,recurrent,43,113,83ea46a7c1f7b5874d32f28d7a0a26cb3f07d77bf57f1682801d3ac26bed14d2,Equal,58,14188091178169407405,1.8724999999999998,0.07259679572763685,16,True,True,16,0.0,False,0.375,False
trained-recurrent-43-equal-059,recurrent,43,113,83ea46a7c1f7b5874d32f28d7a0a26cb3f07d77bf57f1682801d3ac26bed14d2,Equal,59,11276263475312515799,2.0874999999999995,0.17589820359281438,11,True,True,11,0.0,False,0.25,False
trained-recurrent-43-equal-060,recurrent,43,113,83ea46a7c1f7b5874d32f28d7a0a26cb3f07d77bf57f1682801d3ac26bed14d2,Equal,60,1509781711165288131,1.785,0.20133053221288516,8,True,True,8,0.0,False,0.175,False
trained-recurrent-43-equal-061,recurrent,43,113,83ea46a7c1f7b5874d32f28d7a0a26cb3f07d77bf57f1682801d3ac26bed14d2,Equal,61,7080572015724075876,1.6275,0.22177419354838712,8,True,True,8,0.0,False,0.175,False
trained-recurrent-43-equal-062,recurrent,43,113,83ea46a7c1f7b5874d32f28d7a0a26cb3f07d77bf57f1682801d3ac26bed14d2,Equal,62,8448384924689352680,1.45,0.0711206896551724,5,True,True,5,0.0,False,0.1,False
trained-recurrent-43-equal-063,recurrent,43,113,83ea46a7c1f7b5874d32f28d7a0a26cb3f07d77bf57f1682801d3ac26bed14d2,Equal,63,453526790084920337,2.7724999999999995,0.09862488728584308,21,True,True,21,0.0,False,0.5,False
trained-recurrent-43-interpolating-000,recurrent,43,113,83ea46a7c1f7b5874d32f28d7a0a26cb3f07d77bf57f1682801d3ac26bed14d2,Interpolating,0,6220148414936223427,2.3874999999999997,0.25731117086673144,16,True,True,16,0.0,False,0.175,True
trained-recurrent-43-interpolating-001,recurrent,43,113,83ea46a7c1f7b5874d32f28d7a0a26cb3f07d77bf57f1682801d3ac26bed14d2,Interpolating,1,6787622510680539391,10.029999999999998,0.4078663984097616,40,False,False,,165.2,True,0.54375,True
trained-recurrent-43-interpolating-002,recurrent,43,113,83ea46a7c1f7b5874d32f28d7a0a26cb3f07d77bf57f1682801d3ac26bed14d2,Interpolating,2,3206808833067869246,3.9324999999999997,0.4334097534385675,23,True,True,23,0.0,False,0.30625,True
trained-recurrent-43-interpolating-003,recurrent,43,113,83ea46a7c1f7b5874d32f28d7a0a26cb3f07d77bf57f1682801d3ac26bed14d2,Interpolating,3,12357399070372837758,1.7824999999999998,0.12166896616497898,13,True,True,13,0.0,False,0.175,True
trained-recurrent-43-interpolating-004,recurrent,43,113,83ea46a7c1f7b5874d32f28d7a0a26cb3f07d77bf57f1682801d3ac26bed14d2,Interpolating,4,1015803235304302598,6.4362499999999985,0.30022345243448084,40,False,False,,165.2,True,0.4625,True
trained-recurrent-43-interpolating-005,recurrent,43,113,83ea46a7c1f7b5874d32f28d7a0a26cb3f07d77bf57f1682801d3ac26bed14d2,Interpolating,5,9258758079979221688,7.50625,0.07710739343208002,35,True,True,35,0.0,False,0.65,True
trained-recurrent-43-interpolating-006,recurrent,43,113,83ea46a7c1f7b5874d32f28d7a0a26cb3f07d77bf57f1682801d3ac26bed14d2,Interpolating,6,7513243623905875719,1.625,0.048461539510225624,7,True,True,7,0.0,False,0.125,True
trained-recurrent-43-interpolating-007,recurrent,43,113,83ea46a7c1f7b5874d32f28d7a0a26cb3f07d77bf57f1682801d3ac26bed14d2,Interpolating,7,3670866613364510873,7.144999999999999,0.18001964202969345,40,False,False,,47.599999999999994,True,0.58125,True
trained-recurrent-43-interpolating-008,recurrent,43,113,83ea46a7c1f7b5874d32f28d7a0a26cb3f07d77bf57f1682801d3ac26bed14d2,Interpolating,8,6451109591140900154,1.525,0.09508196000232343,5,True,True,5,0.0,False,0.08125,True
trained-recurrent-43-interpolating-009,recurrent,43,113,83ea46a7c1f7b5874d32f28d7a0a26cb3f07d77bf57f1682801d3ac26bed14d2,Interpolating,9,10046875262498389425,1.6974999999999998,0.0460054733023769,8,True,True,8,0.0,False,0.125,True
trained-recurrent-43-interpolating-010,recurrent,43,113,83ea46a7c1f7b5874d32f28d7a0a26cb3f07d77bf57f1682801d3ac26bed14d2,Interpolating,10,14017814347374936777,1.68,0.156994047320606,9,True,True,9,0.0,False,0.11875,True
trained-recurrent-43-interpolating-011,recurrent,43,113,83ea46a7c1f7b5874d32f28d7a0a26cb3f07d77bf57f1682801d3ac26bed14d2,Interpolating,11,14960843693321932717,4.382499999999999,0.2595550309982298,25,True,True,25,0.0,False,0.325,True
trained-recurrent-43-interpolating-012,recurrent,43,113,83ea46a7c1f7b5874d32f28d7a0a26cb3f07d77bf57f1682801d3ac26bed14d2,Interpolating,12,16368872330342279158,1.385,0.06317689530666656,6,True,True,6,0.0,False,0.075,True
trained-recurrent-43-interpolating-013,recurrent,43,113,83ea46a7c1f7b5874d32f28d7a0a26cb3f07d77bf57f1682801d3ac26bed14d2,Interpolating,13,8183508779638173149,2.6174999999999997,0.20658499636439875,7,True,True,7,0.0,False,0.15,True
trained-recurrent-43-interpolating-014,recurrent,43,113,83ea46a7c1f7b5874d32f28d7a0a26cb3f07d77bf57f1682801d3ac26bed14d2,Interpolating,14,2940887870766562431,1.6025,0.12129484766623849,11,True,True,11,0.0,False,0.1125,True
trained-recurrent-43-interpolating-015,recurrent,43,113,83ea46a7c1f7b5874d32f28d7a0a26cb3f07d77bf57f1682801d3ac26bed14d2,Interpolating,15,2357756485738309182,10.999999999999998,0.1668306628686896,40,False,False,,158.2,True,0.8875,True
trained-recurrent-43-interpolating-016,recurrent,43,113,83ea46a7c1f7b5874d32f28d7a0a26cb3f07d77bf57f1682801d3ac26bed14d2,Interpolating,16,16699064557769579356,1.9825,0.11822186344745615,16,True,True,16,0.0,False,0.2,True
trained-recurrent-43-interpolating-017,recurrent,43,113,83ea46a7c1f7b5874d32f28d7a0a26cb3f07d77bf57f1682801d3ac26bed14d2,Interpolating,17,15066013045522896336,2.5375,0.23528078875126737,14,True,True,14,0.0,False,0.1875,True
trained-recurrent-43-interpolating-018,recurrent,43,113,83ea46a7c1f7b5874d32f28d7a0a26cb3f07d77bf57f1682801d3ac26bed14d2,Interpolating,18,8502011478753900384,1.67,0.11751496392137296,6,True,True,6,0.0,False,0.1,True
trained-recurrent-43-interpolating-019,recurrent,43,113,83ea46a7c1f7b5874d32f28d7a0a26cb3f07d77bf57f1682801d3ac26bed14d2,Interpolating,19,321794975822261875,3.0849999999999995,0.31604265579448126,23,True,True,23,0.0,False,0.29375,True
trained-recurrent-43-interpolating-020,recurrent,43,113,83ea46a7c1f7b5874d32f28d7a0a26cb3f07d77bf57f1682801d3ac26bed14d2,Interpolating,20,4388958952912830745,6.916249999999998,0.3761277711515669,40,False,False,,184.79999999999998,True,0.43125,True
trained-recurrent-43-interpolating-021,recurrent,43,113,83ea46a7c1f7b5874d32f28d7a0a26cb3f07d77bf57f1682801d3ac26bed14d2,Interpolating,21,11883452125987959776,1.6475,0.06942218383994207,10,True,True,10,0.0,False,0.1375,True
trained-recurrent-43-interpolating-022,recurrent,43,113,83ea46a7c1f7b5874d32f28d7a0a26cb3f07d77bf57f1682801d3ac26bed14d2,Interpolating,22,13622103515106672325,8.454999999999998,0.14960967537583048,40,False,False,,200.0,True,0.6625,True
trained-recurrent-43-interpolating-023,recurrent,43,113,83ea46a7c1f7b5874d32f28d7a0a26cb3f07d77bf57f1682801d3ac26bed14d2,Interpolating,23,8163027845930834348,2.2424999999999997,0.22652259058947694,15,True,True,15,0.0,False,0.19375,True
trained-recurrent-43-interpolating-024,recurrent,43,113,83ea46a7c1f7b5874d32f28d7a0a26cb3f07d77bf57f1682801d3ac26bed14d2,Interpolating,24,6449172110339840075,1.6199999999999999,0.07716048701179384,7,True,True,7,0.0,False,0.125,True
trained-recurrent-43-interpolating-025,recurrent,43,113,83ea46a7c1f7b5874d32f28d7a0a26cb3f07d77bf57f1682801d3ac26bed14d2,Interpolating,25,4227296902405183655,1.5925,0.11342229007062245,7,True,True,7,0.0,False,0.08125,True
trained-recurrent-43-interpolating-026,recurrent,43,113,83ea46a7c1f7b5874d32f28d7a0a26cb3f07d77bf57f1682801d3ac26bed14d2,Interpolating,26,14550458554392504496,1.8699999999999999,0.1811497326129038,18,True,True,18,0.0,False,0.1625,True
trained-recurrent-43-interpolating-027,recurrent,43,113,83ea46a7c1f7b5874d32f28d7a0a26cb3f07d77bf57f1682801d3ac26bed14d2,Interpolating,27,12736977194468159423,9.653749999999999,0.18191379390030232,40,False,False,,141.39999999999998,True,0.60625,True
trained-recurrent-43-interpolating-028,recurrent,43,113,83ea46a7c1f7b5874d32f28d7a0a26cb3f07d77bf57f1682801d3ac26bed14d2,Interpolating,28,10979152976098176872,2.07,0.2016050623006415,11,True,True,11,0.0,False,0.15,True
trained-recurrent-43-interpolating-029,recurrent,43,113,83ea46a7c1f7b5874d32f28d7a0a26cb3f07d77bf57f1682801d3ac26bed14d2,Interpolating,29,15719284513416193980,1.2650000000000001,0.006916996047430835,2,True,True,2,0.0,False,0.0375,True
trained-recurrent-43-interpolating-030,recurrent,43,113,83ea46a7c1f7b5874d32f28d7a0a26cb3f07d77bf57f1682801d3ac26bed14d2,Interpolating,30,15721297101728184758,2.8324999999999996,0.3234804472784159,18,True,True,18,0.0,False,0.19375,True
trained-recurrent-43-interpolating-031,recurrent,43,113,83ea46a7c1f7b5874d32f28d7a0a26cb3f07d77bf57f1682801d3ac26bed14d2,Interpolating,31,988855211914345162,2.3475,0.24307771924860264,16,True,True,16,0.0,False,0.20625,True
trained-recurrent-43-interpolating-032,recurrent,43,113,83ea46a7c1f7b5874d32f28d7a0a26cb3f07d77bf57f1682801d3ac26bed14d2,Interpolating,32,14127798626751141969,1.7724999999999997,0.16325778335100566,14,True,True,14,0.0,False,0.15,True
trained-recurrent-43-interpolating-033,recurrent,43,113,83ea46a7c1f7b5874d32f28d7a0a26cb3f07d77bf57f1682801d3ac26bed14d2,Interpolating,33,13242181276497950063,1.435,0.05400696863648422,4,True,True,4,0.0,False,0.06875,True
trained-recurrent-43-interpolating-034,recurrent,43,113,83ea46a7c1f7b5874d32f28d7a0a26cb3f07d77bf57f1682801d3ac26bed14d2,Interpolating,34,12966721334260423569,2.4699999999999998,0.3036434301418748,24,True,True,24,0.0,False,0.25,True
trained-recurrent-43-interpolating-035,recurrent,43,113,83ea46a7c1f7b5874d32f28d7a0a26cb3f07d77bf57f1682801d3ac26bed14d2,Interpolating,35,2038105698716914043,8.132499999999997,0.4160949526377958,40,False,False,,180.6,True,0.5375,True
trained-recurrent-43-interpolating-036,recurrent,43,113,83ea46a7c1f7b5874d32f28d7a0a26cb3f07d77bf57f1682801d3ac26bed14d2,Interpolating,36,10525997818189291401,8.989999999999998,0.23178804911434014,40,False,False,,103.6,True,0.63125,True
trained-recurrent-43-interpolating-037,recurrent,43,113,83ea46a7c1f7b5874d32f28d7a0a26cb3f07d77bf57f1682801d3ac26bed14d2,Interpolating,37,6606827085061653793,2.5374999999999996,0.29088663813732657,16,True,True,16,0.0,False,0.18125,True
trained-recurrent-43-interpolating-038,recurrent,43,113,83ea46a7c1f7b5874d32f28d7a0a26cb3f07d77bf57f1682801d3ac26bed14d2,Interpolating,38,17216129164954605696,9.189999999999998,0.3902859732448366,40,False,False,,92.39999999999999,True,0.5375,True
trained-recurrent-43-interpolating-039,recurrent,43,113,83ea46a7c1f7b5874d32f28d7a0a26cb3f07d77bf57f1682801d3ac26bed14d2,Interpolating,39,4917993039153662920,7.187499999999998,0.3076116437319908,40,False,False,,21.0,True,0.55,True
trained-recurrent-43-interpolating-040,recurrent,43,113,83ea46a7c1f7b5874d32f28d7a0a26cb3f07d77bf57f1682801d3ac26bed14d2,Interpolating,40,14676930547218167960,1.695,0.0648869249790542,9,True,True,9,0.0,False,0.15,True
trained-recurrent-43-interpolating-041,recurrent,43,113,83ea46a7c1f7b5874d32f28d7a0a26cb3f07d77bf57f1682801d3ac26bed14d2,Interpolating,41,12902937061522362700,2.4174999999999995,0.16321236286983562,19,True,True,19,0.0,False,0.23125,True
trained-recurrent-43-interpolating-042,recurrent,43,113,83ea46a7c1f7b5874d32f28d7a0a26cb3f07d77bf57f1682801d3ac26bed14d2,Interpolating,42,820657220291173235,2.1975,0.18630962193389597,13,True,True,13,0.0,False,0.15,True
trained-recurrent-43-interpolating-043,recurrent,43,113,83ea46a7c1f7b5874d32f28d7a0a26cb3f07d77bf57f1682801d3ac26bed14d2,Interpolating,43,10730078659331426236,1.7525,0.08737407124013309,12,True,True,12,0.0,False,0.1625,True
trained-recurrent-43-interpolating-044,recurrent,43,113,83ea46a7c1f7b5874d32f28d7a0a26cb3f07d77bf57f1682801d3ac26bed14d2,Interpolating,44,2743390654652788488,3.2524999999999995,0.1790729443011709,18,True,True,18,0.0,False,0.325,True
trained-recurrent-43-interpolating-045,recurrent,43,113,83ea46a7c1f7b5874d32f28d7a0a26cb3f07d77bf57f1682801d3ac26bed14d2,Interpolating,45,15906660826561878329,8.028749999999999,0.19864750034511797,32,True,True,32,0.0,False,0.65,True
trained-recurrent-43-interpolating-046,recurrent,43,113,83ea46a7c1f7b5874d32f28d7a0a26cb3f07d77bf57f1682801d3ac26bed14d2,Interpolating,46,654482560391677075,7.291249999999998,0.3289987640829296,40,False,False,,152.6,True,0.49375,True
trained-recurrent-43-interpolating-047,recurrent,43,113,83ea46a7c1f7b5874d32f28d7a0a26cb3f07d77bf57f1682801d3ac26bed14d2,Interpolating,47,15673158505135670040,5.5112499999999995,0.1524717937586436,29,True,True,29,0.0,False,0.44375,True
trained-recurrent-43-interpolating-048,recurrent,43,113,83ea46a7c1f7b5874d32f28d7a0a26cb3f07d77bf57f1682801d3ac26bed14d2,Interpolating,48,8223834916107665584,10.854999999999999,0.05825000640295416,40,False,False,,182.0,True,0.95,True
trained-recurrent-43-interpolating-049,recurrent,43,113,83ea46a7c1f7b5874d32f28d7a0a26cb3f07d77bf57f1682801d3ac26bed14d2,Interpolating,49,8167984089503015742,1.6875,0.11370369081214401,18,True,True,18,0.0,False,0.15625,True
trained-recurrent-43-interpolating-050,recurrent,43,113,83ea46a7c1f7b5874d32f28d7a0a26cb3f07d77bf57f1682801d3ac26bed14d2,Interpolating,50,15932846382702719146,2.49625,0.34288909935362777,40,False,False,,15.399999999999999,True,0.3375,True
trained-recurrent-43-interpolating-051,recurrent,43,113,83ea46a7c1f7b5874d32f28d7a0a26cb3f07d77bf57f1682801d3ac26bed14d2,Interpolating,51,4000226517905923992,2.3249999999999997,0.20645203861350686,9,True,True,9,0.0,False,0.15625,True
trained-recurrent-43-interpolating-052,recurrent,43,113,83ea46a7c1f7b5874d32f28d7a0a26cb3f07d77bf57f1682801d3ac26bed14d2,Interpolating,52,16453963788755798597,1.6524999999999999,0.07829046674762574,14,True,True,14,0.0,False,0.1875,True
trained-recurrent-43-interpolating-053,recurrent,43,113,83ea46a7c1f7b5874d32f28d7a0a26cb3f07d77bf57f1682801d3ac26bed14d2,Interpolating,53,4376237101303517832,11.544999999999998,0.0925503197270768,40,False,False,,29.4,True,0.91875,True
trained-recurrent-43-interpolating-054,recurrent,43,113,83ea46a7c1f7b5874d32f28d7a0a26cb3f07d77bf57f1682801d3ac26bed14d2,Interpolating,54,13864404095235363115,2.065,0.16822967131075037,9,True,True,9,0.0,False,0.14375,True
trained-recurrent-43-interpolating-055,recurrent,43,113,83ea46a7c1f7b5874d32f28d7a0a26cb3f07d77bf57f1682801d3ac26bed14d2,Interpolating,55,15650014715655346629,1.845,0.07947828123681788,10,True,True,10,0.0,False,0.11875,True
trained-recurrent-43-interpolating-056,recurrent,43,113,83ea46a7c1f7b5874d32f28d7a0a26cb3f07d77bf57f1682801d3ac26bed14d2,Interpolating,56,5592460876566890378,8.982499999999998,0.3136548324825956,40,False,False,,36.4,True,0.575,True
trained-recurrent-43-interpolating-057,recurrent,43,113,83ea46a7c1f7b5874d32f28d7a0a26cb3f07d77bf57f1682801d3ac26bed14d2,Interpolating,57,14331460438179202673,1.66,0.06223583788454639,6,True,True,6,0.0,False,0.11875,True
trained-recurrent-43-interpolating-058,recurrent,43,113,83ea46a7c1f7b5874d32f28d7a0a26cb3f07d77bf57f1682801d3ac26bed14d2,Interpolating,58,1818953979921159014,8.018749999999997,0.29027380115509227,40,False,False,,135.79999999999998,True,0.60625,True
trained-recurrent-43-interpolating-059,recurrent,43,113,83ea46a7c1f7b5874d32f28d7a0a26cb3f07d77bf57f1682801d3ac26bed14d2,Interpolating,59,3916168641758253042,1.9,0.09733781106880397,7,True,True,7,0.0,False,0.15,True
trained-recurrent-43-interpolating-060,recurrent,43,113,83ea46a7c1f7b5874d32f28d7a0a26cb3f07d77bf57f1682801d3ac26bed14d2,Interpolating,60,13708661661270562842,1.855,0.08839115157396653,5,True,True,5,0.0,False,0.10625,True
trained-recurrent-43-interpolating-061,recurrent,43,113,83ea46a7c1f7b5874d32f28d7a0a26cb3f07d77bf57f1682801d3ac26bed14d2,Interpolating,61,6782661522025559769,2.2974999999999994,0.2091342998461261,8,True,True,8,0.0,False,0.14375,True
trained-recurrent-43-interpolating-062,recurrent,43,113,83ea46a7c1f7b5874d32f28d7a0a26cb3f07d77bf57f1682801d3ac26bed14d2,Interpolating,62,839583553028816224,7.148749999999998,0.16897437486331898,40,False,False,,114.8,True,0.4875,True
trained-recurrent-43-interpolating-063,recurrent,43,113,83ea46a7c1f7b5874d32f28d7a0a26cb3f07d77bf57f1682801d3ac26bed14d2,Interpolating,63,6500647884204323045,1.7974999999999999,0.14567772293299291,29,True,True,29,0.0,False,0.25,True
trained-recurrent-43-mixed-000,recurrent,43,113,83ea46a7c1f7b5874d32f28d7a0a26cb3f07d77bf57f1682801d3ac26bed14d2,Mixed,0,9147169829847729203,1.2575,0.0033548707753479072,3,True,True,3,0.0,False,0.03125,False
trained-recurrent-43-mixed-001,recurrent,43,113,83ea46a7c1f7b5874d32f28d7a0a26cb3f07d77bf57f1682801d3ac26bed14d2,Mixed,1,2418215065568853797,1.6475,0.05718892261001522,7,True,True,7,0.0,False,0.14375,False
trained-recurrent-43-mixed-002,recurrent,43,113,83ea46a7c1f7b5874d32f28d7a0a26cb3f07d77bf57f1682801d3ac26bed14d2,Mixed,2,3268558796252056646,2.3074999999999997,0.0826787648970748,17,True,True,17,0.0,False,0.3625,False
trained-recurrent-43-mixed-003,recurrent,43,113,83ea46a7c1f7b5874d32f28d7a0a26cb3f07d77bf57f1682801d3ac26bed14d2,Mixed,3,9101118536706191258,1.5075,0.05317164179104481,6,True,True,6,0.0,False,0.1375,False
trained-recurrent-43-mixed-004,recurrent,43,113,83ea46a7c1f7b5874d32f28d7a0a26cb3f07d77bf57f1682801d3ac26bed14d2,Mixed,4,4157002636237005116,1.7374999999999998,0.068794964028777,8,True,True,8,0.0,False,0.15625,False
trained-recurrent-43-mixed-005,recurrent,43,113,83ea46a7c1f7b5874d32f28d7a0a26cb3f07d77bf57f1682801d3ac26bed14d2,Mixed,5,16350308682051677954,1.63,0.05291411042944786,9,True,True,9,0.0,False,0.175,False
trained-recurrent-43-mixed-006,recurrent,43,113,83ea46a7c1f7b5874d32f28d7a0a26cb3f07d77bf57f1682801d3ac26bed14d2,Mixed,6,17735641474142516690,1.9749999999999996,0.045094936708860854,14,True,True,14,0.0,False,0.28125,False
trained-recurrent-43-mixed-007,recurrent,43,113,83ea46a7c1f7b5874d32f28d7a0a26cb3f07d77bf57f1682801d3ac26bed14d2,Mixed,7,10869898606059957854,1.7449999999999999,0.027936962750716318,10,True,True,10,0.0,False,0.2125,False
trained-recurrent-43-mixed-008,recurrent,43,113,83ea46a7c1f7b5874d32f28d7a0a26cb3f07d77bf57f1682801d3ac26bed14d2,Mixed,8,850814350643895532,1.7025000000000001,0.06415198237885462,6,True,True,6,0.0,False,0.1375,False
trained-recurrent-43-mixed-009,recurrent,43,113,83ea46a7c1f7b5874d32f28d7a0a26cb3f07d77bf57f1682801d3ac26bed14d2,Mixed,9,15039149140562846680,2.8049999999999997,0.0788770053475936,19,True,True,19,0.0,False,0.4,False
trained-recurrent-43-mixed-010,recurrent,43,113,83ea46a7c1f7b5874d32f28d7a0a26cb3f07d77bf57f1682801d3ac26bed14d2,Mixed,10,1043980790835346217,1.7425,0.03577833572453368,10,True,True,10,0.0,False,0.2125,False
trained-recurrent-43-mixed-011,recurrent,43,113,83ea46a7c1f7b5874d32f28d7a0a26cb3f07d77bf57f1682801d3ac26bed14d2,Mixed,11,15677932234426146640,2.53125,0.07742420424960109,27,True,True,27,0.0,False,0.6,False
trained-recurrent-43-mixed-012,recurrent,43,113,83ea46a7c1f7b5874d32f28d7a0a26cb3f07d77bf57f1682801d3ac26bed14d2,Mixed,12,6041308421056976859,1.9825,0.05036254728877678,11,True,True,11,0.0,False,0.225,False
trained-recurrent-43-mixed-013,recurrent,43,113,83ea46a7c1f7b5874d32f28d7a0a26cb3f07d77bf57f1682801d3ac26bed14d2,Mixed,13,8221578054561802113,1.8175,0.06783012379642366,10,True,True,10,0.0,False,0.2,False
trained-recurrent-43-mixed-014,recurrent,43,113,83ea46a7c1f7b5874d32f28d7a0a26cb3f07d77bf57f1682801d3ac26bed14d2,Mixed,14,324137582910637404,2.1599999999999997,0.040798611111111105,10,True,True,10,0.0,False,0.2,False
trained-recurrent-43-mixed-015,recurrent,43,113,83ea46a7c1f7b5874d32f28d7a0a26cb3f07d77bf57f1682801d3ac26bed14d2,Mixed,15,18093523631448296468,1.6225,0.06847072419106313,7,True,True,7,0.0,False,0.15,False
trained-recurrent-43-mixed-016,recurrent,43,113,83ea46a7c1f7b5874d32f28d7a0a26cb3f07d77bf57f1682801d3ac26bed14d2,Mixed,16,16054692156074431067,1.435,0.05095818815331014,6,True,True,6,0.0,False,0.11875,False
trained-recurrent-43-mixed-017,recurrent,43,113,83ea46a7c1f7b5874d32f28d7a0a26cb3f07d77bf57f1682801d3ac26bed14d2,Mixed,17,1068146987295305696,2.09875,0.04095380459112367,10,True,True,10,0.0,False,0.21875,False
trained-recurrent-43-mixed-018,recurrent,43,113,83ea46a7c1f7b5874d32f28d7a0a26cb3f07d77bf57f1682801d3ac26bed14d2,Mixed,18,4551760732711932940,1.63,0.055789877300613494,13,True,True,13,0.0,False,0.25,False
trained-recurrent-43-mixed-019,recurrent,43,113,83ea46a7c1f7b5874d32f28d7a0a26cb3f07d77bf57f1682801d3ac26bed14d2,Mixed,19,8567504410850762885,1.8475,0.054042625169147436,19,True,True,19,0.0,False,0.35625,False
trained-recurrent-43-mixed-020,recurrent,43,113,83ea46a7c1f7b5874d32f28d7a0a26cb3f07d77bf57f1682801d3ac26bed14d2,Mixed,20,13261799178996991323,1.8874999999999997,0.0484271523178808,10,True,True,10,0.0,False,0.2125,False
trained-recurrent-43-mixed-021,recurrent,43,113,83ea46a7c1f7b5874d32f28d7a0a26cb3f07d77bf57f1682801d3ac26bed14d2,Mixed,21,10677522022207465248,1.6225,0.06269260400616335,9,True,True,9,0.0,False,0.175,False
trained-recurrent-43-mixed-022,recurrent,43,113,83ea46a7c1f7b5874d32f28d7a0a26cb3f07d77bf57f1682801d3ac26bed14d2,Mixed,22,9391367337202391361,1.795,0.08147632311977719,8,True,True,8,0.0,False,0.1625,False
trained-recurrent-43-mixed-023,recurrent,43,113,83ea46a7c1f7b5874d32f28d7a0a26cb3f07d77bf57f1682801d3ac26bed14d2,Mixed,23,14047425769626188152,2.0774999999999997,0.10762635379061372,10,True,True,10,0.0,False,0.2125,False
trained-recurrent-43-mixed-024,recurrent,43,113,83ea46a7c1f7b5874d32f28d7a0a26cb3f07d77bf57f1682801d3ac26bed14d2,Mixed,24,15185622102038649154,1.785,0.04306722689075631,8,True,True,8,0.0,False,0.175,False
trained-recurrent-43-mixed-025,recurrent,43,113,83ea46a7c1f7b5874d32f28d7a0a26cb3f07d77bf57f1682801d3ac26bed14d2,Mixed,25,17927694468439531590,2.015,0.07397642679900746,12,True,True,12,0.0,False,0.25,False
trained-recurrent-43-mixed-026,recurrent,43,113,83ea46a7c1f7b5874d32f28d7a0a26cb3f07d77bf57f1682801d3ac26bed14d2,Mixed,26,5633935575585578324,2.08,0.05634014423076923,14,True,True,14,0.0,False,0.28125,False
trained-recurrent-43-mixed-027,recurrent,43,113,83ea46a7c1f7b5874d32f28d7a0a26cb3f07d77bf57f1682801d3ac26bed14d2,Mixed,27,10548006532828795293,1.7649999999999997,0.06480169971671391,12,True,True,12,0.0,False,0.275,False
trained-recurrent-43-mixed-028,recurrent,43,113,83ea46a7c1f7b5874d32f28d7a0a26cb3f07d77bf57f1682801d3ac26bed14d2,Mixed,28,8536702769180058290,1.7025,0.05203744493392075,9,True,True,9,0.0,False,0.1875,False
trained-recurrent-43-mixed-029,recurrent,43,113,83ea46a7c1f7b5874d32f28d7a0a26cb3f07d77bf57f1682801d3ac26bed14d2,Mixed,29,12941261183568846167,2.4025,0.04819198751300725,14,True,True,14,0.0,False,0.29375,False
trained-recurrent-43-mixed-030,recurrent,43,113,83ea46a7c1f7b5874d32f28d7a0a26cb3f07d77bf57f1682801d3ac26bed14d2,Mixed,30,3797620597445854868,1.3675,0.02228062157221207,4,True,True,4,0.0,False,0.075,False
trained-recurrent-43-mixed-031,recurrent,43,113,83ea46a7c1f7b5874d32f28d7a0a26cb3f07d77bf57f1682801d3ac26bed14d2,Mixed,31,14930855755182551763,1.5675,0.08403110047846889,7,True,True,7,0.0,False,0.13125,False
trained-recurrent-43-mixed-032,recurrent,43,113,83ea46a7c1f7b5874d32f28d7a0a26cb3f07d77bf57f1682801d3ac26bed14d2,Mixed,32,11248036446978396704,2.4475,0.09518641470888665,24,True,True,24,0.0,False,0.525,False
trained-recurrent-43-mixed-033,recurrent,43,113,83ea46a7c1f7b5874d32f28d7a0a26cb3f07d77bf57f1682801d3ac26bed14d2,Mixed,33,381049808416788470,1.8724999999999998,0.06333444592790388,10,True,True,10,0.0,False,0.2125,False
trained-recurrent-43-mixed-034,recurrent,43,113,83ea46a7c1f7b5874d32f28d7a0a26cb3f07d77bf57f1682801d3ac26bed14d2,Mixed,34,12154402850857568267,1.6625,0.036372180451127833,9,True,True,9,0.0,False,0.175,False
trained-recurrent-43-mixed-035,recurrent,43,113,83ea46a7c1f7b5874d32f28d7a0a26cb3f07d77bf57f1682801d3ac26bed14d2,Mixed,35,11711292151821157341,1.4874999999999998,0.009138655462184857,4,True,True,4,0.0,False,0.0875,False
trained-recurrent-43-mixed-036,recurrent,43,113,83ea46a7c1f7b5874d32f28d7a0a26cb3f07d77bf57f1682801d3ac26bed14d2,Mixed,36,9765883229105435763,1.9724999999999997,0.026378326996197736,11,True,True,11,0.0,False,0.24375,False
trained-recurrent-43-mixed-037,recurrent,43,113,83ea46a7c1f7b5874d32f28d7a0a26cb3f07d77bf57f1682801d3ac26bed14d2,Mixed,37,7635419401346145900,2.6899999999999995,0.09618959107806695,18,True,True,18,0.0,False,0.39375,False
trained-recurrent-43-mixed-038,recurrent,43,113,83ea46a7c1f7b5874d32f28d7a0a26cb3f07d77bf57f1682801d3ac26bed14d2,Mixed,38,17738233286194108792,1.7225,0.06177431059506528,9,True,True,9,0.0,False,0.1875,False
trained-recurrent-43-mixed-039,recurrent,43,113,83ea46a7c1f7b5874d32f28d7a0a26cb3f07d77bf57f1682801d3ac26bed14d2,Mixed,39,14991770804582395093,2.025,0.05000000000000001,10,True,True,10,0.0,False,0.2125,False
trained-recurrent-43-mixed-040,recurrent,43,113,83ea46a7c1f7b5874d32f28d7a0a26cb3f07d77bf57f1682801d3ac26bed14d2,Mixed,40,7637659722995787487,1.5724999999999998,0.04322337042925281,8,True,True,8,0.0,False,0.15,False
trained-recurrent-43-mixed-041,recurrent,43,113,83ea46a7c1f7b5874d32f28d7a0a26cb3f07d77bf57f1682801d3ac26bed14d2,Mixed,41,5939613879959090239,1.71,0.060855263157894794,6,True,True,6,0.0,False,0.1375,False
trained-recurrent-43-mixed-042,recurrent,43,113,83ea46a7c1f7b5874d32f28d7a0a26cb3f07d77bf57f1682801d3ac26bed14d2,Mixed,42,1040995927904500115,1.8775,0.05717376830892143,12,True,True,12,0.0,False,0.23125,False
trained-recurrent-43-mixed-043,recurrent,43,113,83ea46a7c1f7b5874d32f28d7a0a26cb3f07d77bf57f1682801d3ac26bed14d2,Mixed,43,11421985500976533106,2.61,0.059626436781609206,20,True,True,20,0.0,False,0.45,False
trained-recurrent-43-mixed-044,recurrent,43,113,83ea46a7c1f7b5874d32f28d7a0a26cb3f07d77bf57f1682801d3ac26bed14d2,Mixed,44,5285504390257261917,1.755,0.04647435897435902,13,True,True,13,0.0,False,0.2875,False
trained-recurrent-43-mixed-045,recurrent,43,113,83ea46a7c1f7b5874d32f28d7a0a26cb3f07d77bf57f1682801d3ac26bed14d2,Mixed,45,5210648715259527120,2.1125,0.07034023668639051,17,True,True,17,0.0,False,0.36875,False
trained-recurrent-43-mixed-046,recurrent,43,113,83ea46a7c1f7b5874d32f28d7a0a26cb3f07d77bf57f1682801d3ac26bed14d2,Mixed,46,8818155076829610968,1.6749999999999998,0.05708955223880597,9,True,True,9,0.0,False,0.16875,False
trained-recurrent-43-mixed-047,recurrent,43,113,83ea46a7c1f7b5874d32f28d7a0a26cb3f07d77bf57f1682801d3ac26bed14d2,Mixed,47,7272526641876194373,1.9449999999999998,0.0891709511568124,8,True,True,8,0.0,False,0.2,False
trained-recurrent-43-mixed-048,recurrent,43,113,83ea46a7c1f7b5874d32f28d7a0a26cb3f07d77bf57f1682801d3ac26bed14d2,Mixed,48,12906840196960706725,2.0424999999999995,0.07917686658506738,12,True,True,12,0.0,False,0.2625,False
trained-recurrent-43-mixed-049,recurrent,43,113,83ea46a7c1f7b5874d32f28d7a0a26cb3f07d77bf57f1682801d3ac26bed14d2,Mixed,49,3150970448084427883,1.6099999999999999,0.07861024844720496,7,True,True,7,0.0,False,0.125,False
trained-recurrent-43-mixed-050,recurrent,43,113,83ea46a7c1f7b5874d32f28d7a0a26cb3f07d77bf57f1682801d3ac26bed14d2,Mixed,50,1058866818549776100,1.8449999999999998,0.044207317073170785,12,True,True,12,0.0,False,0.26875,False
trained-recurrent-43-mixed-051,recurrent,43,113,83ea46a7c1f7b5874d32f28d7a0a26cb3f07d77bf57f1682801d3ac26bed14d2,Mixed,51,3032921637915198347,1.7974999999999999,0.08162378303198889,12,True,True,12,0.0,False,0.25625,False
trained-recurrent-43-mixed-052,recurrent,43,113,83ea46a7c1f7b5874d32f28d7a0a26cb3f07d77bf57f1682801d3ac26bed14d2,Mixed,52,1980006538304670464,1.6275,0.0388824884792627,8,True,True,8,0.0,False,0.16875,False
trained-recurrent-43-mixed-053,recurrent,43,113,83ea46a7c1f7b5874d32f28d7a0a26cb3f07d77bf57f1682801d3ac26bed14d2,Mixed,53,4730231960098254283,1.545,0.028519417475728177,6,True,True,6,0.0,False,0.1375,False
trained-recurrent-43-mixed-054,recurrent,43,113,83ea46a7c1f7b5874d32f28d7a0a26cb3f07d77bf57f1682801d3ac26bed14d2,Mixed,54,3321016014075552755,1.9074999999999998,0.05234272608125821,9,True,True,9,0.0,False,0.2125,False
trained-recurrent-43-mixed-055,recurrent,43,113,83ea46a7c1f7b5874d32f28d7a0a26cb3f07d77bf57f1682801d3ac26bed14d2,Mixed,55,150209931411107575,1.44,0.05143229166666668,3,True,True,3,0.0,False,0.075,False
trained-recurrent-43-mixed-056,recurrent,43,113,83ea46a7c1f7b5874d32f28d7a0a26cb3f07d77bf57f1682801d3ac26bed14d2,Mixed,56,1681436928731692967,1.5924999999999998,0.06446232339089485,5,True,True,5,0.0,False,0.10625,False
trained-recurrent-43-mixed-057,recurrent,43,113,83ea46a7c1f7b5874d32f28d7a0a26cb3f07d77bf57f1682801d3ac26bed14d2,Mixed,57,17107979361143905291,1.4925,0.04554020100502512,6,True,True,6,0.0,False,0.1125,False
trained-recurrent-43-mixed-058,recurrent,43,113,83ea46a7c1f7b5874d32f28d7a0a26cb3f07d77bf57f1682801d3ac26bed14d2,Mixed,58,5799668308273363787,1.7449999999999999,0.02525071633237829,13,True,True,13,0.0,False,0.28125,False
trained-recurrent-43-mixed-059,recurrent,43,113,83ea46a7c1f7b5874d32f28d7a0a26cb3f07d77bf57f1682801d3ac26bed14d2,Mixed,59,10790443593184668166,1.64,0.053734756097560996,8,True,True,8,0.0,False,0.15,False
trained-recurrent-43-mixed-060,recurrent,43,113,83ea46a7c1f7b5874d32f28d7a0a26cb3f07d77bf57f1682801d3ac26bed14d2,Mixed,60,4520095200590714066,1.5824999999999998,0.0660545023696683,8,True,True,8,0.0,False,0.1625,False
trained-recurrent-43-mixed-061,recurrent,43,113,83ea46a7c1f7b5874d32f28d7a0a26cb3f07d77bf57f1682801d3ac26bed14d2,Mixed,61,4298134667905829222,1.9999999999999998,0.07687500000000004,11,True,True,11,0.0,False,0.24375,False
trained-recurrent-43-mixed-062,recurrent,43,113,83ea46a7c1f7b5874d32f28d7a0a26cb3f07d77bf57f1682801d3ac26bed14d2,Mixed,62,4932483586646109999,1.315,0.023526615969581745,4,True,True,4,0.0,False,0.0875,False
trained-recurrent-43-mixed-063,recurrent,43,113,83ea46a7c1f7b5874d32f28d7a0a26cb3f07d77bf57f1682801d3ac26bed14d2,Mixed,63,15707353542618844819,1.7199999999999998,0.06322674418604657,15,True,True,15,0.0,False,0.25,False
trained-recurrent-43-proportional-000,recurrent,43,113,83ea46a7c1f7b5874d32f28d7a0a26cb3f07d77bf57f1682801d3ac26bed14d2,Proportional,0,13710899116386900468,2.0574999999999997,0.25121506682867556,26,True,True,26,0.0,False,0.23125,False
trained-recurrent-43-proportional-001,recurrent,43,113,83ea46a7c1f7b5874d32f28d7a0a26cb3f07d77bf57f1682801d3ac26bed14d2,Proportional,1,1236177103414388743,2.1674999999999995,0.25749711649365625,30,True,True,30,0.0,False,0.2625,False
trained-recurrent-43-proportional-002,recurrent,43,113,83ea46a7c1f7b5874d32f28d7a0a26cb3f07d77bf57f1682801d3ac26bed14d2,Proportional,2,9072981771097370416,8.209999999999999,0.40985592797499376,40,False,False,,142.79999999999998,True,0.5,False
trained-recurrent-43-proportional-003,recurrent,43,113,83ea46a7c1f7b5874d32f28d7a0a26cb3f07d77bf57f1682801d3ac26bed14d2,Proportional,3,11373645183104672645,1.4075,0.04040852575488455,3,True,True,3,0.0,False,0.05,False
trained-recurrent-43-proportional-004,recurrent,43,113,83ea46a7c1f7b5874d32f28d7a0a26cb3f07d77bf57f1682801d3ac26bed14d2,Proportional,4,10992549270585958050,1.8399999999999999,0.13451086956521735,8,True,True,8,0.0,False,0.11875,False
trained-recurrent-43-proportional-005,recurrent,43,113,83ea46a7c1f7b5874d32f28d7a0a26cb3f07d77bf57f1682801d3ac26bed14d2,Proportional,5,13894761408131646587,2.07,0.20229468599033812,19,True,True,19,0.0,False,0.1875,False
trained-recurrent-43-proportional-006,recurrent,43,113,83ea46a7c1f7b5874d32f28d7a0a26cb3f07d77bf57f1682801d3ac26bed14d2,Proportional,6,14172837323685766782,1.4949999999999999,0.06939799331103674,16,True,True,16,0.0,False,0.15625,False
trained-recurrent-43-proportional-007,recurrent,43,113,83ea46a7c1f7b5874d32f28d7a0a26cb3f07d77bf57f1682801d3ac26bed14d2,Proportional,7,11972304622759044712,7.228749999999999,0.5912588621822583,40,False,False,,200.0,True,0.34375,False
trained-recurrent-43-proportional-008,recurrent,43,113,83ea46a7c1f7b5874d32f28d7a0a26cb3f07d77bf57f1682801d3ac26bed14d2,Proportional,8,7677329902650539824,8.621249999999998,0.5512623679564133,40,False,False,,200.0,True,0.375,False
trained-recurrent-43-proportional-009,recurrent,43,113,83ea46a7c1f7b5874d32f28d7a0a26cb3f07d77bf57f1682801d3ac26bed14d2,Proportional,9,8311203989518753820,4.953749999999999,0.43909938886255384,25,True,True,25,0.0,False,0.3375,False
trained-recurrent-43-proportional-010,recurrent,43,113,83ea46a7c1f7b5874d32f28d7a0a26cb3f07d77bf57f1682801d3ac26bed14d2,Proportional,10,11321751808509405527,5.54625,0.5730786567500563,40,False,False,,189.0,True,0.275,False
trained-recurrent-43-proportional-011,recurrent,43,113,83ea46a7c1f7b5874d32f28d7a0a26cb3f07d77bf57f1682801d3ac26bed14d2,Proportional,11,8709920078220287536,2.965,0.3258682375461465,14,True,True,14,0.0,False,0.15,False
trained-recurrent-43-proportional-012,recurrent,43,113,83ea46a7c1f7b5874d32f28d7a0a26cb3f07d77bf57f1682801d3ac26bed14d2,Proportional,12,9228571519876840664,9.147499999999999,0.6045588686190413,40,False,False,,200.0,True,0.40625,False
trained-recurrent-43-proportional-013,recurrent,43,113,83ea46a7c1f7b5874d32f28d7a0a26cb3f07d77bf57f1682801d3ac26bed14d2,Proportional,13,15834591349108699272,1.8424999999999998,0.10820895522388059,13,True,True,13,0.0,False,0.1375,False
trained-recurrent-43-proportional-014,recurrent,43,113,83ea46a7c1f7b5874d32f28d7a0a26cb3f07d77bf57f1682801d3ac26bed14d2,Proportional,14,5297136720227902988,1.7274999999999998,0.18342981186685958,16,True,True,16,0.0,False,0.15,False
trained-recurrent-43-proportional-015,recurrent,43,113,83ea46a7c1f7b5874d32f28d7a0a26cb3f07d77bf57f1682801d3ac26bed14d2,Proportional,15,11694139613459858146,1.4925,0.07579564489112225,4,True,True,4,0.0,False,0.075,False
trained-recurrent-43-proportional-016,recurrent,43,113,83ea46a7c1f7b5874d32f28d7a0a26cb3f07d77bf57f1682801d3ac26bed14d2,Proportional,16,2468622526672448907,1.6025,0.13065522620904832,16,True,True,16,0.0,False,0.1375,False
trained-recurrent-43-proportional-017,recurrent,43,113,83ea46a7c1f7b5874d32f28d7a0a26cb3f07d77bf57f1682801d3ac26bed14d2,Proportional,17,13510007867368607421,3.6325,0.42653131452167925,17,True,True,17,0.0,False,0.2125,False
trained-recurrent-43-proportional-018,recurrent,43,113,83ea46a7c1f7b5874d32f28d7a0a26cb3f07d77bf57f1682801d3ac26bed14d2,Proportional,18,10457484799344725676,1.8975,0.10177865612648218,8,True,True,8,0.0,False,0.14375,False
trained-recurrent-43-proportional-019,recurrent,43,113,83ea46a7c1f7b5874d32f28d7a0a26cb3f07d77bf57f1682801d3ac26bed14d2,Proportional,19,9882065819299745177,2.8324999999999996,0.27515445719329207,31,True,True,31,0.0,False,0.30625,False
trained-recurrent-43-proportional-020,recurrent,43,113,83ea46a7c1f7b5874d32f28d7a0a26cb3f07d77bf57f1682801d3ac26bed14d2,Proportional,20,16344414125453423712,1.7925,0.14400278940027886,18,True,True,18,0.0,False,0.1875,False
trained-recurrent-43-proportional-021,recurrent,43,113,83ea46a7c1f7b5874d32f28d7a0a26cb3f07d77bf57f1682801d3ac26bed14d2,Proportional,21,15995946119953851045,4.5275,0.4910270568746548,20,True,True,20,0.0,False,0.19375,False
trained-recurrent-43-proportional-022,recurrent,43,113,83ea46a7c1f7b5874d32f28d7a0a26cb3f07d77bf57f1682801d3ac26bed14d2,Proportional,22,10112816844235435062,1.5399999999999998,0.08279220779220776,5,True,True,5,0.0,False,0.0875,False
trained-recurrent-43-proportional-023,recurrent,43,113,83ea46a7c1f7b5874d32f28d7a0a26cb3f07d77bf57f1682801d3ac26bed14d2,Proportional,23,2140929031500722956,1.9,0.1328947368421052,8,True,True,8,0.0,False,0.11875,False
trained-recurrent-43-proportional-024,recurrent,43,113,83ea46a7c1f7b5874d32f28d7a0a26cb3f07d77bf57f1682801d3ac26bed14d2,Proportional,24,3126477605535247056,3.5799999999999996,0.4175977653631284,15,True,True,15,0.0,False,0.21875,False
trained-recurrent-43-proportional-025,recurrent,43,113,83ea46a7c1f7b5874d32f28d7a0a26cb3f07d77bf57f1682801d3ac26bed14d2,Proportional,25,12219338625364519458,6.51,0.5675883256528418,28,True,True,28,0.0,False,0.25625,False
trained-recurrent-43-proportional-026,recurrent,43,113,83ea46a7c1f7b5874d32f28d7a0a26cb3f07d77bf57f1682801d3ac26bed14d2,Proportional,26,17302663320696795260,6.556249999999999,0.411829378514105,40,False,False,,200.0,True,0.55625,False
trained-recurrent-43-proportional-027,recurrent,43,113,83ea46a7c1f7b5874d32f28d7a0a26cb3f07d77bf57f1682801d3ac26bed14d2,Proportional,27,4277672785206558773,1.7074999999999998,0.1035871156661786,7,True,True,7,0.0,False,0.1125,False
trained-recurrent-43-proportional-028,recurrent,43,113,83ea46a7c1f7b5874d32f28d7a0a26cb3f07d77bf57f1682801d3ac26bed14d2,Proportional,28,690285229588665623,2.06,0.14502427184466016,10,True,True,10,0.0,False,0.15625,False
trained-recurrent-43-proportional-029,recurrent,43,113,83ea46a7c1f7b5874d32f28d7a0a26cb3f07d77bf57f1682801d3ac26bed14d2,Proportional,29,6419349873571011890,1.6024999999999998,0.05655226209048357,5,True,True,5,0.0,False,0.0875,False
trained-recurrent-43-proportional-030,recurrent,43,113,83ea46a7c1f7b5874d32f28d7a0a26cb3f07d77bf57f1682801d3ac26bed14d2,Proportional,30,8348220727745434800,1.4975,0.07136894824707844,3,True,True,3,0.0,False,0.05,False
trained-recurrent-43-proportional-031,recurrent,43,113,83ea46a7c1f7b5874d32f28d7a0a26cb3f07d77bf57f1682801d3ac26bed14d2,Proportional,31,2634937027193927878,2.1774999999999998,0.24655568312284729,25,True,True,25,0.0,False,0.20625,False
trained-recurrent-43-proportional-032,recurrent,43,113,83ea46a7c1f7b5874d32f28d7a0a26cb3f07d77bf57f1682801d3ac26bed14d2,Proportional,32,14156378983516353821,4.812499999999999,0.46896103896103897,40,False,False,,72.8,True,0.4375,False
trained-recurrent-43-proportional-033,recurrent,43,113,83ea46a7c1f7b5874d32f28d7a0a26cb3f07d77bf57f1682801d3ac26bed14d2,Proportional,33,14093413112552495233,6.813749999999999,0.4452785768383554,32,True,True,32,0.0,False,0.3375,False
trained-recurrent-43-proportional-034,recurrent,43,113,83ea46a7c1f7b5874d32f28d7a0a26cb3f07d77bf57f1682801d3ac26bed14d2,Proportional,34,3560144899266512912,5.547499999999999,0.5751464623704371,39,True,True,39,0.0,False,0.3,False
trained-recurrent-43-proportional-035,recurrent,43,113,83ea46a7c1f7b5874d32f28d7a0a26cb3f07d77bf57f1682801d3ac26bed14d2,Proportional,35,741949115014537293,1.8474999999999997,0.1430987821380243,7,True,True,7,0.0,False,0.1125,False
trained-recurrent-43-proportional-036,recurrent,43,113,83ea46a7c1f7b5874d32f28d7a0a26cb3f07d77bf57f1682801d3ac26bed14d2,Proportional,36,1097391245425342771,1.555,0.0972668810289389,12,True,True,12,0.0,False,0.15,False
trained-recurrent-43-proportional-037,recurrent,43,113,83ea46a7c1f7b5874d32f28d7a0a26cb3f07d77bf57f1682801d3ac26bed14d2,Proportional,37,3158977269873826154,1.8699999999999999,0.14371657754010692,10,True,True,10,0.0,False,0.15625,False
trained-recurrent-43-proportional-038,recurrent,43,113,83ea46a7c1f7b5874d32f28d7a0a26cb3f07d77bf57f1682801d3ac26bed14d2,Proportional,38,2304935521533311528,5.967499999999999,0.4833108428093792,30,True,True,30,0.0,False,0.425,False
trained-recurrent-43-proportional-039,recurrent,43,113,83ea46a7c1f7b5874d32f28d7a0a26cb3f07d77bf57f1682801d3ac26bed14d2,Proportional,39,5413493841205080201,6.8424999999999985,0.5945378151260504,40,False,False,,177.79999999999998,True,0.3,False
trained-recurrent-43-proportional-040,recurrent,43,113,83ea46a7c1f7b5874d32f28d7a0a26cb3f07d77bf57f1682801d3ac26bed14d2,Proportional,40,5782902074083957463,3.814999999999999,0.21526867627785057,30,True,True,30,0.0,False,0.48125,False
trained-recurrent-43-proportional-041,recurrent,43,113,83ea46a7c1f7b5874d32f28d7a0a26cb3f07d77bf57f1682801d3ac26bed14d2,Proportional,41,9761098251275252564,3.2199999999999993,0.3210403726708074,16,True,True,16,0.0,False,0.23125,False
trained-recurrent-43-proportional-042,recurrent,43,113,83ea46a7c1f7b5874d32f28d7a0a26cb3f07d77bf57f1682801d3ac26bed14d2,Proportional,42,5840679974959585152,8.0475,0.6126902764833799,40,False,False,,169.39999999999998,True,0.325,False
trained-recurrent-43-proportional-043,recurrent,43,113,83ea46a7c1f7b5874d32f28d7a0a26cb3f07d77bf57f1682801d3ac26bed14d2,Proportional,43,6238600401900555249,2.1925,0.23574686431014824,9,True,True,9,0.0,False,0.13125,False
trained-recurrent-43-proportional-044,recurrent,43,113,83ea46a7c1f7b5874d32f28d7a0a26cb3f07d77bf57f1682801d3ac26bed14d2,Proportional,44,11981500099223911308,1.7999999999999998,0.1152777777777778,9,True,True,9,0.0,False,0.15,False
trained-recurrent-43-proportional-045,recurrent,43,113,83ea46a7c1f7b5874d32f28d7a0a26cb3f07d77bf57f1682801d3ac26bed14d2,Proportional,45,8565830518279562056,1.7999999999999998,0.0673611111111111,10,True,True,10,0.0,False,0.16875,False
trained-recurrent-43-proportional-046,recurrent,43,113,83ea46a7c1f7b5874d32f28d7a0a26cb3f07d77bf57f1682801d3ac26bed14d2,Proportional,46,3558904887023462059,8.0725,0.4959632325109253,34,True,True,34,0.0,False,0.45,False
trained-recurrent-43-proportional-047,recurrent,43,113,83ea46a7c1f7b5874d32f28d7a0a26cb3f07d77bf57f1682801d3ac26bed14d2,Proportional,47,8015712450803726828,2.1424999999999996,0.1566511085180863,13,True,True,13,0.0,False,0.1875,False
trained-recurrent-43-proportional-048,recurrent,43,113,83ea46a7c1f7b5874d32f28d7a0a26cb3f07d77bf57f1682801d3ac26bed14d2,Proportional,48,18293157927393476541,1.415,0.0609540636042403,4,True,True,4,0.0,False,0.06875,False
trained-recurrent-43-proportional-049,recurrent,43,113,83ea46a7c1f7b5874d32f28d7a0a26cb3f07d77bf57f1682801d3ac26bed14d2,Proportional,49,8611043129498360591,8.844999999999999,0.6271905031091012,40,False,False,,155.39999999999998,True,0.31875,False
trained-recurrent-43-proportional-050,recurrent,43,113,83ea46a7c1f7b5874d32f28d7a0a26cb3f07d77bf57f1682801d3ac26bed14d2,Proportional,50,5260543101046000853,9.359999999999998,0.566758964217475,40,False,False,,166.6,True,0.4875,False
trained-recurrent-43-proportional-051,recurrent,43,113,83ea46a7c1f7b5874d32f28d7a0a26cb3f07d77bf57f1682801d3ac26bed14d2,Proportional,51,7894159475031800524,2.155,0.2291183294663573,27,True,True,27,0.0,False,0.25625,False
trained-recurrent-43-proportional-052,recurrent,43,113,83ea46a7c1f7b5874d32f28d7a0a26cb3f07d77bf57f1682801d3ac26bed14d2,Proportional,52,2966440351273064120,2.2525,0.30049944506104326,40,False,False,,2.8,True,0.31875,False
trained-recurrent-43-proportional-053,recurrent,43,113,83ea46a7c1f7b5874d32f28d7a0a26cb3f07d77bf57f1682801d3ac26bed14d2,Proportional,53,9904110664178885082,7.783749999999999,0.6114099887586317,39,True,True,39,0.0,False,0.325,False
trained-recurrent-43-proportional-054,recurrent,43,113,83ea46a7c1f7b5874d32f28d7a0a26cb3f07d77bf57f1682801d3ac26bed14d2,Proportional,54,4391714354914616826,8.846249999999998,0.6305991239225661,40,False,False,,79.8,True,0.3125,False
trained-recurrent-43-proportional-055,recurrent,43,113,83ea46a7c1f7b5874d32f28d7a0a26cb3f07d77bf57f1682801d3ac26bed14d2,Proportional,55,15890564963302854218,2.7224999999999997,0.35927456382001827,28,True,True,28,0.0,False,0.225,False
trained-recurrent-43-proportional-056,recurrent,43,113,83ea46a7c1f7b5874d32f28d7a0a26cb3f07d77bf57f1682801d3ac26bed14d2,Proportional,56,5086006460526788848,1.5724999999999998,0.05286168521462642,3,True,True,3,0.0,False,0.075,False
trained-recurrent-43-proportional-057,recurrent,43,113,83ea46a7c1f7b5874d32f28d7a0a26cb3f07d77bf57f1682801d3ac26bed14d2,Proportional,57,13294643459818525038,1.6575,0.07654600301659123,4,True,True,4,0.0,False,0.075,False
trained-recurrent-43-proportional-058,recurrent,43,113,83ea46a7c1f7b5874d32f28d7a0a26cb3f07d77bf57f1682801d3ac26bed14d2,Proportional,58,4492378057298371782,2.1725,0.1936133486766398,10,True,True,10,0.0,False,0.14375,False
trained-recurrent-43-proportional-059,recurrent,43,113,83ea46a7c1f7b5874d32f28d7a0a26cb3f07d77bf57f1682801d3ac26bed14d2,Proportional,59,17005375118362968391,1.435,0.05574912891986061,5,True,True,5,0.0,False,0.08125,False
trained-recurrent-43-proportional-060,recurrent,43,113,83ea46a7c1f7b5874d32f28d7a0a26cb3f07d77bf57f1682801d3ac26bed14d2,Proportional,60,14712414918113374525,1.6224999999999998,0.058166409861325125,4,True,True,4,0.0,False,0.075,False
trained-recurrent-43-proportional-061,recurrent,43,113,83ea46a7c1f7b5874d32f28d7a0a26cb3f07d77bf57f1682801d3ac26bed14d2,Proportional,61,12729328362497063793,1.8199999999999998,0.1813186813186813,8,True,True,8,0.0,False,0.125,False
trained-recurrent-43-proportional-062,recurrent,43,113,83ea46a7c1f7b5874d32f28d7a0a26cb3f07d77bf57f1682801d3ac26bed14d2,Proportional,62,8802227190008843793,1.6175,0.13485316846986084,7,True,True,7,0.0,False,0.1,False
trained-recurrent-43-proportional-063,recurrent,43,113,83ea46a7c1f7b5874d32f28d7a0a26cb3f07d77bf57f1682801d3ac26bed14d2,Proportional,63,12999583469259223303,1.6449999999999998,0.08966565349544069,8,True,True,8,0.0,False,0.1125,False
