family,seed,split,group_index,group_key,mechanism,nonforced_choices,forced_choices,nll,mae,relative_mae,p_zero,observed_zero,p_max,observed_max
constant,17,validation,7,"[""Equal Baseline Exp 1"",""24769323"",""0""]",Equal,44,116,2.001545877823088,2.466383251589153,0.2353678148483849,0.2580058457907054,0.06818181818181818,0.3691603634206779,0.3181818181818182
constant,17,validation,8,"[""Equal Baseline Exp 1"",""27555027"",""0""]",Equal,20,140,2.8135920386186264,4.460473291074271,0.274389939407352,0.16426230534393177,0.25,0.24907863152741166,0.0
constant,17,validation,9,"[""Equal Baseline Exp 1"",""30383025"",""0""]",Equal,84,76,2.5388253217721846,4.980991600724661,0.26009401149658756,0.15872531712874063,0.03571428571428571,0.23570943448482196,0.34523809523809523
constant,17,validation,12,"[""Equal Baseline Exp 1"",""31981132"",""0""]",Equal,44,116,2.6623295466869523,4.284793120100921,0.2487153907117275,0.19527041632650144,0.06818181818181818,0.27973994378801675,0.18181818181818182
constant,17,validation,14,"[""Equal Baseline Exp 1"",""35775718"",""0""]",Equal,160,0,2.8270407235505655,5.137467591209672,0.24865521853013065,0.12332156123511928,0.03125,0.18139057399613895,0.3
constant,17,validation,15,"[""Equal Baseline Exp 1"",""37049926"",""0""]",Equal,24,136,2.50804193181941,4.098882992388261,0.28283588742024435,0.20555671891921787,0.16666666666666666,0.29950022040962,0.20833333333333334
constant,17,validation,22,"[""Equal Baseline Exp 1"",""43487752"",""0""]",Equal,40,120,1.8308780279199302,2.6726523986165573,0.3217505929392304,0.2639531282503006,0.175,0.3784192208085188,0.325
constant,17,validation,30,"[""Equal Baseline Exp 1"",""67430636"",""0""]",Equal,44,116,1.8564451002089413,2.6638514959428505,0.3077114710994228,0.252123489513889,0.1590909090909091,0.36345138029687774,0.4090909090909091
constant,17,validation,56,"[""Mixed Baseline Exp 1"",""45795675"",""0""]",Mixed,160,0,2.7954569695614593,6.916758815638791,0.3170872754603951,0.13029903119264422,0.04375,0.19465690667815688,0.2625
constant,17,validation,59,"[""Mixed Baseline Exp 1"",""49685025"",""0""]",Mixed,39,121,2.0351923742653546,2.4018602053419054,0.2500698290877286,0.23502798472492673,0.1794871794871795,0.3448244798487817,0.2564102564102564
constant,17,validation,63,"[""Mixed Baseline Exp 1"",""58475822"",""0""]",Mixed,54,106,2.408276893601668,3.4146156770471596,0.2561370264697463,0.1913033921304393,0.14814814814814814,0.2857779863222941,0.12962962962962962
constant,17,validation,67,"[""Mixed Baseline Exp 1"",""70166162"",""0""]",Mixed,160,0,3.1154453731134666,13.971243401104232,0.28479506342877686,0.11390348717471518,0.03125,0.15332390209446642,0.3375
constant,17,validation,71,"[""Mixed Baseline Exp 1"",""80421478"",""0""]",Mixed,60,100,2.3379036752465785,4.1841325908186775,0.28632392660271017,0.20244071381060405,0.13333333333333333,0.29501870577049694,0.3333333333333333
constant,17,validation,72,"[""Mixed Baseline Exp 1"",""83986039"",""0""]",Mixed,97,63,2.889739586331988,4.376199863588279,0.2074157809030189,0.16418227251362014,0.08247422680412371,0.2400800747658653,0.09278350515463918
constant,17,validation,75,"[""Mixed Baseline Exp 1"",""92017990"",""0""]",Mixed,160,0,3.3219374670428166,7.9791359977143745,0.24120858327038547,0.11743375905069195,0.0125,0.16518936981277232,0.13125
constant,17,validation,76,"[""Mixed Baseline Exp 1"",""94451609"",""0""]",Mixed,129,31,2.985871907074271,4.429843948905287,0.19357876886168773,0.15231976730309843,0.031007751937984496,0.22165602028238396,0.10077519379844961
constant,17,validation,86,"[""Proportional Baseline Exp 1"",""22198508"",""0""]",Proportional,17,143,2.64134717859934,5.765637997803757,0.33721811396872287,0.2214655307261661,0.23529411764705882,0.31644459039566686,0.058823529411764705
constant,17,validation,88,"[""Proportional Baseline Exp 1"",""32679619"",""0""]",Proportional,105,55,3.391767594738721,14.777643433733719,0.2596503567928355,0.17262894733135725,0.01904761904761905,0.23499886549128532,0.22857142857142856
constant,17,validation,102,"[""Proportional Baseline Exp 1"",""58710652"",""0""]",Proportional,48,112,2.279194947307524,5.323606518914761,0.23603237795152496,0.23132037159138263,0.08333333333333333,0.3240243458311677,0.3333333333333333
constant,17,validation,103,"[""Proportional Baseline Exp 1"",""61948140"",""0""]",Proportional,17,143,2.511380870526692,6.0395616475490765,0.3423769046955969,0.23114543240094004,0.23529411764705882,0.33218208524833187,0.058823529411764705
constant,17,validation,108,"[""Proportional Baseline Exp 1"",""69390994"",""0""]",Proportional,22,138,2.344591573945605,4.523493153823439,0.24943078018935505,0.198612720157222,0.18181818181818182,0.2985376906188318,0.09090909090909091
constant,17,validation,109,"[""Proportional Baseline Exp 1"",""70560629"",""0""]",Proportional,30,130,2.871736731170586,4.136790982976365,0.21162787657383297,0.14559167123301456,0.13333333333333333,0.2165460012917136,0.1
constant,17,validation,110,"[""Proportional Baseline Exp 1"",""72433781"",""0""]",Proportional,53,107,4.027860246054359,21.50038729191576,0.24103836540120308,0.1107633830554594,0.05660377358490566,0.14040390755683985,0.16981132075471697
constant,17,validation,116,"[""Proportional Baseline Exp 1"",""83701533"",""0""]",Proportional,88,72,4.24403072973465,19.26396195764979,0.22420657289358462,0.11126909068316282,0.022727272727272728,0.1417052115748522,0.09090909090909091
constant,17,validation,120,"[""RL Agent (M1) Exp 1"",""18376511"",""0""]",M1,139,21,3.47724370532795,8.937348271813983,0.2040494310792024,0.13783844658119,0.03597122302158273,0.1955726825269457,0.10071942446043165
constant,17,validation,131,"[""RL Agent (M1) Exp 1"",""48812052"",""0""]",M1,28,132,2.4606354092340412,5.77537390153347,0.3334345728818697,0.19846647977586432,0.32142857142857145,0.2878252398331219,0.10714285714285714
constant,17,validation,135,"[""RL Agent (M1) Exp 1"",""50251280"",""0""]",M1,153,7,3.403367750767366,14.65799240360549,0.3453768285782276,0.12116069457665897,0.17647058823529413,0.16834707695321321,0.1503267973856209
constant,17,validation,136,"[""RL Agent (M1) Exp 1"",""53180780"",""0""]",M1,71,89,3.120908547330991,9.431177400064996,0.2728627988245429,0.14514192516371177,0.14084507042253522,0.2104103168176455,0.09859154929577464
constant,17,validation,141,"[""RL Agent (M1) Exp 1"",""63845553"",""0""]",M1,149,11,3.268458523960247,10.90260542419137,0.2613281589755344,0.1281189638464568,0.06040268456375839,0.17685222150637334,0.2550335570469799
constant,17,validation,144,"[""RL Agent (M1) Exp 1"",""66350717"",""0""]",M1,68,92,3.86192816710786,11.152860484260895,0.19279517455415218,0.12356523267454567,0.04411764705882353,0.16969429912485523,0.058823529411764705
constant,17,validation,149,"[""RL Agent (M1) Exp 1"",""81387887"",""0""]",M1,107,53,3.014953477461891,11.003837081055787,0.2938398849890548,0.15129927583097758,0.2336448598130841,0.2168379784905003,0.12149532710280374
constant,17,validation,158,"[""RL Agent (M1) Exp 1"",""95891360"",""0""]",M1,159,1,3.5706044756465527,8.173839745186282,0.1910023217854573,0.11761964676829406,0.006289308176100629,0.16302565662926954,0.10062893081761007
constant,29,validation,7,"[""Equal Baseline Exp 1"",""24769323"",""0""]",Equal,44,116,2.009121108344501,2.4353471658162302,0.23424135024042333,0.2653929654141408,0.06818181818181818,0.36403458937378796,0.3181818181818182
constant,29,validation,8,"[""Equal Baseline Exp 1"",""27555027"",""0""]",Equal,20,140,2.8119785683671865,4.377302799456144,0.2703820953973256,0.17242149345547605,0.25,0.24443509881461029,0.0
constant,29,validation,9,"[""Equal Baseline Exp 1"",""30383025"",""0""]",Equal,84,76,2.550783344567732,4.998354660569025,0.26051268529939275,0.16694049109064832,0.03571428571428571,0.23102284298813286,0.34523809523809523
constant,29,validation,12,"[""Equal Baseline Exp 1"",""31981132"",""0""]",Equal,44,116,2.6696944257421866,4.271369687659258,0.24756481871214217,0.20318168687238003,0.06818181818181818,0.2748178818917081,0.18181818181818182
constant,29,validation,14,"[""Equal Baseline Exp 1"",""35775718"",""0""]",Equal,160,0,2.8361398835257416,5.21001576460483,0.2518321924076673,0.13185179171342795,0.03125,0.17681844350318726,0.3
constant,29,validation,15,"[""Equal Baseline Exp 1"",""37049926"",""0""]",Equal,24,136,2.5120266565569014,4.061717434539581,0.28085850023074427,0.21337560125863173,0.16666666666666666,0.294607339116274,0.20833333333333334
constant,29,validation,22,"[""Equal Baseline Exp 1"",""43487752"",""0""]",Equal,40,120,1.8347112879173095,2.639504738913681,0.3211097612518458,0.27129489141358265,0.175,0.37328902094858185,0.325
constant,29,validation,30,"[""Equal Baseline Exp 1"",""67430636"",""0""]",Equal,44,116,1.861046948053004,2.62604672702552,0.3073441197680344,0.25956769346357833,0.1590909090909091,0.3583991580333551,0.4090909090909091
constant,29,validation,56,"[""Mixed Baseline Exp 1"",""45795675"",""0""]",Mixed,160,0,2.8021225621611814,6.9865195721953,0.3191610783426568,0.1387656570437248,0.04375,0.1900886041987185,0.2625
constant,29,validation,59,"[""Mixed Baseline Exp 1"",""49685025"",""0""]",Mixed,39,121,2.0396321262032333,2.3625181669795374,0.24882826038462597,0.242594427402776,0.1794871794871795,0.3398672515380795,0.2564102564102564
constant,29,validation,63,"[""Mixed Baseline Exp 1"",""58475822"",""0""]",Mixed,54,106,2.4131748054691626,3.4214701997319454,0.25520338543326443,0.1992464858008279,0.14814814814814814,0.2810365487606719,0.12962962962962962
constant,29,validation,67,"[""Mixed Baseline Exp 1"",""70166162"",""0""]",Mixed,160,0,3.1266947079273857,14.128393442331959,0.2879194732616919,0.12249074910133477,0.03125,0.14847491810834584,0.3375
constant,29,validation,71,"[""Mixed Baseline Exp 1"",""80421478"",""0""]",Mixed,60,100,2.3402897300925436,4.196487627617022,0.28744320261599027,0.21027652529768223,0.13333333333333333,0.29011717510879625,0.3333333333333333
constant,29,validation,72,"[""Mixed Baseline Exp 1"",""83986039"",""0""]",Mixed,97,63,2.8953476247072354,4.431187077903266,0.2079805154569118,0.17234735158304235,0.08247422680412371,0.23530335691634557,0.09278350515463918
constant,29,validation,75,"[""Mixed Baseline Exp 1"",""92017990"",""0""]",Mixed,160,0,3.329162027709919,8.076846258247627,0.24359163710517615,0.12600382186481976,0.0125,0.1604874752063127,0.13125
constant,29,validation,76,"[""Mixed Baseline Exp 1"",""94451609"",""0""]",Mixed,129,31,2.991874534559356,4.516298622765682,0.19605387556951992,0.16059138608695533,0.031007751937984496,0.21692116550455914,0.10077519379844961
constant,29,validation,86,"[""Proportional Baseline Exp 1"",""22198508"",""0""]",Proportional,17,143,2.6455203776990643,5.661763513387256,0.33230006752995334,0.22916780701042844,0.23529411764705882,0.3114431241772775,0.058823529411764705
constant,29,validation,88,"[""Proportional Baseline Exp 1"",""32679619"",""0""]",Proportional,105,55,3.3964923389908446,15.034100132525843,0.26295173743987,0.1807166074390719,0.01904761904761905,0.2298760752191262,0.22857142857142856
constant,29,validation,102,"[""Proportional Baseline Exp 1"",""58710652"",""0""]",Proportional,48,112,2.2836452563282132,5.377649244928937,0.2381344226840547,0.23893281309635764,0.08333333333333333,0.31886899937087704,0.3333333333333333
constant,29,validation,103,"[""Proportional Baseline Exp 1"",""61948140"",""0""]",Proportional,17,143,2.5151490885448045,5.948804418843874,0.33824885517518494,0.2387602772575103,0.23529411764705882,0.3271612874186249,0.058823529411764705
constant,29,validation,108,"[""Proportional Baseline Exp 1"",""69390994"",""0""]",Proportional,22,138,2.3470210367796054,4.446787825585377,0.24644371568374937,0.2064895344006323,0.18181818181818182,0.29378408597816474,0.09090909090909091
constant,29,validation,109,"[""Proportional Baseline Exp 1"",""70560629"",""0""]",Proportional,30,130,2.873223827825918,4.10844697674197,0.21137096166492994,0.15392765066942465,0.13333333333333333,0.2119238204333969,0.1
constant,29,validation,110,"[""Proportional Baseline Exp 1"",""72433781"",""0""]",Proportional,53,107,4.033144379057576,21.927270017557607,0.24499502201797632,0.11935938582976004,0.05660377358490566,0.13532838142940612,0.16981132075471697
constant,29,validation,116,"[""Proportional Baseline Exp 1"",""83701533"",""0""]",Proportional,88,72,4.249133599232964,19.774468755342692,0.22926162362359437,0.11986131987468643,0.022727272727272728,0.13663979181994934,0.09090909090909091
constant,29,validation,120,"[""RL Agent (M1) Exp 1"",""18376511"",""0""]",M1,139,21,3.48253011819003,9.144255573451819,0.2064028237802826,0.14621859460766698,0.03597122302158273,0.19073540068143083,0.10071942446043165
constant,29,validation,131,"[""RL Agent (M1) Exp 1"",""48812052"",""0""]",M1,28,132,2.454949290725821,5.71876458658635,0.33145085928448026,0.2063374570572396,0.32142857142857145,0.28291132961594134,0.10714285714285714
constant,29,validation,135,"[""RL Agent (M1) Exp 1"",""50251280"",""0""]",M1,153,7,3.397442883837251,14.863968770315346,0.34745938468394977,0.12968707243216482,0.17647058823529413,0.1635324544205553,0.1503267973856209
constant,29,validation,136,"[""RL Agent (M1) Exp 1"",""53180780"",""0""]",M1,71,89,3.1194965123915637,9.598401189091035,0.2751335549127778,0.15347863720024116,0.14084507042253522,0.2056730895484386,0.09859154929577464
constant,29,validation,141,"[""RL Agent (M1) Exp 1"",""63845553"",""0""]",M1,149,11,3.2776707069367434,11.01735821318107,0.26277852287015124,0.13659083880528486,0.06040268456375839,0.17200872678013612,0.2550335570469799
constant,29,validation,144,"[""RL Agent (M1) Exp 1"",""66350717"",""0""]",M1,68,92,3.8659588005392855,11.429209155259741,0.19545021516554958,0.1320618951739636,0.04411764705882353,0.1647965943618399,0.058823529411764705
constant,29,validation,149,"[""RL Agent (M1) Exp 1"",""81387887"",""0""]",M1,107,53,3.009477301789405,11.191176275910108,0.29559370633277016,0.15957185304111035,0.2336448598130841,0.21200852000441053,0.12149532710280374
constant,29,validation,158,"[""RL Agent (M1) Exp 1"",""95891360"",""0""]",M1,159,1,3.5772317330560206,8.337284809381599,0.1948379392469167,0.12618046020947712,0.006289308176100629,0.1582454076948806,0.10062893081761007
constant,43,validation,7,"[""Equal Baseline Exp 1"",""24769323"",""0""]",Equal,44,116,1.9991243951193418,2.4576232704549885,0.23504477806509028,0.25931143997761286,0.06818181818181818,0.36537631751555094,0.3181818181818182
constant,43,validation,8,"[""Equal Baseline Exp 1"",""27555027"",""0""]",Equal,20,140,2.8100744292867317,4.437144078159075,0.27326574446246576,0.16540114646465431,0.25,0.24407909474225437,0.0
constant,43,validation,9,"[""Equal Baseline Exp 1"",""30383025"",""0""]",Equal,84,76,2.5433775536835035,4.985861916050296,0.26021144894462517,0.15999291854301156,0.03571428571428571,0.23054914270875268,0.34523809523809523
constant,43,validation,12,"[""Equal Baseline Exp 1"",""31981132"",""0""]",Equal,44,116,2.660388279822755,4.281027865052024,0.2483926567873468,0.19666779395778758,0.06818181818181818,0.2750307824462714,0.18181818181818182
constant,43,validation,14,"[""Equal Baseline Exp 1"",""35775718"",""0""]",Equal,160,0,2.828756676164724,5.157817257910155,0.2495463555015865,0.12472821534104446,0.03125,0.17560450137256906,0.3
constant,43,validation,15,"[""Equal Baseline Exp 1"",""37049926"",""0""]",Equal,24,136,2.5101273835255893,4.088458102559007,0.2822812329284633,0.20682572688456138,0.16666666666666666,0.29501026639053,0.20833333333333334
constant,43,validation,22,"[""Equal Baseline Exp 1"",""43487752"",""0""]",Equal,40,120,1.8296446169317087,2.663354523903979,0.3215708404983474,0.26522741127445276,0.175,0.37472779046163096,0.325
constant,43,validation,30,"[""Equal Baseline Exp 1"",""67430636"",""0""]",Equal,44,116,1.8572028150234985,2.653247308254125,0.30760842953674944,0.25337211221057393,0.1590909090909091,0.3595923944572993,0.4090909090909091
constant,43,validation,56,"[""Mixed Baseline Exp 1"",""45795675"",""0""]",Mixed,160,0,2.8002650010134245,6.9363266156020815,0.3176689744264968,0.1316163773174353,0.04375,0.18903398450902423,0.2625
constant,43,validation,59,"[""Mixed Baseline Exp 1"",""49685025"",""0""]",Mixed,39,121,2.0333013301090737,2.390763441116171,0.2497132204374138,0.2361785859113396,0.1794871794871795,0.34082409542461645,0.2564102564102564
constant,43,validation,63,"[""Mixed Baseline Exp 1"",""58475822"",""0""]",Mixed,54,106,2.4065613745810857,3.4164940355749542,0.2558695126925764,0.1924387545172406,0.14814814814814814,0.28113948067622674,0.12962962962962962
constant,43,validation,67,"[""Mixed Baseline Exp 1"",""70166162"",""0""]",Mixed,160,0,3.122190942468277,14.015323779855226,0.2856714562552264,0.11564649480784425,0.03125,0.14734614062475102,0.3375
constant,43,validation,71,"[""Mixed Baseline Exp 1"",""80421478"",""0""]",Mixed,60,100,2.3352137676130056,4.187598162302455,0.2866378820443177,0.20371976822062793,0.13333333333333333,0.29050262406756555,0.3333333333333333
constant,43,validation,72,"[""Mixed Baseline Exp 1"",""83986039"",""0""]",Mixed,97,63,2.883210567194639,4.391623704489183,0.20757418819858747,0.16551572022628205,0.08247422680412371,0.23498898377622635,0.09278350515463918
constant,43,validation,75,"[""Mixed Baseline Exp 1"",""92017990"",""0""]",Mixed,160,0,3.3176566873747633,8.006543596583043,0.24187702671972167,0.11902510602021703,0.0125,0.15927172921016358,0.13125
constant,43,validation,76,"[""Mixed Baseline Exp 1"",""94451609"",""0""]",Mixed,129,31,2.977503554521056,4.453983040125258,0.19426779622091053,0.1537067754058281,0.031007751937984496,0.21634514822951242,0.10077519379844961
constant,43,validation,86,"[""Proportional Baseline Exp 1"",""22198508"",""0""]",Proportional,17,143,2.6439115586995543,5.736501342287335,0.33583860844621527,0.2228318749769117,0.23529411764705882,0.31209855064560754,0.058823529411764705
constant,43,validation,88,"[""Proportional Baseline Exp 1"",""32679619"",""0""]",Proportional,105,55,3.3856471897208635,14.849579198609561,0.2605763896986214,0.1743205767814441,0.01904761904761905,0.22992320757027165,0.22857142857142856
constant,43,validation,102,"[""Proportional Baseline Exp 1"",""58710652"",""0""]",Proportional,48,112,2.2748957530735403,5.338715565322701,0.23661487489448493,0.23281843342619554,0.08333333333333333,0.31978477521201126,0.3333333333333333
constant,43,validation,103,"[""Proportional Baseline Exp 1"",""61948140"",""0""]",Proportional,17,143,2.5142562600749727,6.014104364913569,0.3412189922640059,0.2324547992559387,0.23529411764705882,0.3280175700735347,0.058823529411764705
constant,43,validation,108,"[""Proportional Baseline Exp 1"",""69390994"",""0""]",Proportional,22,138,2.3416915544426673,4.501977410686894,0.24859291254559193,0.19968032520017823,0.18181818181818182,0.29405757764055696,0.09090909090909091
constant,43,validation,109,"[""Proportional Baseline Exp 1"",""70560629"",""0""]",Proportional,30,130,2.8660533332005,4.12828201884546,0.21154464205702272,0.14688608023150046,0.13333333333333333,0.2111555985729508,0.1
constant,43,validation,110,"[""Proportional Baseline Exp 1"",""72433781"",""0""]",Proportional,53,107,4.0242677012148365,21.620127331953558,0.2421482023499714,0.11267683167922345,0.05660377358490566,0.13441258275867252,0.16981132075471697
constant,43,validation,116,"[""Proportional Baseline Exp 1"",""83701533"",""0""]",Proportional,88,72,4.2354042728990065,19.407022439022867,0.22562062221599669,0.11316923472188942,0.022727272727272728,0.13572417007106027,0.09090909090909091
constant,43,validation,120,"[""RL Agent (M1) Exp 1"",""18376511"",""0""]",M1,139,21,3.4692296089851067,8.995385496311592,0.20470955461975635,0.13935634911039996,0.03597122302158273,0.19006705624917786,0.10071942446043165
constant,43,validation,131,"[""RL Agent (M1) Exp 1"",""48812052"",""0""]",M1,28,132,2.456933141615371,5.759495063550303,0.33287814384104175,0.19978218407669698,0.32142857142857145,0.28323762982345585,0.10714285714285714
constant,43,validation,135,"[""RL Agent (M1) Exp 1"",""50251280"",""0""]",M1,153,7,3.3999716046362973,14.715768502086862,0.34596098281193477,0.12278130126605691,0.17647058823529413,0.16253723656487543,0.1503267973856209
constant,43,validation,136,"[""RL Agent (M1) Exp 1"",""53180780"",""0""]",M1,71,89,3.113933946580523,9.478083451752015,0.27349974290447143,0.14655039899203753,0.14084507042253522,0.20499376702268138,0.09859154929577464
constant,43,validation,141,"[""RL Agent (M1) Exp 1"",""63845553"",""0""]",M1,149,11,3.2705260353987886,10.934793429755231,0.26173498413003016,0.1297634221691504,0.06040268456375839,0.17111400256677006,0.2550335570469799
constant,43,validation,144,"[""RL Agent (M1) Exp 1"",""66350717"",""0""]",M1,68,92,3.8517558841380493,11.230375921035812,0.19353990993465442,0.1252228211603021,0.04411764705882353,0.16394689607444957,0.058823529411764705
constant,43,validation,149,"[""RL Agent (M1) Exp 1"",""81387887"",""0""]",M1,107,53,3.008855032206541,11.056385477477257,0.2943318295567341,0.15275296860584003,0.2336448598130841,0.21152921338175237,0.12149532710280374
constant,43,validation,158,"[""RL Agent (M1) Exp 1"",""95891360"",""0""]",M1,159,1,3.562367940842199,8.219685869555224,0.1920782074112209,0.11925744639586275,0.006289308176100629,0.15713133161054427,0.10062893081761007
linear,17,validation,7,"[""Equal Baseline Exp 1"",""24769323"",""0""]",Equal,44,116,2.0385915937067356,2.362939123333863,0.2326882745663534,0.29093364441365543,0.06818181818181818,0.3489990637126513,0.3181818181818182
linear,17,validation,8,"[""Equal Baseline Exp 1"",""27555027"",""0""]",Equal,20,140,2.7040216425951717,4.079560488633785,0.2534669022798215,0.18778864408524681,0.25,0.23817057402962086,0.0
linear,17,validation,9,"[""Equal Baseline Exp 1"",""30383025"",""0""]",Equal,84,76,2.540428955559598,5.041516194525787,0.25982659955961573,0.1651576024809097,0.03571428571428571,0.21495825733447602,0.34523809523809523
linear,17,validation,12,"[""Equal Baseline Exp 1"",""31981132"",""0""]",Equal,44,116,2.6311160503014213,4.220020317651389,0.24158943988762435,0.19973773770360073,0.06818181818181818,0.24848535670247357,0.18181818181818182
linear,17,validation,14,"[""Equal Baseline Exp 1"",""35775718"",""0""]",Equal,160,0,2.7723213075435105,5.139337970069456,0.25224673895382504,0.1152479751706621,0.03125,0.16216395350989693,0.3
linear,17,validation,15,"[""Equal Baseline Exp 1"",""37049926"",""0""]",Equal,24,136,2.438483514328994,4.074643701415233,0.27737142702318957,0.22775851637572667,0.16666666666666666,0.27959091642937933,0.20833333333333334
linear,17,validation,22,"[""Equal Baseline Exp 1"",""43487752"",""0""]",Equal,40,120,1.8565736195942346,2.565014031300609,0.3217757844003669,0.30104930556530973,0.175,0.35998166781535323,0.325
linear,17,validation,30,"[""Equal Baseline Exp 1"",""67430636"",""0""]",Equal,44,116,1.8259638016277597,2.498111517107246,0.3083436303248677,0.2911276970298885,0.1590909090909091,0.3507739039790757,0.4090909090909091
linear,17,validation,56,"[""Mixed Baseline Exp 1"",""45795675"",""0""]",Mixed,160,0,2.776653531260834,6.798769651163326,0.31401295110585437,0.12602310465514477,0.04375,0.1740757100982639,0.2625
linear,17,validation,59,"[""Mixed Baseline Exp 1"",""49685025"",""0""]",Mixed,39,121,2.020524560585836,2.3081001465489672,0.249100369074459,0.2741581429437917,0.1794871794871795,0.33246649365898867,0.2564102564102564
linear,17,validation,63,"[""Mixed Baseline Exp 1"",""58475822"",""0""]",Mixed,54,106,2.4204005646152718,3.397507695902173,0.24788322115314793,0.22130167397294012,0.14814814814814814,0.2776104519487118,0.12962962962962962
linear,17,validation,67,"[""Mixed Baseline Exp 1"",""70166162"",""0""]",Mixed,160,0,3.263194653064038,12.2525618616319,0.2550390793496473,0.03941108877489576,0.03125,0.06710499024528091,0.3375
linear,17,validation,71,"[""Mixed Baseline Exp 1"",""80421478"",""0""]",Mixed,60,100,2.2595438686745273,4.102764671565959,0.29137399559914606,0.21726359617217536,0.13333333333333333,0.2694092366649145,0.3333333333333333
linear,17,validation,72,"[""Mixed Baseline Exp 1"",""83986039"",""0""]",Mixed,97,63,2.7824158872277653,4.099666203695129,0.1966288943726592,0.15957729592595532,0.08247422680412371,0.20553565704404636,0.09278350515463918
linear,17,validation,75,"[""Mixed Baseline Exp 1"",""92017990"",""0""]",Mixed,160,0,3.232544782480575,7.48888587330602,0.23064067385542,0.07691246650920001,0.0125,0.11445223631985584,0.13125
linear,17,validation,76,"[""Mixed Baseline Exp 1"",""94451609"",""0""]",Mixed,129,31,2.9169996887172247,4.2074631576894275,0.19048459893939104,0.14294271327391284,0.031007751937984496,0.18844402998601553,0.10077519379844961
linear,17,validation,86,"[""Proportional Baseline Exp 1"",""22198508"",""0""]",Proportional,17,143,2.585252255733689,5.264623028804414,0.31084695287549485,0.24570673146711192,0.23529411764705882,0.29665756591651193,0.058823529411764705
linear,17,validation,88,"[""Proportional Baseline Exp 1"",""32679619"",""0""]",Proportional,105,55,3.1849031824654723,9.382044076173594,0.21605948470069783,0.12240363811865136,0.01904761904761905,0.18854578519140924,0.22857142857142856
linear,17,validation,102,"[""Proportional Baseline Exp 1"",""58710652"",""0""]",Proportional,48,112,2.2935852765374345,5.146415749868373,0.24053595013886034,0.23342224379910181,0.08333333333333333,0.286229349790532,0.3333333333333333
linear,17,validation,103,"[""Proportional Baseline Exp 1"",""61948140"",""0""]",Proportional,17,143,2.4694800429606536,5.572796802461305,0.31848270543069696,0.25799848599769953,0.23529411764705882,0.31025365098471264,0.058823529411764705
linear,17,validation,108,"[""Proportional Baseline Exp 1"",""69390994"",""0""]",Proportional,22,138,2.4451328317789507,4.158421474286917,0.23389709693854668,0.24616290443470754,0.18181818181818182,0.3023926978012299,0.09090909090909091
linear,17,validation,109,"[""Proportional Baseline Exp 1"",""70560629"",""0""]",Proportional,30,130,2.869848663771225,4.125648978170888,0.21408892705687804,0.17394253841304716,0.13333333333333333,0.23078133362328415,0.1
linear,17,validation,110,"[""Proportional Baseline Exp 1"",""72433781"",""0""]",Proportional,53,107,3.9722002057170225,14.295731256738145,0.19192708439710418,0.05667709731417005,0.05660377358490566,0.09894423858348478,0.16981132075471697
linear,17,validation,116,"[""Proportional Baseline Exp 1"",""83701533"",""0""]",Proportional,88,72,3.9734828062421017,10.325458979714881,0.13895240093701633,0.027157495069384793,0.022727272727272728,0.05641629307757143,0.09090909090909091
linear,17,validation,120,"[""RL Agent (M1) Exp 1"",""18376511"",""0""]",M1,139,21,3.2482728174021136,6.173964404672546,0.17176627962028115,0.0742815352283728,0.03597122302158273,0.12123800217045921,0.10071942446043165
linear,17,validation,131,"[""RL Agent (M1) Exp 1"",""48812052"",""0""]",M1,28,132,2.4664359769255526,5.915890429472104,0.328796752699052,0.22408770173908224,0.32142857142857145,0.2778887464706727,0.10714285714285714
linear,17,validation,135,"[""RL Agent (M1) Exp 1"",""50251280"",""0""]",M1,153,7,3.460738374400579,11.511173200466814,0.30561530396484393,0.04331195514283854,0.17647058823529413,0.07765975423006935,0.1503267973856209
linear,17,validation,136,"[""RL Agent (M1) Exp 1"",""53180780"",""0""]",M1,71,89,3.1419883358647787,6.567166940175846,0.25004915373979264,0.14473848425330346,0.14084507042253522,0.20466875629234005,0.09859154929577464
linear,17,validation,141,"[""RL Agent (M1) Exp 1"",""63845553"",""0""]",M1,149,11,3.277008655137157,8.907116660507606,0.23897577277934978,0.0600215421308015,0.06040268456375839,0.09549251905626484,0.2550335570469799
linear,17,validation,144,"[""RL Agent (M1) Exp 1"",""66350717"",""0""]",M1,68,92,3.667348167459783,7.259283074397791,0.15330114604523012,0.06681174566399739,0.04411764705882353,0.11101065612734043,0.058823529411764705
linear,17,validation,149,"[""RL Agent (M1) Exp 1"",""81387887"",""0""]",M1,107,53,2.967912575929556,7.579896112268116,0.2621533280040107,0.11493860252915164,0.2336448598130841,0.16884964403624034,0.12149532710280374
linear,17,validation,158,"[""RL Agent (M1) Exp 1"",""95891360"",""0""]",M1,159,1,3.357498771142048,6.769811604922252,0.17168870404043812,0.04978697551854054,0.006289308176100629,0.08203205147374619,0.10062893081761007
linear,29,validation,7,"[""Equal Baseline Exp 1"",""24769323"",""0""]",Equal,44,116,2.024026578940767,2.3705491724022143,0.23293823833151509,0.29000974868525514,0.06818181818181818,0.3435818824588764,0.3181818181818182
linear,29,validation,8,"[""Equal Baseline Exp 1"",""27555027"",""0""]",Equal,20,140,2.6945949024963096,4.1433296740026835,0.25328372646251246,0.18296371212432577,0.25,0.2336816636796911,0.0
linear,29,validation,9,"[""Equal Baseline Exp 1"",""30383025"",""0""]",Equal,84,76,2.527675095843838,5.050194627291433,0.2602820556243775,0.16079484866250116,0.03571428571428571,0.21289351172337137,0.34523809523809523
linear,29,validation,12,"[""Equal Baseline Exp 1"",""31981132"",""0""]",Equal,44,116,2.614092791087026,4.2106579006333,0.24098120374384388,0.1974304681681005,0.06818181818181818,0.24674499548241177,0.18181818181818182
linear,29,validation,14,"[""Equal Baseline Exp 1"",""35775718"",""0""]",Equal,160,0,2.7716638246867102,5.127225539932091,0.25181728982778645,0.1093325294228746,0.03125,0.1625712063425479,0.3
linear,29,validation,15,"[""Equal Baseline Exp 1"",""37049926"",""0""]",Equal,24,136,2.4340164582804085,4.082250623785778,0.2774645983749416,0.22497957171369765,0.16666666666666666,0.2754022558307942,0.20833333333333334
linear,29,validation,22,"[""Equal Baseline Exp 1"",""43487752"",""0""]",Equal,40,120,1.8446125735251726,2.588760313142178,0.3231968995786927,0.30031681271145666,0.175,0.3537869122584653,0.325
linear,29,validation,30,"[""Equal Baseline Exp 1"",""67430636"",""0""]",Equal,44,116,1.8246659132499408,2.5354248160429904,0.3101823874140485,0.2894815096586314,0.1590909090909091,0.3443109306919088,0.4090909090909091
linear,29,validation,56,"[""Mixed Baseline Exp 1"",""45795675"",""0""]",Mixed,160,0,2.775578903115328,6.770376397943544,0.3131175078648238,0.12043949170688557,0.04375,0.17353899227164896,0.2625
linear,29,validation,59,"[""Mixed Baseline Exp 1"",""49685025"",""0""]",Mixed,39,121,2.0123069906608513,2.333880004896508,0.2504045293891947,0.2720437730722583,0.1794871794871795,0.32619153064819806,0.2564102564102564
linear,29,validation,63,"[""Mixed Baseline Exp 1"",""58475822"",""0""]",Mixed,54,106,2.40900452584523,3.4050252577099003,0.24788478503596234,0.21716288145272597,0.14814814814814814,0.27260622317230515,0.12962962962962962
linear,29,validation,67,"[""Mixed Baseline Exp 1"",""70166162"",""0""]",Mixed,160,0,3.2358621502058105,12.23599764735628,0.2543893291319417,0.03830280575765663,0.03125,0.07325728484959163,0.3375
linear,29,validation,71,"[""Mixed Baseline Exp 1"",""80421478"",""0""]",Mixed,60,100,2.2644369283068384,4.078837347415545,0.29153873659445334,0.2148818526065277,0.13333333333333333,0.26638777435363054,0.3333333333333333
linear,29,validation,72,"[""Mixed Baseline Exp 1"",""83986039"",""0""]",Mixed,97,63,2.77251216889299,4.094424162813218,0.19611359183145083,0.15642902726086783,0.08247422680412371,0.20432945041130546,0.09278350515463918
linear,29,validation,75,"[""Mixed Baseline Exp 1"",""92017990"",""0""]",Mixed,160,0,3.230881106001867,7.465760603023201,0.23015666582210875,0.07314132151905736,0.0125,0.1189935515527227,0.13125
linear,29,validation,76,"[""Mixed Baseline Exp 1"",""94451609"",""0""]",Mixed,129,31,2.909795796607461,4.196673928519533,0.19044046816632623,0.13926464294014074,0.031007751937984496,0.18832932401570732,0.10077519379844961
linear,29,validation,86,"[""Proportional Baseline Exp 1"",""22198508"",""0""]",Proportional,17,143,2.5717101021764024,5.342240275538817,0.311061085525965,0.24373586246090884,0.23529411764705882,0.29204230269790465,0.058823529411764705
linear,29,validation,88,"[""Proportional Baseline Exp 1"",""32679619"",""0""]",Proportional,105,55,3.195468258996463,9.45391701979686,0.21637261897886972,0.12251076829296408,0.01904761904761905,0.19719420370510635,0.22857142857142856
linear,29,validation,102,"[""Proportional Baseline Exp 1"",""58710652"",""0""]",Proportional,48,112,2.296440871554792,5.124965299472163,0.2410371588773356,0.23342655739163906,0.08333333333333333,0.2861428511298575,0.3333333333333333
linear,29,validation,103,"[""Proportional Baseline Exp 1"",""61948140"",""0""]",Proportional,17,143,2.461104226714028,5.646613223838377,0.31841479653058735,0.25624622552592363,0.23529411764705882,0.3053091106583865,0.058823529411764705
linear,29,validation,108,"[""Proportional Baseline Exp 1"",""69390994"",""0""]",Proportional,22,138,2.423791115209798,4.2201384767938,0.23455836439767974,0.24284228016070325,0.18181818181818182,0.2939172117564209,0.09090909090909091
linear,29,validation,109,"[""Proportional Baseline Exp 1"",""70560629"",""0""]",Proportional,30,130,2.865930481190188,4.162039291617499,0.21578621540502488,0.16755128257446958,0.13333333333333333,0.22593577282321456,0.1
linear,29,validation,110,"[""Proportional Baseline Exp 1"",""72433781"",""0""]",Proportional,53,107,3.9713343845225944,14.175658540827712,0.19074484577348103,0.055883339184091246,0.05660377358490566,0.10914738872963205,0.16981132075471697
linear,29,validation,116,"[""Proportional Baseline Exp 1"",""83701533"",""0""]",Proportional,88,72,3.9755674360280633,10.660844432689169,0.1426370531453685,0.030518658019485292,0.022727272727272728,0.06535367669936744,0.09090909090909091
linear,29,validation,120,"[""RL Agent (M1) Exp 1"",""18376511"",""0""]",M1,139,21,3.2513152000197385,6.264272168432007,0.1731431807095438,0.07349291831220524,0.03597122302158273,0.12804612796120135,0.10071942446043165
linear,29,validation,131,"[""RL Agent (M1) Exp 1"",""48812052"",""0""]",M1,28,132,2.455500230398729,5.941779222771094,0.32824016464525324,0.22077499257377017,0.32142857142857145,0.2736847720243107,0.10714285714285714
linear,29,validation,135,"[""RL Agent (M1) Exp 1"",""50251280"",""0""]",M1,153,7,3.485789408846411,11.709922150601498,0.3088794223947633,0.042488327436042805,0.17647058823529413,0.08402925244076205,0.1503267973856209
linear,29,validation,136,"[""RL Agent (M1) Exp 1"",""53180780"",""0""]",M1,71,89,3.1496282601703993,6.546091793647063,0.25063672372490103,0.1405136720864682,0.14084507042253522,0.20385563791432942,0.09859154929577464
linear,29,validation,141,"[""RL Agent (M1) Exp 1"",""63845553"",""0""]",M1,149,11,3.2585123284572792,8.91653623811347,0.23982993671749395,0.0586967451659104,0.06040268456375839,0.09998601877287144,0.2550335570469799
linear,29,validation,144,"[""RL Agent (M1) Exp 1"",""66350717"",""0""]",M1,68,92,3.67380173677831,7.119871763721271,0.15175562421108243,0.06570573762931106,0.04411764705882353,0.11981004351514486,0.058823529411764705
linear,29,validation,149,"[""RL Agent (M1) Exp 1"",""81387887"",""0""]",M1,107,53,2.985595186218065,7.558657545400955,0.26221917886755547,0.11463499979234769,0.2336448598130841,0.17493446915552105,0.12149532710280374
linear,29,validation,158,"[""RL Agent (M1) Exp 1"",""95891360"",""0""]",M1,159,1,3.356278331970672,6.716824817199805,0.1709999110787995,0.048272911835276884,0.006289308176100629,0.08787199233354963,0.10062893081761007
linear,43,validation,7,"[""Equal Baseline Exp 1"",""24769323"",""0""]",Equal,44,116,2.0366914983970443,2.360132645648882,0.23302397492053545,0.2963907165350854,0.06818181818181818,0.3389660037874671,0.3181818181818182
linear,43,validation,8,"[""Equal Baseline Exp 1"",""27555027"",""0""]",Equal,20,140,2.699442437066986,4.088635396805399,0.2503096780596288,0.1891960253089741,0.25,0.23050679540537594,0.0
linear,43,validation,9,"[""Equal Baseline Exp 1"",""30383025"",""0""]",Equal,84,76,2.5445623710275305,5.069618563738632,0.26068329525095696,0.16487346630954294,0.03571428571428571,0.20988669861628476,0.34523809523809523
linear,43,validation,12,"[""Equal Baseline Exp 1"",""31981132"",""0""]",Equal,44,116,2.6268663819417646,4.221886816964904,0.24090456727225273,0.20171657306824697,0.06818181818181818,0.2433880157821269,0.18181818181818182
linear,43,validation,14,"[""Equal Baseline Exp 1"",""35775718"",""0""]",Equal,160,0,2.7812263875730063,5.1264362549051175,0.252123536861815,0.11233464430953284,0.03125,0.1598629356694335,0.3
linear,43,validation,15,"[""Equal Baseline Exp 1"",""37049926"",""0""]",Equal,24,136,2.4404616528005634,4.080761020534471,0.27701244682848675,0.23095560828372477,0.16666666666666666,0.2717237480020051,0.20833333333333334
linear,43,validation,22,"[""Equal Baseline Exp 1"",""43487752"",""0""]",Equal,40,120,1.8561240069224882,2.576802560683645,0.32354282263084855,0.30714774890662266,0.175,0.34902923767485516,0.325
linear,43,validation,30,"[""Equal Baseline Exp 1"",""67430636"",""0""]",Equal,44,116,1.8331840482132706,2.5151652158657254,0.3106262982561406,0.2964353380468545,0.1590909090909091,0.3396051043872577,0.4090909090909091
linear,43,validation,56,"[""Mixed Baseline Exp 1"",""45795675"",""0""]",Mixed,160,0,2.7728978974498277,6.8280780706370905,0.31588352091456223,0.12348512123472108,0.04375,0.17137729521920592,0.2625
linear,43,validation,59,"[""Mixed Baseline Exp 1"",""49685025"",""0""]",Mixed,39,121,2.0220405836641677,2.32534165517978,0.2506238830911383,0.27859029554558096,0.1794871794871795,0.3218369867211279,0.2564102564102564
linear,43,validation,63,"[""Mixed Baseline Exp 1"",""58475822"",""0""]",Mixed,54,106,2.4096261619889563,3.4033940158461484,0.2470544385268746,0.2229324018443617,0.14814814814814814,0.26890574471485307,0.12962962962962962
linear,43,validation,67,"[""Mixed Baseline Exp 1"",""70166162"",""0""]",Mixed,160,0,3.238107105658295,12.331111004323022,0.25596786381439773,0.03675731828372101,0.03125,0.07282672240258664,0.3375
linear,43,validation,71,"[""Mixed Baseline Exp 1"",""80421478"",""0""]",Mixed,60,100,2.270464153663542,4.116289722625623,0.29338166476336636,0.2194567234790817,0.13333333333333333,0.2629499288386513,0.3333333333333333
linear,43,validation,72,"[""Mixed Baseline Exp 1"",""83986039"",""0""]",Mixed,97,63,2.785446624482418,4.1011046349358224,0.19653997201733125,0.15974751054042835,0.08247422680412371,0.2019008052926999,0.09278350515463918
linear,43,validation,75,"[""Mixed Baseline Exp 1"",""92017990"",""0""]",Mixed,160,0,3.2346442714580603,7.5120930818955145,0.2313062946694148,0.07360402777536641,0.0125,0.11740782574062789,0.13125
linear,43,validation,76,"[""Mixed Baseline Exp 1"",""94451609"",""0""]",Mixed,129,31,2.9183441057980337,4.193041972033719,0.19066607916374784,0.14218950766077731,0.031007751937984496,0.1857455221542381,0.10077519379844961
linear,43,validation,86,"[""Proportional Baseline Exp 1"",""22198508"",""0""]",Proportional,17,143,2.572558768808723,5.27091380783227,0.30761141536322795,0.2503682722172744,0.23529411764705882,0.28797454094002745,0.058823529411764705
linear,43,validation,88,"[""Proportional Baseline Exp 1"",""32679619"",""0""]",Proportional,105,55,3.197588931366495,9.641858072431459,0.21638159151865063,0.11894171767258965,0.01904761904761905,0.19289253087566766,0.22857142857142856
linear,43,validation,102,"[""Proportional Baseline Exp 1"",""58710652"",""0""]",Proportional,48,112,2.3021901682084325,5.177727375049581,0.24373667698042664,0.23513969348395183,0.08333333333333333,0.2831936923490222,0.3333333333333333
linear,43,validation,103,"[""Proportional Baseline Exp 1"",""61948140"",""0""]",Proportional,17,143,2.4512051346498858,5.5818262246772195,0.3150562051777668,0.263142150001962,0.23529411764705882,0.301315899043878,0.058823529411764705
linear,43,validation,108,"[""Proportional Baseline Exp 1"",""69390994"",""0""]",Proportional,22,138,2.4258902294841516,4.165553175274447,0.23255516295183562,0.2509130780013417,0.18181818181818182,0.2890209716983404,0.09090909090909091
linear,43,validation,109,"[""Proportional Baseline Exp 1"",""70560629"",""0""]",Proportional,30,130,2.871234922602676,4.1505503012168345,0.2161292953640208,0.17449344143656026,0.13333333333333333,0.2211253505784969,0.1
linear,43,validation,110,"[""Proportional Baseline Exp 1"",""72433781"",""0""]",Proportional,53,107,3.989607889464814,14.731333850489976,0.19536984583427977,0.05613000567724684,0.05660377358490566,0.10386110111773603,0.16981132075471697
linear,43,validation,116,"[""Proportional Baseline Exp 1"",""83701533"",""0""]",Proportional,88,72,3.9839450770869083,10.577012075848913,0.14096449445342238,0.024240200325675854,0.022727272727272728,0.0625979505964292,0.09090909090909091
linear,43,validation,120,"[""RL Agent (M1) Exp 1"",""18376511"",""0""]",M1,139,21,3.2615705333850675,6.263281695564014,0.17330911508513358,0.07219582934979224,0.03597122302158273,0.12744276636754495,0.10071942446043165
linear,43,validation,131,"[""RL Agent (M1) Exp 1"",""48812052"",""0""]",M1,28,132,2.4546974026089865,5.963811205760753,0.3281056791567731,0.22743632620785306,0.32142857142857145,0.26932773947824346,0.10714285714285714
linear,43,validation,135,"[""RL Agent (M1) Exp 1"",""50251280"",""0""]",M1,153,7,3.4647727613976884,11.685571557584211,0.30843250700321884,0.041277365182306174,0.17647058823529413,0.08432768562780675,0.1503267973856209
linear,43,validation,136,"[""RL Agent (M1) Exp 1"",""53180780"",""0""]",M1,71,89,3.1382890694926817,6.850587893638135,0.25353791183740454,0.14399213016191637,0.14084507042253522,0.20064447974863558,0.09859154929577464
linear,43,validation,141,"[""RL Agent (M1) Exp 1"",""63845553"",""0""]",M1,149,11,3.2844430488500356,9.134311847444279,0.2414757670386794,0.05742546144521703,0.06040268456375839,0.10160966096160219,0.2550335570469799
linear,43,validation,144,"[""RL Agent (M1) Exp 1"",""66350717"",""0""]",M1,68,92,3.6912935957728132,7.602498599299679,0.15773573876082092,0.0645001257759452,0.04411764705882353,0.11796511900822546,0.058823529411764705
linear,43,validation,149,"[""RL Agent (M1) Exp 1"",""81387887"",""0""]",M1,107,53,2.973860759760674,7.799922546153951,0.2628103268407103,0.11092063536718758,0.2336448598130841,0.1741665431653928,0.12149532710280374
linear,43,validation,158,"[""RL Agent (M1) Exp 1"",""95891360"",""0""]",M1,159,1,3.374887895261846,6.858016218404895,0.17194099895215376,0.047145987767678456,0.006289308176100629,0.08826160532824513,0.10062893081761007
feedforward,17,validation,7,"[""Equal Baseline Exp 1"",""24769323"",""0""]",Equal,44,116,1.795157419649957,2.0361462148604415,0.2160358533496448,0.21854015341423827,0.06818181818181818,0.34250028917778186,0.3181818181818182
feedforward,17,validation,8,"[""Equal Baseline Exp 1"",""27555027"",""0""]",Equal,20,140,2.5868521702138443,3.3632790043685956,0.2552245744206489,0.12335072681092214,0.25,0.18455730142581508,0.0
feedforward,17,validation,9,"[""Equal Baseline Exp 1"",""30383025"",""0""]",Equal,84,76,2.4479434485345917,4.899389836207699,0.250208946941972,0.10973712003270149,0.03571428571428571,0.17529213959944523,0.34523809523809523
feedforward,17,validation,12,"[""Equal Baseline Exp 1"",""31981132"",""0""]",Equal,44,116,2.4744366786018666,4.1684334841571475,0.23338326945448876,0.1487127748895628,0.06818181818181818,0.23190247811826542,0.18181818181818182
feedforward,17,validation,14,"[""Equal Baseline Exp 1"",""35775718"",""0""]",Equal,160,0,2.8937110462188915,5.829294125403299,0.2783292583934231,0.0700931019706143,0.03125,0.10092330739610522,0.3
feedforward,17,validation,15,"[""Equal Baseline Exp 1"",""37049926"",""0""]",Equal,24,136,2.287578198690747,3.7996278017317935,0.26611568502998256,0.1667509402290771,0.16666666666666666,0.2510568304343849,0.20833333333333334
feedforward,17,validation,22,"[""Equal Baseline Exp 1"",""43487752"",""0""]",Equal,40,120,1.6810317211552022,2.2929467276074,0.2992782463443369,0.22463124034783513,0.175,0.3547332847332531,0.325
feedforward,17,validation,30,"[""Equal Baseline Exp 1"",""67430636"",""0""]",Equal,44,116,1.7019796834845768,1.976155524484531,0.28075635085195794,0.21269613599356108,0.1590909090909091,0.3343269926134425,0.4090909090909091
feedforward,17,validation,56,"[""Mixed Baseline Exp 1"",""45795675"",""0""]",Mixed,160,0,2.8279068607873254,6.418887692695281,0.28594559296213673,0.09275112314174876,0.04375,0.11934584345451862,0.2625
feedforward,17,validation,59,"[""Mixed Baseline Exp 1"",""49685025"",""0""]",Mixed,39,121,1.8313212872876055,2.1051949914000794,0.23112047929301432,0.19966013468221247,0.1794871794871795,0.31024838178470365,0.2564102564102564
feedforward,17,validation,63,"[""Mixed Baseline Exp 1"",""58475822"",""0""]",Mixed,54,106,2.2952992110446817,3.4977351701805817,0.24237034908854033,0.15777359963372642,0.14814814814814814,0.23181122515855065,0.12962962962962962
feedforward,17,validation,67,"[""Mixed Baseline Exp 1"",""70166162"",""0""]",Mixed,160,0,3.1337567686657506,10.532476815216114,0.235648407167121,0.049130095004529584,0.03125,0.10974827301005483,0.3375
feedforward,17,validation,71,"[""Mixed Baseline Exp 1"",""80421478"",""0""]",Mixed,60,100,2.319704170448922,4.059078968150997,0.28427476725664297,0.1608361892266883,0.13333333333333333,0.2521330690347265,0.3333333333333333
feedforward,17,validation,72,"[""Mixed Baseline Exp 1"",""83986039"",""0""]",Mixed,97,63,2.6493762337565383,4.066162121006763,0.18792163245228632,0.1188541966863636,0.08247422680412371,0.18303549324161342,0.09278350515463918
feedforward,17,validation,75,"[""Mixed Baseline Exp 1"",""92017990"",""0""]",Mixed,160,0,3.2040883300150598,6.812046467356194,0.21208947064069372,0.0657266728398308,0.0125,0.08632316402109066,0.13125
feedforward,17,validation,76,"[""Mixed Baseline Exp 1"",""94451609"",""0""]",Mixed,129,31,2.8399281555769917,4.404479796075519,0.19725158106921897,0.10081536405293928,0.031007751937984496,0.1586749615000583,0.10077519379844961
feedforward,17,validation,86,"[""Proportional Baseline Exp 1"",""22198508"",""0""]",Proportional,17,143,2.342882596943926,3.7829485179749165,0.29171881288480955,0.18632958834843202,0.23529411764705882,0.2786255397119658,0.058823529411764705
feedforward,17,validation,88,"[""Proportional Baseline Exp 1"",""32679619"",""0""]",Proportional,105,55,3.1260674008615963,7.374139882600904,0.20705183773986224,0.14781451911238916,0.01904761904761905,0.17620685836362168,0.22857142857142856
feedforward,17,validation,102,"[""Proportional Baseline Exp 1"",""58710652"",""0""]",Proportional,48,112,2.2031562667283926,4.904747451561146,0.2232959012428399,0.19590004876647896,0.08333333333333333,0.28886054380817755,0.3333333333333333
feedforward,17,validation,103,"[""Proportional Baseline Exp 1"",""61948140"",""0""]",Proportional,17,143,2.2681461710536004,4.129976137294112,0.3055976366207742,0.19812551697387484,0.23529411764705882,0.28819254618553364,0.058823529411764705
feedforward,17,validation,108,"[""Proportional Baseline Exp 1"",""69390994"",""0""]",Proportional,22,138,2.157247446662889,3.2985814203179245,0.22881250195619945,0.14677596428226647,0.18181818181818182,0.28630004228117223,0.09090909090909091
feedforward,17,validation,109,"[""Proportional Baseline Exp 1"",""70560629"",""0""]",Proportional,30,130,2.633187413387556,3.858351568243495,0.1861830407818788,0.10456261462470377,0.13333333333333333,0.18170019551830027,0.1
feedforward,17,validation,110,"[""Proportional Baseline Exp 1"",""72433781"",""0""]",Proportional,53,107,3.795089904047394,13.42655131260514,0.18315056591917572,0.02851795930490395,0.05660377358490566,0.09178074069567302,0.16981132075471697
feedforward,17,validation,116,"[""Proportional Baseline Exp 1"",""83701533"",""0""]",Proportional,88,72,3.7528409934977303,7.478025854963348,0.10124311375900484,0.030511909493152745,0.022727272727272728,0.12520088303583368,0.09090909090909091
feedforward,17,validation,120,"[""RL Agent (M1) Exp 1"",""18376511"",""0""]",M1,139,21,3.12250286943193,4.2389721840551235,0.15096877722111693,0.11872222422980305,0.03597122302158273,0.12008084351646459,0.10071942446043165
feedforward,17,validation,131,"[""RL Agent (M1) Exp 1"",""48812052"",""0""]",M1,28,132,2.554653569497695,5.913566750837851,0.32498487679978216,0.17631051244215498,0.32142857142857145,0.2426423156351029,0.10714285714285714
feedforward,17,validation,135,"[""RL Agent (M1) Exp 1"",""50251280"",""0""]",M1,153,7,2.9854134688774447,6.36288527422623,0.21116587750821403,0.09297655563907621,0.17647058823529413,0.11019143971727188,0.1503267973856209
feedforward,17,validation,136,"[""RL Agent (M1) Exp 1"",""53180780"",""0""]",M1,71,89,2.8093330555587057,4.356255989426928,0.19532757800466283,0.09738754621170619,0.14084507042253522,0.18238886756145495,0.09859154929577464
feedforward,17,validation,141,"[""RL Agent (M1) Exp 1"",""63845553"",""0""]",M1,149,11,3.018144915536271,7.166943527631215,0.2048772480477164,0.08608824638779607,0.06040268456375839,0.11890513481196245,0.2550335570469799
feedforward,17,validation,144,"[""RL Agent (M1) Exp 1"",""66350717"",""0""]",M1,68,92,3.5128537942034312,6.745054361314276,0.15257156965377738,0.07361084765988132,0.04411764705882353,0.09947389281258767,0.058823529411764705
feedforward,17,validation,149,"[""RL Agent (M1) Exp 1"",""81387887"",""0""]",M1,107,53,2.7878800043345247,6.102845903448713,0.22880277585835834,0.12427835047815232,0.2336448598130841,0.15219783867218944,0.12149532710280374
feedforward,17,validation,158,"[""RL Agent (M1) Exp 1"",""95891360"",""0""]",M1,159,1,3.3491652794115634,6.580927009092783,0.18458430277675578,0.06065036142023579,0.006289308176100629,0.09777407361057462,0.10062893081761007
feedforward,29,validation,7,"[""Equal Baseline Exp 1"",""24769323"",""0""]",Equal,44,116,1.7983470980939933,2.0454780767396357,0.21783485132584424,0.21656531454885306,0.06818181818181818,0.34351107040927437,0.3181818181818182
feedforward,29,validation,8,"[""Equal Baseline Exp 1"",""27555027"",""0""]",Equal,20,140,2.596247381638662,3.4391844756553347,0.259001717800898,0.11865685675562113,0.25,0.18757996137935878,0.0
feedforward,29,validation,9,"[""Equal Baseline Exp 1"",""30383025"",""0""]",Equal,84,76,2.454871018792437,4.929694954396225,0.25071527077347905,0.10450994113791595,0.03571428571428571,0.1765058807667894,0.34523809523809523
feedforward,29,validation,12,"[""Equal Baseline Exp 1"",""31981132"",""0""]",Equal,44,116,2.479255193003722,4.175195583311597,0.23521299849801391,0.14496909651506776,0.06818181818181818,0.23167308200168327,0.18181818181818182
feedforward,29,validation,14,"[""Equal Baseline Exp 1"",""35775718"",""0""]",Equal,160,0,2.8664098764270243,5.599959939607862,0.26885447840092536,0.06494449070752,0.03125,0.10377223281903789,0.3
feedforward,29,validation,15,"[""Equal Baseline Exp 1"",""37049926"",""0""]",Equal,24,136,2.3081559110689445,3.891730394497131,0.2699985614751594,0.1630624434081204,0.16666666666666666,0.2531267946946434,0.20833333333333334
feedforward,29,validation,22,"[""Equal Baseline Exp 1"",""43487752"",""0""]",Equal,40,120,1.6897227359320623,2.341195725139614,0.30233474410629285,0.2228990444063496,0.175,0.3556490177230883,0.325
feedforward,29,validation,30,"[""Equal Baseline Exp 1"",""67430636"",""0""]",Equal,44,116,1.7064715496836131,2.0174705010934404,0.28248415720552134,0.21106102402683977,0.1590909090909091,0.33514367841474074,0.4090909090909091
feedforward,29,validation,56,"[""Mixed Baseline Exp 1"",""45795675"",""0""]",Mixed,160,0,2.82943658882697,6.401876338915699,0.286630079625274,0.0892910547050119,0.04375,0.11889118768922262,0.2625
feedforward,29,validation,59,"[""Mixed Baseline Exp 1"",""49685025"",""0""]",Mixed,39,121,1.8375827505101108,2.131255347414988,0.23316341210790215,0.19632147200005592,0.1794871794871795,0.3119053617663199,0.2564102564102564
feedforward,29,validation,63,"[""Mixed Baseline Exp 1"",""58475822"",""0""]",Mixed,54,106,2.2860837209732576,3.4302062847901587,0.24142672511839713,0.15340269313663657,0.14814814814814814,0.23446435880556532,0.12962962962962962
feedforward,29,validation,67,"[""Mixed Baseline Exp 1"",""70166162"",""0""]",Mixed,160,0,3.1465027059916246,10.464275407530671,0.2321123280475373,0.040660456464231276,0.03125,0.10064215918621915,0.3375
feedforward,29,validation,71,"[""Mixed Baseline Exp 1"",""80421478"",""0""]",Mixed,60,100,2.314093537222334,4.0412166630342785,0.2832369342081095,0.15766661754607225,0.13333333333333333,0.2518722873251589,0.3333333333333333
feedforward,29,validation,72,"[""Mixed Baseline Exp 1"",""83986039"",""0""]",Mixed,97,63,2.638594364866588,3.9745409072700753,0.18662685994340747,0.11279419647378534,0.08247422680412371,0.18169812014396702,0.09278350515463918
feedforward,29,validation,75,"[""Mixed Baseline Exp 1"",""92017990"",""0""]",Mixed,160,0,3.1736990946686845,6.625271563969368,0.20617887420693606,0.060507084740091074,0.0125,0.08859602170017958,0.13125
feedforward,29,validation,76,"[""Mixed Baseline Exp 1"",""94451609"",""0""]",Mixed,129,31,2.8146057793197423,4.275649812863036,0.19250842101284327,0.09499970811350043,0.031007751937984496,0.15811742802097178,0.10077519379844961
feedforward,29,validation,86,"[""Proportional Baseline Exp 1"",""22198508"",""0""]",Proportional,17,143,2.365038971492335,3.9218904924868516,0.29680819851497586,0.1833721748871766,0.23529411764705882,0.2780237286703803,0.058823529411764705
feedforward,29,validation,88,"[""Proportional Baseline Exp 1"",""32679619"",""0""]",Proportional,105,55,3.118985027877154,7.271893921211854,0.20033095264193726,0.13897692096371986,0.01904761904761905,0.18645327541030388,0.22857142857142856
feedforward,29,validation,102,"[""Proportional Baseline Exp 1"",""58710652"",""0""]",Proportional,48,112,2.18577435952202,4.877216589807422,0.21909629983173015,0.19480610117639804,0.08333333333333333,0.29043302331709714,0.3333333333333333
feedforward,29,validation,103,"[""Proportional Baseline Exp 1"",""61948140"",""0""]",Proportional,17,143,2.280397308592936,4.242830303790092,0.3076304916129735,0.19464028535761818,0.23529411764705882,0.289706492445919,0.058823529411764705
feedforward,29,validation,108,"[""Proportional Baseline Exp 1"",""69390994"",""0""]",Proportional,22,138,2.1656590677968808,3.3600352516233327,0.22972596701984635,0.1463189907064175,0.18181818181818182,0.28074146334184197,0.09090909090909091
feedforward,29,validation,109,"[""Proportional Baseline Exp 1"",""70560629"",""0""]",Proportional,30,130,2.6292175253518555,3.8346551552821064,0.18656627457096545,0.10192826778186702,0.13333333333333333,0.17930713400802167,0.1
feedforward,29,validation,110,"[""Proportional Baseline Exp 1"",""72433781"",""0""]",Proportional,53,107,3.8282950854271167,13.590932135481452,0.18512292066664304,0.03519158562105926,0.05660377358490566,0.09385697518798286,0.16981132075471697
feedforward,29,validation,116,"[""Proportional Baseline Exp 1"",""83701533"",""0""]",Proportional,88,72,3.7849118141528546,7.934170296057743,0.1060858955715037,0.02456237684313931,0.022727272727272728,0.1261000147355153,0.09090909090909091
feedforward,29,validation,120,"[""RL Agent (M1) Exp 1"",""18376511"",""0""]",M1,139,21,3.1090520948645555,4.1729374846293545,0.1478742079245597,0.11046169229058105,0.03597122302158273,0.12453230427071903,0.10071942446043165
feedforward,29,validation,131,"[""RL Agent (M1) Exp 1"",""48812052"",""0""]",M1,28,132,2.531139482493388,5.952917817725832,0.3229175412209558,0.18134021777809833,0.32142857142857145,0.2338335521270914,0.10714285714285714
feedforward,29,validation,135,"[""RL Agent (M1) Exp 1"",""50251280"",""0""]",M1,153,7,2.9702187998537575,6.278521743265761,0.21259873513279642,0.08443746667830201,0.17647058823529413,0.10919722764540593,0.1503267973856209
feedforward,29,validation,136,"[""RL Agent (M1) Exp 1"",""53180780"",""0""]",M1,71,89,2.791652054765123,4.454839777869113,0.19570646365053276,0.10138900756503158,0.14084507042253522,0.18122426806305234,0.09859154929577464
feedforward,29,validation,141,"[""RL Agent (M1) Exp 1"",""63845553"",""0""]",M1,149,11,3.0284408719686784,7.3949117503682835,0.20466191769686862,0.08150256763462,0.06040268456375839,0.11753541565091392,0.2550335570469799
feedforward,29,validation,144,"[""RL Agent (M1) Exp 1"",""66350717"",""0""]",M1,68,92,3.494512478484133,6.6413196739796305,0.15047794691576585,0.07109856988037408,0.04411764705882353,0.1058576706702582,0.058823529411764705
feedforward,29,validation,149,"[""RL Agent (M1) Exp 1"",""81387887"",""0""]",M1,107,53,2.7655388645267056,6.061181750398575,0.22451766230519338,0.12634696954633146,0.2336448598130841,0.15732422863403459,0.12149532710280374
feedforward,29,validation,158,"[""RL Agent (M1) Exp 1"",""95891360"",""0""]",M1,159,1,3.3363427579951663,6.562265868154875,0.18274938264032145,0.053665086092385975,0.006289308176100629,0.09343528542563641,0.10062893081761007
feedforward,43,validation,7,"[""Equal Baseline Exp 1"",""24769323"",""0""]",Equal,44,116,1.7892193153558404,2.0044670501843274,0.21070633424813237,0.2103493258218031,0.06818181818181818,0.3551245772862292,0.3181818181818182
feedforward,43,validation,8,"[""Equal Baseline Exp 1"",""27555027"",""0""]",Equal,20,140,2.6036209134724397,3.45343949437623,0.2588642127493119,0.12565823830962594,0.25,0.18886136437320328,0.0
feedforward,43,validation,9,"[""Equal Baseline Exp 1"",""30383025"",""0""]",Equal,84,76,2.4344043546625294,4.843091568292657,0.2477767341327473,0.11239118503346641,0.03571428571428571,0.1823533178497641,0.34523809523809523
feedforward,43,validation,12,"[""Equal Baseline Exp 1"",""31981132"",""0""]",Equal,44,116,2.4598544393656705,4.088985973616539,0.22927749452801496,0.14651239732208463,0.06818181818181818,0.24247454238637128,0.18181818181818182
feedforward,43,validation,14,"[""Equal Baseline Exp 1"",""35775718"",""0""]",Equal,160,0,2.886490133994303,5.741156417468754,0.27643851174436873,0.07557106914613046,0.03125,0.10812801723154206,0.3
feedforward,43,validation,15,"[""Equal Baseline Exp 1"",""37049926"",""0""]",Equal,24,136,2.2899316912063687,3.8234871357845344,0.26446888574725685,0.16496145573822704,0.16666666666666666,0.259417251871611,0.20833333333333334
feedforward,43,validation,22,"[""Equal Baseline Exp 1"",""43487752"",""0""]",Equal,40,120,1.678042652974073,2.283222152885594,0.2936672980093141,0.21587913800107503,0.175,0.366627714415921,0.325
feedforward,43,validation,30,"[""Equal Baseline Exp 1"",""67430636"",""0""]",Equal,44,116,1.6991835627419867,2.0063807311914705,0.2767642001556124,0.2058060959269861,0.1590909090909091,0.34415859010766253,0.4090909090909091
feedforward,43,validation,56,"[""Mixed Baseline Exp 1"",""45795675"",""0""]",Mixed,160,0,2.806219375218693,6.270321897587346,0.2810684794501931,0.10051686839765031,0.04375,0.12164952042947146,0.2625
feedforward,43,validation,59,"[""Mixed Baseline Exp 1"",""49685025"",""0""]",Mixed,39,121,1.8262573569976768,2.110394085030472,0.22792002016087354,0.19574753026530609,0.1794871794871795,0.3202489454518644,0.2564102564102564
feedforward,43,validation,63,"[""Mixed Baseline Exp 1"",""58475822"",""0""]",Mixed,54,106,2.3077048641724907,3.4553821133441383,0.24187149478175463,0.15914332470609735,0.14814814814814814,0.23680828629045284,0.12962962962962962
feedforward,43,validation,67,"[""Mixed Baseline Exp 1"",""70166162"",""0""]",Mixed,160,0,3.1399059278362604,10.723609551563149,0.23836178745125639,0.05346559827358377,0.03125,0.11200128082939993,0.3375
feedforward,43,validation,71,"[""Mixed Baseline Exp 1"",""80421478"",""0""]",Mixed,60,100,2.3125967107850207,3.969242060762917,0.27934728315024543,0.15820107568795094,0.13333333333333333,0.26490498735248497,0.3333333333333333
feedforward,43,validation,72,"[""Mixed Baseline Exp 1"",""83986039"",""0""]",Mixed,97,63,2.6465499034814974,3.9989878206205405,0.18533675482396458,0.12272046704016433,0.08247422680412371,0.1875075676578772,0.09278350515463918
feedforward,43,validation,75,"[""Mixed Baseline Exp 1"",""92017990"",""0""]",Mixed,160,0,3.179990668742146,6.578030448868461,0.20576770994259808,0.06895144992755134,0.0125,0.09899758371704546,0.13125
feedforward,43,validation,76,"[""Mixed Baseline Exp 1"",""94451609"",""0""]",Mixed,129,31,2.8430284421023004,4.291210848057703,0.19479529086412894,0.1028742679541806,0.031007751937984496,0.16696352058519884,0.10077519379844961
feedforward,43,validation,86,"[""Proportional Baseline Exp 1"",""22198508"",""0""]",Proportional,17,143,2.384543363618298,3.990220740394212,0.2991799882606373,0.1828321266989604,0.23529411764705882,0.2903555159515381,0.058823529411764705
feedforward,43,validation,88,"[""Proportional Baseline Exp 1"",""32679619"",""0""]",Proportional,105,55,3.143071638417236,7.262678915320165,0.20365845652712541,0.14304308273695931,0.01904761904761905,0.19169139081050166,0.22857142857142856
feedforward,43,validation,102,"[""Proportional Baseline Exp 1"",""58710652"",""0""]",Proportional,48,112,2.175655727018738,4.85963759221909,0.21506495841840434,0.1855446097777226,0.08333333333333333,0.3041421549937746,0.3333333333333333
feedforward,43,validation,103,"[""Proportional Baseline Exp 1"",""61948140"",""0""]",Proportional,17,143,2.297948660276404,4.28010306712364,0.3091076294988538,0.19331605698400398,0.23529411764705882,0.294510784641888,0.058823529411764705
feedforward,43,validation,108,"[""Proportional Baseline Exp 1"",""69390994"",""0""]",Proportional,22,138,2.1908176377749062,3.414487513038692,0.23675437980880423,0.14105415653002987,0.18181818181818182,0.30742308689369585,0.09090909090909091
feedforward,43,validation,109,"[""Proportional Baseline Exp 1"",""70560629"",""0""]",Proportional,30,130,2.6402166434524776,3.911705678403888,0.18867680978369625,0.10592735071764788,0.13333333333333333,0.19380638903520003,0.1
feedforward,43,validation,110,"[""Proportional Baseline Exp 1"",""72433781"",""0""]",Proportional,53,107,3.8046389682123007,13.798306319117556,0.1853525236333881,0.030242378295004944,0.05660377358490566,0.09880107829373401,0.16981132075471697
feedforward,43,validation,116,"[""Proportional Baseline Exp 1"",""83701533"",""0""]",Proportional,88,72,3.7889195772833806,7.76127428842239,0.10352877665720078,0.033341300509808464,0.022727272727272728,0.13820698340645954,0.09090909090909091
feedforward,43,validation,120,"[""RL Agent (M1) Exp 1"",""18376511"",""0""]",M1,139,21,3.1244501801659985,4.164888649276434,0.14973406345191875,0.1097886370939937,0.03597122302158273,0.13489037331024573,0.10071942446043165
feedforward,43,validation,131,"[""RL Agent (M1) Exp 1"",""48812052"",""0""]",M1,28,132,2.535292735157124,5.931030556200487,0.3216457711028315,0.18339179518841256,0.32142857142857145,0.24090974547183155,0.10714285714285714
feedforward,43,validation,135,"[""RL Agent (M1) Exp 1"",""50251280"",""0""]",M1,153,7,2.9710936992262758,6.183980009778677,0.2064133617704697,0.08999702889177144,0.17647058823529413,0.1174402570758601,0.1503267973856209
feedforward,43,validation,136,"[""RL Agent (M1) Exp 1"",""53180780"",""0""]",M1,71,89,2.7961159173976067,4.127760581029299,0.1911971885322535,0.0976904972861965,0.14084507042253522,0.18899501927818707,0.09859154929577464
feedforward,43,validation,141,"[""RL Agent (M1) Exp 1"",""63845553"",""0""]",M1,149,11,3.008952860874347,7.12670119479092,0.20277640195403124,0.08706430522624632,0.06040268456375839,0.12952481610767216,0.2550335570469799
feedforward,43,validation,144,"[""RL Agent (M1) Exp 1"",""66350717"",""0""]",M1,68,92,3.5211046846501426,7.075483449756284,0.15458521006014517,0.07002491655555515,0.04411764705882353,0.11092093864258751,0.058823529411764705
feedforward,43,validation,149,"[""RL Agent (M1) Exp 1"",""81387887"",""0""]",M1,107,53,2.7921890007963817,5.948082527033022,0.22813063384634036,0.12160515196632209,0.2336448598130841,0.15975941880124006,0.12149532710280374
feedforward,43,validation,158,"[""RL Agent (M1) Exp 1"",""95891360"",""0""]",M1,159,1,3.3390986480337017,6.258675536363525,0.17701225993824313,0.062615883533234,0.006289308176100629,0.10749973322861275,0.10062893081761007
recurrent,17,validation,7,"[""Equal Baseline Exp 1"",""24769323"",""0""]",Equal,44,116,1.771920108113757,1.9269415042989693,0.204017255068671,0.23480780710054167,0.06818181818181818,0.30928995274255305,0.3181818181818182
recurrent,17,validation,8,"[""Equal Baseline Exp 1"",""27555027"",""0""]",Equal,20,140,2.4424898884841633,3.0941746922764515,0.20505885459778414,0.19226798267437195,0.25,0.10347531269683845,0.0
recurrent,17,validation,9,"[""Equal Baseline Exp 1"",""30383025"",""0""]",Equal,84,76,2.5163949032579986,5.04365432767996,0.2587762399158373,0.06924451364715772,0.03571428571428571,0.25905562810062094,0.34523809523809523
recurrent,17,validation,12,"[""Equal Baseline Exp 1"",""31981132"",""0""]",Equal,44,116,2.5829112821571307,4.434989879844533,0.25669699474363145,0.12408200190797952,0.06818181818181818,0.24887046363876858,0.18181818181818182
recurrent,17,validation,14,"[""Equal Baseline Exp 1"",""35775718"",""0""]",Equal,160,0,2.6662423377463287,4.291574163398699,0.20601753559295424,0.043067761088269485,0.03125,0.20621185807708947,0.3
recurrent,17,validation,15,"[""Equal Baseline Exp 1"",""37049926"",""0""]",Equal,24,136,2.2580171901658015,3.2996627773188507,0.2458797047380327,0.23503993193484873,0.16666666666666666,0.16845670475589405,0.20833333333333334
recurrent,17,validation,22,"[""Equal Baseline Exp 1"",""43487752"",""0""]",Equal,40,120,1.6548444633601895,1.9757616341869837,0.27879214323953133,0.27472985095254865,0.175,0.29201023288947303,0.325
recurrent,17,validation,30,"[""Equal Baseline Exp 1"",""67430636"",""0""]",Equal,44,116,1.7649385097065176,2.186763446449328,0.2942399449533302,0.23968389553340586,0.1590909090909091,0.2931030557448638,0.4090909090909091
recurrent,17,validation,56,"[""Mixed Baseline Exp 1"",""45795675"",""0""]",Mixed,160,0,2.766007310390853,5.709352704004368,0.26228507860503225,0.05241750617995751,0.04375,0.2174098430671906,0.2625
recurrent,17,validation,59,"[""Mixed Baseline Exp 1"",""49685025"",""0""]",Mixed,39,121,1.8172727925996843,1.8982966442469944,0.22132672928456637,0.23168737800509903,0.1794871794871795,0.2583393179404146,0.2564102564102564
recurrent,17,validation,63,"[""Mixed Baseline Exp 1"",""58475822"",""0""]",Mixed,54,106,2.3253321324351166,3.731669549133674,0.2682045714400827,0.1287269507523701,0.14814814814814814,0.25552640232458196,0.12962962962962962
recurrent,17,validation,67,"[""Mixed Baseline Exp 1"",""70166162"",""0""]",Mixed,160,0,3.164208518793954,10.480952789038236,0.22186122797116498,0.028078338012745917,0.03125,0.16418496671539873,0.3375
recurrent,17,validation,71,"[""Mixed Baseline Exp 1"",""80421478"",""0""]",Mixed,60,100,2.3003635941599203,4.266654140781553,0.2772220506164185,0.12146982743696474,0.13333333333333333,0.2940254487943035,0.3333333333333333
recurrent,17,validation,72,"[""Mixed Baseline Exp 1"",""83986039"",""0""]",Mixed,97,63,2.7569176002705587,4.474424553761737,0.22477864724880267,0.07085430210730567,0.08247422680412371,0.271238075529227,0.09278350515463918
recurrent,17,validation,75,"[""Mixed Baseline Exp 1"",""92017990"",""0""]",Mixed,160,0,3.0352136724222047,5.332010591516228,0.16452776126056207,0.0410712345851342,0.0125,0.1769496825552243,0.13125
recurrent,17,validation,76,"[""Mixed Baseline Exp 1"",""94451609"",""0""]",Mixed,129,31,2.7912650696557613,3.70656030972875,0.17040093697859762,0.060676504733264185,0.031007751937984496,0.25859985359741106,0.10077519379844961
recurrent,17,validation,86,"[""Proportional Baseline Exp 1"",""22198508"",""0""]",Proportional,17,143,2.113892940064049,3.2018387703849838,0.19810483522531916,0.2888838206255255,0.23529411764705882,0.16748126939172775,0.058823529411764705
recurrent,17,validation,88,"[""Proportional Baseline Exp 1"",""32679619"",""0""]",Proportional,105,55,3.105043633510335,7.506719316505523,0.19295913277522841,0.13844209723410816,0.01904761904761905,0.19348094306687802,0.22857142857142856
recurrent,17,validation,102,"[""Proportional Baseline Exp 1"",""58710652"",""0""]",Proportional,48,112,2.2585869667420067,5.235934038959101,0.24113475661358977,0.2010577021467074,0.08333333333333333,0.273164302977921,0.3333333333333333
recurrent,17,validation,103,"[""Proportional Baseline Exp 1"",""61948140"",""0""]",Proportional,17,143,2.0672481762708617,3.7508698959725204,0.22397986349467638,0.346560739877445,0.23529411764705882,0.15303295620905408,0.058823529411764705
recurrent,17,validation,108,"[""Proportional Baseline Exp 1"",""69390994"",""0""]",Proportional,22,138,2.0754163033650177,2.963076915252131,0.20072690755318076,0.20284260778039806,0.18181818181818182,0.19684759764602502,0.09090909090909091
recurrent,17,validation,109,"[""Proportional Baseline Exp 1"",""70560629"",""0""]",Proportional,30,130,2.614198581087113,3.8424891662765015,0.1858283874589154,0.10725078905420934,0.13333333333333333,0.16318717312087042,0.1
recurrent,17,validation,110,"[""Proportional Baseline Exp 1"",""72433781"",""0""]",Proportional,53,107,3.867547109917842,14.390996789939342,0.19305409041651947,0.03675260128384609,0.05660377358490566,0.08894749377627495,0.16981132075471697
recurrent,17,validation,116,"[""Proportional Baseline Exp 1"",""83701533"",""0""]",Proportional,88,72,3.770578085720159,7.763199030805294,0.10804920102328804,0.02773937434882197,0.022727272727272728,0.10055803108892182,0.09090909090909091
recurrent,17,validation,120,"[""RL Agent (M1) Exp 1"",""18376511"",""0""]",M1,139,21,3.2067685808270303,4.039665268685439,0.15624289879158426,0.13748818591945217,0.03597122302158273,0.1451463715471948,0.10071942446043165
recurrent,17,validation,131,"[""RL Agent (M1) Exp 1"",""48812052"",""0""]",M1,28,132,2.5907325794374403,5.334718449304752,0.3283922867835433,0.16281994574061778,0.32142857142857145,0.22554338880880617,0.10714285714285714
recurrent,17,validation,135,"[""RL Agent (M1) Exp 1"",""50251280"",""0""]",M1,153,7,3.0011948187919084,7.002835379207778,0.2288307638601696,0.08563438128624858,0.17647058823529413,0.13717244873781248,0.1503267973856209
recurrent,17,validation,136,"[""RL Agent (M1) Exp 1"",""53180780"",""0""]",M1,71,89,2.86179256444128,4.00018294062636,0.18716441029097045,0.0807910598844903,0.14084507042253522,0.20691040859018428,0.09859154929577464
recurrent,17,validation,141,"[""RL Agent (M1) Exp 1"",""63845553"",""0""]",M1,149,11,3.107920145874872,7.8250167811551545,0.2180213040443126,0.08155485919097771,0.06040268456375839,0.15310142510401006,0.2550335570469799
recurrent,17,validation,144,"[""RL Agent (M1) Exp 1"",""66350717"",""0""]",M1,68,92,3.517561909037998,7.683277342350732,0.1718127305099187,0.046650071338996596,0.04411764705882353,0.1280911680275485,0.058823529411764705
recurrent,17,validation,149,"[""RL Agent (M1) Exp 1"",""81387887"",""0""]",M1,107,53,2.7398887861702357,5.94831059301465,0.21132683278620112,0.14716537826238746,0.2336448598130841,0.1805353186458075,0.12149532710280374
recurrent,17,validation,158,"[""RL Agent (M1) Exp 1"",""95891360"",""0""]",M1,159,1,3.2204791540292326,5.357489316135455,0.13715295534336813,0.03279576634590734,0.006289308176100629,0.16615644031176646,0.10062893081761007
recurrent,29,validation,7,"[""Equal Baseline Exp 1"",""24769323"",""0""]",Equal,44,116,1.7724319388519463,1.9183251080448798,0.20441140355307053,0.232182495808544,0.06818181818181818,0.3110404896134354,0.3181818181818182
recurrent,29,validation,8,"[""Equal Baseline Exp 1"",""27555027"",""0""]",Equal,20,140,2.4345277920494053,3.101529964801617,0.20487113809052987,0.18569879492072985,0.25,0.10561644369845158,0.0
recurrent,29,validation,9,"[""Equal Baseline Exp 1"",""30383025"",""0""]",Equal,84,76,2.5303366557082136,5.040504965490703,0.25940191318549954,0.06740110477785241,0.03571428571428571,0.2645925199047336,0.34523809523809523
recurrent,29,validation,12,"[""Equal Baseline Exp 1"",""31981132"",""0""]",Equal,44,116,2.6172455181115937,4.46141326849248,0.2588319453885999,0.12639740244140313,0.06818181818181818,0.2459357124228965,0.18181818181818182
recurrent,29,validation,14,"[""Equal Baseline Exp 1"",""35775718"",""0""]",Equal,160,0,2.6677935525080048,4.284630810068893,0.20408516363765422,0.038553430510506984,0.03125,0.2172784848419723,0.3
recurrent,29,validation,15,"[""Equal Baseline Exp 1"",""37049926"",""0""]",Equal,24,136,2.268873649958478,3.313382119916994,0.2466669077547545,0.22929013076478855,0.16666666666666666,0.17068849169518555,0.20833333333333334
recurrent,29,validation,22,"[""Equal Baseline Exp 1"",""43487752"",""0""]",Equal,40,120,1.6495226059028063,1.9787087536096792,0.27804121157706907,0.27140920275206,0.175,0.2943346925420129,0.325
recurrent,29,validation,30,"[""Equal Baseline Exp 1"",""67430636"",""0""]",Equal,44,116,1.7561614115189592,2.174388908477149,0.29225566680657156,0.23687293124524417,0.1590909090909091,0.2958143345575705,0.4090909090909091
recurrent,29,validation,56,"[""Mixed Baseline Exp 1"",""45795675"",""0""]",Mixed,160,0,2.7553091439977817,5.5679902504633345,0.2561420844328551,0.051095857349757745,0.04375,0.23247032329262743,0.2625
recurrent,29,validation,59,"[""Mixed Baseline Exp 1"",""49685025"",""0""]",Mixed,39,121,1.8139746233857983,1.8985235087102275,0.22112910536090843,0.22894879616687122,0.1794871794871795,0.26109397100469905,0.2564102564102564
recurrent,29,validation,63,"[""Mixed Baseline Exp 1"",""58475822"",""0""]",Mixed,54,106,2.320464793153541,3.691860327634146,0.267704363661232,0.12845625796573248,0.14814814814814814,0.25722706454072525,0.12962962962962962
recurrent,29,validation,67,"[""Mixed Baseline Exp 1"",""70166162"",""0""]",Mixed,160,0,3.178607060305195,10.71469680191009,0.22616428879661338,0.029467046928107164,0.03125,0.14074865024655087,0.3375
recurrent,29,validation,71,"[""Mixed Baseline Exp 1"",""80421478"",""0""]",Mixed,60,100,2.289128247948932,4.270699614167237,0.2762287878771356,0.12149748691678029,0.13333333333333333,0.296374223387982,0.3333333333333333
recurrent,29,validation,72,"[""Mixed Baseline Exp 1"",""83986039"",""0""]",Mixed,97,63,2.7733956838446185,4.522352982148529,0.22796420672657894,0.06817317668880396,0.08247422680412371,0.2736190814135621,0.09278350515463918
recurrent,29,validation,75,"[""Mixed Baseline Exp 1"",""92017990"",""0""]",Mixed,160,0,3.026032189635766,5.215460662325886,0.1607261693081409,0.040500390826864595,0.0125,0.18151861182636767,0.13125
recurrent,29,validation,76,"[""Mixed Baseline Exp 1"",""94451609"",""0""]",Mixed,129,31,2.7990569002612453,3.7365552064678123,0.17248819451415057,0.055772744945361954,0.031007751937984496,0.2648302665638621,0.10077519379844961
recurrent,29,validation,86,"[""Proportional Baseline Exp 1"",""22198508"",""0""]",Proportional,17,143,2.121483936092598,3.286317113096227,0.2018372294425792,0.281847020150212,0.23529411764705882,0.17034173564436125,0.058823529411764705
recurrent,29,validation,88,"[""Proportional Baseline Exp 1"",""32679619"",""0""]",Proportional,105,55,3.1021655302070674,7.275792304195542,0.19214954393086062,0.1391147165945191,0.01904761904761905,0.18381112382596865,0.22857142857142856
recurrent,29,validation,102,"[""Proportional Baseline Exp 1"",""58710652"",""0""]",Proportional,48,112,2.2373318522967023,5.261591632475576,0.23419629415785825,0.18653324167332078,0.08333333333333333,0.2885715170791036,0.3333333333333333
recurrent,29,validation,103,"[""Proportional Baseline Exp 1"",""61948140"",""0""]",Proportional,17,143,2.0654150133764637,3.833688601202805,0.2276261708126114,0.3379271392020768,0.23529411764705882,0.1545224232108749,0.058823529411764705
recurrent,29,validation,108,"[""Proportional Baseline Exp 1"",""69390994"",""0""]",Proportional,22,138,2.0813976776752354,2.992683123145521,0.2017042157355973,0.19928903667393943,0.18181818181818182,0.20324260558364707,0.09090909090909091
recurrent,29,validation,109,"[""Proportional Baseline Exp 1"",""70560629"",""0""]",Proportional,30,130,2.6017248068096164,3.8317711188484447,0.18540230555643103,0.10473370916044053,0.13333333333333333,0.16971671355811782,0.1
recurrent,29,validation,110,"[""Proportional Baseline Exp 1"",""72433781"",""0""]",Proportional,53,107,3.88380630703041,15.034624347867254,0.1983748590744932,0.035865475581351516,0.05660377358490566,0.09753442391659496,0.16981132075471697
recurrent,29,validation,116,"[""Proportional Baseline Exp 1"",""83701533"",""0""]",Proportional,88,72,3.7606937387373005,7.858019465729461,0.10946529538038022,0.03308453760729682,0.022727272727272728,0.08988266057731499,0.09090909090909091
recurrent,29,validation,120,"[""RL Agent (M1) Exp 1"",""18376511"",""0""]",M1,139,21,3.2246171170871465,4.076318251870566,0.15649778833043484,0.15416774441067768,0.03597122302158273,0.14269478739109914,0.10071942446043165
recurrent,29,validation,131,"[""RL Agent (M1) Exp 1"",""48812052"",""0""]",M1,28,132,2.5621923256917536,5.29337394048775,0.3307149614701799,0.15877853419489893,0.32142857142857145,0.23252071507200697,0.10714285714285714
recurrent,29,validation,135,"[""RL Agent (M1) Exp 1"",""50251280"",""0""]",M1,153,7,2.9924962458517883,7.290278071789948,0.2331014906570771,0.10007805588045147,0.17647058823529413,0.12949470445412525,0.1503267973856209
recurrent,29,validation,136,"[""RL Agent (M1) Exp 1"",""53180780"",""0""]",M1,71,89,2.8800993206247245,3.6708204931517328,0.18345463699441467,0.0751627573809112,0.14084507042253522,0.2197691641066533,0.09859154929577464
recurrent,29,validation,141,"[""RL Agent (M1) Exp 1"",""63845553"",""0""]",M1,149,11,3.1583509002643866,7.870147414939289,0.2176252064837457,0.08450641034824753,0.06040268456375839,0.15052873403109265,0.2550335570469799
recurrent,29,validation,144,"[""RL Agent (M1) Exp 1"",""66350717"",""0""]",M1,68,92,3.5558051727402287,8.495477032016916,0.17926555677839895,0.04782933671880383,0.04411764705882353,0.12662475344255938,0.058823529411764705
recurrent,29,validation,149,"[""RL Agent (M1) Exp 1"",""81387887"",""0""]",M1,107,53,2.7217855599081875,5.792282113074267,0.20488828204149112,0.15242986315818405,0.2336448598130841,0.1812225561905479,0.12149532710280374
recurrent,29,validation,158,"[""RL Agent (M1) Exp 1"",""95891360"",""0""]",M1,159,1,3.210028532098452,5.2788701779924665,0.13581766397215797,0.03264523451978562,0.006289308176100629,0.15413389168372438,0.10062893081761007
recurrent,43,validation,7,"[""Equal Baseline Exp 1"",""24769323"",""0""]",Equal,44,116,1.7727114803886515,1.9184335383317188,0.20301057388365013,0.2360268157206426,0.06818181818181818,0.31022534473943153,0.3181818181818182
recurrent,43,validation,8,"[""Equal Baseline Exp 1"",""27555027"",""0""]",Equal,20,140,2.431467890222712,3.0779645979433425,0.203940827947459,0.19350880755991956,0.25,0.10175192794895123,0.0
recurrent,43,validation,9,"[""Equal Baseline Exp 1"",""30383025"",""0""]",Equal,84,76,2.5020218073367073,5.026510613534634,0.2583332692185446,0.0701786109385007,0.03571428571428571,0.26265822220219526,0.34523809523809523
recurrent,43,validation,12,"[""Equal Baseline Exp 1"",""31981132"",""0""]",Equal,44,116,2.58415602837345,4.424818910158084,0.25527349580469666,0.12652798650358252,0.06818181818181818,0.2540548969777794,0.18181818181818182
recurrent,43,validation,14,"[""Equal Baseline Exp 1"",""35775718"",""0""]",Equal,160,0,2.6563490589202274,4.3105794672818165,0.20712731562743833,0.046302981721004347,0.03125,0.21269315321097554,0.3
recurrent,43,validation,15,"[""Equal Baseline Exp 1"",""37049926"",""0""]",Equal,24,136,2.257524960919553,3.2926589257333503,0.24593817708017843,0.23664860907118257,0.16666666666666666,0.16604370007272173,0.20833333333333334
recurrent,43,validation,22,"[""Equal Baseline Exp 1"",""43487752"",""0""]",Equal,40,120,1.6517551975135838,1.9664254397385779,0.27932484734569296,0.275427297090422,0.175,0.2917209694349007,0.325
recurrent,43,validation,30,"[""Equal Baseline Exp 1"",""67430636"",""0""]",Equal,44,116,1.7587454537763982,2.1907340001019224,0.295073509127111,0.24076444046893844,0.1590909090909091,0.29455973011435926,0.4090909090909091
recurrent,43,validation,56,"[""Mixed Baseline Exp 1"",""45795675"",""0""]",Mixed,160,0,2.7117231303772984,5.538179907930024,0.25136931995519224,0.060342893068733396,0.04375,0.22589504421549006,0.2625
recurrent,43,validation,59,"[""Mixed Baseline Exp 1"",""49685025"",""0""]",Mixed,39,121,1.811636167123063,1.9028610463330138,0.22178077212749286,0.233225054319879,0.1794871794871795,0.2594841329219911,0.2564102564102564
recurrent,43,validation,63,"[""Mixed Baseline Exp 1"",""58475822"",""0""]",Mixed,54,106,2.332951003342735,3.7300121596150735,0.26925132274118485,0.12760153700551186,0.14814814814814814,0.2640858967969079,0.12962962962962962
recurrent,43,validation,67,"[""Mixed Baseline Exp 1"",""70166162"",""0""]",Mixed,160,0,3.138000163980585,10.489488889094684,0.2223693438925812,0.0351443711086996,0.03125,0.15364684597231082,0.3375
recurrent,43,validation,71,"[""Mixed Baseline Exp 1"",""80421478"",""0""]",Mixed,60,100,2.309291154921473,4.264268831126729,0.27654747230570914,0.12105627899861984,0.13333333333333333,0.30265152250106553,0.3333333333333333
recurrent,43,validation,72,"[""Mixed Baseline Exp 1"",""83986039"",""0""]",Mixed,97,63,2.7474424844161223,4.414841754105517,0.22068066713322365,0.07263287621913264,0.08247422680412371,0.26839021049471895,0.09278350515463918
recurrent,43,validation,75,"[""Mixed Baseline Exp 1"",""92017990"",""0""]",Mixed,160,0,3.0535195269054425,5.338863062202021,0.16434561107571782,0.04642399731484235,0.0125,0.17723247096478817,0.13125
recurrent,43,validation,76,"[""Mixed Baseline Exp 1"",""94451609"",""0""]",Mixed,129,31,2.790931838264526,3.7201649322803316,0.17056478796868735,0.06270644916655312,0.031007751937984496,0.25552322746876505,0.10077519379844961
recurrent,43,validation,86,"[""Proportional Baseline Exp 1"",""22198508"",""0""]",Proportional,17,143,2.0994834150771133,3.1555211490720008,0.19506214827664395,0.29145145059235933,0.23529411764705882,0.16484368452055764,0.058823529411764705
recurrent,43,validation,88,"[""Proportional Baseline Exp 1"",""32679619"",""0""]",Proportional,105,55,3.1622272550124038,7.478761358029867,0.20190461466084297,0.14802264501132636,0.01904761904761905,0.18684952570383173,0.22857142857142856
recurrent,43,validation,102,"[""Proportional Baseline Exp 1"",""58710652"",""0""]",Proportional,48,112,2.2408608017587666,5.2253112496951255,0.23061533564409412,0.18282911260867993,0.08333333333333333,0.2972749544156299,0.3333333333333333
recurrent,43,validation,103,"[""Proportional Baseline Exp 1"",""61948140"",""0""]",Proportional,17,143,2.053668643244084,3.7076924352107485,0.2209148065533495,0.3497727022329326,0.23529411764705882,0.14753000561028737,0.058823529411764705
recurrent,43,validation,108,"[""Proportional Baseline Exp 1"",""69390994"",""0""]",Proportional,22,138,2.078798602628574,2.969144970539082,0.20281837332233615,0.20566968804762648,0.18181818181818182,0.20175478029208607,0.09090909090909091
recurrent,43,validation,109,"[""Proportional Baseline Exp 1"",""70560629"",""0""]",Proportional,30,130,2.622474808852074,3.8458087942094106,0.1847582825232928,0.10783876630199604,0.13333333333333333,0.1823471713971651,0.1
recurrent,43,validation,110,"[""Proportional Baseline Exp 1"",""72433781"",""0""]",Proportional,53,107,3.8505915292444777,14.311284763978957,0.19183785265252395,0.03483832957584571,0.05660377358490566,0.10445774881891141,0.16981132075471697
recurrent,43,validation,116,"[""Proportional Baseline Exp 1"",""83701533"",""0""]",Proportional,88,72,3.8067666866400818,7.895170464686649,0.10982239090101417,0.030215683289894366,0.022727272727272728,0.10337968840341553,0.09090909090909091
recurrent,43,validation,120,"[""RL Agent (M1) Exp 1"",""18376511"",""0""]",M1,139,21,3.220171733778507,4.076124532638138,0.15955714097891469,0.14370404562408784,0.03597122302158273,0.13570932226329704,0.10071942446043165
recurrent,43,validation,131,"[""RL Agent (M1) Exp 1"",""48812052"",""0""]",M1,28,132,2.6233372954609115,5.390032869072059,0.3304063176191795,0.16414687757752366,0.32142857142857145,0.2338923929000573,0.10714285714285714
recurrent,43,validation,135,"[""RL Agent (M1) Exp 1"",""50251280"",""0""]",M1,153,7,2.9975639394597566,7.026940581837316,0.22899119977883148,0.08708486427878229,0.17647058823529413,0.1286057789723866,0.1503267973856209
recurrent,43,validation,136,"[""RL Agent (M1) Exp 1"",""53180780"",""0""]",M1,71,89,2.880551416945232,3.7221712826621127,0.18602383814752016,0.08211975609530894,0.14084507042253522,0.23240815847210508,0.09859154929577464
recurrent,43,validation,141,"[""RL Agent (M1) Exp 1"",""63845553"",""0""]",M1,149,11,3.063585646253305,7.603124169721468,0.2093759833891099,0.07668502265175149,0.06040268456375839,0.14888306535083576,0.2550335570469799
recurrent,43,validation,144,"[""RL Agent (M1) Exp 1"",""66350717"",""0""]",M1,68,92,3.5244484757241334,7.700099634648126,0.16972963768997368,0.047978487353437876,0.04411764705882353,0.13533080775956238,0.058823529411764705
recurrent,43,validation,149,"[""RL Agent (M1) Exp 1"",""81387887"",""0""]",M1,107,53,2.7810497214660397,6.015872547525382,0.21791805716883142,0.1493244790567066,0.2336448598130841,0.17983876222254247,0.12149532710280374
recurrent,43,validation,158,"[""RL Agent (M1) Exp 1"",""95891360"",""0""]",M1,159,1,3.2395455796363026,5.485349961407922,0.1443498548044265,0.042222996130386097,0.006289308176100629,0.1562854363861974,0.10062893081761007
uniform,reference,validation,7,"[""Equal Baseline Exp 1"",""24769323"",""0""]",Equal,44,116,1.849889785187675,2.1363636363636362,0.2260855435797599,0.25839734071131526,0.06818181818181818,0.25839734071131526,0.3181818181818182
uniform,reference,validation,8,"[""Equal Baseline Exp 1"",""27555027"",""0""]",Equal,20,140,2.5581040818333554,3.45,0.22428754788068375,0.11974693422519508,0.25,0.11974693422519508,0.0
uniform,reference,validation,9,"[""Equal Baseline Exp 1"",""30383025"",""0""]",Equal,84,76,2.7238964899130567,5.285714285714286,0.26819410929589776,0.10728228644508316,0.03571428571428571,0.10728228644508316,0.34523809523809523
uniform,reference,validation,12,"[""Equal Baseline Exp 1"",""31981132"",""0""]",Equal,44,116,2.533066040583771,4.363636363636363,0.24272250691213595,0.15940366850055845,0.06818181818181818,0.15940366850055845,0.18181818181818182
uniform,reference,validation,14,"[""Equal Baseline Exp 1"",""35775718"",""0""]",Equal,160,0,3.104190150125073,6.15,0.29299231199313736,0.04886346817716111,0.03125,0.04886346817716111,0.3
uniform,reference,validation,15,"[""Equal Baseline Exp 1"",""37049926"",""0""]",Equal,24,136,2.311192298519352,3.625,0.2576230233409349,0.17911680911680908,0.16666666666666666,0.17911680911680908,0.20833333333333334
uniform,reference,validation,22,"[""Equal Baseline Exp 1"",""43487752"",""0""]",Equal,40,120,1.768511028750519,2.275,0.31407961036261345,0.26834615384615385,0.175,0.26834615384615385,0.325
uniform,reference,validation,30,"[""Equal Baseline Exp 1"",""67430636"",""0""]",Equal,44,116,1.8285252017245746,2.227272727272727,0.3045643170540168,0.25100586282404463,0.1590909090909091,0.25100586282404463,0.4090909090909091
uniform,reference,validation,56,"[""Mixed Baseline Exp 1"",""45795675"",""0""]",Mixed,160,0,2.995572532279054,7.825,0.3439821518025108,0.062138545631101015,0.04375,0.062138545631101015,0.2625
uniform,reference,validation,59,"[""Mixed Baseline Exp 1"",""49685025"",""0""]",Mixed,39,121,1.9330913164531165,2.0,0.24070596157518664,0.22787096321901074,0.1794871794871795,0.22787096321901074,0.2564102564102564
uniform,reference,validation,63,"[""Mixed Baseline Exp 1"",""58475822"",""0""]",Mixed,54,106,2.28603006798016,3.611111111111111,0.2510216743617294,0.16119658565555264,0.14814814814814814,0.16119658565555264,0.12962962962962962
uniform,reference,validation,67,"[""Mixed Baseline Exp 1"",""70166162"",""0""]",Mixed,160,0,3.7969133822671695,16.09375,0.3276169280610677,0.023805464603176046,0.03125,0.023805464603176046,0.3375
uniform,reference,validation,71,"[""Mixed Baseline Exp 1"",""80421478"",""0""]",Mixed,60,100,2.366801934818665,4.408333333333333,0.3035914437077672,0.17411759937807864,0.13333333333333333,0.17411759937807864,0.3333333333333333
uniform,reference,validation,72,"[""Mixed Baseline Exp 1"",""83986039"",""0""]",Mixed,97,63,2.8056486892687538,5.314432989690721,0.2210822950352904,0.11352416542376771,0.08247422680412371,0.11352416542376771,0.09278350515463918
uniform,reference,validation,75,"[""Mixed Baseline Exp 1"",""92017990"",""0""]",Mixed,160,0,3.4362209045004404,9.3,0.27426007192343443,0.03413873237097905,0.0125,0.03413873237097905,0.13125
uniform,reference,validation,76,"[""Mixed Baseline Exp 1"",""94451609"",""0""]",Mixed,129,31,2.921210880318779,5.666666666666667,0.23221674429623104,0.09380022726927138,0.031007751937984496,0.09380022726927138,0.10077519379844961
uniform,reference,validation,86,"[""Proportional Baseline Exp 1"",""22198508"",""0""]",Proportional,17,143,2.255745669389482,4.4411764705882355,0.2745100934784204,0.20036173089925627,0.23529411764705882,0.20036173089925627,0.058823529411764705
uniform,reference,validation,88,"[""Proportional Baseline Exp 1"",""32679619"",""0""]",Proportional,105,55,3.4109685032804933,18.38095238095238,0.306059654639489,0.11505794750623159,0.01904761904761905,0.11505794750623159,0.22857142857142856
uniform,reference,validation,102,"[""Proportional Baseline Exp 1"",""58710652"",""0""]",Proportional,48,112,2.3701926361781136,6.052083333333333,0.2676129138384618,0.21141545475340598,0.08333333333333333,0.21141545475340598,0.3333333333333333
uniform,reference,validation,103,"[""Proportional Baseline Exp 1"",""61948140"",""0""]",Proportional,17,143,2.128564530866231,4.882352941176471,0.2897418153092214,0.2169385026737968,0.23529411764705882,0.2169385026737968,0.058823529411764705
uniform,reference,validation,108,"[""Proportional Baseline Exp 1"",""69390994"",""0""]",Proportional,22,138,2.1980489099913307,3.590909090909091,0.21429550387028345,0.17431883976238816,0.18181818181818182,0.17431883976238816,0.09090909090909091
uniform,reference,validation,109,"[""Proportional Baseline Exp 1"",""70560629"",""0""]",Proportional,30,130,2.8353785773936675,4.116666666666666,0.21955569145607343,0.08631725674628489,0.13333333333333333,0.08631725674628489,0.1
uniform,reference,validation,110,"[""Proportional Baseline Exp 1"",""72433781"",""0""]",Proportional,53,107,4.459829508727209,27.566037735849058,0.2976641365265636,0.013002974151710697,0.05660377358490566,0.013002974151710697,0.16981132075471697
uniform,reference,validation,116,"[""Proportional Baseline Exp 1"",""83701533"",""0""]",Proportional,88,72,4.416200287040646,25.835227272727273,0.2903354975588694,0.014200160174840402,0.022727272727272728,0.014200160174840402,0.09090909090909091
uniform,reference,validation,120,"[""RL Agent (M1) Exp 1"",""18376511"",""0""]",M1,139,21,3.4270049372288085,11.748201438848922,0.23919771119137231,0.06715789733787964,0.03597122302158273,0.06715789733787964,0.10071942446043165
uniform,reference,validation,131,"[""RL Agent (M1) Exp 1"",""48812052"",""0""]",M1,28,132,2.466620864908182,5.053571428571429,0.308141043334981,0.16680607394951227,0.32142857142857145,0.16680607394951227,0.10714285714285714
uniform,reference,validation,135,"[""RL Agent (M1) Exp 1"",""50251280"",""0""]",M1,153,7,3.66088966545707,17.34313725490196,0.3732630390469722,0.03849834997128847,0.17647058823529413,0.03849834997128847,0.1503267973856209
uniform,reference,validation,136,"[""RL Agent (M1) Exp 1"",""53180780"",""0""]",M1,71,89,3.122453194111339,11.56338028169014,0.3018162910459671,0.08182906731407502,0.14084507042253522,0.08182906731407502,0.09859154929577464
uniform,reference,validation,141,"[""RL Agent (M1) Exp 1"",""63845553"",""0""]",M1,149,11,3.585253567288115,12.788590604026846,0.2880496935222292,0.04851912773047292,0.06040268456375839,0.04851912773047292,0.2550335570469799
uniform,reference,validation,144,"[""RL Agent (M1) Exp 1"",""66350717"",""0""]",M1,68,92,3.825699414984561,14.705882352941176,0.22798209116058218,0.04082399267500275,0.04411764705882353,0.04082399267500275,0.058823529411764705
uniform,reference,validation,149,"[""RL Agent (M1) Exp 1"",""81387887"",""0""]",M1,107,53,3.19070800642077,13.392523364485982,0.31620215141481633,0.08985783613095795,0.2336448598130841,0.08985783613095795,0.12149532710280374
uniform,reference,validation,158,"[""RL Agent (M1) Exp 1"",""95891360"",""0""]",M1,159,1,3.619627307317201,10.49685534591195,0.24476841200819047,0.03273314974634781,0.006289308176100629,0.03273314974634781,0.10062893081761007
constant,17,test,11,"[""Equal Baseline Exp 1"",""30843571"",""0""]",Equal,20,140,2.748928558130822,6.634129111142603,0.3025563733515062,0.18892232069505344,0.2,0.2700211792458397,0.15
constant,17,test,13,"[""Equal Baseline Exp 1"",""35368456"",""0""]",Equal,40,120,1.5312475783502653,4.2978029118343235,0.3896479539686644,0.26155104969442233,0.35,0.37875916342267757,0.45
constant,17,test,20,"[""Equal Baseline Exp 1"",""40800498"",""0""]",Equal,28,132,2.284748706842135,3.6392884077125593,0.30097625561714514,0.20136886631372142,0.2857142857142857,0.29820475593346313,0.17857142857142858
constant,17,test,25,"[""Equal Baseline Exp 1"",""46096247"",""0""]",Equal,48,112,1.9463064785678916,2.222302940946474,0.280139114961308,0.256602234395406,0.125,0.3703314200673044,0.2916666666666667
constant,17,test,31,"[""Equal Baseline Exp 1"",""75670883"",""0""]",Equal,20,140,2.6804186096582,4.152487675572983,0.27026230632152537,0.20550147002965832,0.2,0.29802410089217773,0.05
constant,17,test,35,"[""Equal Baseline Exp 1"",""92291462"",""0""]",Equal,28,132,2.2581165581735556,3.128310423332908,0.25983152407639426,0.21366192843322418,0.21428571428571427,0.3165518296728152,0.14285714285714285
constant,17,test,36,"[""Equal Baseline Exp 1"",""92992435"",""0""]",Equal,52,108,2.6680256353723952,2.4526716280010517,0.15503396699709304,0.17666403299819103,0.057692307692307696,0.2634109055086086,0.07692307692307693
constant,17,test,38,"[""Equal Baseline Exp 1"",""94815040"",""0""]",Equal,16,144,2.8694915339034757,6.036917813151119,0.32017361229160035,0.13959930445855587,0.25,0.21366375408277768,0.0625
constant,17,test,44,"[""Mixed Baseline Exp 1"",""18823620"",""0""]",Mixed,160,0,2.7408975179890187,5.340898584150748,0.2401217001546533,0.1268641745830911,0.0375,0.18988300339587405,0.24375
constant,17,test,47,"[""Mixed Baseline Exp 1"",""26185795"",""0""]",Mixed,160,0,2.658486547968959,2.961441693978659,0.18785370194473355,0.1339471257542065,0.00625,0.20748986169037367,0.15
constant,17,test,52,"[""Mixed Baseline Exp 1"",""37465807"",""0""]",Mixed,160,0,3.3383340478599806,4.033966561173823,0.1549744721894731,0.11964421268055836,0.025,0.17139671573018433,0.025
constant,17,test,57,"[""Mixed Baseline Exp 1"",""47841996"",""0""]",Mixed,38,122,2.169572075209543,2.0285173963225125,0.2151980481602438,0.24102433283533706,0.10526315789473684,0.34628778524319687,0.23684210526315788
constant,17,test,60,"[""Mixed Baseline Exp 1"",""50116627"",""0""]",Mixed,144,16,3.2611680697641305,12.11922766378099,0.3722454252545951,0.13868505801205547,0.13194444444444445,0.1974011533479267,0.09027777777777778
constant,17,test,64,"[""Mixed Baseline Exp 1"",""64291720"",""0""]",Mixed,160,0,2.424785790584864,2.0512490573006046,0.19128921849473293,0.14554257010815289,0.01875,0.231839511549823,0.1125
constant,17,test,73,"[""Mixed Baseline Exp 1"",""85460730"",""0""]",Mixed,138,22,2.7892811830882476,6.324905074970005,0.26306241250522494,0.15441826125496524,0.10869565217391304,0.22666791260503336,0.18840579710144928
constant,17,test,78,"[""Mixed Baseline Exp 1"",""95675568"",""0""]",Mixed,47,113,2.1998363407925274,3.024461236074638,0.304152302855121,0.20034322273078506,0.2765957446808511,0.2993913197453508,0.23404255319148937
constant,17,test,80,"[""Proportional Baseline Exp 1"",""11095201"",""0""]",Proportional,57,103,3.506825472705703,12.582151275512679,0.23119042412840182,0.14604496276551415,0.05263157894736842,0.20585028394395236,0.05263157894736842
constant,17,test,82,"[""Proportional Baseline Exp 1"",""14606420"",""0""]",Proportional,26,134,2.7961394914044595,3.8111415995756195,0.21673105141913143,0.18662864863972128,0.15384615384615385,0.2703549474959449,0.07692307692307693
constant,17,test,89,"[""Proportional Baseline Exp 1"",""36303454"",""0""]",Proportional,104,56,3.7637254194648126,17.095873206167752,0.24284909855370038,0.1514466654953959,0.028846153846153848,0.20011849494094636,0.1346153846153846
constant,17,test,97,"[""Proportional Baseline Exp 1"",""45673270"",""0""]",Proportional,89,71,2.9242370854544872,22.841279310566097,0.2824714811648966,0.1189977287066818,0.033707865168539325,0.159696658539139,0.449438202247191
constant,17,test,104,"[""Proportional Baseline Exp 1"",""63752993"",""0""]",Proportional,88,72,3.438578109167821,22.825130235726007,0.2759504820217296,0.14148840732276627,0.022727272727272728,0.18778913371397044,0.26136363636363635
constant,17,test,107,"[""Proportional Baseline Exp 1"",""69384851"",""0""]",Proportional,83,77,3.6728541569983055,22.765602724668753,0.22413151961481947,0.13915810005442214,0.03614457831325301,0.1940557349617051,0.04819277108433735
constant,17,test,111,"[""Proportional Baseline Exp 1"",""76356479"",""0""]",Proportional,88,72,2.4675056786187026,6.75238978345163,0.263631295188053,0.22381323975654796,0.03409090909090909,0.31184699960186457,0.4090909090909091
constant,17,test,117,"[""Proportional Baseline Exp 1"",""85019022"",""0""]",Proportional,52,108,4.537925283881005,27.600920876537664,0.2358108958723444,0.12061471262437899,0.057692307692307696,0.15585467472422415,0.057692307692307696
constant,17,test,122,"[""RL Agent (M1) Exp 1"",""20532812"",""0""]",M1,136,24,3.3728392974789556,9.653485789859905,0.22259645323049734,0.1466894282741642,0.13970588235294118,0.2077975805907786,0.0661764705882353
constant,17,test,124,"[""RL Agent (M1) Exp 1"",""22263006"",""0""]",M1,22,138,3.002338187271394,3.400645396919461,0.2041784270661309,0.16846203486632658,0.18181818181818182,0.24027139626034516,0.045454545454545456
constant,17,test,129,"[""RL Agent (M1) Exp 1"",""39583963"",""0""]",M1,92,68,3.1356295097280653,9.233155293151208,0.24911002313411149,0.15497801620841967,0.15217391304347827,0.22127638676602632,0.18478260869565216
constant,17,test,130,"[""RL Agent (M1) Exp 1"",""47817874"",""0""]",M1,46,114,3.828715478788476,8.661425619855978,0.1893184661130718,0.13298087473570425,0.043478260869565216,0.1813774959684447,0.043478260869565216
constant,17,test,132,"[""RL Agent (M1) Exp 1"",""49408957"",""0""]",M1,27,133,2.6936683524513856,5.955568874535845,0.24095391590183404,0.16495952276960515,0.1111111111111111,0.24600678308172388,0.18518518518518517
constant,17,test,138,"[""RL Agent (M1) Exp 1"",""57404481"",""0""]",M1,95,65,3.0599998018949033,13.564759399799067,0.2819006655391677,0.12241280794706567,0.11578947368421053,0.16556900217713233,0.3473684210526316
constant,17,test,140,"[""RL Agent (M1) Exp 1"",""63504480"",""0""]",M1,150,10,3.435816199581609,12.587809445127062,0.2887050772824498,0.1275010613789461,0.12666666666666668,0.17902045529725086,0.09333333333333334
constant,17,test,159,"[""RL Agent (M1) Exp 1"",""96535892"",""0""]",M1,25,135,3.3095085113009164,7.219397947128937,0.23729946947369057,0.13919720453658094,0.04,0.20144519872396038,0.04
constant,29,test,11,"[""Equal Baseline Exp 1"",""30843571"",""0""]",Equal,20,140,2.7501630677928133,6.596159973664761,0.3003029169408539,0.19689626260911725,0.2,0.2651256553180686,0.15
constant,29,test,13,"[""Equal Baseline Exp 1"",""35368456"",""0""]",Equal,40,120,1.5252242442488322,4.276407604207921,0.3898003453516038,0.2688886838991006,0.35,0.3736452526616937,0.45
constant,29,test,20,"[""Equal Baseline Exp 1"",""40800498"",""0""]",Equal,28,132,2.283141015071744,3.575145533742057,0.29820900264060757,0.20922371421084057,0.2857142857142857,0.2933959668778308,0.17857142857142858
constant,29,test,25,"[""Equal Baseline Exp 1"",""46096247"",""0""]",Equal,48,112,1.9517698583947076,2.1868952135365833,0.27945642608941607,0.26399319258167875,0.125,0.3652364955287088,0.2916666666666667
constant,29,test,31,"[""Equal Baseline Exp 1"",""75670883"",""0""]",Equal,20,140,2.684362155342754,4.046415164523778,0.26587008289904424,0.21332294081127395,0.2,0.29310894114923863,0.05
constant,29,test,35,"[""Equal Baseline Exp 1"",""92291462"",""0""]",Equal,28,132,2.25810877418979,3.0650285275365077,0.2573857956766744,0.22139652866574636,0.21428571428571427,0.31166767592266165,0.14285714285714285
constant,29,test,36,"[""Equal Baseline Exp 1"",""92992435"",""0""]",Equal,52,108,2.6745382548876364,2.453695240828444,0.15487814141046558,0.18472413322450915,0.057692307692307696,0.2586832343011035,0.07692307692307693
constant,29,test,38,"[""Equal Baseline Exp 1"",""94815040"",""0""]",Equal,16,144,2.8640390404259635,5.91638086877702,0.3151275609030384,0.14798362523406644,0.25,0.20912878523210954,0.0625
constant,29,test,44,"[""Mixed Baseline Exp 1"",""18823620"",""0""]",Mixed,160,0,2.747386967569566,5.418729578779109,0.2439213804149793,0.13536689369555643,0.0375,0.1853539761584923,0.24375
constant,29,test,47,"[""Mixed Baseline Exp 1"",""26185795"",""0""]",Mixed,160,0,2.66627781924163,2.991585259989018,0.18969536632457945,0.14239591005873536,0.00625,0.20306140413581622,0.15
constant,29,test,52,"[""Mixed Baseline Exp 1"",""37465807"",""0""]",Mixed,160,0,3.342851982931981,4.171001999809124,0.15971167097072814,0.128199808174663,0.025,0.16675075463872496,0.025
constant,29,test,57,"[""Mixed Baseline Exp 1"",""47841996"",""0""]",Mixed,38,122,2.175819361716826,1.9635568485585235,0.21285166783284415,0.2485558331003549,0.10526315789473684,0.34124150936452585,0.23684210526315788
constant,29,test,60,"[""Mixed Baseline Exp 1"",""50116627"",""0""]",Mixed,144,16,3.2589993664659334,12.231603252546424,0.37339624989217274,0.14706586241171826,0.13194444444444445,0.19261622689096827,0.09027777777777778
constant,29,test,64,"[""Mixed Baseline Exp 1"",""64291720"",""0""]",Mixed,160,0,2.4302375723903005,2.0740190653848836,0.19423617811390695,0.15389112150486134,0.01875,0.22747058794044855,0.1125
constant,29,test,73,"[""Mixed Baseline Exp 1"",""85460730"",""0""]",Mixed,138,22,2.7936976948458496,6.385078855473131,0.26387484180393295,0.162666235990469,0.10869565217391304,0.22193472034686607,0.18840579710144928
constant,29,test,78,"[""Mixed Baseline Exp 1"",""95675568"",""0""]",Mixed,47,113,2.1982932734241203,3.018444580956986,0.3035526182752987,0.20819797669508422,0.2765957446808511,0.29460879514249233,0.23404255319148937
constant,29,test,80,"[""Proportional Baseline Exp 1"",""11095201"",""0""]",Proportional,57,103,3.510346596648192,12.832617719427905,0.23344981705460358,0.15435436283434228,0.05263157894736842,0.20096258103755443,0.05263157894736842
constant,29,test,82,"[""Proportional Baseline Exp 1"",""14606420"",""0""]",Proportional,26,134,2.7994251815922224,3.7339515948129764,0.21335062017171444,0.19460110511777526,0.15384615384615385,0.2654780837124036,0.07692307692307693
constant,29,test,89,"[""Proportional Baseline Exp 1"",""36303454"",""0""]",Proportional,104,56,3.7666011344053945,17.478230301831353,0.24710299876968056,0.15971243278600597,0.028846153846153848,0.19498423609580728,0.1346153846153846
constant,29,test,97,"[""Proportional Baseline Exp 1"",""45673270"",""0""]",Proportional,89,71,2.940999249282748,23.102555135118973,0.28554071423354843,0.12753728777134496,0.033707865168539325,0.1547738036752641,0.449438202247191
constant,29,test,104,"[""Proportional Baseline Exp 1"",""63752993"",""0""]",Proportional,88,72,3.447961540542772,23.265295543392096,0.280303340190244,0.14983922261465113,0.022727272727272728,0.18272272517394372,0.26136363636363635
constant,29,test,107,"[""Proportional Baseline Exp 1"",""69384851"",""0""]",Proportional,83,77,3.674684796500761,23.135454083196535,0.2260537580325887,0.14752843193221077,0.03614457831325301,0.18915166329562286,0.04819277108433735
constant,29,test,111,"[""Proportional Baseline Exp 1"",""76356479"",""0""]",Proportional,88,72,2.474347521762845,6.870735147018926,0.26717324852184077,0.2314809195760743,0.03409090909090909,0.3066723112185645,0.4090909090909091
constant,29,test,117,"[""Proportional Baseline Exp 1"",""85019022"",""0""]",Proportional,52,108,4.540550814482995,28.26354479205372,0.23862754380903814,0.12912553789941228,0.057692307692307696,0.1507270838246308,0.057692307692307696
constant,29,test,122,"[""RL Agent (M1) Exp 1"",""20532812"",""0""]",M1,136,24,3.3727343979514908,9.85360854481182,0.223504669197412,0.15499469968636498,0.13970588235294118,0.2029202007751537,0.0661764705882353
constant,29,test,124,"[""RL Agent (M1) Exp 1"",""22263006"",""0""]",M1,22,138,3.005818547479395,3.2872310901674693,0.1996444119040404,0.17660475233781178,0.18181818181818182,0.23543199918853722,0.045454545454545456
constant,29,test,129,"[""RL Agent (M1) Exp 1"",""39583963"",""0""]",M1,92,68,3.136769616745195,9.423841131735308,0.2509583849823298,0.16321384217233534,0.15217391304347827,0.2164013060264641,0.18478260869565216
constant,29,test,130,"[""RL Agent (M1) Exp 1"",""47817874"",""0""]",M1,46,114,3.8331050357187517,8.80425683464649,0.19044872273922947,0.1414027129681108,0.043478260869565216,0.17643854851678814,0.043478260869565216
constant,29,test,132,"[""RL Agent (M1) Exp 1"",""49408957"",""0""]",M1,27,133,2.6981690887842444,5.93436330098855,0.23995905863469874,0.17311296953490363,0.1111111111111111,0.24128178017176471,0.18518518518518517
constant,29,test,138,"[""RL Agent (M1) Exp 1"",""57404481"",""0""]",M1,95,65,3.0666672135002164,13.78464416253623,0.2856307629772565,0.1309225411881677,0.11578947368421053,0.16066424399880921,0.3473684210526316
constant,29,test,140,"[""RL Agent (M1) Exp 1"",""63504480"",""0""]",M1,150,10,3.4362455741692246,12.757237451549294,0.2892863558500229,0.13597227376745455,0.12666666666666668,0.1742051178558058,0.09333333333333334
constant,29,test,159,"[""RL Agent (M1) Exp 1"",""96535892"",""0""]",M1,25,135,3.3161787849182383,7.172388538823039,0.23579444802725824,0.1475823946477166,0.04,0.1967268683379539,0.04
constant,43,test,11,"[""Equal Baseline Exp 1"",""30843571"",""0""]",Equal,20,140,2.75230356371864,6.623478818290012,0.30192428180826275,0.1903378578817338,0.2,0.2651940900933585,0.15
constant,43,test,13,"[""Equal Baseline Exp 1"",""35368456"",""0""]",Equal,40,120,1.5338410759597374,4.291801556338022,0.38969069955005836,0.2627554516323169,0.35,0.3751237492695626,0.45
constant,43,test,20,"[""Equal Baseline Exp 1"",""40800498"",""0""]",Equal,28,132,2.2832747650016683,3.6212964163856216,0.3002000448166094,0.2025364098049574,0.2857142857142857,0.29370094291893895,0.17857142857142858
constant,43,test,25,"[""Equal Baseline Exp 1"",""46096247"",""0""]",Equal,48,112,1.9441488043865143,2.212371120230766,0.2799476216355221,0.25783898890207474,0.125,0.3665832259174439,0.2916666666666667
constant,43,test,31,"[""Equal Baseline Exp 1"",""75670883"",""0""]",Equal,20,140,2.6794568114814963,4.122734476492733,0.26903029345974444,0.2067986133355014,0.2,0.2935213734089344,0.05
constant,43,test,35,"[""Equal Baseline Exp 1"",""92291462"",""0""]",Equal,28,132,2.25311630087364,3.110559935245259,0.25914550049447554,0.21479530966064606,0.21428571428571427,0.31229139802225303,0.14285714285714285
constant,43,test,36,"[""Equal Baseline Exp 1"",""92992435"",""0""]",Equal,52,108,2.6594193836952966,2.4528666883097068,0.15497830205622348,0.17785729621145274,0.057692307692307696,0.2585534633940622,0.07692307692307693
constant,43,test,38,"[""Equal Baseline Exp 1"",""94815040"",""0""]",Equal,16,144,2.8681682428945683,6.003107359650833,0.3187582015499483,0.1407679133530596,0.25,0.20826267351393277,0.0625
constant,43,test,44,"[""Mixed Baseline Exp 1"",""18823620"",""0""]",Mixed,160,0,2.7394185199784347,5.362685195124994,0.2411853682955833,0.1281857063452969,0.0375,0.18418105173375413,0.24375
constant,43,test,47,"[""Mixed Baseline Exp 1"",""26185795"",""0""]",Mixed,160,0,2.652739699461528,2.9698520442868555,0.18836430667247836,0.13508490387729244,0.00625,0.20195734906629864,0.15
constant,43,test,52,"[""Mixed Baseline Exp 1"",""37465807"",""0""]",Mixed,160,0,3.3259596569545287,4.07240482049696,0.15630325018319874,0.12116522959770955,0.025,0.16552394506389903,0.025
constant,43,test,57,"[""Mixed Baseline Exp 1"",""47841996"",""0""]",Mixed,38,122,2.1656276024537164,2.010233058969069,0.21453171111236718,0.24232289838593699,0.10526315789473684,0.342262154472421,0.23684210526315788
constant,43,test,60,"[""Mixed Baseline Exp 1"",""50116627"",""0""]",Mixed,144,16,3.265360606949343,12.150748867825525,0.37256823004359857,0.1401980657917685,0.13194444444444445,0.19186403889930068,0.09027777777777778
constant,43,test,64,"[""Mixed Baseline Exp 1"",""64291720"",""0""]",Mixed,160,0,2.416337173769226,2.057546254265033,0.19210553759772886,0.1464804682515623,0.01875,0.2265811336634173,0.1125
constant,43,test,73,"[""Mixed Baseline Exp 1"",""85460730"",""0""]",Mixed,138,22,2.7883662577112616,6.3417490508985885,0.26328546301560174,0.1557546112139396,0.10869565217391304,0.2214333034675824,0.18840579710144928
constant,43,test,78,"[""Mixed Baseline Exp 1"",""95675568"",""0""]",Mixed,47,113,2.199216506017005,3.0225189334267504,0.3039768167485782,0.20145658816479375,0.2765957446808511,0.29491826166818275,0.23404255319148937
constant,43,test,80,"[""Proportional Baseline Exp 1"",""11095201"",""0""]",Proportional,57,103,3.49762004014315,12.652322795672045,0.23181818188855205,0.14758544563347636,0.05263157894736842,0.20045294996086244,0.05263157894736842
constant,43,test,82,"[""Proportional Baseline Exp 1"",""14606420"",""0""]",Proportional,26,134,2.790750524051989,3.7894899053148596,0.2157828449244738,0.18797509834167064,0.15384615384615385,0.26557827496465075,0.07692307692307693
constant,43,test,89,"[""Proportional Baseline Exp 1"",""36303454"",""0""]",Proportional,104,56,3.755240708556566,17.203123865876833,0.2440423119389748,0.15326973858114415,0.028846153846153848,0.19469268531794792,0.1346153846153846
constant,43,test,97,"[""Proportional Baseline Exp 1"",""45673270"",""0""]",Proportional,89,71,2.9363587531103064,22.914351678327666,0.28332471285631367,0.12074052245465035,0.033707865168539325,0.15383207794723464,0.449438202247191
constant,43,test,104,"[""Proportional Baseline Exp 1"",""63752993"",""0""]",Proportional,88,72,3.4384530528206896,22.948596022456876,0.277171452981829,0.14328481232178508,0.022727272727272728,0.18222693832395914,0.26136363636363635
constant,43,test,107,"[""Proportional Baseline Exp 1"",""69384851"",""0""]",Proportional,83,77,3.663613153687101,22.868826446559986,0.22465422573989333,0.14074493782321065,0.03614457831325301,0.1885454648187217,0.04819277108433735
constant,43,test,111,"[""Proportional Baseline Exp 1"",""76356479"",""0""]",Proportional,88,72,2.4651491744279537,6.7855855014337285,0.26462480841434266,0.22535660954146677,0.03409090909090909,0.3075049175887759,0.4090909090909091
constant,43,test,117,"[""Proportional Baseline Exp 1"",""85019022"",""0""]",Proportional,52,108,4.530565759878481,27.786325699914705,0.23659438605561225,0.12246729956958963,0.057692307692307696,0.1500663748013083,0.057692307692307696
constant,43,test,122,"[""RL Agent (M1) Exp 1"",""20532812"",""0""]",M1,136,24,3.364380462121617,9.707733649165132,0.22282206394437565,0.1482021204289776,0.13970588235294118,0.202424110849736,0.0661764705882353
constant,43,test,124,"[""RL Agent (M1) Exp 1"",""22263006"",""0""]",M1,22,138,2.997259926694515,3.368832833853284,0.2029066418088932,0.16992334834412512,0.18181818181818182,0.2351380925645966,0.045454545454545456
constant,43,test,129,"[""RL Agent (M1) Exp 1"",""39583963"",""0""]",M1,92,68,3.1299379744186733,9.28541449410491,0.2496157911404479,0.1564429920264645,0.15217391304347827,0.2160373996348807,0.18478260869565216
constant,43,test,130,"[""RL Agent (M1) Exp 1"",""47817874"",""0""]",M1,46,114,3.81914415416601,8.69924187708619,0.1896027319525853,0.13466580871040704,0.043478260869565216,0.17573444547796305,0.043478260869565216
constant,43,test,132,"[""RL Agent (M1) Exp 1"",""49408957"",""0""]",M1,27,133,2.691609559373419,5.949620739197831,0.24067485975399025,0.16618101068350002,0.1111111111111111,0.24099638220955993,0.18518518518518517
constant,43,test,138,"[""RL Agent (M1) Exp 1"",""57404481"",""0""]",M1,95,65,3.0645636018543283,13.626436784973796,0.28294695293791433,0.12413587573629553,0.11578947368421053,0.15975057230344636,0.3473684210526316
constant,43,test,140,"[""RL Agent (M1) Exp 1"",""63504480"",""0""]",M1,150,10,3.4322788407639115,12.635301862143796,0.28886587245865997,0.12907615240169737,0.12666666666666668,0.17332615010463,0.09333333333333334
constant,43,test,159,"[""RL Agent (M1) Exp 1"",""96535892"",""0""]",M1,25,135,3.306762135431471,7.206211870263825,0.23687731294818914,0.14063028035513223,0.04,0.19592922797725248,0.04
linear,17,test,11,"[""Equal Baseline Exp 1"",""30843571"",""0""]",Equal,20,140,2.713452024874006,6.538143619801792,0.29298764195055,0.19276166422714786,0.2,0.239231833643115,0.15
linear,17,test,13,"[""Equal Baseline Exp 1"",""35368456"",""0""]",Equal,40,120,1.5473280084419585,4.181751987739069,0.3906378665653332,0.3003120865092252,0.35,0.35907588130200085,0.45
linear,17,test,20,"[""Equal Baseline Exp 1"",""40800498"",""0""]",Equal,28,132,2.2156881738296788,3.3254391948690545,0.2862899370490545,0.2322008538559312,0.2857142857142857,0.2871452857175547,0.17857142857142858
linear,17,test,25,"[""Equal Baseline Exp 1"",""46096247"",""0""]",Equal,48,112,1.9628423447900165,2.0909595412799784,0.27884267095356985,0.2928816517822504,0.125,0.3514651092101593,0.2916666666666667
linear,17,test,31,"[""Equal Baseline Exp 1"",""75670883"",""0""]",Equal,20,140,2.599947233469628,3.7579514994939336,0.25159011988072844,0.22305728904313224,0.2,0.2730643764603342,0.05
linear,17,test,35,"[""Equal Baseline Exp 1"",""92291462"",""0""]",Equal,28,132,2.2577947501344378,3.054654311126837,0.25389931604876353,0.24324407725838135,0.21428571428571427,0.2968509593441629,0.14285714285714285
linear,17,test,36,"[""Equal Baseline Exp 1"",""92992435"",""0""]",Equal,52,108,2.6675663996859353,2.399211206849404,0.15483725022313297,0.1944447713754726,0.057692307692307696,0.2466344184827484,0.07692307692307693
linear,17,test,38,"[""Equal Baseline Exp 1"",""94815040"",""0""]",Equal,16,144,2.7679206257861253,5.490401233307649,0.29620510053046534,0.15730996948514198,0.25,0.20450157124600607,0.0625
linear,17,test,44,"[""Mixed Baseline Exp 1"",""18823620"",""0""]",Mixed,160,0,2.779776258562166,5.423478306263043,0.25077024788770397,0.12867752395338838,0.0375,0.17889867719581326,0.24375
linear,17,test,47,"[""Mixed Baseline Exp 1"",""26185795"",""0""]",Mixed,160,0,2.711779555519785,3.060772609534763,0.19655842443774993,0.16001070498506098,0.00625,0.21679177789543475,0.15
linear,17,test,52,"[""Mixed Baseline Exp 1"",""37465807"",""0""]",Mixed,160,0,3.206982102463127,3.9602130594673666,0.15326400760227052,0.09421317647138194,0.025,0.13618519775052323,0.025
linear,17,test,57,"[""Mixed Baseline Exp 1"",""47841996"",""0""]",Mixed,38,122,2.1818910637423423,1.8535442455616948,0.20916702431444079,0.2705828689037297,0.10526315789473684,0.32702019542121813,0.23684210526315788
linear,17,test,60,"[""Mixed Baseline Exp 1"",""50116627"",""0""]",Mixed,144,16,3.2727169716342264,10.96365004174311,0.34685144201118223,0.1005713015460609,0.13194444444444445,0.13851309736687212,0.09027777777777778
linear,17,test,64,"[""Mixed Baseline Exp 1"",""64291720"",""0""]",Mixed,160,0,2.574008350809833,2.236721154990746,0.2116728601044869,0.19191525399593196,0.01875,0.25342120988578376,0.1125
linear,17,test,73,"[""Mixed Baseline Exp 1"",""85460730"",""0""]",Mixed,138,22,2.7216086589958053,5.958072756229332,0.25271337483308337,0.14521929250058324,0.10869565217391304,0.19084208588091173,0.18840579710144928
linear,17,test,78,"[""Mixed Baseline Exp 1"",""95675568"",""0""]",Mixed,47,113,2.0925534067681872,2.980226560038876,0.2983625605814018,0.23565764769632744,0.2765957446808511,0.2928883489355453,0.23404255319148937
linear,17,test,80,"[""Proportional Baseline Exp 1"",""11095201"",""0""]",Proportional,57,103,3.4693776069653133,7.4456991514173785,0.19693505185492322,0.15541124904943818,0.05263157894736842,0.212051259180627,0.05263157894736842
linear,17,test,82,"[""Proportional Baseline Exp 1"",""14606420"",""0""]",Proportional,26,134,2.702615508861887,3.7682088370413216,0.20727914556205387,0.19050080931081453,0.15384615384615385,0.23812383255588318,0.07692307692307693
linear,17,test,89,"[""Proportional Baseline Exp 1"",""36303454"",""0""]",Proportional,104,56,3.4481172778780342,10.156180316871874,0.17803543325535365,0.08373982405084195,0.028846153846153848,0.12554194316783715,0.1346153846153846
linear,17,test,97,"[""Proportional Baseline Exp 1"",""45673270"",""0""]",Proportional,89,71,3.0959165070740657,16.963620341658437,0.23512759835556937,0.060279574810074274,0.033707865168539325,0.1029244582495112,0.449438202247191
linear,17,test,104,"[""Proportional Baseline Exp 1"",""63752993"",""0""]",Proportional,88,72,3.2829551394022642,11.292910452397875,0.19308475720065948,0.07364446041346596,0.022727272727272728,0.13745602877691565,0.26136363636363635
linear,17,test,107,"[""Proportional Baseline Exp 1"",""69384851"",""0""]",Proportional,83,77,3.334286663856522,9.252398304213528,0.15298999786803846,0.10443049494387367,0.03614457831325301,0.16219537164981268,0.04819277108433735
linear,17,test,111,"[""Proportional Baseline Exp 1"",""76356479"",""0""]",Proportional,88,72,2.539842503463736,6.051841996291384,0.26385752586218375,0.2347489731719157,0.03409090909090909,0.2991322859284109,0.4090909090909091
linear,17,test,117,"[""Proportional Baseline Exp 1"",""85019022"",""0""]",Proportional,52,108,4.273119249861761,13.725322480771723,0.16334522886256375,0.05012483663978151,0.057692307692307696,0.10251851858780309,0.057692307692307696
linear,17,test,122,"[""RL Agent (M1) Exp 1"",""20532812"",""0""]",M1,136,24,3.188593745519738,6.4421837413023875,0.18904574561006335,0.08357028841574818,0.13970588235294118,0.13321286959090384,0.0661764705882353
linear,17,test,124,"[""RL Agent (M1) Exp 1"",""22263006"",""0""]",M1,22,138,2.843702427664768,3.332462235843242,0.19479037922556505,0.16256490915124266,0.18181818181818182,0.2075081297977905,0.045454545454545456
linear,17,test,129,"[""RL Agent (M1) Exp 1"",""39583963"",""0""]",M1,92,68,3.00789151342474,6.488025319808195,0.21949923570974833,0.10714092351212075,0.15217391304347827,0.15996679655437726,0.18478260869565216
linear,17,test,130,"[""RL Agent (M1) Exp 1"",""47817874"",""0""]",M1,46,114,3.6850852462716905,7.359052558702426,0.17462271353635048,0.10513045048038024,0.043478260869565216,0.1565669858665521,0.043478260869565216
linear,17,test,132,"[""RL Agent (M1) Exp 1"",""49408957"",""0""]",M1,27,133,2.7250881470619714,5.936198743079992,0.23473558451668683,0.18798562203558852,0.1111111111111111,0.2413051578682635,0.18518518518518517
linear,17,test,138,"[""RL Agent (M1) Exp 1"",""57404481"",""0""]",M1,95,65,3.081546147131559,12.268497989423587,0.26203307294195444,0.08338709267546228,0.11578947368421053,0.1268822982866713,0.3473684210526316
linear,17,test,140,"[""RL Agent (M1) Exp 1"",""63504480"",""0""]",M1,150,10,3.3054730805085226,9.654640443208471,0.25102466918498595,0.05349934139813475,0.12666666666666668,0.09265716493380854,0.09333333333333334
linear,17,test,159,"[""RL Agent (M1) Exp 1"",""96535892"",""0""]",M1,25,135,3.313629672487453,7.4550461579201786,0.24059096366577418,0.12722384251559246,0.04,0.17192162595497798,0.04
linear,29,test,11,"[""Equal Baseline Exp 1"",""30843571"",""0""]",Equal,20,140,2.7124303481136645,6.551949969119415,0.29314776629529815,0.19007300921199638,0.2,0.23751273902887293,0.15
linear,29,test,13,"[""Equal Baseline Exp 1"",""35368456"",""0""]",Equal,40,120,1.5573014627235982,4.195148365433823,0.39136797379543886,0.2996308562091892,0.35,0.3528728506411548,0.45
linear,29,test,20,"[""Equal Baseline Exp 1"",""40800498"",""0""]",Equal,28,132,2.210633748694837,3.3902627353088213,0.2878250308084372,0.22863870345662926,0.2857142857142857,0.2817794854362213,0.17857142857142858
linear,29,test,25,"[""Equal Baseline Exp 1"",""46096247"",""0""]",Equal,48,112,1.949883445493809,2.1110817597837936,0.27974340112318435,0.2919534343532463,0.125,0.3455351154150829,0.2916666666666667
linear,29,test,31,"[""Equal Baseline Exp 1"",""75670883"",""0""]",Equal,20,140,2.582379707260921,3.833769839009053,0.25256203405324806,0.2206118906753404,0.2,0.2696139421767043,0.05
linear,29,test,35,"[""Equal Baseline Exp 1"",""92291462"",""0""]",Equal,28,132,2.241790842439819,3.0861036754953557,0.2543993357677864,0.24096994094737464,0.21428571428571427,0.29159692805697796,0.14285714285714285
linear,29,test,36,"[""Equal Baseline Exp 1"",""92992435"",""0""]",Equal,52,108,2.648016512596132,2.3906678339340597,0.15460286687918895,0.19046474670919056,0.057692307692307696,0.24298954389570268,0.07692307692307693
linear,29,test,38,"[""Equal Baseline Exp 1"",""94815040"",""0""]",Equal,16,144,2.7602371934959176,5.578928442337634,0.29746084262843975,0.15144027293179307,0.25,0.2006291974890847,0.0625
linear,29,test,44,"[""Mixed Baseline Exp 1"",""18823620"",""0""]",Mixed,160,0,2.775898158353469,5.411959285623697,0.25028103686956743,0.12213064030479148,0.0375,0.17753194886113008,0.24375
linear,29,test,47,"[""Mixed Baseline Exp 1"",""26185795"",""0""]",Mixed,160,0,2.7021289537873225,3.0693827614682054,0.19707360740996085,0.15232969935792823,0.00625,0.2121003472280424,0.15
linear,29,test,52,"[""Mixed Baseline Exp 1"",""37465807"",""0""]",Mixed,160,0,3.207238855803319,3.9191226693384165,0.1518387684936452,0.08933793821693056,0.025,0.13920476308375457,0.025
linear,29,test,57,"[""Mixed Baseline Exp 1"",""47841996"",""0""]",Mixed,38,122,2.165215795629593,1.894624555974873,0.2101206884055446,0.2690018149776733,0.10526315789473684,0.3219599733653575,0.23684210526315788
linear,29,test,60,"[""Mixed Baseline Exp 1"",""50116627"",""0""]",Mixed,144,16,3.278203670956543,10.909268518526892,0.3460334749300164,0.09826169673920991,0.13194444444444445,0.14144320962031476,0.09027777777777778
linear,29,test,64,"[""Mixed Baseline Exp 1"",""64291720"",""0""]",Mixed,160,0,2.5572394583915825,2.2500135259512,0.21271874671632904,0.18400137658473292,0.01875,0.24552040574361983,0.1125
linear,29,test,73,"[""Mixed Baseline Exp 1"",""85460730"",""0""]",Mixed,138,22,2.712918146455276,5.965903545088721,0.25310264197313775,0.1417442455241874,0.10869565217391304,0.19046712823852238,0.18840579710144928
linear,29,test,78,"[""Mixed Baseline Exp 1"",""95675568"",""0""]",Mixed,47,113,2.095220251600959,2.9913250879548974,0.298193894260436,0.2316475521419327,0.2765957446808511,0.2872864924005381,0.23404255319148937
linear,29,test,80,"[""Proportional Baseline Exp 1"",""11095201"",""0""]",Proportional,57,103,3.4623364869859223,7.364807368572104,0.1966741376408326,0.15095931602683546,0.05263157894736842,0.2112534599110643,0.05263157894736842
linear,29,test,82,"[""Proportional Baseline Exp 1"",""14606420"",""0""]",Proportional,26,134,2.6885173673367815,3.809159358934254,0.20750072128376448,0.18802072259967412,0.15384615384615385,0.2364489335475109,0.07692307692307693
linear,29,test,89,"[""Proportional Baseline Exp 1"",""36303454"",""0""]",Proportional,104,56,3.460170020333858,10.346656978766841,0.18076779745025856,0.0870124219840789,0.028846153846153848,0.1328108068565983,0.1346153846153846
linear,29,test,97,"[""Proportional Baseline Exp 1"",""45673270"",""0""]",Proportional,89,71,3.0480397380619464,17.06101223558486,0.23595815473371118,0.05996574011084737,0.033707865168539325,0.1095939987778105,0.449438202247191
linear,29,test,104,"[""Proportional Baseline Exp 1"",""63752993"",""0""]",Proportional,88,72,3.2720628969567076,11.331755876281852,0.19457245738421983,0.07593492488283632,0.022727272727272728,0.14572109802637817,0.26136363636363635
linear,29,test,107,"[""Proportional Baseline Exp 1"",""69384851"",""0""]",Proportional,83,77,3.3382902177211577,9.121044198758863,0.15255167752344695,0.10110643818831816,0.03614457831325301,0.1682094439039376,0.04819277108433735
linear,29,test,111,"[""Proportional Baseline Exp 1"",""76356479"",""0""]",Proportional,88,72,2.5336700163755266,5.997207408913749,0.2633323209550278,0.23148350924198538,0.03409090909090909,0.29866281559179897,0.4090909090909091
linear,29,test,117,"[""Proportional Baseline Exp 1"",""85019022"",""0""]",Proportional,52,108,4.286070962611117,13.95760545894252,0.16439083860816456,0.0500474447040067,0.057692307692307696,0.11379921620409884,0.057692307692307696
linear,29,test,122,"[""RL Agent (M1) Exp 1"",""20532812"",""0""]",M1,136,24,3.1839214105467994,6.281288223428874,0.1849895326677162,0.08107717608820322,0.13970588235294118,0.1353698105352057,0.0661764705882353
linear,29,test,124,"[""RL Agent (M1) Exp 1"",""22263006"",""0""]",M1,22,138,2.8321924227307864,3.3829702569944686,0.19552098673748064,0.15920988868534958,0.18181818181818182,0.20758422106472366,0.045454545454545456
linear,29,test,129,"[""RL Agent (M1) Exp 1"",""39583963"",""0""]",M1,92,68,3.0114384607537583,6.495203467232638,0.21932551865505304,0.10628657522486472,0.15217391304347827,0.16526932180378234,0.18478260869565216
linear,29,test,130,"[""RL Agent (M1) Exp 1"",""47817874"",""0""]",M1,46,114,3.683086236834506,7.2784502472333745,0.1738524214381941,0.09922552031809802,0.043478260869565216,0.16094946013209213,0.043478260869565216
linear,29,test,132,"[""RL Agent (M1) Exp 1"",""49408957"",""0""]",M1,27,133,2.718333049155396,5.960182385454941,0.23469525302066424,0.18569147938949032,0.1111111111111111,0.2392846136811683,0.18518518518518517
linear,29,test,138,"[""RL Agent (M1) Exp 1"",""57404481"",""0""]",M1,95,65,3.0986089551840084,12.079311372699543,0.25792953114579414,0.0739952360676059,0.11578947368421053,0.12742716131346704,0.3473684210526316
linear,29,test,140,"[""RL Agent (M1) Exp 1"",""63504480"",""0""]",M1,150,10,3.3189269743633845,9.81601038648177,0.25429220684214165,0.052714159586530786,0.12666666666666668,0.0988730556909842,0.09333333333333334
linear,29,test,159,"[""RL Agent (M1) Exp 1"",""96535892"",""0""]",M1,25,135,3.2923813617670583,7.45188754131289,0.24028216481118345,0.12308272281866228,0.04,0.17091163116669683,0.04
linear,43,test,11,"[""Equal Baseline Exp 1"",""30843571"",""0""]",Equal,20,140,2.7119498465884257,6.574621531987008,0.2932517448283939,0.19501793151068453,0.2,0.2343659615509163,0.15
linear,43,test,13,"[""Equal Baseline Exp 1"",""35368456"",""0""]",Equal,40,120,1.5543458843170157,4.199509995884647,0.392822794691241,0.30626459301932046,0.35,0.34828006712579884,0.45
linear,43,test,20,"[""Equal Baseline Exp 1"",""40800498"",""0""]",Equal,28,132,2.2185809535010983,3.353523885720332,0.2864332850097365,0.23510096901289476,0.2857142857142857,0.27797390840274294,0.17857142857142858
linear,43,test,25,"[""Equal Baseline Exp 1"",""46096247"",""0""]",Equal,48,112,1.9619510410621963,2.100121665884704,0.2798571575350896,0.2984464829127202,0.125,0.3409115474521344,0.2916666666666667
linear,43,test,31,"[""Equal Baseline Exp 1"",""75670883"",""0""]",Equal,20,140,2.594591809271183,3.7820263693382783,0.25027511118304646,0.22643580470886643,0.2,0.2661300021965978,0.05
linear,43,test,35,"[""Equal Baseline Exp 1"",""92291462"",""0""]",Equal,28,132,2.2594584869963446,3.0689752641951715,0.25352954876191985,0.247136576919552,0.21428571428571427,0.28786189297755965,0.14285714285714285
linear,43,test,36,"[""Equal Baseline Exp 1"",""92992435"",""0""]",Equal,52,108,2.6637905237543524,2.400406809308377,0.15497058456824161,0.19552709806982757,0.057692307692307696,0.23969348755232514,0.07692307692307693
linear,43,test,38,"[""Equal Baseline Exp 1"",""94815040"",""0""]",Equal,16,144,2.7657164423085,5.511442296301354,0.2948477163118618,0.1577036221387513,0.25,0.19784443951487146,0.0625
linear,43,test,44,"[""Mixed Baseline Exp 1"",""18823620"",""0""]",Mixed,160,0,2.775911934805587,5.42597051765628,0.251028237152792,0.12596231769587318,0.0375,0.17478253875875155,0.24375
linear,43,test,47,"[""Mixed Baseline Exp 1"",""26185795"",""0""]",Mixed,160,0,2.707083036437707,3.0794177510303156,0.19795212481072472,0.15801963563433566,0.00625,0.20871989725084683,0.15
linear,43,test,52,"[""Mixed Baseline Exp 1"",""37465807"",""0""]",Mixed,160,0,3.2181301655639203,3.9149461671773125,0.1516552346403786,0.0909059563626964,0.025,0.1369790820817217,0.025
linear,43,test,57,"[""Mixed Baseline Exp 1"",""47841996"",""0""]",Mixed,38,122,2.1813466895201743,1.8676490635480154,0.20937423656918963,0.2752300888553203,0.10526315789473684,0.3176413204358405,0.23684210526315788
linear,43,test,60,"[""Mixed Baseline Exp 1"",""50116627"",""0""]",Mixed,144,16,3.2629798739398055,11.044393733827512,0.34868742058681707,0.09888196835969977,0.13194444444444445,0.1403344756852787,0.09027777777777778
linear,43,test,64,"[""Mixed Baseline Exp 1"",""64291720"",""0""]",Mixed,160,0,2.5561165274260866,2.270847999847464,0.2150868890502482,0.19117294343320645,0.01875,0.24176636222515366,0.1125
linear,43,test,73,"[""Mixed Baseline Exp 1"",""85460730"",""0""]",Mixed,138,22,2.7224690385421697,5.989081472874344,0.253959357975893,0.1444950181440338,0.10869565217391304,0.1883228515837256,0.18840579710144928
linear,43,test,78,"[""Mixed Baseline Exp 1"",""95675568"",""0""]",Mixed,47,113,2.099186850064095,2.993738848505568,0.29826251865287423,0.23768846868389237,0.2765957446808511,0.2836184355385785,0.23404255319148937
linear,43,test,80,"[""Proportional Baseline Exp 1"",""11095201"",""0""]",Proportional,57,103,3.476922962548305,7.900913192213423,0.20221542929771322,0.15702065093589435,0.05263157894736842,0.20528286256846068,0.05263157894736842
linear,43,test,82,"[""Proportional Baseline Exp 1"",""14606420"",""0""]",Proportional,26,134,2.703591435633766,3.765893919004093,0.20517859719861717,0.19280487057617132,0.15384615384615385,0.2331884418070024,0.07692307692307693
linear,43,test,89,"[""Proportional Baseline Exp 1"",""36303454"",""0""]",Proportional,104,56,3.463351684400855,10.335970861963855,0.17799473700690507,0.0796131631624914,0.028846153846153848,0.13278885443526867,0.1346153846153846
linear,43,test,97,"[""Proportional Baseline Exp 1"",""45673270"",""0""]",Proportional,89,71,3.087652002893796,17.42191102447791,0.23926868221362146,0.05764060788232658,0.033707865168539325,0.10661908850596483,0.449438202247191
linear,43,test,104,"[""Proportional Baseline Exp 1"",""63752993"",""0""]",Proportional,88,72,3.284798672835229,11.851233191845,0.19395662049835158,0.06938901279674665,0.022727272727272728,0.14326601708046874,0.26136363636363635
linear,43,test,107,"[""Proportional Baseline Exp 1"",""69384851"",""0""]",Proportional,83,77,3.36299641168104,10.332209671613322,0.15921100508141636,0.10293123682519646,0.03614457831325301,0.16433759964584294,0.04819277108433735
linear,43,test,111,"[""Proportional Baseline Exp 1"",""76356479"",""0""]",Proportional,88,72,2.5431749443245395,6.169958625761976,0.27022660933339415,0.24057252036936766,0.03409090909090909,0.29022364006515633,0.4090909090909091
linear,43,test,117,"[""Proportional Baseline Exp 1"",""85019022"",""0""]",Proportional,52,108,4.296654974093251,12.830528994125663,0.15931267100140134,0.05037045717413724,0.057692307692307696,0.10889843043780514,0.057692307692307696
linear,43,test,122,"[""RL Agent (M1) Exp 1"",""20532812"",""0""]",M1,136,24,3.24776585406993,6.846153115453926,0.1982472111187904,0.0808664957134843,0.13970588235294118,0.14132627811644768,0.0661764705882353
linear,43,test,124,"[""RL Agent (M1) Exp 1"",""22263006"",""0""]",M1,22,138,2.8549759219046726,3.3477447351321157,0.19399203714062524,0.16307168808911432,0.18181818181818182,0.20481251359723238,0.045454545454545456
linear,43,test,129,"[""RL Agent (M1) Exp 1"",""39583963"",""0""]",M1,92,68,3.0366096522828845,6.6158306312474915,0.223197040794197,0.10497286782356685,0.15217391304347827,0.16504287167108075,0.18478260869565216
linear,43,test,130,"[""RL Agent (M1) Exp 1"",""47817874"",""0""]",M1,46,114,3.7110478350968394,7.499157812637849,0.17701143114899162,0.10714936508665411,0.043478260869565216,0.15710000696565746,0.043478260869565216
linear,43,test,132,"[""RL Agent (M1) Exp 1"",""49408957"",""0""]",M1,27,133,2.7195996667643674,5.913206392640553,0.2333153446341455,0.18860956135249277,0.1111111111111111,0.23471595330489053,0.18518518518518517
linear,43,test,138,"[""RL Agent (M1) Exp 1"",""57404481"",""0""]",M1,95,65,3.1110212335238656,12.630970312383576,0.26976990315856036,0.08632643206950223,0.11578947368421053,0.12822340861107268,0.3473684210526316
linear,43,test,140,"[""RL Agent (M1) Exp 1"",""63504480"",""0""]",M1,150,10,3.3229034156980806,9.823426194010608,0.2539278061625727,0.05168907437415264,0.12666666666666668,0.09900412099639076,0.09333333333333334
linear,43,test,159,"[""RL Agent (M1) Exp 1"",""96535892"",""0""]",M1,25,135,3.294952783877372,7.451243264663024,0.23998778930084136,0.1277588765021533,0.04,0.1679535742937505,0.04
feedforward,17,test,11,"[""Equal Baseline Exp 1"",""30843571"",""0""]",Equal,20,140,2.547638150659142,5.949183169613585,0.2710847450490475,0.15001121327785835,0.2,0.21508708073475163,0.15
feedforward,17,test,13,"[""Equal Baseline Exp 1"",""35368456"",""0""]",Equal,40,120,1.5086068169204436,3.621249192591435,0.3523910510767491,0.2254478181031844,0.35,0.359009244831535,0.45
feedforward,17,test,20,"[""Equal Baseline Exp 1"",""40800498"",""0""]",Equal,28,132,2.08647959523642,2.756609831191754,0.26500614828009905,0.16247022997897395,0.2857142857142857,0.24922601361300992,0.17857142857142858
feedforward,17,test,25,"[""Equal Baseline Exp 1"",""46096247"",""0""]",Equal,48,112,1.7956616299228554,1.85471301646181,0.2658856856189212,0.21552955761050294,0.125,0.3455573197510198,0.2916666666666667
feedforward,17,test,31,"[""Equal Baseline Exp 1"",""75670883"",""0""]",Equal,20,140,2.3767366850972875,3.3037491382993736,0.2400876508266569,0.16568747604627673,0.2,0.24699711515865067,0.05
feedforward,17,test,35,"[""Equal Baseline Exp 1"",""92291462"",""0""]",Equal,28,132,2.1120374210154096,2.955508917570365,0.2515555682764371,0.17256304455187044,0.21428571428571427,0.2759535241559275,0.14285714285714285
feedforward,17,test,36,"[""Equal Baseline Exp 1"",""92992435"",""0""]",Equal,52,108,2.430953915319753,2.4984115309001806,0.15825307025408192,0.13071135929287428,0.057692307692307696,0.20645230748404217,0.07692307692307693
feedforward,17,test,38,"[""Equal Baseline Exp 1"",""94815040"",""0""]",Equal,16,144,2.6337425945728996,4.766560876886498,0.2738997548320684,0.10143838537305139,0.25,0.13750425225885615,0.0625
feedforward,17,test,44,"[""Mixed Baseline Exp 1"",""18823620"",""0""]",Mixed,160,0,2.916265726725567,5.859574907104886,0.28018913035883053,0.08052162968306342,0.0375,0.11425724783545532,0.24375
feedforward,17,test,47,"[""Mixed Baseline Exp 1"",""26185795"",""0""]",Mixed,160,0,2.5994313248102974,3.1117007117468747,0.20148528962190843,0.09078337314362991,0.00625,0.1296179739259931,0.15
feedforward,17,test,52,"[""Mixed Baseline Exp 1"",""37465807"",""0""]",Mixed,160,0,3.1594959769147395,5.036483614999577,0.19242650658764346,0.06371894667977471,0.025,0.08697984060577733,0.025
feedforward,17,test,57,"[""Mixed Baseline Exp 1"",""47841996"",""0""]",Mixed,38,122,1.946040583890143,1.776469019049756,0.20222217975622722,0.20202599979152708,0.10526315789473684,0.3109344067107502,0.23684210526315788
feedforward,17,test,60,"[""Mixed Baseline Exp 1"",""50116627"",""0""]",Mixed,144,16,3.05941509357957,8.514843494359125,0.2706778012915344,0.10397878725749418,0.13194444444444445,0.1355064361676863,0.09027777777777778
feedforward,17,test,64,"[""Mixed Baseline Exp 1"",""64291720"",""0""]",Mixed,160,0,2.4311802901533928,2.346922577181168,0.22066115708258546,0.10484864815176542,0.01875,0.15807757463810038,0.1125
feedforward,17,test,73,"[""Mixed Baseline Exp 1"",""85460730"",""0""]",Mixed,138,22,2.6410030637234154,5.366424307792203,0.22548942563618218,0.11332703569840266,0.10869565217391304,0.16540069675304367,0.18840579710144928
feedforward,17,test,78,"[""Mixed Baseline Exp 1"",""95675568"",""0""]",Mixed,47,113,2.0681565890133635,2.6080521906185354,0.28060836860767885,0.1743947473686562,0.2765957446808511,0.2432135022853994,0.23404255319148937
feedforward,17,test,80,"[""Proportional Baseline Exp 1"",""11095201"",""0""]",Proportional,57,103,3.0562274294012535,4.922394438123323,0.1402407742567329,0.08646441056134399,0.05263157894736842,0.18099174126599135,0.05263157894736842
feedforward,17,test,82,"[""Proportional Baseline Exp 1"",""14606420"",""0""]",Proportional,26,134,2.603424157526132,4.080890582509729,0.21705113148329241,0.14144577605766578,0.15384615384615385,0.21851588865316993,0.07692307692307693
feedforward,17,test,89,"[""Proportional Baseline Exp 1"",""36303454"",""0""]",Proportional,104,56,3.3670533177742,8.183066587735613,0.15915958462224167,0.10684796245418557,0.028846153846153848,0.16930075493609248,0.1346153846153846
feedforward,17,test,97,"[""Proportional Baseline Exp 1"",""45673270"",""0""]",Proportional,89,71,2.89138580013779,13.71055756577646,0.19828603479430168,0.053676229331637085,0.033707865168539325,0.12082684185649968,0.449438202247191
feedforward,17,test,104,"[""Proportional Baseline Exp 1"",""63752993"",""0""]",Proportional,88,72,3.215439403594552,9.20416726389684,0.16592988102612152,0.07644841102800891,0.022727272727272728,0.16703450575218798,0.26136363636363635
feedforward,17,test,107,"[""Proportional Baseline Exp 1"",""69384851"",""0""]",Proportional,83,77,3.213327628868289,8.035552013058851,0.15429944968598897,0.0911313105534086,0.03614457831325301,0.10896453422528506,0.04819277108433735
feedforward,17,test,111,"[""Proportional Baseline Exp 1"",""76356479"",""0""]",Proportional,88,72,2.4823961149197316,4.841586848519726,0.22862400707043903,0.19111368750825733,0.03409090909090909,0.2899249309605261,0.4090909090909091
feedforward,17,test,117,"[""Proportional Baseline Exp 1"",""85019022"",""0""]",Proportional,52,108,4.027333104421565,12.666346588915603,0.15376707620716212,0.04520033434002278,0.057692307692307696,0.06499061595035809,0.057692307692307696
feedforward,17,test,122,"[""RL Agent (M1) Exp 1"",""20532812"",""0""]",M1,136,24,2.930646974933704,4.986909541582961,0.14550110918461587,0.12753908887404994,0.13970588235294118,0.1409266644492691,0.0661764705882353
feedforward,17,test,124,"[""RL Agent (M1) Exp 1"",""22263006"",""0""]",M1,22,138,2.7233538458187234,3.7789518244623257,0.2000538541761598,0.12914859388919944,0.18181818181818182,0.16767133256108058,0.045454545454545456
feedforward,17,test,129,"[""RL Agent (M1) Exp 1"",""39583963"",""0""]",M1,92,68,2.8706302856767207,5.691412554843425,0.21153221503664466,0.12571801792113876,0.15217391304347827,0.1556638600105537,0.18478260869565216
feedforward,17,test,130,"[""RL Agent (M1) Exp 1"",""47817874"",""0""]",M1,46,114,3.4716464175994592,7.014425852307214,0.16796835519639047,0.06944185315917664,0.043478260869565216,0.14050924479299923,0.043478260869565216
feedforward,17,test,132,"[""RL Agent (M1) Exp 1"",""49408957"",""0""]",M1,27,133,2.641232901621119,5.737302010416553,0.22851310539970038,0.1086211329715046,0.1111111111111111,0.21810156821336138,0.18518518518518517
feedforward,17,test,138,"[""RL Agent (M1) Exp 1"",""57404481"",""0""]",M1,95,65,2.892404327250145,10.889281388382518,0.23023851701906062,0.059285271814814994,0.11578947368421053,0.1337139068162322,0.3473684210526316
feedforward,17,test,140,"[""RL Agent (M1) Exp 1"",""63504480"",""0""]",M1,150,10,2.92300464474778,6.0683684916633736,0.14908771773873986,0.10424725467500758,0.12666666666666668,0.11533281757005187,0.09333333333333334
feedforward,17,test,159,"[""RL Agent (M1) Exp 1"",""96535892"",""0""]",M1,25,135,3.521977676484366,8.225421293326558,0.25562248965740797,0.08693641043451616,0.04,0.15053375808582023,0.04
feedforward,29,test,11,"[""Equal Baseline Exp 1"",""30843571"",""0""]",Equal,20,140,2.571400077058089,6.000824407207101,0.27419452738572414,0.14568505433832757,0.2,0.21669411867819025,0.15
feedforward,29,test,13,"[""Equal Baseline Exp 1"",""35368456"",""0""]",Equal,40,120,1.5213883113585065,3.6781993780983044,0.35514844667767803,0.2240686773896167,0.35,0.35832426582121224,0.45
feedforward,29,test,20,"[""Equal Baseline Exp 1"",""40800498"",""0""]",Equal,28,132,2.098539468592548,2.8295931003952357,0.26844351052796095,0.15890817968147616,0.2857142857142857,0.251449724561404,0.17857142857142858
feedforward,29,test,25,"[""Equal Baseline Exp 1"",""46096247"",""0""]",Equal,48,112,1.7980315263997866,1.8865906040330993,0.26766175015489796,0.21320065375042926,0.125,0.3465380685015386,0.2916666666666667
feedforward,29,test,31,"[""Equal Baseline Exp 1"",""75670883"",""0""]",Equal,20,140,2.3927422754964542,3.3772397238534757,0.24404925129896396,0.16211273547485255,0.2,0.24874919518554628,0.05
feedforward,29,test,35,"[""Equal Baseline Exp 1"",""92291462"",""0""]",Equal,28,132,2.1218634274718813,2.9450533916738793,0.25208561638817684,0.1680390252958177,0.21428571428571427,0.2767814336421819,0.14285714285714285
feedforward,29,test,36,"[""Equal Baseline Exp 1"",""92992435"",""0""]",Equal,52,108,2.4178422668168578,2.4346001219441082,0.1553080146446408,0.12564504457507034,0.057692307692307696,0.20837873251605304,0.07692307692307693
feedforward,29,test,38,"[""Equal Baseline Exp 1"",""94815040"",""0""]",Equal,16,144,2.661241432224531,4.839081306989799,0.2795658013882737,0.09706759001752052,0.25,0.14045013598899564,0.0625
feedforward,29,test,44,"[""Mixed Baseline Exp 1"",""18823620"",""0""]",Mixed,160,0,2.8918762777759293,5.715070604818845,0.2713708657199675,0.07595519406748943,0.0375,0.11564162798876616,0.24375
feedforward,29,test,47,"[""Mixed Baseline Exp 1"",""26185795"",""0""]",Mixed,160,0,2.5725140424036432,3.0306267351130503,0.19559537557016266,0.0874908307149173,0.00625,0.13250451647967404,0.15
feedforward,29,test,52,"[""Mixed Baseline Exp 1"",""37465807"",""0""]",Mixed,160,0,3.1153622811103174,4.667179390317205,0.17886513405514157,0.05703008796931325,0.025,0.09006165104743027,0.025
feedforward,29,test,57,"[""Mixed Baseline Exp 1"",""47841996"",""0""]",Mixed,38,122,1.9517247014968035,1.8395897646365054,0.20621405658893227,0.19919533315150006,0.10526315789473684,0.31248845204943304,0.23684210526315788
feedforward,29,test,60,"[""Mixed Baseline Exp 1"",""50116627"",""0""]",Mixed,144,16,3.075579778997329,8.455066833662768,0.2716451534099807,0.0986680088338142,0.13194444444444445,0.13621654598842609,0.09027777777777778
feedforward,29,test,64,"[""Mixed Baseline Exp 1"",""64291720"",""0""]",Mixed,160,0,2.3931616313077155,2.2655299066314245,0.21227838541871988,0.10153597218263077,0.01875,0.16226859055602988,0.1125
feedforward,29,test,73,"[""Mixed Baseline Exp 1"",""85460730"",""0""]",Mixed,138,22,2.6397489549452553,5.348335711212867,0.22424711622832785,0.10875771105149853,0.10869565217391304,0.16361819963662827,0.18840579710144928
feedforward,29,test,78,"[""Mixed Baseline Exp 1"",""95675568"",""0""]",Mixed,47,113,2.077471666024833,2.62847246410832,0.282653013559657,0.1708693630426014,0.2765957446808511,0.24505536467936798,0.23404255319148937
feedforward,29,test,80,"[""Proportional Baseline Exp 1"",""11095201"",""0""]",Proportional,57,103,3.049596711213849,5.080567460221982,0.1444476491816091,0.09417363636937011,0.05263157894736842,0.17533550990791133,0.05263157894736842
feedforward,29,test,82,"[""Proportional Baseline Exp 1"",""14606420"",""0""]",Proportional,26,134,2.6015694588880005,4.078282681796538,0.2180507503556145,0.13696466663579238,0.15384615384615385,0.21857254264043263,0.07692307692307693
feedforward,29,test,89,"[""Proportional Baseline Exp 1"",""36303454"",""0""]",Proportional,104,56,3.362518613672367,8.365944431252105,0.15815194411332945,0.09715384882192708,0.028846153846153848,0.17299691909634818,0.1346153846153846
feedforward,29,test,97,"[""Proportional Baseline Exp 1"",""45673270"",""0""]",Proportional,89,71,2.8911403058503624,13.401270745505267,0.19378329705149736,0.05281810177058308,0.033707865168539325,0.11890356958179679,0.449438202247191
feedforward,29,test,104,"[""Proportional Baseline Exp 1"",""63752993"",""0""]",Proportional,88,72,3.218733246404028,9.267848476727103,0.16028373505982305,0.06704921932239999,0.022727272727272728,0.175021599937802,0.26136363636363635
feedforward,29,test,107,"[""Proportional Baseline Exp 1"",""69384851"",""0""]",Proportional,83,77,3.193957662376905,8.159470393416225,0.15285369600398113,0.09157993138603229,0.03614457831325301,0.10926880412913971,0.04819277108433735
feedforward,29,test,111,"[""Proportional Baseline Exp 1"",""76356479"",""0""]",Proportional,88,72,2.50112448502197,4.8923364759179435,0.23633998593102773,0.2072142033379219,0.03409090909090909,0.2734368013028166,0.4090909090909091
feedforward,29,test,117,"[""Proportional Baseline Exp 1"",""85019022"",""0""]",Proportional,52,108,4.052559974775322,13.283663076972477,0.1573698455169633,0.05109210884541512,0.057692307692307696,0.0694178439554533,0.057692307692307696
feedforward,29,test,122,"[""RL Agent (M1) Exp 1"",""20532812"",""0""]",M1,136,24,2.9284060358941004,5.1903246313478615,0.14696433756587093,0.13215150108610108,0.13970588235294118,0.1337580817795286,0.0661764705882353
feedforward,29,test,124,"[""RL Agent (M1) Exp 1"",""22263006"",""0""]",M1,22,138,2.7201372909330583,3.8200127023961725,0.20316697393210592,0.12508152092177405,0.18181818181818182,0.16868768484109806,0.045454545454545456
feedforward,29,test,129,"[""RL Agent (M1) Exp 1"",""39583963"",""0""]",M1,92,68,2.865399663371444,5.739212273694162,0.21407481165805176,0.1214667313340629,0.15217391304347827,0.1615327105853801,0.18478260869565216
feedforward,29,test,130,"[""RL Agent (M1) Exp 1"",""47817874"",""0""]",M1,46,114,3.4794941133089834,7.171866662033702,0.171095445213934,0.07850593171892278,0.043478260869565216,0.13232762893753722,0.043478260869565216
feedforward,29,test,132,"[""RL Agent (M1) Exp 1"",""49408957"",""0""]",M1,27,133,2.6399164700814812,5.73856959613674,0.22901407365767465,0.10730355297922997,0.1111111111111111,0.2205954487827011,0.18518518518518517
feedforward,29,test,138,"[""RL Agent (M1) Exp 1"",""57404481"",""0""]",M1,95,65,2.9423235317996075,11.113383140781991,0.2358081675030992,0.06627714479562431,0.11578947368421053,0.11891433537528115,0.3473684210526316
feedforward,29,test,140,"[""RL Agent (M1) Exp 1"",""63504480"",""0""]",M1,150,10,2.9290995202124193,6.027445603801365,0.15326697430869327,0.09517714696329659,0.12666666666666668,0.11726332874173498,0.09333333333333334
feedforward,29,test,159,"[""RL Agent (M1) Exp 1"",""96535892"",""0""]",M1,25,135,3.5038642825170854,8.167187962880739,0.25103133796683663,0.0866056027599259,0.04,0.14375930928550507,0.04
feedforward,43,test,11,"[""Equal Baseline Exp 1"",""30843571"",""0""]",Equal,20,140,2.541905178098255,5.847707408035932,0.2667916186964848,0.15037477878840766,0.2,0.2213453338839635,0.15
feedforward,43,test,13,"[""Equal Baseline Exp 1"",""35368456"",""0""]",Equal,40,120,1.4821539542571756,3.563666635034772,0.3450368829980981,0.21695705457013367,0.35,0.3732050869549509,0.45
feedforward,43,test,20,"[""Equal Baseline Exp 1"",""40800498"",""0""]",Equal,28,132,2.0807974608378443,2.7457729303846077,0.2633367572703735,0.1614277961214767,0.2857142857142857,0.2557802421964533,0.17857142857142858
feedforward,43,test,25,"[""Equal Baseline Exp 1"",""46096247"",""0""]",Equal,48,112,1.8023388078159381,1.8513487836724247,0.2636338004334513,0.20673052906651143,0.125,0.3598304037939804,0.2916666666666667
feedforward,43,test,31,"[""Equal Baseline Exp 1"",""75670883"",""0""]",Equal,20,140,2.391464284895987,3.3045935381889295,0.2402992318316171,0.1629598788348257,0.2,0.25615254127590414,0.05
feedforward,43,test,35,"[""Equal Baseline Exp 1"",""92291462"",""0""]",Equal,28,132,2.115139515944531,2.9036280808261643,0.25155450469255686,0.16919717523924363,0.21428571428571427,0.2859015770194052,0.14285714285714285
feedforward,43,test,36,"[""Equal Baseline Exp 1"",""92992435"",""0""]",Equal,52,108,2.4368375789773165,2.4040166685523947,0.15722482453121212,0.13230961807448088,0.057692307692307696,0.21260579646282635,0.07692307692307693
feedforward,43,test,38,"[""Equal Baseline Exp 1"",""94815040"",""0""]",Equal,16,144,2.6217109556829326,4.725370275352423,0.2688165996210715,0.10897852957655374,0.25,0.13574924602630825,0.0625
feedforward,43,test,44,"[""Mixed Baseline Exp 1"",""18823620"",""0""]",Mixed,160,0,2.90850953883098,5.8516375033926185,0.2812789133182758,0.08568185043592513,0.0375,0.11724923032953571,0.24375
feedforward,43,test,47,"[""Mixed Baseline Exp 1"",""26185795"",""0""]",Mixed,160,0,2.611723975758866,3.153713033057431,0.20590429641618008,0.09740870342888512,0.00625,0.12845907314420832,0.15
feedforward,43,test,52,"[""Mixed Baseline Exp 1"",""37465807"",""0""]",Mixed,160,0,3.159897097753519,4.8613114680332625,0.18669447483533277,0.06825634118746686,0.025,0.09744230746050742,0.025
feedforward,43,test,57,"[""Mixed Baseline Exp 1"",""47841996"",""0""]",Mixed,38,122,1.9505153328368623,1.780315754891945,0.20007224176774002,0.19613894662438752,0.10526315789473684,0.32138314168720933,0.23684210526315788
feedforward,43,test,60,"[""Mixed Baseline Exp 1"",""50116627"",""0""]",Mixed,144,16,3.009765467232135,8.125359109639435,0.2605982528818946,0.10808878913693983,0.13194444444444445,0.145125419642013,0.09027777777777778
feedforward,43,test,64,"[""Mixed Baseline Exp 1"",""64291720"",""0""]",Mixed,160,0,2.454685365554745,2.4298283730738155,0.2309855180460644,0.11503408739362113,0.01875,0.14928598770925353,0.1125
feedforward,43,test,73,"[""Mixed Baseline Exp 1"",""85460730"",""0""]",Mixed,138,22,2.625329266426749,5.291648264325483,0.221411326210893,0.1178535810062664,0.10869565217391304,0.1694407756246288,0.18840579710144928
feedforward,43,test,78,"[""Mixed Baseline Exp 1"",""95675568"",""0""]",Mixed,47,113,2.06299563429298,2.6079432376149785,0.277948079935057,0.17917111545460082,0.2765957446808511,0.24433834647056657,0.23404255319148937
feedforward,43,test,80,"[""Proportional Baseline Exp 1"",""11095201"",""0""]",Proportional,57,103,3.0370376988901797,4.559164234234509,0.13438401971393643,0.0886110770375663,0.05263157894736842,0.18478289180911053,0.05263157894736842
feedforward,43,test,82,"[""Proportional Baseline Exp 1"",""14606420"",""0""]",Proportional,26,134,2.616968792843073,4.033218596845475,0.2195192677981671,0.13958227821203323,0.15384615384615385,0.2292010483716669,0.07692307692307693
feedforward,43,test,89,"[""Proportional Baseline Exp 1"",""36303454"",""0""]",Proportional,104,56,3.3846503627971547,8.391570310585184,0.15763686708669825,0.10254073444704782,0.028846153846153848,0.18618632826556375,0.1346153846153846
feedforward,43,test,97,"[""Proportional Baseline Exp 1"",""45673270"",""0""]",Proportional,89,71,2.8664794321019977,13.486597350273495,0.1944158892894517,0.05632613823129026,0.033707865168539325,0.12687609448598827,0.449438202247191
feedforward,43,test,104,"[""Proportional Baseline Exp 1"",""63752993"",""0""]",Proportional,88,72,3.2220833312374526,9.173055132758119,0.16439330324388735,0.0771681331056229,0.022727272727272728,0.1796513583473598,0.26136363636363635
feedforward,43,test,107,"[""Proportional Baseline Exp 1"",""69384851"",""0""]",Proportional,83,77,3.198024196366498,7.479875348682577,0.15020501947305392,0.092510756980101,0.03614457831325301,0.11574643198623301,0.04819277108433735
feedforward,43,test,111,"[""Proportional Baseline Exp 1"",""76356479"",""0""]",Proportional,88,72,2.4689461573913114,4.767296375497214,0.2255980330856372,0.1917031452329425,0.03409090909090909,0.29342391381524285,0.4090909090909091
feedforward,43,test,117,"[""Proportional Baseline Exp 1"",""85019022"",""0""]",Proportional,52,108,4.059792728592216,14.07721624896926,0.16285805007954418,0.04341594415670591,0.057692307692307696,0.07250329552069698,0.057692307692307696
feedforward,43,test,122,"[""RL Agent (M1) Exp 1"",""20532812"",""0""]",M1,136,24,2.9439042073358532,4.956362750091281,0.14635082760222975,0.12349924569692851,0.13970588235294118,0.14996895061983903,0.0661764705882353
feedforward,43,test,124,"[""RL Agent (M1) Exp 1"",""22263006"",""0""]",M1,22,138,2.733490866593256,3.731340421377362,0.2006437194252248,0.1306839141297401,0.18181818181818182,0.17410966580278622,0.045454545454545456
feedforward,43,test,129,"[""RL Agent (M1) Exp 1"",""39583963"",""0""]",M1,92,68,2.873604104869617,5.495515430603928,0.20647158754912515,0.12055074454075528,0.15217391304347827,0.16913171096506457,0.18478260869565216
feedforward,43,test,130,"[""RL Agent (M1) Exp 1"",""47817874"",""0""]",M1,46,114,3.49342102942433,7.261929637962168,0.1713888980329731,0.07202004401669973,0.043478260869565216,0.1465421999840064,0.043478260869565216
feedforward,43,test,132,"[""RL Agent (M1) Exp 1"",""49408957"",""0""]",M1,27,133,2.6647731974347044,5.891164272896686,0.23154327693534224,0.10441626727035222,0.1111111111111111,0.23648170894417153,0.18518518518518517
feedforward,43,test,138,"[""RL Agent (M1) Exp 1"",""57404481"",""0""]",M1,95,65,2.876222783525577,10.792799535185077,0.22718858502785041,0.0629293666995812,0.11578947368421053,0.1430708515162573,0.3473684210526316
feedforward,43,test,140,"[""RL Agent (M1) Exp 1"",""63504480"",""0""]",M1,150,10,2.9308400922649467,5.999936466414568,0.15138645929808467,0.09910644249708347,0.12666666666666668,0.12659646151772014,0.09333333333333334
feedforward,43,test,159,"[""RL Agent (M1) Exp 1"",""96535892"",""0""]",M1,25,135,3.533135426696368,8.263945464554189,0.25640779697915883,0.08802763656761237,0.04,0.15978740944578998,0.04
recurrent,17,test,11,"[""Equal Baseline Exp 1"",""30843571"",""0""]",Equal,20,140,2.4505379096543227,5.739599596447695,0.2461353938174879,0.20530157610111832,0.2,0.1417903245350042,0.15
recurrent,17,test,13,"[""Equal Baseline Exp 1"",""35368456"",""0""]",Equal,40,120,1.5381315846877794,3.794457855966974,0.3601767136266706,0.280628497217249,0.35,0.2876747388119143,0.45
recurrent,17,test,20,"[""Equal Baseline Exp 1"",""40800498"",""0""]",Equal,28,132,2.0739717308136227,2.877785181279209,0.25560814921887454,0.21942587492628346,0.2857142857142857,0.17575286472364388,0.17857142857142858
recurrent,17,test,25,"[""Equal Baseline Exp 1"",""46096247"",""0""]",Equal,48,112,1.7909567603529604,1.801045255229674,0.26019065397253743,0.22026841858749893,0.125,0.3218753226598648,0.2916666666666667
recurrent,17,test,31,"[""Equal Baseline Exp 1"",""75670883"",""0""]",Equal,20,140,2.218403603522341,2.8017084527620577,0.18765072716270118,0.25617800947658304,0.2,0.14984772454296597,0.05
recurrent,17,test,35,"[""Equal Baseline Exp 1"",""92291462"",""0""]",Equal,28,132,2.0377334560640117,2.2645701155203315,0.22348393893522675,0.23198480029205068,0.21428571428571427,0.19293734496720263,0.14285714285714285
recurrent,17,test,36,"[""Equal Baseline Exp 1"",""92992435"",""0""]",Equal,52,108,2.411614101710356,2.653946674839292,0.16126525359657967,0.09585723001385442,0.057692307692307696,0.24708988573480242,0.07692307692307693
recurrent,17,test,38,"[""Equal Baseline Exp 1"",""94815040"",""0""]",Equal,16,144,2.49239721969572,4.053260881030008,0.20402160437589684,0.16681792353395863,0.25,0.06663757674737844,0.0625
recurrent,17,test,44,"[""Mixed Baseline Exp 1"",""18823620"",""0""]",Mixed,160,0,2.6443216293955034,4.552811374224923,0.18987516573356047,0.04271021168967379,0.0375,0.23008157660420347,0.24375
recurrent,17,test,47,"[""Mixed Baseline Exp 1"",""26185795"",""0""]",Mixed,160,0,2.39725150094986,2.4034271828593448,0.15019231417663784,0.05052874124499938,0.00625,0.2503702399566438,0.15
recurrent,17,test,52,"[""Mixed Baseline Exp 1"",""37465807"",""0""]",Mixed,160,0,2.946614978683221,2.192169805898801,0.08844696609614687,0.03867349733278995,0.025,0.19646723891922782,0.025
recurrent,17,test,57,"[""Mixed Baseline Exp 1"",""47841996"",""0""]",Mixed,38,122,1.9286493764893375,1.5400789774584336,0.1960878005989529,0.22581142044619518,0.10526315789473684,0.26920209489224645,0.23684210526315788
recurrent,17,test,60,"[""Mixed Baseline Exp 1"",""50116627"",""0""]",Mixed,144,16,3.121570570356074,8.057334911528715,0.27449634836469045,0.09865832497568418,0.13194444444444445,0.18794954739110883,0.09027777777777778
recurrent,17,test,64,"[""Mixed Baseline Exp 1"",""64291720"",""0""]",Mixed,160,0,2.1883264692767392,1.3846599056598863,0.12336985793280594,0.05720559267551932,0.01875,0.2813599077562957,0.1125
recurrent,17,test,73,"[""Mixed Baseline Exp 1"",""85460730"",""0""]",Mixed,138,22,2.757151542916468,5.720823712403119,0.25349454551249234,0.06542338625156256,0.10869565217391304,0.25839455032368497,0.18840579710144928
recurrent,17,test,78,"[""Mixed Baseline Exp 1"",""95675568"",""0""]",Mixed,47,113,2.197714249145502,3.0276609892398954,0.3051668729683935,0.1544610706502057,0.2765957446808511,0.24610292012459684,0.23404255319148937
recurrent,17,test,80,"[""Proportional Baseline Exp 1"",""11095201"",""0""]",Proportional,57,103,3.0145919505422007,4.351485626514482,0.12219466052511876,0.10770536016118303,0.05263157894736842,0.15828908179583853,0.05263157894736842
recurrent,17,test,82,"[""Proportional Baseline Exp 1"",""14606420"",""0""]",Proportional,26,134,2.549422793392135,3.3781743313595243,0.19117664031924547,0.15771224251116786,0.15384615384615385,0.17722114511471038,0.07692307692307693
recurrent,17,test,89,"[""Proportional Baseline Exp 1"",""36303454"",""0""]",Proportional,104,56,3.375733454572266,8.571567474135085,0.1600257947786544,0.10126818933311056,0.028846153846153848,0.16057624065438889,0.1346153846153846
recurrent,17,test,97,"[""Proportional Baseline Exp 1"",""45673270"",""0""]",Proportional,89,71,2.858206407726929,14.4180109689792,0.20234979133898687,0.04223858839429981,0.033707865168539325,0.12245533155511859,0.449438202247191
recurrent,17,test,104,"[""Proportional Baseline Exp 1"",""63752993"",""0""]",Proportional,88,72,3.2134979924592453,9.71796441593382,0.160843253546163,0.0701596644917434,0.022727272727272728,0.1802372661796103,0.26136363636363635
recurrent,17,test,107,"[""Proportional Baseline Exp 1"",""69384851"",""0""]",Proportional,83,77,3.2145731045064307,8.995790658367046,0.15740636158881346,0.0625239157625399,0.03614457831325301,0.1558228064117013,0.04819277108433735
recurrent,17,test,111,"[""Proportional Baseline Exp 1"",""76356479"",""0""]",Proportional,88,72,2.3802147326565364,4.981072336488749,0.1934544224043164,0.13292225137600566,0.03409090909090909,0.3482713571831254,0.4090909090909091
recurrent,17,test,117,"[""Proportional Baseline Exp 1"",""85019022"",""0""]",Proportional,52,108,4.13132069853382,14.259961742893442,0.1584339189596937,0.05601388140868556,0.057692307692307696,0.07193633377177855,0.057692307692307696
recurrent,17,test,122,"[""RL Agent (M1) Exp 1"",""20532812"",""0""]",M1,136,24,2.952740144705652,5.38456613068835,0.15097161010962712,0.16927477527152146,0.13970588235294118,0.13478979092240373,0.0661764705882353
recurrent,17,test,124,"[""RL Agent (M1) Exp 1"",""22263006"",""0""]",M1,22,138,2.6835980141827687,2.7630413140574546,0.1676740218219007,0.14696695148742822,0.18181818181818182,0.13271413418401715,0.045454545454545456
recurrent,17,test,129,"[""RL Agent (M1) Exp 1"",""39583963"",""0""]",M1,92,68,3.0264017489455064,6.12508797946914,0.25606958840089644,0.12445012983575214,0.15217391304347827,0.1792830923762496,0.18478260869565216
recurrent,17,test,130,"[""RL Agent (M1) Exp 1"",""47817874"",""0""]",M1,46,114,3.518229465803902,7.463905383775758,0.1810507319190463,0.06424086160288296,0.043478260869565216,0.13702360883024067,0.043478260869565216
recurrent,17,test,132,"[""RL Agent (M1) Exp 1"",""49408957"",""0""]",M1,27,133,2.748327964535679,6.064503789057418,0.25739511930909953,0.08829264874448622,0.1111111111111111,0.23208612371916157,0.18518518518518517
recurrent,17,test,138,"[""RL Agent (M1) Exp 1"",""57404481"",""0""]",M1,95,65,2.8398814043704137,10.725270583875657,0.21775381966828772,0.06397289672292171,0.11578947368421053,0.13946974320031516,0.3473684210526316
recurrent,17,test,140,"[""RL Agent (M1) Exp 1"",""63504480"",""0""]",M1,150,10,2.993247275750883,6.338770697448067,0.16553609244837778,0.10817331035034199,0.12666666666666668,0.1410869757854048,0.09333333333333334
recurrent,17,test,159,"[""RL Agent (M1) Exp 1"",""96535892"",""0""]",M1,25,135,3.4250666864223884,7.587644990519647,0.2415689744690505,0.07601368273124753,0.04,0.12998347530090767,0.04
recurrent,29,test,11,"[""Equal Baseline Exp 1"",""30843571"",""0""]",Equal,20,140,2.457730970682652,5.806867116097024,0.24940187889228396,0.19916466619588905,0.2,0.1443479780467638,0.15
recurrent,29,test,13,"[""Equal Baseline Exp 1"",""35368456"",""0""]",Equal,40,120,1.537434180273388,3.785743379686328,0.3589825005504871,0.27642041945895496,0.35,0.29132143760265505,0.45
recurrent,29,test,20,"[""Equal Baseline Exp 1"",""40800498"",""0""]",Equal,28,132,2.0612715119334006,2.8655443538543577,0.2540664032319902,0.21489125129266648,0.2857142857142857,0.17847930108915774,0.17857142857142858
recurrent,29,test,25,"[""Equal Baseline Exp 1"",""46096247"",""0""]",Equal,48,112,1.788895260267964,1.8081275238844183,0.2610766332312881,0.21834980071960977,0.125,0.32351572357601127,0.2916666666666667
recurrent,29,test,31,"[""Equal Baseline Exp 1"",""75670883"",""0""]",Equal,20,140,2.2167959539191457,2.8265330572037035,0.18974859252291548,0.24883085610046338,0.2,0.15223785539665893,0.05
recurrent,29,test,35,"[""Equal Baseline Exp 1"",""92291462"",""0""]",Equal,28,132,2.0324914342406215,2.2354385724663706,0.22304266151301846,0.22729771598531592,0.21428571428571427,0.19504201313466796,0.14285714285714285
recurrent,29,test,36,"[""Equal Baseline Exp 1"",""92992435"",""0""]",Equal,52,108,2.41495234305448,2.678251404720394,0.16240687913551122,0.09741572828055975,0.057692307692307696,0.24599499136011344,0.07692307692307693
recurrent,29,test,38,"[""Equal Baseline Exp 1"",""94815040"",""0""]",Equal,16,144,2.496824178616849,4.076562419603112,0.2069427142377882,0.15924536494636746,0.25,0.06785266985337474,0.0625
recurrent,29,test,44,"[""Mixed Baseline Exp 1"",""18823620"",""0""]",Mixed,160,0,2.6465591809299958,4.52811338690003,0.1879751063307809,0.03737129495457716,0.0375,0.24674131318808099,0.24375
recurrent,29,test,47,"[""Mixed Baseline Exp 1"",""26185795"",""0""]",Mixed,160,0,2.397035332283643,2.377691176807211,0.149510499248598,0.044647246107241814,0.00625,0.27275456526604974,0.15
recurrent,29,test,52,"[""Mixed Baseline Exp 1"",""37465807"",""0""]",Mixed,160,0,2.9371441211549354,2.2072457165734733,0.08976883654014187,0.034854891534970366,0.025,0.20273274040292782,0.025
recurrent,29,test,57,"[""Mixed Baseline Exp 1"",""47841996"",""0""]",Mixed,38,122,1.925543622043772,1.5211593817468785,0.1961755140455644,0.223331876346753,0.10526315789473684,0.27042503520091415,0.23684210526315788
recurrent,29,test,60,"[""Mixed Baseline Exp 1"",""50116627"",""0""]",Mixed,144,16,3.1618609545953356,8.02800857357465,0.2743784873993617,0.1008183950079994,0.13194444444444445,0.18887700058743023,0.09027777777777778
recurrent,29,test,64,"[""Mixed Baseline Exp 1"",""64291720"",""0""]",Mixed,160,0,2.1945583105064386,1.3220138718020285,0.11772593536321999,0.0499540332101441,0.01875,0.3070009770230958,0.1125
recurrent,29,test,73,"[""Mixed Baseline Exp 1"",""85460730"",""0""]",Mixed,138,22,2.790596450657268,5.754031682593926,0.25833786017988825,0.0602283873888322,0.10869565217391304,0.26666176414276366,0.18840579710144928
recurrent,29,test,78,"[""Mixed Baseline Exp 1"",""95675568"",""0""]",Mixed,47,113,2.1898105756704647,3.013833087114457,0.3057622276794539,0.15256009996065253,0.2765957446808511,0.24899921525305757,0.23404255319148937
recurrent,29,test,80,"[""Proportional Baseline Exp 1"",""11095201"",""0""]",Proportional,57,103,3.017923643952481,4.049666885270495,0.11787559796842925,0.10202412460873578,0.05263157894736842,0.1733884074905782,0.05263157894736842
recurrent,29,test,82,"[""Proportional Baseline Exp 1"",""14606420"",""0""]",Proportional,26,134,2.5665781875850353,3.408228524958265,0.19458386486599785,0.1550868955511449,0.15384615384615385,0.1783388349076111,0.07692307692307693
recurrent,29,test,89,"[""Proportional Baseline Exp 1"",""36303454"",""0""]",Proportional,104,56,3.3598498479871135,8.849745129766736,0.16296474860151985,0.1035422985866861,0.028846153846153848,0.14212152467160136,0.1346153846153846
recurrent,29,test,97,"[""Proportional Baseline Exp 1"",""45673270"",""0""]",Proportional,89,71,2.85740715020703,14.627076707026362,0.20292059504182375,0.04414482066986843,0.033707865168539325,0.12141181443293773,0.449438202247191
recurrent,29,test,104,"[""Proportional Baseline Exp 1"",""63752993"",""0""]",Proportional,88,72,3.2045487104594303,9.728901614142625,0.1627405844389502,0.07165449989137122,0.022727272727272728,0.15702582580154412,0.26136363636363635
recurrent,29,test,107,"[""Proportional Baseline Exp 1"",""69384851"",""0""]",Proportional,83,77,3.1808708262454455,8.350858618382933,0.15235837308717884,0.06253683642998911,0.03614457831325301,0.15768315840153377,0.04819277108433735
recurrent,29,test,111,"[""Proportional Baseline Exp 1"",""76356479"",""0""]",Proportional,88,72,2.387503954729788,5.126639576693655,0.1904768038735166,0.12432355601105179,0.03409090909090909,0.36491853358542853,0.4090909090909091
recurrent,29,test,117,"[""Proportional Baseline Exp 1"",""85019022"",""0""]",Proportional,52,108,4.196644635371023,15.93821311474075,0.1679082438247537,0.054882827800648196,0.057692307692307696,0.07581918140875638,0.057692307692307696
recurrent,29,test,122,"[""RL Agent (M1) Exp 1"",""20532812"",""0""]",M1,136,24,2.961017235066857,5.307921164202672,0.14904356313986475,0.1650025900829408,0.13970588235294118,0.15136249187725082,0.0661764705882353
recurrent,29,test,124,"[""RL Agent (M1) Exp 1"",""22263006"",""0""]",M1,22,138,2.693276932795976,2.831000822711759,0.1727196181282415,0.1423748043568249,0.18181818181818182,0.1351070148064054,0.045454545454545456
recurrent,29,test,129,"[""RL Agent (M1) Exp 1"",""39583963"",""0""]",M1,92,68,3.0586951443983073,6.193660670323525,0.257760165181874,0.13108949023227387,0.15217391304347827,0.172105923098177,0.18478260869565216
recurrent,29,test,130,"[""RL Agent (M1) Exp 1"",""47817874"",""0""]",M1,46,114,3.558101020243707,7.842600095869909,0.18636659159590782,0.060861901736211824,0.043478260869565216,0.14712604418003272,0.043478260869565216
recurrent,29,test,132,"[""RL Agent (M1) Exp 1"",""49408957"",""0""]",M1,27,133,2.774557004775576,6.085210770627377,0.25807025860873256,0.08874569785488956,0.1111111111111111,0.23700017393210354,0.18518518518518517
recurrent,29,test,138,"[""RL Agent (M1) Exp 1"",""57404481"",""0""]",M1,95,65,2.830902087002281,10.840990582057966,0.21828815332688647,0.05801354901527636,0.11578947368421053,0.15992564180038144,0.3473684210526316
recurrent,29,test,140,"[""RL Agent (M1) Exp 1"",""63504480"",""0""]",M1,150,10,3.0111891680594165,6.531365924803468,0.16584577921357288,0.1218703959038501,0.12666666666666668,0.13418818045438163,0.09333333333333334
recurrent,29,test,159,"[""RL Agent (M1) Exp 1"",""96535892"",""0""]",M1,25,135,3.41668001764614,7.578501936155863,0.2417146726716452,0.07665776607558884,0.04,0.13074524217907207,0.04
recurrent,43,test,11,"[""Equal Baseline Exp 1"",""30843571"",""0""]",Equal,20,140,2.4489954717824607,5.729590205493372,0.2458541505591854,0.20490500794859628,0.2,0.14195406108114744,0.15
recurrent,43,test,13,"[""Equal Baseline Exp 1"",""35368456"",""0""]",Equal,40,120,1.5394529153393475,3.782826728759953,0.35839195974286636,0.2809529349519765,0.35,0.28812577005376255,0.45
recurrent,43,test,20,"[""Equal Baseline Exp 1"",""40800498"",""0""]",Equal,28,132,2.065239803572011,2.8793422385012883,0.25539918817563306,0.2216317484222994,0.2857142857142857,0.17442067339217532,0.17857142857142858
recurrent,43,test,25,"[""Equal Baseline Exp 1"",""46096247"",""0""]",Equal,48,112,1.7937360089837002,1.7982729735300886,0.25998583974165723,0.22057720231514497,0.125,0.32400951430202746,0.2916666666666667
recurrent,43,test,31,"[""Equal Baseline Exp 1"",""75670883"",""0""]",Equal,20,140,2.206567998753404,2.7845220898138336,0.18554968857955076,0.2576284693771391,0.2,0.14690052401505102,0.05
recurrent,43,test,35,"[""Equal Baseline Exp 1"",""92291462"",""0""]",Equal,28,132,2.0319399860926333,2.258814882308839,0.22274617045887463,0.2342964565707222,0.21428571428571427,0.1902241412563457,0.14285714285714285
recurrent,43,test,36,"[""Equal Baseline Exp 1"",""92992435"",""0""]",Equal,52,108,2.4199655652480123,2.6838164970876024,0.16178815773053004,0.0970254669501634,0.057692307692307696,0.25362855306951226,0.07692307692307693
recurrent,43,test,38,"[""Equal Baseline Exp 1"",""94815040"",""0""]",Equal,16,144,2.4729549973975264,4.036835700364197,0.20139782986719418,0.1660939560416107,0.25,0.06551405956916106,0.0625
recurrent,43,test,44,"[""Mixed Baseline Exp 1"",""18823620"",""0""]",Mixed,160,0,2.6348638953690404,4.490830187617425,0.1876825512866676,0.04422498593929987,0.0375,0.240005058439238,0.24375
recurrent,43,test,47,"[""Mixed Baseline Exp 1"",""26185795"",""0""]",Mixed,160,0,2.4116250378704596,2.3917063263425846,0.14965842572343385,0.051557475597826696,0.00625,0.2745856436401537,0.15
recurrent,43,test,52,"[""Mixed Baseline Exp 1"",""37465807"",""0""]",Mixed,160,0,2.9606762949045367,2.2366292445635607,0.08989419053517027,0.042262506178227396,0.025,0.19609786069033178,0.025
recurrent,43,test,57,"[""Mixed Baseline Exp 1"",""47841996"",""0""]",Mixed,38,122,1.9270051269041222,1.5435972240164562,0.19601285150202993,0.2278861109622127,0.10526315789473684,0.2689737254337266,0.23684210526315788
recurrent,43,test,60,"[""Mixed Baseline Exp 1"",""50116627"",""0""]",Mixed,144,16,3.153276825993226,8.189128702001245,0.2746347089372555,0.09793975866626449,0.13194444444444445,0.18254878977038558,0.09027777777777778
recurrent,43,test,64,"[""Mixed Baseline Exp 1"",""64291720"",""0""]",Mixed,160,0,2.2137535506687946,1.353990568549936,0.12023342878617913,0.05665389047194325,0.01875,0.3171646377634472,0.1125
recurrent,43,test,73,"[""Mixed Baseline Exp 1"",""85460730"",""0""]",Mixed,138,22,2.7315127730437063,5.661259471159625,0.2462571408331713,0.07022446989587668,0.10869565217391304,0.25371764191296203,0.18840579710144928
recurrent,43,test,78,"[""Mixed Baseline Exp 1"",""95675568"",""0""]",Mixed,47,113,2.1882955547591467,3.0307486261801606,0.304864460744746,0.15667177091094955,0.2765957446808511,0.2519484478594321,0.23404255319148937
recurrent,43,test,80,"[""Proportional Baseline Exp 1"",""11095201"",""0""]",Proportional,57,103,3.056677761590548,3.8601784064165945,0.1165206510578724,0.10710725302671797,0.05263157894736842,0.183644003072692,0.05263157894736842
recurrent,43,test,82,"[""Proportional Baseline Exp 1"",""14606420"",""0""]",Proportional,26,134,2.558236820859122,3.4532369010387405,0.19335201639268507,0.15938536075101592,0.15384615384615385,0.1793852165500151,0.07692307692307693
recurrent,43,test,89,"[""Proportional Baseline Exp 1"",""36303454"",""0""]",Proportional,104,56,3.368829586208074,8.506418135521239,0.15576356775480987,0.10102869315266856,0.028846153846153848,0.16345301384473807,0.1346153846153846
recurrent,43,test,97,"[""Proportional Baseline Exp 1"",""45673270"",""0""]",Proportional,89,71,2.83792563434765,14.393667772291606,0.20406336192283336,0.04569748648246958,0.033707865168539325,0.13172618766465047,0.449438202247191
recurrent,43,test,104,"[""Proportional Baseline Exp 1"",""63752993"",""0""]",Proportional,88,72,3.241708618979726,9.760613530868413,0.16960005989677032,0.08099890785280993,0.022727272727272728,0.16760528214833673,0.26136363636363635
recurrent,43,test,107,"[""Proportional Baseline Exp 1"",""69384851"",""0""]",Proportional,83,77,3.2040146417840183,8.363103742941027,0.15384009827184236,0.0648248814710092,0.03614457831325301,0.16387493806140882,0.04819277108433735
recurrent,43,test,111,"[""Proportional Baseline Exp 1"",""76356479"",""0""]",Proportional,88,72,2.385775732360041,5.030532838481183,0.18270571593420293,0.11759388473768763,0.03409090909090909,0.3822403709526817,0.4090909090909091
recurrent,43,test,117,"[""Proportional Baseline Exp 1"",""85019022"",""0""]",Proportional,52,108,4.201797781973875,15.921211591110053,0.16643493475206603,0.05557732010784333,0.057692307692307696,0.07510852079988904,0.057692307692307696
recurrent,43,test,122,"[""RL Agent (M1) Exp 1"",""20532812"",""0""]",M1,136,24,2.9488018513719036,5.329159605462586,0.14820163626622107,0.15280149573622717,0.13970588235294118,0.13769436367269192,0.0661764705882353
recurrent,43,test,124,"[""RL Agent (M1) Exp 1"",""22263006"",""0""]",M1,22,138,2.6746486123431223,2.8368758222784223,0.16936901773227012,0.14756818923425932,0.18181818181818182,0.13565786820775325,0.045454545454545456
recurrent,43,test,129,"[""RL Agent (M1) Exp 1"",""39583963"",""0""]",M1,92,68,3.002987748381206,5.932607291404521,0.24897109023153832,0.12567119129543775,0.15217391304347827,0.17545529480315042,0.18478260869565216
recurrent,43,test,130,"[""RL Agent (M1) Exp 1"",""47817874"",""0""]",M1,46,114,3.560174785427327,7.623780786346797,0.184719898094802,0.062142270622437046,0.043478260869565216,0.15754418133320977,0.043478260869565216
recurrent,43,test,132,"[""RL Agent (M1) Exp 1"",""49408957"",""0""]",M1,27,133,2.739952203471556,6.016355231458136,0.25699425696428935,0.08641575950024184,0.1111111111111111,0.2498230318328711,0.18518518518518517
recurrent,43,test,138,"[""RL Agent (M1) Exp 1"",""57404481"",""0""]",M1,95,65,2.817666961950151,10.7257463812461,0.21641940602432136,0.0636297180281263,0.11578947368421053,0.15895387022538643,0.3473684210526316
recurrent,43,test,140,"[""RL Agent (M1) Exp 1"",""63504480"",""0""]",M1,150,10,2.9749699493643464,6.338338753407646,0.16224466454717085,0.10985586712025466,0.12666666666666668,0.13155179307967754,0.09333333333333334
recurrent,43,test,159,"[""RL Agent (M1) Exp 1"",""96535892"",""0""]",M1,25,135,3.441942197828155,7.697771019284546,0.2436271680463748,0.07651715382147302,0.04,0.14071030869683354,0.04
uniform,reference,test,11,"[""Equal Baseline Exp 1"",""30843571"",""0""]",Equal,20,140,2.6043759677652014,6.3,0.27828774823718266,0.1489800973020787,0.2,0.1489800973020787,0.15
uniform,reference,test,13,"[""Equal Baseline Exp 1"",""35368456"",""0""]",Equal,40,120,1.7589319222863515,4.05,0.39209103785452376,0.2670132275132275,0.35,0.2670132275132275,0.45
uniform,reference,test,20,"[""Equal Baseline Exp 1"",""40800498"",""0""]",Equal,28,132,2.2345244934156656,3.0,0.27390473101054474,0.1757349896480331,0.2857142857142857,0.1757349896480331,0.17857142857142858
uniform,reference,test,25,"[""Equal Baseline Exp 1"",""46096247"",""0""]",Equal,48,112,1.8161369372166447,1.8958333333333333,0.2739344404133432,0.2583230926779314,0.125,0.2583230926779314,0.2916666666666667
uniform,reference,test,31,"[""Equal Baseline Exp 1"",""75670883"",""0""]",Equal,20,140,2.3544416125800622,3.25,0.2282984209284431,0.1780740740740741,0.2,0.1780740740740741,0.05
uniform,reference,test,35,"[""Equal Baseline Exp 1"",""92291462"",""0""]",Equal,28,132,2.1577732247250734,2.392857142857143,0.2303716258734466,0.19560090702947847,0.21428571428571427,0.19560090702947847,0.14285714285714285
uniform,reference,test,36,"[""Equal Baseline Exp 1"",""92992435"",""0""]",Equal,52,108,2.5011352720615316,2.6538461538461537,0.16365212062579848,0.13703203124419006,0.057692307692307696,0.13703203124419006,0.07692307692307693
uniform,reference,test,38,"[""Equal Baseline Exp 1"",""94815040"",""0""]",Equal,16,144,2.798180050203222,4.625,0.25833346754046704,0.08075757575757575,0.25,0.08075757575757575,0.0625
uniform,reference,test,44,"[""Mixed Baseline Exp 1"",""18823620"",""0""]",Mixed,160,0,2.979707991649817,6.4,0.29277260404035593,0.05684312560415503,0.0375,0.05684312560415503,0.24375
uniform,reference,test,47,"[""Mixed Baseline Exp 1"",""26185795"",""0""]",Mixed,160,0,2.693570641030523,3.4625,0.21893126377637567,0.07323103953342877,0.00625,0.07323103953342877,0.15
uniform,reference,test,52,"[""Mixed Baseline Exp 1"",""37465807"",""0""]",Mixed,160,0,3.289275908840635,5.8625,0.21890370334867731,0.039751539560151816,0.025,0.039751539560151816,0.025
uniform,reference,test,57,"[""Mixed Baseline Exp 1"",""47841996"",""0""]",Mixed,38,122,1.9964494167002371,1.3289473684210527,0.1906964851680581,0.23253518683472243,0.10526315789473684,0.23253518683472243,0.23684210526315788
uniform,reference,test,60,"[""Mixed Baseline Exp 1"",""50116627"",""0""]",Mixed,144,16,3.2552086610430644,13.552083333333334,0.3869191246294267,0.06894292404897591,0.13194444444444445,0.06894292404897591,0.09027777777777778
uniform,reference,test,64,"[""Mixed Baseline Exp 1"",""64291720"",""0""]",Mixed,160,0,2.4118002347769143,2.4875,0.24015113679812336,0.09690727604224121,0.01875,0.09690727604224121,0.1125
uniform,reference,test,73,"[""Mixed Baseline Exp 1"",""85460730"",""0""]",Mixed,138,22,2.890036230225588,7.271739130434782,0.2795810224900458,0.09847213113268176,0.10869565217391304,0.09847213113268176,0.18840579710144928
uniform,reference,test,78,"[""Mixed Baseline Exp 1"",""95675568"",""0""]",Mixed,47,113,2.195015937803799,3.0851063829787235,0.3007345134272612,0.17589097346856297,0.2765957446808511,0.17589097346856297,0.23404255319148937
uniform,reference,test,80,"[""Proportional Baseline Exp 1"",""11095201"",""0""]",Proportional,57,103,3.4026955352578114,15.824561403508772,0.26258346210736583,0.07912348806268685,0.05263157894736842,0.07912348806268685,0.05263157894736842
uniform,reference,test,82,"[""Proportional Baseline Exp 1"",""14606420"",""0""]",Proportional,26,134,2.594468137982708,2.980769230769231,0.17736482587915633,0.14772803474927254,0.15384615384615385,0.14772803474927254,0.07692307692307693
uniform,reference,test,89,"[""Proportional Baseline Exp 1"",""36303454"",""0""]",Proportional,104,56,3.8232817437737605,22.03846153846154,0.29841117177329324,0.07842219123414745,0.028846153846153848,0.07842219123414745,0.1346153846153846
uniform,reference,test,97,"[""Proportional Baseline Exp 1"",""45673270"",""0""]",Proportional,89,71,3.9586839336841164,26.679775280898877,0.32968120085802005,0.031240978759037977,0.033707865168539325,0.031240978759037977,0.449438202247191
uniform,reference,test,104,"[""Proportional Baseline Exp 1"",""63752993"",""0""]",Proportional,88,72,3.887362145258419,28.539772727272727,0.33414159420587425,0.06400571224519294,0.022727272727272728,0.06400571224519294,0.26136363636363635
uniform,reference,test,107,"[""Proportional Baseline Exp 1"",""69384851"",""0""]",Proportional,83,77,3.627828098880611,27.83132530120482,0.26135267361617714,0.066934069502937,0.03614457831325301,0.066934069502937,0.04819277108433735
uniform,reference,test,111,"[""Proportional Baseline Exp 1"",""76356479"",""0""]",Proportional,88,72,2.5469269593714112,8.375,0.31008170340063684,0.19851724326589285,0.03409090909090909,0.19851724326589285,0.4090909090909091
uniform,reference,test,117,"[""Proportional Baseline Exp 1"",""85019022"",""0""]",Proportional,52,108,4.562776490646586,36.625,0.2768521964367929,0.02955172957065059,0.057692307692307696,0.02955172957065059,0.057692307692307696
uniform,reference,test,122,"[""RL Agent (M1) Exp 1"",""20532812"",""0""]",M1,136,24,3.369382951407729,12.507352941176471,0.23999986755656866,0.08085642123866983,0.13970588235294118,0.08085642123866983,0.0661764705882353
uniform,reference,test,124,"[""RL Agent (M1) Exp 1"",""22263006"",""0""]",M1,22,138,2.8406321527609997,2.090909090909091,0.1504866011280101,0.11627694319345173,0.18181818181818182,0.11627694319345173,0.045454545454545456
uniform,reference,test,129,"[""RL Agent (M1) Exp 1"",""39583963"",""0""]",M1,92,68,3.2200542740084916,11.804347826086957,0.2759580264947865,0.0950805869024227,0.15217391304347827,0.0950805869024227,0.18478260869565216
uniform,reference,test,130,"[""RL Agent (M1) Exp 1"",""47817874"",""0""]",M1,46,114,3.714781783731365,11.51086956521739,0.21748581902332198,0.054496275661007634,0.043478260869565216,0.054496275661007634,0.043478260869565216
uniform,reference,test,132,"[""RL Agent (M1) Exp 1"",""49408957"",""0""]",M1,27,133,2.718647757512719,5.722222222222222,0.22969780349079857,0.11805212222632243,0.1111111111111111,0.11805212222632243,0.18518518518518517
uniform,reference,test,138,"[""RL Agent (M1) Exp 1"",""57404481"",""0""]",M1,95,65,3.7918440801513653,16.46315789473684,0.3312234460363545,0.03729207371194451,0.11578947368421053,0.03729207371194451,0.3473684210526316
uniform,reference,test,140,"[""RL Agent (M1) Exp 1"",""63504480"",""0""]",M1,150,10,3.557383339525051,14.826666666666666,0.29938694072854,0.04961805103703252,0.12666666666666668,0.04961805103703252,0.09333333333333334
uniform,reference,test,159,"[""RL Agent (M1) Exp 1"",""96535892"",""0""]",M1,25,135,3.1358742721977144,6.62,0.21810954988341572,0.0720854438424088,0.04,0.0720854438424088,0.04
