cohort,mechanism,launch_id,rounds,surplus,gini,player_mean_0,player_mean_1,player_mean_2,player_mean_3
BC 1,Equal Baseline,1024,40,2.1248142037481252,0.22056029344546624,1.8531902531650002,3.77820018178,1.4107650548625001,1.457101325185
BC 1,Equal Baseline,1025,40,1.901828847426875,0.10433796408020937,2.4565868883875,1.8792400926825,1.4012925748475,1.87019583379
BC 1,Equal Baseline,1026,40,2.69103420505375,0.24043351396506185,0.648136259615,2.9677521456025002,4.0580747356949995,3.0901736793025
BC 1,Equal Baseline,1027,40,4.6329163023249995,0.022289916571026965,4.928275032125,4.6394438158749995,4.5599236287,4.4040227326
BC 1,Equal Baseline,1028,40,1.505456879420625,0.11250030661478402,1.6811400617874999,1.8724781825625,1.4079414895025,1.06026778383
BC 1,Equal Baseline,1029,40,6.280293867675001,0.08268205675317956,5.8955986955,7.339108534999999,4.92497833145,6.961489908750001
BC 1,Equal Baseline,1030,40,2.397895752939375,0.3314417285602073,2.1000280925925,0.6819656051024999,4.86791536224,1.9416739518225001
BC 1,Equal Baseline,1031,40,2.717373121056875,0.16490467373479803,1.653912696235,2.4146813570825,3.8726207309875003,2.9282776999225
BC 1,Equal Baseline,1032,40,1.768588609761875,0.18734283521957926,2.1795363034224997,0.594773387885,2.3015367699525,1.9985079777875001
BC 1,Equal Baseline,1033,40,3.727828655198125,0.373887812210589,3.854014013365,2.5348760029775,7.758128500994999,0.764296103455
BC 1,Equal Baseline,1034,40,1.612503674444375,0.14147120049238723,2.319087283055,1.3293419461975,1.194885020385,1.6067004481400002
BC 1,Equal Baseline,1035,40,2.084523200734375,0.15695126730729483,2.09317296297,1.596629421555,3.113837440535,1.5344529778775
BC 1,Equal Baseline,1036,40,1.74459429975375,0.19032887188818395,1.225094057115,1.1577537255875001,1.8877431877325002,2.7077862285800003
BC 1,Equal Baseline,1037,40,2.09810203061125,0.36635631892199483,0.9538766838075,0.49133138978749996,3.88955889542,3.05764115343
BC 1,Equal Baseline,1038,40,5.881282725,0.27104267816741456,5.515397904,10.6718001795,2.34380384625,4.99412897025
BC 1,Equal Baseline,1039,40,6.4661654369749995,0.12023439146521961,6.521415408275,3.955183326375,7.7190949185,7.668968094749999
BC 1,Equal Baseline,1040,40,2.5986749024425,0.22845846582129326,3.745617530485,3.428154633185,0.9725256382274999,2.2484018078725
BC 1,Equal Baseline,1041,40,4.50745724426875,0.1738687486597733,3.67002572395,4.511829615,2.9744049323749997,6.87356870575
BC 1,Equal Baseline,1042,40,2.550325874755,0.16729878795724026,1.8762955462975,4.0518723735975,1.9866016085725,2.2865339705525
BC 1,Equal Baseline,1043,40,1.93342147351375,0.0635360591943257,2.1263642824775,2.1571367784675,1.591059042875,1.8591257902350002
BC 1,Equal Baseline,1044,40,1.938016105448125,0.12264301550473794,1.65439234125,1.5730240055000002,1.6987668195375,2.825881255505
BC 1,Equal Baseline,1045,40,2.428556238565625,0.2653370229563065,2.5694302605425,3.5361438176699997,3.2742813886124997,0.3343694874375
BC 1,Equal Baseline,1046,40,5.14174642700625,0.1498242883662534,6.2347108358500005,6.7154105125,3.2191710117500003,4.397693347925
BC 1,Equal Baseline,1047,40,2.10267551398,0.1984318828649724,2.3277942473225,3.140281226795,1.0651027826075,1.877523799195
BC 1,Equal Baseline,1048,40,10.87611948593125,0.180560674861558,12.875102680000001,15.813247994,7.038963902099999,7.7771633676250005
BC 1,Equal Baseline,1049,40,2.2709483115349998,0.2194167281706019,2.4215689517375,3.7142762015549997,1.321952344885,1.6259957479625
BC 1,Equal Baseline,1050,40,4.298099891441875,0.16849689118658256,2.9918427201749997,4.2559960055275,3.3816717124299998,6.5628891276350005
BC 1,Equal Baseline,1051,40,3.3844444888825,0.11086543075294084,2.88312821925,2.7955956555299997,4.7071737215,3.1518803592499998
BC 1,Equal Baseline,1052,40,1.968168275599375,0.13226855564738377,1.9252202563125,1.3034504361199999,1.965603631935,2.67839877803
BC 1,Equal Baseline,1053,40,10.31087919075,0.08006892489251911,8.9336414345,8.5191916025,11.95491435,11.835769376
BC 1,Equal Baseline,1054,40,6.1323976939125,0.1343507045594067,5.94075152175,8.599918830750001,4.2846581889,5.70426223425
BC 1,Equal Baseline,1055,40,1.467699598713125,0.12047982334452068,1.11343580159,1.9262537651399998,1.6109529757425,1.22015585238
BC 1,Equal Baseline,1056,40,2.062094961381875,0.17641988017467006,1.31033903167,3.2154305251875,1.808586016645,1.914024272025
BC 1,Equal Baseline,1057,40,2.017162293541875,0.11407008839532158,2.6265823259025,1.686196492345,2.1889066701275,1.5669636857925
BC 1,Equal Baseline,1058,40,2.3350232123324997,0.2238412352465236,2.8937264782899996,3.4766010921399997,1.9742788824175002,0.9954863964825
BC 1,Equal Baseline,1059,40,1.736783634550625,0.1680025221639956,1.8433120825675,2.2167753901875,0.75637916413,2.1306679013175
BC 1,Equal Baseline,1060,40,2.402286106091875,0.18052412360555256,2.7724284661375,0.8210657721225001,3.079352549815,2.9362976362925
BC 1,Equal Baseline,1061,40,1.825404171943125,0.2022070860449799,0.96504749948,1.5805968402250001,2.8127607630025,1.943211585065
BC 1,Equal Baseline,1062,40,2.18115914288,0.15748088957711495,2.04077560472,3.0112937041200003,2.38011259862,1.29245466406
BC 1,Equal Baseline,1063,40,6.8485763064,0.21442070242708072,8.624714641,3.60918998525,4.94568045185,10.2147201475
BC 1,Equal Baseline,1064,40,2.418375946930625,0.1349418584914521,2.7310028519275003,2.5072817225525,1.3846560753575,3.050563137885
BC 1,Equal Baseline,1065,40,3.13213578755375,0.2873504593809832,1.8884255372774998,1.2945647282875,5.4134486779225,3.9321042067275003
BC 1,Equal Baseline,1066,40,10.09970919509375,0.09659567052966338,11.897989026800001,11.0676190425,10.57375546,6.859473251075
BC 1,Equal Baseline,1067,40,2.3932539414537497,0.250927252037879,3.446907972465,0.48058959719749994,2.4679755813149997,3.1775426148375
BC 1,Equal Baseline,1068,40,3.94068342659375,0.2207401676500778,3.7526964769999998,1.772407450375,6.3750814865,3.8625482925
BC 1,Equal Baseline,1069,40,6.1164946312875,0.18729312922951674,7.15074631375,3.5172107699,8.882036537000001,4.9159849045
BC 1,Equal Baseline,1070,40,2.1789724420087504,0.2436623127181938,3.2640708939675003,1.1198685615100001,1.1348109384125,3.1971393741450003
BC 1,Equal Baseline,1071,40,1.66208313754,0.16181396844504412,1.637762456505,2.4157740857225,0.9935582059025,1.6012378020300002
BC 1,Equal Baseline,1072,40,6.6889819561875,0.051816202782923086,5.61133386,7.44947388075,6.8319889095,6.8631311745
BC 1,Equal Baseline,1073,40,1.98179642432875,0.07527054087882054,1.6727903458899998,2.0943634742849997,2.367693415215,1.792338461925
BC 1,Equal Baseline,1074,40,1.97587810806625,0.0992496819004749,2.186737584405,2.34818729357,2.006073788475,1.3625137658150002
BC 1,Equal Baseline,1075,40,1.8468900944618751,0.06441009984161616,1.697972401905,2.2719794676875003,1.65806012583,1.759548382425
BC 1,Equal Baseline,1076,40,1.8879928540625,0.2529213659123203,1.0291707378575,3.3079106884825,2.009444920875,1.205445069035
BC 1,Equal Baseline,1077,40,6.3270367666125,0.0952989364335874,7.024679110149999,7.0452368323000005,7.223582274,4.01464885
BC 1,Equal Baseline,1078,40,5.010851747645625,0.1143036208543951,4.8530102187375,6.8600348695175,3.9693084759175,4.361053426410001
BC 1,Equal Baseline,1079,40,7.01710477625625,0.14887295979944107,8.494432541,9.34646445725,4.795894644875,5.4316274619
BC 1,Equal Baseline,1080,40,2.480508184133125,0.030067859522088767,2.5099157818049997,2.4661341440075,2.2813988206625,2.6645839900575004
BC 1,Equal Baseline,1081,40,4.411963044361875,0.08805893448802081,3.6354066956750004,5.4812591597900004,3.9262697396675,4.604916582315
BC 1,Equal Baseline,1082,40,5.86141621498125,0.2785588001556098,5.865636397175,10.621981175,4.633273515,2.32477377275
BC 1,Equal Baseline,1083,40,1.579323011113125,0.12401133168658522,1.56298265824,1.053002099435,1.6241348537225,2.077172433055
BC 1,Equal Baseline,1084,40,1.932870393879375,0.17181207476061433,0.766142755165,2.4418077362475,2.11853923275,2.404991851355
BC 1,Equal Baseline,1085,40,2.944348692698125,0.1454333653470307,2.3981334287275002,4.061935860669999,3.2539017292624997,2.0634237521325
BC 1,Equal Baseline,1086,40,4.150999994024375,0.3507454405256606,3.6414507012625004,1.20866831338,8.7583860861875,2.9954948752675
BC 1,Equal Baseline,1087,40,2.266672090339375,0.223517915057516,1.185975046255,1.6084728425950001,3.5002133124399997,2.7720271600674997
BC 1,Equal Baseline,1088,40,1.8791254700375002,0.11250586467732303,1.4747187182275001,1.47723007068,2.35971765381,2.2048354374325
BC 1,Equal Baseline,1089,40,2.504301333836875,0.22860629583969033,1.62760456142,4.1906762959399995,1.4958409947175,2.70308348327
BC 1,Equal Baseline,1090,40,2.60982300048375,0.26039274157899217,2.951990937075,4.5292630033975,1.3542392138475,1.6037988476149998
BC 1,Equal Baseline,1091,40,2.3201719123075,0.06449851447049443,2.56330961434,2.317218628765,1.844626838455,2.5555325676700003
BC 1,Equal Baseline,1092,40,4.11184179464375,0.1620522204119526,5.622041124000001,3.9192860573,4.6081530405,2.2978869567749998
BC 1,Equal Baseline,1093,40,2.304638222798125,0.06810874276799374,2.44897743654,1.920043092545,2.66803509836,2.1814972637474996
BC 1,Equal Baseline,1094,40,2.40330275801875,0.03317812799420627,2.5019803482725,2.2941893116475,2.23052029481,2.586521077345
BC 1,Equal Baseline,1095,40,2.839991603265,0.09920829857565334,2.73232094363,2.10401147496,3.5143665664525003,3.0092674280175
BC 1,Equal Baseline,1096,40,12.2579773699625,0.21859721802833793,13.3722734911,15.3485410525,16.9716622125,3.33943272375
BC 1,Equal Baseline,1097,40,2.060475278176875,0.1501016583312263,1.7953357678075001,3.0925672410025,1.471967989955,1.8820301139424997
BC 1,Equal Baseline,1098,40,5.95137866775,0.14495286191306891,6.897400809750001,4.128590804,8.01765114575,4.7618719115
BC 1,Equal Baseline,1099,40,1.927696843550625,0.13348329918263732,1.5859971857875002,2.5165405764799997,1.3637072008925002,2.2445424110425
BC 1,Equal Baseline,1100,40,5.86421923398125,0.12578422959196037,6.308290212925,6.924694633250001,6.9762154375,3.24767665225
BC 1,Equal Baseline,1101,40,3.2455639732174997,0.1541850815261113,3.1954955427775,4.85016076019,2.4013487502524997,2.5352508396499998
BC 1,Equal Baseline,1102,40,2.289344429525,0.15898349233194223,1.5365365987875,2.82697988277,1.6938665587825,3.0999946777600003
BC 1,Equal Baseline,1103,40,7.79766977175,0.05961197448807568,6.811073222499999,9.215020169499999,7.695048359,7.469537336
BC 1,Equal Baseline,1104,40,3.1399345707728124,0.24696390326808507,3.9930259254762497,4.6656041600750005,3.060347074295,0.840761123245
BC 1,Equal Baseline,1105,40,4.006871555234375,0.13387000404726426,2.9382677452625,3.6315408208475,3.6721451633949997,5.7855324914325
BC 1,Equal Baseline,1106,40,2.8832554386412497,0.2524489808435348,1.6589501662325,2.0900313676225,5.464419998777499,2.3196202219325
BC 1,Equal Baseline,1107,40,7.4343157848125,0.0615625865850502,8.1315336575,5.93733110425,7.5004810325,8.167917345
BC 1,Equal Baseline,1108,40,4.9231963148125,0.2134697416069118,4.27245985825,2.12743632775,6.2043216275,7.08856744575
BC 1,Equal Baseline,1109,40,11.52771456614375,0.20379516805238462,13.0220051525,13.327946495,16.0942431575,3.6666634595749996
BC 1,Equal Baseline,1110,40,1.81207540766375,0.13788092889143297,1.9375937835100001,1.0116169121825,2.3354819159874998,1.963609018975
BC 1,Equal Baseline,1111,40,1.8425574796150002,0.058766677103609354,1.5185176122900002,1.8604366647525001,1.91267086772,2.0786047736975
BC 1,Equal Baseline,1112,40,1.68076734681125,0.1202589819512206,1.24347349252,2.09621226428,2.0296026177775,1.3537810126675
BC 1,Equal Baseline,1113,40,2.54450982506375,0.14124452078287145,3.220122525705,1.4178732746425,2.9418324403075,2.5982110595999997
BC 1,Equal Baseline,1114,40,7.780185129125,0.2579944759466148,8.422518309,5.616485438,13.425849,3.6558877695
BC 1,Equal Baseline,1115,40,2.2395206492199997,0.29453153331916015,2.4939717780675,1.289253991985,4.1456006509725,1.0292561758549998
BC 1,Equal Baseline,1116,40,2.0594620746737498,0.1916814615506326,1.9868816712075,2.8819676923774997,0.9279622833325,2.4410366517775
BC 1,Equal Baseline,1117,40,11.625098133125,0.11930275331541902,7.4421808025,11.31167825,13.7054401725,14.0410933075
BC 1,Equal Baseline,1118,40,5.199825279375,0.060133058296495887,5.176809637125,6.1411979057499995,4.923189858,4.558103716625
BC 1,Equal Baseline,1119,40,1.649675297599375,0.20927364300363005,1.6283726332575,0.6372224044575,1.967770831295,2.3653353213875
BC 1,Equal Baseline,1120,40,2.282730117519375,0.10400424728045675,1.99115952483,1.7732732619475002,2.4949328486774998,2.8715548346224997
BC 1,Equal Baseline,1121,40,5.9514593581,0.10815489090170725,4.8539093498999994,8.062856075000001,5.78055141675,5.1085205907499995
BC 1,Equal Baseline,1122,40,3.8678246323993752,0.10817001069223851,4.0382742189,4.309490595390001,2.4912825688224998,4.632251146485
BC 1,Equal Baseline,1123,40,3.27305964659375,0.1415029546940298,2.116922258,3.75185784925,4.3081822945,2.9152761846249997
BC 1,Equal Baseline,1124,40,2.749797740726875,0.22662199434136576,3.09532944375,4.5076076453675,1.7706218050699998,1.6256320687199999
BC 1,Equal Baseline,1125,40,1.90056880973875,0.24998433392898747,2.8443078519975,0.67754396382,2.5909653032125,1.489458119925
BC 1,Equal Baseline,1126,40,2.54454969243625,0.26892391034416546,3.55429931285,4.0848056933,1.3786044758575,1.1604892877375002
BC 1,Equal Baseline,1127,40,3.418357887105,0.15723021481746643,2.780177303875,2.5668252469275,5.37686518282,2.9495638147975
BC 1,Equal Baseline,1128,40,2.493017448998125,0.0413487034049671,2.4248798490325,2.6188130005075,2.22162256092,2.7067543855325
BC 1,Equal Baseline,1129,40,10.7666858341625,0.23080209284837197,13.4827354125,9.0577417435,16.152230475,4.37403570565
BC 1,Equal Baseline,1130,40,1.7527127132837501,0.1309179509186566,1.6736942302325002,1.1854166553275,2.3747945700975,1.7769453974775
BC 1,Equal Baseline,1131,40,2.77153104513625,0.1416518586712962,2.41730003456,3.13666311227,3.6931000676625,1.8390609660525001
BC 1,Equal Baseline,1132,40,3.04543879228,0.35265694661308306,3.2465344306275,6.28889833706,1.1414923555274998,1.5048300459050001
BC 1,Equal Baseline,1133,40,1.4908929867219376,0.09923646993552852,1.51909071369775,1.4891220447325,1.0881384869125,1.867220701545
BC 1,Equal Baseline,1134,40,1.949598323100625,0.2040120793510898,2.0447695184450003,2.3708515678925,2.697683382245,0.6850888238199999
BC 1,Equal Baseline,1135,40,2.118989147689375,0.16593422265862853,1.5792342612225,1.7759710322874998,3.4270720303325,1.6936792669149998
BC 1,Equal Baseline,1136,40,3.1397675275712498,0.20924339299136738,2.0001704598675003,1.7805900301075,4.240689269984999,4.537620350325
BC 1,Equal Baseline,1137,40,5.285979608025,0.13642084824239065,5.204752908750001,4.309119189,7.588731739000001,4.04131459535
BC 1,Equal Baseline,1138,40,7.66407028903125,0.15041616168306673,7.05612964625,6.0914166101500005,11.6677153725,5.841019527225
BC 1,Equal Baseline,1139,40,3.0830399807237496,0.1925518023420436,3.72000587847,3.11582098625,4.2305221269999995,1.2658109311749999
BC 1,Equal Baseline,1140,40,1.98818198148375,0.1617935337315369,2.8167932073075,2.0963601157325003,1.180182659495,1.8593919434
BC 1,Equal Baseline,1141,40,3.11620413525,0.2061879655826697,3.0860510314,4.90912933125,2.9379250828499996,1.5317110955
BC 1,Equal Baseline,1142,40,1.8121900382493752,0.17370531296496183,1.56046649717,2.3781161762050003,0.9618667267825,2.3483107528400002
BC 1,Equal Baseline,1143,40,11.970306257125,0.04692354483490509,13.0559443485,12.0193504425,10.241846400750001,12.56408383675
BC 1,Equal Baseline,1144,40,9.1912335654875,0.05798505305893693,10.572716064,9.701889844,8.289106840699999,8.201221513250001
BC 1,Equal Baseline,1145,40,1.68395889696375,0.1277224562192684,1.2141532594975,1.984387216515,2.159159384425,1.3781357274175
BC 1,Equal Baseline,1146,40,2.098289220664375,0.19688095505563386,2.5732694894725,2.8182438701875,0.7082733025400001,2.2933702204574997
BC 1,Equal Baseline,1147,40,3.603947464629875,0.2787919883595526,2.4598199297370003,1.6312588637099998,6.5524561647574995,3.772254900315
BC 1,Equal Baseline,1148,40,8.94678968491875,0.28458081467719326,7.5832633327500005,2.2618627869249996,11.359945505,14.582087114999998
BC 1,Equal Baseline,1149,40,10.694100640375,0.24702602695336284,9.737562192,5.945830797,19.365119715,7.7278898575
BC 1,Equal Baseline,1150,40,2.527998028663125,0.23322331023239437,3.5107189030325,3.2868052525175004,0.5355424532099999,2.7789255058925
BC 1,Equal Baseline,1151,40,2.0675283525943753,0.0564301327016896,1.957717229475,2.2108286280575,2.3197209414625,1.7818466113825
BC 1,Equal Baseline,1152,40,1.768254308386875,0.09694642067490872,1.5640526147225,1.5394300063325,2.4377993409575,1.531735271535
BC 1,Equal Baseline,1153,40,1.728247947463125,0.08735541318388575,1.4061556719725001,1.9346036310925,1.504321264745,2.0679112220425
BC 1,Equal Baseline,1154,40,10.464431511268751,0.24966408711357482,10.93725702,5.194335184575,7.68279228525,18.043341555250002
BC 1,Equal Baseline,1155,40,2.8522971083425,0.22933029157761983,3.3087012889775,0.99211946109,2.797888978815,4.3104787044875
BC 1,Equal Baseline,1156,40,6.0574994214625,0.19705235776294736,5.29803574275,6.63489604685,9.1087750125,3.18829088375
BC 1,Equal Baseline,1157,40,2.48655197194375,0.1620092956890197,1.4846840864375,2.8983407461999997,3.3911017767375,2.1720812784
BC 1,Equal Baseline,1158,40,1.649660840225,0.1664226679414327,1.9767734595325,1.0007433158174999,1.3613169842675,2.2598096012825
BC 1,Equal Baseline,1159,40,1.8440278394162501,0.16495282818746176,1.9238719423475001,2.44746047752,2.1156672602675,0.8891116775300001
BC 1,Equal Baseline,1160,40,3.91108873141875,0.13510392159730134,4.247584829825,2.2035212623500002,5.002670649000001,4.1905781845
BC 1,Equal Baseline,1161,40,2.21766905239125,0.1964526858684888,2.98383535682,2.9029499837025,2.03394461016,0.9499462588825001
BC 1,Equal Baseline,1162,40,2.69733558334675,0.14114757110479811,2.6185066679944997,3.4403634312575,3.1450977333325,1.5853745008025
BC 1,Equal Baseline,1163,40,2.85603819735,0.20792324427759637,3.2457211040600003,4.17049011914,1.12393112545,2.88401044075
BC 1,Equal Baseline,1164,40,5.736048364775,0.18345216575179218,5.39999162015,3.1322385152,8.610695884,5.80126743975
BC 1,Equal Baseline,1165,40,5.5783001403000005,0.2322292412999009,5.8982038528250005,9.2688998005,4.2302490092500005,2.915847898625
BC 1,Equal Baseline,1166,40,1.508595645611875,0.05523411560386836,1.6414651301774998,1.47493589513,1.6534384295,1.26454312764
BC 1,Equal Baseline,1167,40,2.551374562506875,0.1733545127812214,2.3266436762625,2.8425622330025,1.4246864786225,3.6116058621400002
BC 1,Equal Baseline,1168,40,1.917132059160625,0.17524834469544462,0.97758659292,2.6157728643375,2.26809874201,1.807070037375
BC 1,Equal Baseline,1169,40,1.436352057476875,0.09920720945573289,1.602541465725,1.7342249745025,1.0583154644300001,1.35032632525
BC 1,Equal Baseline,1170,40,2.3600372599237502,0.042312133742319104,2.3467610712925002,2.6693491851525,2.16651922432,2.25751955893
BC 1,Equal Baseline,1171,40,1.988332866475,0.1552310482216954,1.8624947491525,1.2485102499275,2.85205747667,1.9902689901500001
BC 1,Equal Baseline,1172,40,1.748059769243125,0.11100766585278869,1.364217526495,2.05004553213,2.181337905445,1.3966381129024998
BC 1,Equal Baseline,1173,40,3.419879210768125,0.1606931153204491,4.9410316762725,2.2621756042675,3.6162790284425,2.86003053409
BC 1,Equal Baseline,1174,40,4.431885208200001,0.24336539281044076,5.044213779750001,2.1965565688249997,3.16444394315,7.322326541075
BC 1,Equal Baseline,1175,40,8.213115511625,0.12396946797504611,8.97964392775,7.9184287974,5.43892902135,10.515460299999999
BC 1,Equal Baseline,1176,40,3.4520930553125,0.14561095786643613,4.264994978300001,1.59161082175,3.9871075871999997,3.964658834
BC 1,Equal Baseline,1177,40,3.555063328830625,0.2679682196813212,2.7844038479999997,1.121871240935,4.77480662553,5.5391716008575
BC 1,Equal Baseline,1178,40,2.7959147208,0.2295824448173875,2.6747334485075003,2.0380598301925,4.84103503147,1.62983057303
BC 1,Equal Baseline,1179,40,1.851169547323125,0.14523701942199188,2.12297125683,1.370878416515,1.3638074713650001,2.5470210445825
BC 1,Equal Baseline,1180,40,11.639391654250002,0.17125001058289308,9.027346855000001,6.95661300375,15.60775710575,14.965849652500001
BC 1,Equal Baseline,1181,40,11.2997665585625,0.17700191402405968,10.484720002500001,15.219116735,13.8285858075,5.66664368925
BC 1,Equal Baseline,1182,40,5.560127709809374,0.17955445556927618,5.5309221395,3.8480263712375,4.1494996875,8.712062641
BC 1,Equal Baseline,1183,40,6.935894719175,0.19170636854341666,8.19299406225,6.17644098175,9.8967269075,3.4774169252
BC 1,Equal Baseline,1184,40,1.854763030699375,0.1451530021172111,1.7120471482525002,1.1066160814975,2.2308402662224998,2.369548626825
BC 1,Equal Baseline,1185,40,1.6398882738624998,0.18424121387679557,1.2014415634475,1.03848465541,1.90391250046,2.4157143761324997
BC 1,Equal Baseline,1186,40,2.913754074393125,0.15098074018681387,2.1247711422975,2.48784032631,4.4292404371125,2.6131643918525
BC 1,Equal Baseline,1187,40,1.652243200206875,0.04939738521294848,1.6499124629800002,1.4674400058975,1.6041473849800003,1.88747294697
BC 1,Equal Baseline,1188,40,2.6725343969425,0.07123087090454322,2.018258485705,2.9957446502025,2.781360851745,2.8947736001175
BC 1,Equal Baseline,1189,40,1.7218230556281249,0.18746498457264807,1.4428797765275,2.5726305885225,0.9955723313849999,1.8762095260774998
BC 1,Equal Baseline,1190,40,9.8767554021875,0.05473347712343324,11.2658377025,8.74271102625,9.2092131275,10.2892597525
BC 1,Equal Baseline,1191,40,2.2423624854175,0.1412133989706144,1.5497367007325,3.158026593495,2.010065136545,2.2516215108975
BC 1,Equal Baseline,1192,40,10.684255570225,0.2613704649953391,9.540618275,3.4935343216500003,12.20330313425,17.49956655
BC 1,Equal Baseline,1193,40,11.6608117824375,0.0832398442310873,12.172960745000001,8.8180134741,13.8659147725,11.78635813815
BC 1,Equal Baseline,1194,40,2.443230534583125,0.18043294604184243,2.4274590145025,2.584866608905,3.5296350803000003,1.230961434625
BC 1,Equal Baseline,1195,40,2.34608662048875,0.12820829579340115,1.4054894065475,2.6885824766025,2.9076911550475,2.3825834437575
BC 1,Equal Baseline,1196,40,6.839417959437499,0.23054564835025182,3.93367021125,7.723310487499999,4.4489011265,11.251790012499999
BC 1,Equal Baseline,1197,40,1.869777264144375,0.20082804042610916,1.27586141141,1.28767876067,3.1038766871325003,1.8116921973649998
BC 1,Equal Baseline,1198,40,3.160920905759375,0.13774852686807135,3.6397268265925,3.2969140940800004,3.95748509127,1.7495576110950002
BC 1,Equal Baseline,1199,40,5.728093626965,0.3361522822121336,3.636009042205,4.1645649221775,12.602505612887501,2.50929493059
BC 1,Equal Baseline,1200,40,8.5856162060625,0.23436555108237705,5.7802422185,9.53125302,4.7748594637499995,14.256110122
BC 1,Equal Baseline,1201,40,1.7608290770525,0.11724072774300984,1.9442393836074998,1.256000974785,1.6006025474775,2.24247340234
BC 1,Equal Baseline,1202,40,6.286511474219376,0.275818865654366,4.4707298174400005,3.6066817055625,4.278393100625,12.79024127325
BC 1,Equal Baseline,1203,40,3.62064430341875,0.26120496741460647,4.11433023043,0.9445525442925,5.8186765695275,3.605017869425
BC 1,Equal Baseline,1204,40,2.9728499955225,0.2897202226801629,1.0996171427425,2.011226899525,5.155119295545,3.6254366442775003
BC 1,Equal Baseline,1205,40,6.15888171876875,0.34258816097090505,7.63977409755,11.96451614,2.37136324665,2.659873390875
BC 1,Equal Baseline,1206,40,8.9556553584375,0.09802572572562018,10.4178216225,10.1901759325,9.123192345,6.09143153375
BC 1,Equal Baseline,1207,40,1.72374650596875,0.24474112998823427,2.07788552928,0.66767630971,2.70612856692,1.443295617965
BC 1,Equal Baseline,1208,40,1.884656690179375,0.09848492162400305,1.41595455389,1.7948110478200001,2.342288906605,1.9855722524025001
BC 1,Equal Baseline,1209,40,2.1483363951918752,0.2194182609651283,2.4989864956825,2.8627004228675004,0.44465641558,2.7870022466375
BC 1,Equal Baseline,1210,40,6.788455151521251,0.18519133414081557,8.0881158025,3.091371489335,9.31873526,6.6555980542499995
BC 1,Equal Baseline,1211,40,1.731713228453125,0.13235304332433545,1.3066649106975,2.49012155705,1.6234283811099999,1.506638064955
BC 1,Equal Baseline,1212,40,1.6765714937012501,0.11169389184253814,2.0956502995575,1.866405759125,1.5377689059550002,1.2064610101675
BC 1,Equal Baseline,1213,40,2.273596434398125,0.21839155127014143,1.624263714485,3.5655152652075004,1.2580852006775,2.6465215572225
BC 1,Equal Baseline,1214,40,2.255672148841875,0.3269501648518016,1.7936901344225,0.673630794595,4.5295464732525,2.0258211930975003
BC 1,Equal Baseline,1215,40,10.185839793310626,0.13526977776632632,13.3488870975,11.508244765,9.074578219,6.8116490917425
BC 1,Equal Baseline,1216,40,2.0709853868006247,0.09626881546426257,2.8006554319475,1.7729917054624997,1.9086220954175002,1.801672314375
BC 1,Equal Baseline,1217,40,3.263502063970625,0.2118725718632654,3.7583452747175,2.42548799707,1.8133728367900002,5.056802147305
BC 1,Equal Baseline,1218,40,2.37412432598375,0.18117234084082634,1.930469246705,3.5453831528675,1.4610786327225,2.55956627164
BC 1,Equal Baseline,1219,40,7.34231810195,0.20798524163992277,8.42806739375,2.7960271578,7.51050465375,10.6346732025
BC 1,Equal Baseline,1220,40,10.473652485225,0.21809121499553744,10.6926193704,16.0747649525,11.0993467255,4.0278788925
BC 1,Equal Baseline,1221,40,2.717745456514375,0.09924832723509952,3.0680798914175,3.2684161830824996,2.0115678212750003,2.5229179302825
BC 1,Equal Baseline,1222,40,6.095514715308125,0.1951596760768828,7.5882650779575,3.3972780461,4.63809982835,8.758415908825
BC 1,Equal Baseline,1223,40,2.065319679884375,0.26272093479762576,1.3778656223924999,0.888489503405,2.629896588665,3.3650270050750004
BC 1,Equal Baseline,1224,40,3.7837622250887497,0.17085129696140905,3.9188688927899995,5.4646172163674995,2.1088934069475,3.64266938425
BC 1,Equal Baseline,1225,40,1.6408928286175,0.1951269814350554,0.66671156278,1.6740600920125002,2.2871572763900003,1.9356423832874998
BC 1,Equal Baseline,1226,40,7.1589271375625,0.1441687354467944,7.242079273749999,10.2808142935,5.229105805,5.883709178
BC 1,Equal Baseline,1227,40,2.0633361610575,0.20366485154341596,1.3881433756175,1.1480962893600002,2.91949605563,2.7976089236225
BC 1,Equal Baseline,1228,40,2.299234045626875,0.13782013552257152,1.5196613759625,3.188912459255,2.2753505308375,2.2130118164525
BC 1,Equal Baseline,1229,40,2.132572474399375,0.21599478099077293,2.2816549976625002,1.0261042088,1.8752355129475,3.3472951781874998
BC 1,Equal Baseline,1230,40,1.873175998055,0.14048979827616448,1.1334639653175,2.4132179959175,2.1586769144125,1.7873451165725
BC 1,Equal Baseline,1231,40,3.903411136479375,0.31829406673785277,5.2290387294325,6.646037615727501,2.9637373510675,0.77483084969
BC 1,Equal Baseline,1232,40,2.71865073825625,0.23351697362912557,3.9016832322550004,0.96877464862,3.6815184026399996,2.32262666951
BC 1,Equal Baseline,1233,40,2.01653236545125,0.07716348550376724,2.0510985164925,1.8257835993425,2.472011629325,1.7172357166449999
BC 1,Equal Baseline,1234,40,1.9356513889275,0.1081546343512472,2.0469132334325,1.349783391315,2.4244851406725,1.92142379029
BC 1,Equal Baseline,1235,40,3.3994879150374997,0.1481389341521809,3.6375065077499995,2.8071054519,4.781193718,2.3721459825
BC 1,Equal Baseline,1236,40,3.76796751808125,0.113679840559556,3.4318153749499998,4.9335601715,2.8054721296,3.9010223962749997
BC 1,Equal Baseline,1237,40,7.991415002,0.17095283100309447,7.554699802749999,12.58348919,6.017862983,5.80960803225
BC 1,Equal Baseline,1238,40,1.45433237808,0.06790435776754067,1.1256429766924998,1.6326769653625,1.55899785104,1.500011719225
BC 1,Equal Baseline,1239,40,2.1569428091725,0.214947271833783,2.0260866891625,2.04265776071,1.045931312445,3.5130954743725
BC 1,Equal Baseline,1240,40,5.6570566722125,0.26885332180759064,5.4144420226,6.2796134525,9.3786729765,1.55549823725
BC 1,Equal Baseline,1241,40,9.856049970425001,0.17371644022328048,10.35636792425,13.6207310825,10.807500987500001,4.63959988745
BC 1,Equal Baseline,1242,40,1.96202947803125,0.13606851867457537,2.395193682035,1.8661945899824999,1.169610149605,2.4171194905025
BC 1,Equal Baseline,1243,40,3.3445718490224996,0.1853479808946593,2.496847286615,5.6689400045325,2.7615204536549998,2.4509796512874997
BC 1,Equal Baseline,1244,40,3.70530260448125,0.06593096045309753,3.47703727145,4.26334425935,3.959549426625,3.1212794605
BC 1,Equal Baseline,1245,40,2.09505555547625,0.18815653518079525,3.2805051022725005,1.9344665500824998,1.1912812542525,1.9739693152975
BC 1,Equal Baseline,1246,40,7.93196003335,0.14297819796042557,10.0271159815,4.5661857039,7.6858858255,9.448652622500001
BC 1,Equal Baseline,1247,40,2.12631814102375,0.22557237831747173,1.72378816222,3.439705007445,1.065722003115,2.276057391315
BC 1,Equal Baseline,1248,40,1.80457380597375,0.13527906716135085,1.6209105684025,2.1371950484925,1.1651527205925,2.2950368864075
BC 1,Equal Baseline,1249,40,4.08050175937,0.12550672988812028,4.021652112657501,3.714183098595,2.9786495964674997,5.60752222976
BC 1,Equal Baseline,1250,40,1.470113061455625,0.1390797886676796,1.7589217513075,1.6149710534049997,0.7320367997925,1.7745226413175001
BC 1,Equal Baseline,1251,40,1.62297268852,0.1201868681026614,1.1116454788649999,1.713029992085,1.5646948334225002,2.1025204497075
BC 1,Equal Baseline,1252,40,3.506490332406875,0.20717440284271751,3.242725845805,4.8551747193525,4.52116615805,1.40689460642
BC 1,Equal Baseline,1253,40,2.629776536531875,0.19752804997343357,1.6947606240550002,2.626401372275,4.2417746869299995,1.9561694628675
BC 1,Equal Baseline,1254,40,4.548726311161875,0.2191979353961671,4.9420098665975,1.6049253580875,6.8684697212625,4.7795002986999995
BC 1,Equal Baseline,1255,40,3.2822062411624997,0.13038535908937948,2.2887551045,4.179579374225,2.7428685326749997,3.91762195325
BC 1,Equal Baseline,1256,40,3.4867078143437498,0.20148683271345486,3.5003299247575,4.952772521915,1.402826256485,4.0909025542175
BC 1,Equal Baseline,1257,40,1.638931859693125,0.08009576094868008,1.7042959432300002,1.547747878995,1.975807782755,1.3278758337925
BC 1,Equal Baseline,1258,40,4.4886358378375,0.22551835326449837,3.4550638955000004,7.40771391875,2.41588179925,4.6758837378499996
BC 1,Equal Baseline,1259,40,1.9804806584199999,0.2490167214838248,1.6400310904275,3.2662128193825,2.19479840306,0.82088032081
BC 1,Equal Baseline,1260,40,2.404519423025625,0.11959950683663244,2.2879616229775,3.1645236984649996,2.4731092585825,1.6924831120775
BC 1,Equal Baseline,1261,40,4.429686626691875,0.1679060901673022,5.912677911525,4.314639729925,2.2536202688749998,5.2378085964425
BC 1,Equal Baseline,1262,40,2.2475448900125,0.1916245131525681,2.5287990825375,1.1794830710000002,1.9862717409200001,3.2956256655925005
BC 1,Equal Baseline,1263,40,3.6351164819,0.10187015980792152,3.7546350768775,2.87833417456,4.6782056184675,3.229291057695
BC 1,Equal Baseline,1264,40,3.123357985535,0.16267454554579955,2.0673525648625,4.3942800849625,2.4415641993175,3.5902350929975
BC 1,Equal Baseline,1265,40,6.3277374515,0.07894689031094042,5.34157106,5.733732649,6.477804675,7.757841422
BC 1,Equal Baseline,1266,40,2.3917078242825003,0.1280624964938798,2.3426316772275,2.2327428834925,1.69727496753,3.29418176888
BC 1,Equal Baseline,1267,40,1.942337350130625,0.31263363488322127,0.7951276368925,0.8793435519024999,2.652034198775,3.4428440129525
BC 1,Equal Baseline,1268,40,1.973224017035625,0.2575562457058029,1.920619128965,3.4032520763100003,1.8540789734674998,0.7149458894
BC 1,Equal Baseline,1269,40,2.787941318774375,0.09977580873554986,3.32557155018,3.3460494788574997,2.2637091740175,2.2164350720425
BC 1,Equal Baseline,1270,40,1.6312835334993752,0.1500011129607991,1.455033590965,1.88329742638,2.1745425073025,1.01226060935
BC 1,Equal Baseline,1271,40,4.5854903054337495,0.1341711146374735,6.1004303154525,5.2403837825675,3.652806084625,3.3483410390899997
BC 1,Equal Baseline,1272,40,4.66262272488125,0.09970096464276486,5.764874792375,3.3185636132500003,4.73404914815,4.83300334575
BC 1,Equal Baseline,1273,40,1.5064697989843752,0.04195857669073946,1.2668569048025,1.58731037916,1.5726315357975,1.5990803761775
BC 1,Equal Baseline,1274,40,2.492319086074375,0.12241393176496111,3.368827311255,2.6382349608575,1.950494782905,2.0117192892799998
BC 1,Equal Baseline,1275,40,2.20584821557625,0.13716957211529218,2.149339082145,1.6505622237075002,3.166760809885,1.8567307465675
BC 1,Equal Baseline,1276,40,9.971872198437499,0.0662471137685796,9.487956506,11.40430718525,10.7076085725,8.28761653
BC 1,Equal Baseline,1277,40,1.3840606039749999,0.08894776648701846,1.1963735410649998,1.5224051179575,1.68268421404,1.1347795428374998
BC 1,Equal Baseline,1278,40,5.1153096889375,0.06232930356937,4.8782149619999995,5.82807193775,5.440048441,4.314903415
BC 1,Equal Baseline,1279,40,10.8372700930625,0.16669009602134835,14.4563127675,14.178484359999999,7.74943827525,6.9648449695
BC 1,Equal Baseline,1280,40,2.5389725924624997,0.12205956854138522,3.1536318883025,1.62933366587,2.4936625480925,2.879262267585
BC 1,Equal Baseline,1281,40,1.765253529833125,0.07153054038109216,2.1746093941025,1.5106868114599998,1.70213139411,1.67358651966
BC 1,Equal Baseline,1282,40,1.919777527206875,0.09128565887241294,2.0202326644225,1.728955191975,2.3837432980325,1.5461789543975
BC 1,Equal Baseline,1283,40,5.7014092670812495,0.19444436598814752,6.438370155825,2.36336017025,5.90557482725,8.098331915
BC 1,Equal Baseline,1284,40,1.7621423734693749,0.09879266801678455,1.6806940159975,1.27859852062,1.9829766749575,2.1063002823024997
BC 1,Equal Baseline,1285,40,3.405874158164375,0.17865710982468191,2.4010563874475,2.16568300444,4.2682140925775,4.788543148192501
BC 1,Equal Baseline,1286,40,5.6856846526250004,0.20153385268634247,4.624804078875,2.7673226616249997,7.9549435625000005,7.3956683075
BC 1,Equal Baseline,1287,40,1.8612298991293752,0.13718412792944987,2.1035795733250002,2.3891623600225,1.835382772765,1.116794890405
BC 1,Equal Baseline,1288,40,1.9396629962631249,0.2285952536337888,2.754913260025,2.2151455987424997,2.35263731776,0.435955808525
BC 1,Equal Baseline,1289,40,2.090228355690625,0.21768681982467716,1.658727229165,1.1724590060325,3.4633098375099998,2.066417350055
BC 1,Equal Baseline,1290,40,6.040642181420625,0.15094894710749976,5.9659813234575,8.420176990225,6.15598470575,3.62042570625
BC 1,Equal Baseline,1291,40,2.3293786660425,0.0795278537912565,2.825792862015,2.359198901085,2.2624994958599998,1.87002340521
BC 1,Equal Baseline,1292,40,2.366288347683125,0.3346706851373835,1.5526349396349999,2.57632589493,4.6092873656724995,0.726905190495
BC 1,Equal Baseline,1293,40,1.5377051188743749,0.15191223519595543,1.4345566722975,1.9232348092399998,0.8550375953225,1.9379913986374997
BC 1,Equal Baseline,1294,40,9.120916703625,0.20836235822734642,8.7113708275,15.379010787499999,6.36937191275,6.02391328675
BC 1,Equal Baseline,1295,40,3.2983451782124997,0.16707300237132253,3.2400253501675005,4.0181821242749995,4.3073989749349995,1.6277742634725
BC 1,Equal Baseline,1296,40,1.51655405817,0.0990738115876117,1.1269749625925,1.409039625955,1.8318877629725,1.69831388116
BC 1,Equal Baseline,1297,40,1.88515951647625,0.05367163706890859,1.5711579712000001,1.8970072955625,2.0784409840925,1.99403181505
BC 1,Equal Baseline,1298,40,1.690005195240625,0.12014846432542803,1.03479452827,2.0106753312625,1.7002800120450001,2.014270909385
BC 1,Equal Baseline,1299,40,4.280608430690625,0.2511229199515423,3.36654787301,2.100133642775,7.605269403452501,4.050482803525
BC 1,Equal Baseline,1300,40,8.7120615225,0.13645920559297792,10.32302594975,7.179028123499999,6.02685299425,11.3193390225
BC 1,Equal Baseline,1301,40,4.5844336122875,0.13220572590006477,4.519844958649999,5.40788181775,2.73677431675,5.673233356
BC 1,Equal Baseline,1302,40,2.0389507496562502,0.10212872132522413,1.6252258997275,1.9906027716949999,2.6892040453025,1.8507702819000003
BC 1,Equal Baseline,1303,40,7.5130630280375,0.14885984519622253,8.577685969,9.81629012975,7.4212830354,4.236992978
BC 1,Equal Baseline,1304,40,8.02063561679375,0.07971056005568292,8.712673531125,9.30437871805,6.165524877499999,7.8999653405000005
BC 1,Equal Baseline,1305,40,1.8012546341812499,0.07497438661230577,1.9800638552799998,2.0273717952325,1.8456683994725,1.3519144867400001
BC 1,Equal Baseline,1306,40,5.520328595375,0.16464300730421622,4.9379922745,3.56321685275,5.285268455,8.29483679925
BC 1,Equal Baseline,1307,40,7.2803102341031245,0.1425555391030683,8.48498536135,6.489912223999999,4.6380877310625,9.50825562
BC 1,Equal Baseline,1308,40,3.7857276114362497,0.10054869233470799,2.89256097095,4.6779214391375,3.4190550331875,4.1533730024699995
BC 1,Equal Baseline,1309,40,3.2534316023925,0.20210707941267195,3.1903522014299996,2.1854306331425,5.381137055162499,2.256806519835
BC 1,Equal Baseline,1310,40,8.9230362440625,0.1965563838725779,7.37169343275,13.983292359999998,9.123842425,5.2133167585
BC 1,Equal Baseline,1311,40,5.1384687005675005,0.03380867905826711,4.52885529255,5.3690483829225,5.413271511975,5.2426996148225005
BC 1,Equal Baseline,1312,40,2.5738500566124998,0.16365528719916278,1.6134959555225,2.1482007391324998,3.5972858987325,2.9364176330625
BC 1,Equal Baseline,1313,40,7.4121600356625,0.12285427935943562,8.94090718375,8.5544224525,7.8263183951499995,4.32699211125
BC 1,Equal Baseline,1314,40,4.3248340434287496,0.25454371312983853,1.7854725614100002,3.8269538079100003,4.131804431845,7.55510537255
BC 1,Equal Baseline,1315,40,4.0406631085562505,0.10220030262922347,4.890952884625,4.5642791425,3.7462176526,2.9612027545
BC 1,Equal Baseline,1316,40,3.25427057397,0.15272112202088567,4.1308999648425,3.1462685256075,1.7586028799225002,3.9813109255074997
BC 1,Equal Baseline,1317,40,2.749874930004375,0.28054425582918385,2.235894424155,5.0206202869975005,1.05639139798,2.686593610885
BC 1,Equal Baseline,1318,40,2.087235599036875,0.3498643532394867,0.720251311355,0.906749844095,4.0147759320550005,2.7071653086425
BC 1,Equal Baseline,1319,40,4.2079440886,0.1041942001781972,4.863781013500001,5.158335194499999,3.55264387075,3.2570162756500003
BC 1,Equal Baseline,1320,40,3.02632991427375,0.21935628471466398,1.7528688407425002,2.7205710092825,5.1978567752675,2.4340230318025
BC 1,Equal Baseline,1321,40,4.547904144875,0.1949326669706814,3.2573525592,5.01819333475,7.0286554377499995,2.8874152478
BC 1,Equal Baseline,1322,40,3.5596175639937497,0.21161754306993302,2.63353503325,5.67139785,2.065438879725,3.868098493
BC 1,Equal Baseline,1323,40,3.80314132902125,0.21421340550897272,4.3769891713749995,5.5946193683,1.44247440416,3.7984823722499996
BC 1,Equal Baseline,1324,40,2.670110777889375,0.2300267474185683,1.7130475620525,3.9709950712149995,3.65410353576,1.34229694253
BC 1,Equal Baseline,1325,40,3.5908311984575,0.15393214677154773,4.0305822697325,4.904597329025,2.236159690285,3.1919855047875
BC 1,Equal Baseline,1326,40,2.3477793704525,0.2252040376402448,2.3721320063225,3.3940617156024997,2.88109710965,0.743826650235
BC 1,Equal Baseline,1327,40,1.846823443763125,0.26766638036289175,1.7605327543925,2.7052440421324997,2.57966807634,0.3418489021875
BC 1,Equal Baseline,1328,40,1.529796726779375,0.10217915550117694,2.0314613594025,1.1989749287425,1.44259825443,1.4461523645424998
BC 1,Equal Baseline,1329,40,1.9297861400512502,0.06202458431673485,2.2266219916025003,2.0659803838725,1.72444356301,1.70209862172
BC 1,Equal Baseline,1330,40,1.9360292176637501,0.1419793121371119,2.4198964333550004,2.0650857799524998,2.2452044993875,1.01393015796
BC 1,Equal Baseline,1331,40,2.8376128516479375,0.07353717508911793,3.52753684148,2.4456525193975,2.7351648045875,2.64209724112675
BC 1,Equal Baseline,1332,40,1.4985822546256249,0.10595948926937601,1.0391656133025,1.44129110322,1.7927699032,1.72110239878
BC 1,Equal Baseline,1333,40,3.8439828154215,0.30929409115129786,5.0513568778725,2.8446619574175,6.542630183247501,0.9372822431485
BC 1,Equal Baseline,1334,40,5.6969982647875,0.18300079324780832,4.63113978885,3.166928706975,7.911442285925,7.078482277400001
BC 1,Equal Baseline,1335,40,3.6281579769225,0.21448972562821803,3.5262157499799995,4.2767546783375,5.3049478756425,1.4047136037299999
BC 1,Equal Baseline,1336,40,8.454853131525,0.27840362599168944,7.1730589789999994,14.5225737125,9.4096164125,2.7141634221
BC 1,Equal Baseline,1337,40,1.7558932185218752,0.10229272129485338,1.6945975247525003,1.7068798084049999,2.287974311525,1.334121229405
BC 1,Equal Baseline,1338,40,4.0479622314775,0.3207191573100041,4.313995064885,1.3443048615425,2.7773957268675,7.756153272615
BC 1,Equal Baseline,1339,40,2.004880510765,0.1678608017267942,2.070475170975,2.8663301799500003,1.9816689820175,1.1010477101175
BC 1,Equal Baseline,1340,40,6.36027044385,0.1129710008028859,8.1029309174,7.0341098849999995,4.771221892750001,5.5328190802499995
BC 1,Equal Baseline,1341,40,1.923217471109375,0.14051191833279172,2.27450853817,1.0764404877875,2.405123350865,1.936797507615
BC 1,Equal Baseline,1342,40,2.888986725635625,0.3205407124592187,2.899008920415,0.79232669955,2.3248142140925,5.539797068485
BC 1,Equal Baseline,1343,40,2.6845178205287503,0.1202216453545214,2.54770961973,3.4286801478325004,2.9276270274425,1.83405448711
BC 1,Equal Baseline,1344,40,2.49752009123625,0.07564191621199336,2.2020962483625,2.6347630978625,3.0082785823875,2.1449424363325003
BC 1,Equal Baseline,1345,40,1.9816603912843749,0.18663087212048846,0.9071738029424999,2.8265748937575,2.1760568545725,2.016836013865
BC 1,Equal Baseline,1346,40,10.28624357929375,0.18738866920772027,15.833013416675001,10.29339130975,9.05184257,5.9667270207500005
BC 1,Equal Baseline,1347,40,2.396043805071875,0.3210431207851837,2.4492805876925,2.02071029477,4.5369528020075,0.5772315358175
BC 1,Equal Baseline,1348,40,2.404691490031875,0.06118161823396461,2.325706068675,2.1600772132325003,2.910368729165,2.222613949055
BC 1,Equal Baseline,1349,40,7.079228407406251,0.16841577388944085,9.288627022,4.0060184305,9.1252510475,5.8970171296250005
BC 1,Equal Baseline,1350,40,5.575512377133751,0.39347180855633773,3.9976074931900003,1.6490968818550003,3.4788603073875004,13.1764848261025
BC 1,Equal Baseline,1351,40,3.31190412852875,0.1665785273169701,3.2804498307475,3.1196995121924997,4.8681208320825,1.9793463390925
BC 1,Equal Baseline,1352,40,6.080069080075,0.25390398643911577,5.5184128715,4.919787218,10.9579439125,2.9241323183
BC 1,Equal Baseline,1353,40,2.331320951584375,0.09414546025078921,2.4888042867225,2.001968206745,2.9214050670500002,1.9131062458199999
BC 1,Equal Baseline,1354,40,6.34497168471875,0.18050615067862275,7.915924399975,8.576609745,5.67060339315,3.2167492007500003
BC 1,Equal Baseline,1355,40,4.318522166749375,0.14025544492649014,3.2802947321974996,3.1513009368350002,5.7914222557475,5.0510707422175
BC 1,Equal Baseline,1356,40,1.80107169245125,0.14906115592554584,2.3251836960350003,1.15261439969,2.252149019575,1.474339654505
BC 1,Equal Baseline,1357,40,2.9914929633178122,0.18993742709448042,3.3707235777875,3.72514078705375,0.9789326747624999,3.8911748136675
BC 1,Equal Baseline,1358,40,4.002516366199375,0.18904784212348053,4.8490086709475,5.3920648045375,1.5747688908725,4.19422309844
BC 1,Equal Baseline,1359,40,3.34102488252375,0.21468003871242533,3.318868375355,4.5594027086475,1.0922866446925001,4.3935418014
BC 1,Equal Baseline,1360,40,1.919812704105625,0.1947715212614868,0.93016445574,2.0452073509925,2.8579906201425,1.8458883895475
BC 1,Equal Baseline,1361,40,2.10702201961125,0.10744794338021814,1.9179729894225002,1.6422619868225,2.7996143851574997,2.0682387170425
BC 1,Equal Baseline,1362,40,3.600199242488125,0.20009854449179698,3.4595104846325,2.4509081858424997,2.5129016931750003,5.9774766063025
BC 1,Equal Baseline,1363,40,2.216512575025625,0.1563548826854274,1.35641031268,2.9810051317025,1.9287091472825,2.5999257084375
BC 1,Equal Baseline,1364,40,2.1646436716974997,0.3250099004963405,1.8117436806249998,0.4298869300675,3.9704751921525,2.4464688839449997
BC 1,Equal Baseline,1365,40,6.877033559,0.20619351615556075,7.3359920785,2.1364738375,9.1988704775,8.836797842500001
BC 1,Equal Baseline,1366,40,3.8109203267187497,0.17997599975531603,4.73085906475,2.6558638438749997,5.41164451775,2.4453138804999996
BC 1,Equal Baseline,1367,40,2.400180439645625,0.15442966021827811,2.87897526129,2.700487179755,2.9693057778650003,1.0519535396725002
BC 1,Equal Baseline,1368,40,5.48774613732625,0.16708384239961682,5.2659536681025,2.8080054705075,7.2417820203700005,6.635243390325
BC 1,Equal Baseline,1369,40,7.4363871734875,0.08894311805132733,6.228631864,7.283863553950001,9.5544331775,6.6786200985
BC 1,Equal Baseline,1370,40,3.05808059603375,0.21378950162383067,4.417800071309999,3.09965753274,3.6128550209725,1.1020097591125
BC 1,Equal Baseline,1371,40,1.824757450003125,0.11697920706912482,1.3998224653275,2.46718802974,1.8226307426125001,1.6093885623325002
BC 1,Equal Baseline,1372,40,5.370518436975,0.07769771668636809,5.19286470765,4.32810392,5.51485328675,6.4462518335
BC 1,Equal Baseline,1373,40,5.213226618316875,0.24112115211086502,3.9302017042875,3.3055961888699996,3.6881078858075,9.9290006943025
BC 1,Equal Baseline,1374,40,3.72356186695,0.0739714444171738,3.8591315774000003,2.83726622125,3.90781138575,4.2900382833999995
BC 1,Equal Baseline,1375,40,2.894031836525625,0.2133711049760945,3.12550777,2.73514579175,4.4393506179225,1.2761231664300001
BC 1,Equal Baseline,1376,40,2.549982366661875,0.20102807053462124,2.022535774645,3.1979646707875,3.6607911214300004,1.318637899785
BC 1,Equal Baseline,1377,40,1.808455183415625,0.19097738209396026,1.8070419832825,0.756176906185,2.20512412287,2.465477721325
BC 1,Equal Baseline,1378,40,1.536903052835625,0.07330850635416189,1.7440311714124999,1.5384018091575,1.6761337656675,1.189045465105
BC 1,Equal Baseline,1379,40,1.657428828205,0.177868139836409,0.924591783985,1.493031746475,2.3857879187075,1.8263038636525
BC 1,Equal Baseline,1380,40,2.075376114623125,0.08832271011663367,1.73717725681,2.083996101685,2.6351780640049998,1.8451530359925001
BC 1,Equal Baseline,1381,40,2.078072513565,0.1658671022663491,1.957610991015,3.20592997248,1.45585497985,1.692894110915
BC 1,Equal Baseline,1382,40,4.68560008595625,0.2231397026453518,4.382523781325,3.2055656055,8.16911154225,2.9851994147500003
BC 1,Equal Baseline,1383,40,3.937169461815,0.11255012960609499,3.7118454676124997,5.03806194527,2.82776196781,4.1710084665675
BC 1,Equal Baseline,1384,40,2.102412932108125,0.2637339117521966,2.2794887681875,3.7150669419274998,1.3461199241175001,1.0689760942
BC 1,Equal Baseline,1385,40,1.452631250548125,0.07853303825488082,1.2468611372125,1.7442544740725001,1.5743996542074998,1.2450097367
BC 1,Equal Baseline,1386,40,3.8891060981249996,0.13677562905463142,3.2036221884,4.3397741025,2.7773795484,5.2356485532
BC 1,Equal Baseline,1387,40,2.9829752483887497,0.23392578611468962,3.4107419205249996,1.4304198399624999,4.7839935278675,2.3067457052
BC 1,Equal Baseline,1388,40,2.35133890828375,0.1494309838017825,2.8010962675175,2.3783690449125,2.979458320095,1.24643200061
BC 1,Equal Baseline,1389,40,2.11940436586875,0.04058727707725083,2.101733418005,1.8789947198499999,2.3090809438575,2.1878083817625003
BC 1,Equal Baseline,1390,40,2.620068128295625,0.15387560646392162,2.02439375292,3.3342067639,1.7040326407625,3.4176393556
BC 1,Equal Baseline,1391,40,2.186506335135625,0.15119784347333023,2.07315577473,1.6812415795675002,1.6795462453475,3.3120817408975
BC 1,Equal Baseline,1392,40,8.533936912175,0.15880328255550732,8.27923814375,11.8507531575,9.1069307075,4.89882563995
BC 1,Equal Baseline,1393,40,2.089078288158125,0.11213487279455055,2.081081229445,1.585740459815,1.9110494476275002,2.778442015745
BC 1,Equal Baseline,1394,40,1.7893995382775,0.21736091184271883,0.9607850439475001,1.5402347334325,1.66200850863,2.9945698671
BC 1,Equal Baseline,1395,40,10.96476300053125,0.04598937815296424,9.85440974,11.754817511975,12.0316096425,10.21821510765
BC 1,Equal Baseline,1396,40,7.90123762433125,0.10743384211932672,6.5069350375,10.609702416000001,6.607425065825,7.880887978
BC 1,Equal Baseline,1397,40,3.22811621076875,0.10089203168904869,3.338442377125,3.24069216825,4.018883322125,2.314446975575
BC 1,Equal Baseline,1398,40,2.59107880391875,0.03301377222153653,2.6144736683075,2.40211832646,2.52065694615,2.8270662747574997
BC 1,Equal Baseline,1399,40,2.04532092391,0.09947122327177635,1.5071345421875,2.52938400309,1.9781521722575,2.166612978105
BC 1,Equal Baseline,1400,40,2.341123609389375,0.1874798006826297,3.2305600397474996,2.7764751977675,2.3134182428525003,1.04404095719
BC 1,Equal Baseline,1401,40,1.6848996853106248,0.10816613114325091,1.6899766672824998,1.1546602949725,1.807471249785,2.0874905292025
BC 1,Equal Baseline,1402,40,6.476005467753125,0.23988084713089175,5.134314510675,2.528495080075,8.5741611239125,9.66705115635
BC 1,Equal Baseline,1403,40,8.48866246065625,0.18176293899138093,6.421738564575,8.64357373,5.700510003050001,13.188827545
BC 1,Equal Baseline,1404,40,1.823131181869375,0.2246741776731164,1.0363072563575,1.035688804105,2.7383064934425,2.4822221735724996
BC 1,Equal Baseline,1405,40,2.3262198386825,0.15773600053921263,2.11123714423,3.187585151145,1.396679387225,2.60937767213
BC 1,Equal Baseline,1406,40,1.9889215521043748,0.20687262094695547,1.8892788027024998,0.944849618775,2.0287955361625,3.0927622507774997
BC 1,Equal Baseline,1407,40,2.08068783482375,0.11038826728936298,1.7626395779,1.6274789538749999,2.2389427926675003,2.6936900148525
BC 1,Equal Baseline,1408,40,2.208495857806875,0.0849905123102885,1.5903803002224999,2.3884557071225,2.5602629319175003,2.294884491965
BC 1,Equal Baseline,1409,40,2.36205605687375,0.04964036004989575,2.0605038877075,2.261752731545,2.5966748981825,2.52929271006
BC 1,Equal Baseline,1410,40,10.966329048885,0.04692217153513354,10.01633812329,12.3414961705,10.12496623975,11.382515662
BC 1,Equal Baseline,1411,40,5.654901179301875,0.33834868052931716,5.2748309620675,1.540186190465,11.4408922036625,4.3636953610125
BC 1,Equal Baseline,1412,40,2.13711623887875,0.13461641490047174,2.2271965337175,2.0684998542775,1.3856579268575,2.8671106406625
BC 1,Equal Baseline,1413,40,5.891586581129375,0.19339719216976198,4.809416197,9.0960914425,6.18357969,3.4772589950175004
BC 1,Equal Baseline,1414,40,7.72765102655625,0.052675810203296675,8.666040390975,7.8839021142500005,7.85646298825,6.50419861275
BC 1,Equal Baseline,1415,40,1.965306036176875,0.19890489710620696,0.95949729876,2.6240783681975,2.69665148109,1.5809969966600002
BC 1,Equal Baseline,1416,40,10.653778966787499,0.2700732217534437,13.208772852249998,17.9169615375,6.772646759,4.7167347184
BC 1,Equal Baseline,1417,40,2.292461962925,0.07677840721964398,2.5278750753050003,2.5664127791025,2.4078759146325,1.66768408266
BC 1,Equal Baseline,1418,40,10.59836612590625,0.15284524270633004,10.992301247499999,6.353806093499999,14.758757920125001,10.2885992425
BC 1,Equal Baseline,1419,40,1.7906769425337499,0.13127645095501744,0.8989203283449999,2.0306637341125002,2.1277402163174997,2.10538349136
BC 1,Equal Baseline,1420,40,3.80322956730625,0.277803082171002,2.18427689485,6.24515008425,5.176020712125,1.6074705779999998
BC 1,Equal Baseline,1421,40,1.61001456028375,0.07762342542311347,1.8763920395075,1.2415867334725,1.7086305362274998,1.6134489319275
BC 1,Equal Baseline,1422,40,1.9379981703662499,0.20936565177807026,1.8530812078124999,0.71992910467,2.516037291895,2.6629450770875
BC 1,Equal Baseline,1423,40,7.56771366029375,0.20716956207320106,5.8771479264,13.203003480000001,4.9594417375,6.231261497275
BC 1,Equal Baseline,1424,40,5.4168473416645,0.10763340284228992,4.20562815101,6.065917594252499,6.8188374682854995,4.57700615311
BC 1,Equal Baseline,1425,40,1.6612503258293752,0.10597528593941767,1.287891382295,1.7806617870475,1.457377097335,2.1190710366400003
BC 1,Equal Baseline,1426,40,1.720526175451875,0.09858390989876754,1.379661828995,1.7089661790975001,1.5591379034775001,2.2343387902375
BC 1,Equal Baseline,1427,40,4.44547389678125,0.24930023766509973,4.21256444635,2.381129774275,7.962787356750001,3.2254140097499997
BC 1,Equal Baseline,1428,40,2.581608037404375,0.3002142278764168,2.7586274178825,2.5639619252175,4.536238390825,0.4676044156925
BC 1,Equal Baseline,1429,40,1.517071450351875,0.13076056571966,1.9752469073874999,0.9690832423675,1.6397172969775,1.484238354675
BC 1,Equal Baseline,1430,40,1.588091946993125,0.0833826079719454,1.36972617759,1.5556679465625,2.024798055465,1.402175608355
BC 1,Equal Baseline,1431,40,2.2402258317725,0.18504760173280302,1.43747699168,3.3908282459574997,2.452659503385,1.6799385860674998
BC 1,Equal Baseline,1432,40,2.734405357815625,0.19462684207759776,3.8893118689175,2.054355840645,3.470825068755,1.5231286529449999
BC 1,Equal Baseline,1433,40,3.448642612440625,0.19245415876551145,3.22780433375,4.80224964475,1.5810428165,4.1834736547624995
BC 1,Equal Baseline,1434,40,4.163438553378125,0.0905382754743808,4.1290219283875,4.8286236202875,4.690671452175,3.0054372126625
BC 1,Equal Baseline,1435,40,2.5443496400175,0.19201922520823025,3.0013944709025,3.4648371208074997,2.7773099081575,0.9338570602024999
BC 1,Equal Baseline,1436,40,8.3825094853125,0.08038336059401494,9.34399066025,8.364999415,9.544196812500001,6.2768510535
BC 1,Equal Baseline,1437,40,10.2536773673875,0.13670962553081858,13.4033512275,6.493052422050001,11.4079158475,9.7103899725
BC 1,Equal Baseline,1438,40,3.1336135780625,0.16298526824665438,4.207627170735,1.63870686348,3.57654247495,3.111577803085
BC 1,Equal Baseline,1439,40,1.673333311709375,0.025661360923838524,1.75586911575,1.6933549401924999,1.5328303592574999,1.7112788316374998
BC 1,Equal Baseline,1440,40,6.619488900125,0.061975413817221305,6.0081772212499995,6.094345281,8.153686433999999,6.22174666425
BC 1,Equal Baseline,1441,40,1.977637096944375,0.35807007511020184,0.7855109151975,3.161844568115,3.4738946136625004,0.4892982908025
BC 1,Equal Baseline,1442,40,10.4440352555625,0.17004433074680145,13.20878271,14.006574287500001,8.4345151335,6.1262688912500005
BC 1,Equal Baseline,1443,40,7.8842392581875,0.11695737916651715,8.489075541,6.0178520967499995,10.3371073775,6.6929220175
BC 1,Equal Baseline,1444,40,5.079793168875,0.13418332605945574,5.83798561025,2.66098248425,6.21778577825,5.60241880275
BC 1,Equal Baseline,1445,40,5.17690818464375,0.15714474250571342,4.5026354328250004,3.4788556739999996,5.111419991,7.61472164075
BC 1,Equal Baseline,1446,40,1.9674271027156252,0.1708587580223648,0.8698469047374999,2.61259006053,2.268738199265,2.11853324633
BC 1,Equal Baseline,1447,40,3.73555235314375,0.2027515843913049,3.993519922025,4.577860165500001,1.2631002813,5.10772904375
BC 1,Equal Baseline,1448,40,9.804495613537501,0.1014385909974706,9.950155841900001,7.8936340585,8.61974095,12.75445160375
BC 1,Equal Baseline,1449,40,2.165150893208125,0.27041946788671245,3.215628910995,3.2280452282650005,1.5595034719499998,0.6574259616225
BC 1,Equal Baseline,1450,40,2.267297860869375,0.12593372449200285,1.8186411827674998,2.9411710479899997,2.6229334758475003,1.6864457368724999
BC 1,Equal Baseline,1451,40,4.175293053415625,0.20408259047603536,3.5244127880225,2.2250012541674997,4.5110920032449995,6.4406661682275
BC 1,Equal Baseline,1452,40,1.92205361644375,0.13174146005845722,1.1938766693375,1.795748347635,2.3334817974525,2.3651076513500002
BC 1,Equal Baseline,1453,40,6.924213002553751,0.12080752192734578,7.9042953767675,4.5335093867200005,8.5848080640725,6.6742391826550005
BC 1,Equal Baseline,1454,40,3.0028023090375,0.14831243852375872,3.9917974961475005,3.3872005751499996,1.8023674865050001,2.8298436783475003
BC 1,Equal Baseline,1455,40,1.7947156781325,0.25971491722352097,0.9646166025525,2.4628951574575,2.868934207205,0.882416745315
BC 1,Equal Baseline,1456,40,6.8102561755,0.25593228684558755,6.458622018750001,4.536323089,12.4505618075,3.7955177867499996
BC 1,Equal Baseline,1457,40,2.30826398928125,0.1688618627988612,1.35541778087,2.1964290969099998,2.272250342765,3.40895873658
BC 1,Equal Baseline,1458,40,7.089477600625,0.16394840590370607,4.951119545,5.64670587325,7.091626811749999,10.6684581725
BC 1,Equal Baseline,1459,40,2.356050386176875,0.24189865996442145,0.978180917705,3.6328010098,2.9840831202575,1.8291364969450001
BC 1,Equal Baseline,1460,40,4.21668498395,0.1962259288574855,4.5472511933,4.198699803249999,6.2087637117500005,1.9120252274999998
BC 1,Equal Baseline,1461,40,2.0329075702425,0.163012602062975,2.3578357161575,0.80113389389,2.5454047856825,2.42725588524
BC 1,Equal Baseline,1462,40,2.0737596231874997,0.12847191095679322,2.1648938531725,1.371390778695,2.7426875325725,2.01606632831
BC 1,Equal Baseline,1463,40,3.240101719006875,0.2787281970636807,3.5349180404899996,5.624399773675,2.72243659557,1.0786524662925001
BC 1,Equal Baseline,1464,40,3.8846687016918753,0.17207811438220819,5.06768454026,1.8556179591825,4.83731800354,3.7780543037850003
BC 1,Equal Baseline,1465,40,2.6021192652950003,0.1859146315709294,2.905740160155,3.770947492965,1.3732202594075,2.3585691486525002
BC 1,Equal Baseline,1466,40,4.7676292145875,0.15343738990646694,5.360578005,6.7227554732499994,3.4185698605,3.5686135196000004
BC 1,Equal Baseline,1467,40,1.986030721100625,0.18937934061867537,1.5391114460125,1.330872416365,3.237700343825,1.8364386782
BC 1,Equal Baseline,1468,40,4.1844542346162505,0.3774384515717118,4.3404182715825,1.28209361078,8.972787612160001,2.1425174439425
BC 1,Equal Baseline,1469,40,8.30085151228125,0.1896588792077312,11.9059855225,4.433063730375,7.0469195319999995,9.81743726425
BC 1,Equal Baseline,1470,40,2.303795680750625,0.33664687009563093,0.8369912210175,0.9670307101500001,3.173214159035,4.2379466328
BC 1,Equal Baseline,1471,40,1.8398582847756249,0.14087246245786367,1.1666820073775,2.2125771378124997,1.6265218057550002,2.3536521881574997
BC 1,Equal Baseline,1472,40,5.8204453761875,0.17231784961855218,6.1001566480000005,3.6254279022500002,8.5949475275,4.961249427
BC 1,Equal Baseline,1473,40,1.7770985533893748,0.1411337754669618,2.23068181782,1.547647601105,2.2146836457525,1.11538114888
BC 1,Equal Baseline,1474,40,2.85358597613625,0.1389075524925629,3.681194539515,2.095719410765,3.5766449888425003,2.0607849654225
BC 1,Equal Baseline,1475,40,1.8290978140231249,0.1361940124910779,1.7444673167249998,1.41337425635,2.6599999659575,1.49854971706
BC 1,Equal Baseline,1476,40,8.4022456633125,0.10095068152514904,8.3973261609,6.90184902885,11.0473568015,7.262450662000001
BC 1,Equal Baseline,1477,40,2.652974170483125,0.1667951450607973,3.3872710600974996,1.44797898628,3.4533409800075,2.3233056555475
BC 1,Equal Baseline,1478,40,2.320689097626875,0.05341162848220757,2.3869456951725,2.58739849933,2.3796619686675,1.9287502273375001
BC 1,Equal Baseline,1479,40,2.8781013451662503,0.18715190398446896,2.3127184527225,1.7004155128299998,3.2327874541975,4.266483960915
BC 1,Equal Baseline,1480,40,1.665383303929375,0.19244593230817433,1.982944169385,2.1359598763375,2.08272298289,0.459906187105
BC 1,Equal Baseline,1481,40,12.122234675625,0.034699835867685234,11.593002455,13.5874732725,11.871551105,11.43691187
BC 1,Equal Baseline,1482,40,3.158809471333125,0.20885729593101207,1.5824648021525,3.3779683887300003,4.90001929622,2.77478539823
BC 1,Equal Baseline,1483,40,1.8948433704037502,0.22198663312508274,1.7068295412925,0.7191136723175,2.4330209221225,2.7204093458825
BC 1,Equal Baseline,1484,40,8.00483938895,0.1835889133871827,6.72913182075,12.383204985,4.95347691005,7.95354384
BC 1,Equal Baseline,1485,40,2.25321223164375,0.2996488311211821,1.03398638503,4.436786557655,1.4738589590425,2.0682170248475
BC 1,Equal Baseline,1486,40,11.84911552233125,0.08967528835872823,10.455428081075,11.226220499,10.15234455425,15.562468955
BC 1,Equal Baseline,1487,40,6.4419063926875,0.14377555718668683,6.8604179814999995,8.553854162250001,6.678549354,3.674804073
BC 1,Equal Baseline,1488,40,4.506934223559375,0.10609811629161095,4.5073013505574995,6.0300874414425,3.7281899353649997,3.7621581668725
BC 1,Equal Baseline,1489,40,2.3888486740425,0.1715202039200612,1.9219709297975,1.3621940221525,3.146548119665,3.124681624555
BC 1,Equal Baseline,1490,40,11.8509887805,0.1551609203561257,12.660869420000001,11.5836483785,6.855761298500001,16.303676024999998
BC 1,Equal Baseline,1491,40,5.0480846775875,0.11469947715060166,4.842981072125,6.2105095939999995,3.415798246,5.723049798225
BC 1,Equal Baseline,1492,40,2.42844098148625,0.1258706624664344,1.451537045795,2.479270162205,2.970818091625,2.81213862632
BC 1,Equal Baseline,1493,40,2.284172564711875,0.22230525222002895,2.4350841036175,2.76710378595,3.2660040592175,0.6684983100624999
BC 1,Equal Baseline,1494,40,2.9453893144500003,0.2877439925662711,1.6220444570925001,5.771818025105,1.6383630918049998,2.7493316837975
BC 1,Equal Baseline,1495,40,4.473370690820625,0.28261277909840227,3.38636216027,8.505251562165,4.02598054056,1.9758885002875002
BC 1,Equal Baseline,1496,40,2.6002825260974998,0.20926053584036475,2.420097729795,1.2508551428149999,2.65584215057,4.07433508121
BC 1,Equal Baseline,1497,40,1.6564058887462498,0.05080747731007516,1.6851273308875,1.55414296969,1.8957667126274997,1.49058654178
BC 1,Equal Baseline,1498,40,1.5585101778372499,0.16722427501386405,1.820871549484,1.1302478920175,1.06157595226,2.2213453175874998
BC 1,Equal Baseline,1499,40,1.578620168416875,0.19436406335044573,0.96876215452,2.2304869264925,2.1196448817325,0.9955867109225001
BC 1,Equal Baseline,1500,40,1.9694714594681253,0.2327540943784239,1.7942418797125002,1.7234277321650002,3.3907125442800004,0.9695036817150001
BC 1,Equal Baseline,1501,40,2.00209969409125,0.12883263654917004,2.4632502136300003,1.2876200640575,2.4288052827725,1.828723215905
BC 1,Equal Baseline,1502,40,8.92825260944375,0.15113791642539648,10.9948641935,9.4802657405,10.949918654674999,4.2879618491
BC 1,Equal Baseline,1503,40,1.47246234232375,0.12479615400957719,1.1426626301925,1.8763822432325,1.10429159986,1.7665128960099998
BC 1,Equal Baseline,1504,40,1.6314500957448126,0.15027440365891295,1.930903088865,0.8133897057867501,2.053354165155,1.7281534231725
BC 1,Equal Baseline,1505,40,3.6576574980767864,0.1881167863159718,4.41026571185,5.3747302965825,2.339877116999645,2.505756866875
BC 1,Equal Baseline,1506,40,1.9682503540518752,0.15086440275820226,2.0293022504700002,1.0763824685425,2.6210777925925,2.1462389046025
BC 1,Equal Baseline,1507,40,1.602613824219375,0.14830302391215508,1.79355526647,1.0316772355,2.172364713915,1.4128580809925002
BC 1,Equal Baseline,1508,40,1.9394884206762502,0.17892154343122052,1.6111345086875002,2.14298683329,1.1651815266125,2.8386508141149998
BC 1,Equal Baseline,1509,40,1.714225538870625,0.14097831885189746,1.1639165902,1.5047107669775,2.33744194646,1.850832851845
BC 1,Equal Baseline,1510,40,1.9737000018975002,0.2478269237593408,1.8112490775925,3.56154836519,1.4481447597825001,1.073857805025
BC 1,Equal Baseline,1511,40,10.342297977562499,0.1367629007163584,9.34846139975,10.667233982499999,7.124696570499999,14.228799957499998
BC 1,Equal Baseline,1512,40,7.650452189543749,0.1221959951262619,8.48114292925,7.837227373999999,9.5273456175,4.756092837424999
BC 1,Equal Baseline,1513,40,4.055423287970625,0.13744337879077298,4.888070316812501,3.3059938045000004,2.7911177230025,5.2365113075675
BC 1,Equal Baseline,1514,40,5.03704355034375,0.1713214342758255,4.65025078075,5.32975510925,7.27204283575,2.896125475625
BC 1,Equal Baseline,1515,40,2.815714941114375,0.0975074111219543,2.922909797345,2.56999024751,3.55830146647,2.2116582531325
BC 1,Equal Baseline,1516,40,2.157053518150625,0.2100546511995567,1.7152531195000003,3.04157593878,1.007818430295,2.8635665840274998
BC 1,Equal Baseline,1517,40,1.72505073122125,0.2457033480945788,0.64419131123,1.57402622224,2.80311330461,1.878872086805
BC 1,Equal Baseline,1518,40,1.717519628385,0.12168736663268886,2.1899182922825,1.9599950971075,1.4873762249925,1.2327888991575
BC 1,Equal Baseline,1519,40,2.8611102052006254,0.08925987226436144,3.3189949502075002,2.1330707710725,2.73201516686,3.2603599326625003
BC 1,Equal Baseline,1520,40,2.009270709096875,0.18500687839948435,2.0246185621599997,2.057102956695,2.9635436643424997,0.99181765319
BC 1,Equal Baseline,1521,40,5.5963271376625,0.12405812231397018,6.660870495,6.944099062499999,4.9780833409000005,3.8022556522499995
BC 1,Equal Baseline,1522,40,9.05429058426875,0.16103173114900554,12.385124485,11.2489202225,6.336754302499999,6.2463633270750005
BC 1,Equal Baseline,1523,40,4.259313679,0.10869586101133223,4.54098631675,5.238319442250001,2.795239702,4.462709255
BC 1,Equal Baseline,1524,40,1.4337888175875,0.12244593676312865,1.20750658108,1.0426823592674999,1.82978658356,1.6551797464425
BC 1,Equal Baseline,1525,40,3.3746626975937497,0.24045168413206133,3.23210507275,6.0146662119,2.02056546925,2.2313140364749997
BC 1,Equal Baseline,1526,40,1.7531650308431248,0.09881394034962515,2.2742558265025,1.4642784330074998,1.8079939999349999,1.4661318639274998
BC 1,Equal Baseline,1527,40,2.728118105021875,0.28035350665872233,3.4384825118449998,4.46023769276,0.784021868745,2.2297303467375
BC 1,Equal Baseline,1528,40,3.0933191018375004,0.14962975516575555,3.98148678289,2.5954598258450003,1.93492226093,3.8614075376850003
BC 1,Equal Baseline,1529,40,2.0281213847406248,0.24577573196566424,2.60742336756,2.159591028975,2.9273315623825,0.41813958004499996
BC 1,Equal Baseline,1530,40,12.01842636323125,0.18805737587404303,14.115257066000002,17.8113738225,8.527152371925,7.619922192500001
BC 1,Equal Baseline,1531,40,3.99633832397,0.25471390957664486,1.84388852508,3.3169012710274997,7.1553853411625,3.66917815861
BC 1,Equal Baseline,1532,40,3.767128866300625,0.22799996999858438,2.289630765355,2.03158748516,5.057507063635,5.689790151052501
BC 1,Equal Baseline,1533,40,3.7139143504393752,0.1276268008729335,3.9553522026000003,2.21771189153,3.9415190836725005,4.7410742239550006
BC 1,Equal Baseline,1534,40,4.178449121711875,0.13270224857565974,5.6968643906,2.747057849685,4.1237301825724995,4.14614406399
BC 1,Equal Baseline,1535,40,1.85834743831875,0.2436231501472305,2.4775338560674998,2.78962570806,0.7181987396199999,1.4480314495275
BC 1,Mixed Baseline,1000,40,11.26547126791875,0.18861666123764356,10.695203098925,18.154036895,7.473489730500001,8.73915534725
BC 1,Mixed Baseline,1001,40,5.413054833025,0.1604577147999008,5.8624438832,7.85673943015,4.1317542100499995,3.8012818086999998
BC 1,Mixed Baseline,1002,40,6.939350863625,0.10436337194231923,7.4014688275,6.658931538500001,5.0410202785000005,8.655982810000001
BC 1,Mixed Baseline,1003,40,4.7905391351375,0.06106294241850586,4.5509127055,4.17858913275,5.667208023625,4.765446678675
BC 1,Mixed Baseline,1004,40,5.20504523978125,0.09195468633305337,5.34700847225,5.1405157466,6.408255055524999,3.92440168475
BC 1,Mixed Baseline,1005,40,3.12093540395125,0.07795041895686494,2.379480773295,3.2454593378600003,3.1977424938800003,3.66105901077
BC 1,Mixed Baseline,1006,40,6.6072247330125,0.22511033776638775,6.21360739375,10.8073365525,6.4532840388,2.954670947
BC 1,Mixed Baseline,1007,40,2.45324583912,0.07720606157934677,2.53992829347,2.72164584443,2.750499548995,1.8009096695850002
BC 1,Mixed Baseline,1008,40,1.9681120883225,0.0335630672119084,2.0962602755025,2.031260629255,1.7591099772075,1.985817471325
BC 1,Mixed Baseline,1009,40,1.508246766473125,0.04731445535900495,1.3353950529075,1.46605867684,1.5402830920150001,1.69125024413
BC 1,Mixed Baseline,1010,40,3.748232806939375,0.08411379704095732,3.6798705495124997,4.46056341491,2.8774668652975,3.9750303980375
BC 1,Mixed Baseline,1011,40,5.74240681809375,0.12720315766160634,5.505438760775,7.4101144905,3.7729355636,6.2811384575
BC 1,Mixed Baseline,1012,40,5.16716395015625,0.09466547893366553,4.52679958875,6.00619196125,6.12567219675,4.009992053875
BC 1,Mixed Baseline,1013,40,8.8285521795625,0.17943652017998585,7.735742482000001,9.670770438,12.855782389999998,5.05191340825
BC 1,Mixed Baseline,1014,40,8.226204314025,0.12191971037101838,8.7616146655,4.8728544061,9.1919417555,10.078406429000001
BC 1,Mixed Baseline,1015,40,2.2491227078087497,0.06738479861228067,2.0257481783199998,2.4710607400324998,2.5797733447424998,1.9199085681399999
BC 1,Mixed Baseline,1016,40,2.2477981002381253,0.13496268793136637,2.0837608937725003,2.4697957018175,2.9634624307675,1.474173374595
BC 1,Mixed Baseline,1017,40,1.72818782806125,0.04849463754050912,1.7811115279199998,1.8359049478949998,1.8622227610825,1.4335120753475
BC 1,Mixed Baseline,1018,40,3.2203947689406247,0.06525635860812483,3.20730616086,3.5961023933024996,3.503982580045,2.574187941555
BC 1,Mixed Baseline,1019,40,4.5455562017075,0.0558279945143839,5.07779209515,4.608304845935001,3.76522267954,4.730905186205
BC 1,Mixed Baseline,1020,40,7.012030681875,0.035723344787532176,7.5466526604999995,6.454082122,6.6586042625749995,7.388783682425
BC 1,Mixed Baseline,1021,40,9.9672632806875,0.08134655436140431,11.224480186,10.3209296275,7.17582846275,11.147814846500001
BC 1,Mixed Baseline,1022,40,1.8881808101118749,0.09846408114781025,2.2522443237325,1.6947811358574998,1.423240450015,2.1824573308425
BC 1,Mixed Baseline,1023,40,7.9687903079875,0.08454427884858223,7.36280737175,7.294903188499999,6.823467686700001,10.393982985
BC 1,Mixed Baseline,512,40,1.749585186531875,0.049794859546129645,1.55838342097,1.967812994825,1.8188905934025001,1.6532537369300002
BC 1,Mixed Baseline,513,40,1.768913977144375,0.058679739321912096,1.7771059370425,1.6356013107075,2.0846886555224997,1.578260005305
BC 1,Mixed Baseline,514,40,2.1310296200825,0.05777403525583498,2.1302292299424996,1.8394894020075,2.4781324277225,2.0762674206575
BC 1,Mixed Baseline,515,40,8.7412054154375,0.14684636057515987,5.77865124875,7.54690389675,11.890709181750001,9.748557334500001
BC 1,Mixed Baseline,516,40,5.36712526725,0.14190982716181358,5.585540958499999,3.81567690175,7.528784515,4.53849869375
BC 1,Mixed Baseline,517,40,1.93095524115375,0.062192593917982375,1.9907475379800001,1.6641827645325002,2.2480373151774997,1.820853346925
BC 1,Mixed Baseline,518,40,7.160200487056249,0.12465287399066732,7.35791999985,9.40231837,4.7018392132499995,7.1787243651249995
BC 1,Mixed Baseline,519,40,3.044516748516875,0.1229541689743373,3.1988357062599997,3.4690158157299997,3.70830712244,1.8019083496375
BC 1,Mixed Baseline,520,40,1.99932837367875,0.10207333879051479,1.373265291505,2.2454755841225,1.9990369019574998,2.37953571713
BC 1,Mixed Baseline,521,40,1.72987871839875,0.06638083353994016,1.65482319315,1.96858878233,1.4274383479875001,1.8686645501274999
BC 1,Mixed Baseline,522,40,4.0979397403,0.147342339618151,4.59474570375,5.24707278785,4.48732890235,2.06261156725
BC 1,Mixed Baseline,523,40,5.44270534688875,0.1337107184675531,6.199907748399999,4.86436542525,3.635203047905,7.071345166
BC 1,Mixed Baseline,524,40,10.1677541589375,0.06384055923820205,11.89947323425,10.290866706,9.9192927325,8.561383963
BC 1,Mixed Baseline,525,40,1.79432004820375,0.054352027541089934,1.567895213105,1.9894450479675,1.662095256745,1.9578446749975
BC 1,Mixed Baseline,526,40,3.36959985071125,0.11267650085361289,2.173804215515,3.3558019610949996,4.001608454342501,3.9471847718924997
BC 1,Mixed Baseline,527,40,4.45892397423125,0.06771651665562305,4.186473371675,5.37314668175,4.4315864125,3.8444894310000004
BC 1,Mixed Baseline,528,40,11.3627378877125,0.14840744778447557,8.8453136885,9.30640781785,9.537151187,17.7620788575
BC 1,Mixed Baseline,529,40,7.6811674795875,0.13220319712040493,7.803260718324999,9.58199697235,4.508636012925,8.83077621475
BC 1,Mixed Baseline,530,40,3.767225687925625,0.11541336842610413,2.5632284161525,4.8192918168525,3.74898071028,3.9374018084175
BC 1,Mixed Baseline,531,40,2.587537995133125,0.09954893493639932,2.2797300842175003,2.1604602170375,3.4862677402099997,2.4236939390675003
BC 1,Mixed Baseline,532,40,3.854074868435625,0.05733048053788657,3.29014683482,3.7532133171725,3.9799343579175,4.3930049638325
BC 1,Mixed Baseline,533,40,4.397446742287499,0.07121604074765171,3.798453931,4.15804642425,4.16787584115,5.465410772749999
BC 1,Mixed Baseline,534,40,2.379472184771875,0.053270617486539835,2.7788582975000002,2.3346043951325,2.11932899999,2.2850970464650002
BC 1,Mixed Baseline,535,40,1.58904177569,0.0258586008596486,1.470737692355,1.5883188896175,1.6804338991624999,1.616676621625
BC 1,Mixed Baseline,536,40,2.437070134280625,0.07914328803052788,2.393300729005,2.8393570227925,1.8885873068224999,2.6270354785025
BC 1,Mixed Baseline,537,40,8.5230366762625,0.2011112601834747,9.931278647000001,8.2554254535,12.2442888275,3.66115377705
BC 1,Mixed Baseline,538,40,7.4796854175625,0.2323614189454783,8.07631768775,3.2451623025000003,12.0160689925,6.5811926875
BC 1,Mixed Baseline,539,40,8.2394724884375,0.2321517088980671,7.471989222,9.92946628375,12.46945803,3.086976418
BC 1,Mixed Baseline,540,40,8.984356564975,0.0413705959533046,9.805679376250001,7.8244563575,9.15531621775,9.1519743084
BC 1,Mixed Baseline,541,40,7.84536364324375,0.12093651365628727,7.11783174625,5.479278078975,9.97598803675,8.808356711
BC 1,Mixed Baseline,542,40,2.2509551554875,0.08148005580461729,1.9374531355025,2.387510659875,1.9253501295275002,2.753506697045
BC 1,Mixed Baseline,543,40,2.9599799104875,0.06767426250236652,3.3928181831775,2.4088536992325,3.1456928135649997,2.892554945975
BC 1,Mixed Baseline,544,40,1.67498132600875,0.025527127872529875,1.6658236466999998,1.5644582396025,1.7868371738325,1.6828062439
BC 1,Mixed Baseline,545,40,2.315025025556875,0.03332254011259545,2.502937375995,2.4098600594499997,2.16854464612,2.1787580206625
BC 1,Mixed Baseline,546,40,3.79596793876875,0.08386440558338737,3.415313898,4.095314548999999,3.101030843075,4.572212465
BC 1,Mixed Baseline,547,40,2.336503921535,0.12918522011957534,2.2218281803125,1.493165440075,2.9498854047025,2.68113666105
BC 1,Mixed Baseline,548,40,5.433783476875,0.1539567730864232,7.069402220000001,6.2712919535,5.54445245225,2.8499872817500003
BC 1,Mixed Baseline,549,40,3.105328755200625,0.08612671794795673,2.4388054358,2.995912983745,3.184116065635,3.8024805356225
BC 1,Mixed Baseline,550,40,11.199770916,0.19977439968134608,14.859231906249999,15.16406625,9.887383024,4.88840248375
BC 1,Mixed Baseline,551,40,8.270866477775,0.1785053029689852,7.620437899600001,8.392946670499999,4.7267427285000005,12.3433386125
BC 1,Mixed Baseline,552,40,5.981376636125,0.16326102199173442,5.69934680325,8.50165860125,6.248071255,3.4764298849999995
BC 1,Mixed Baseline,553,40,3.26686734767625,0.1481638707218578,3.4823290360824997,1.9284096602475,4.426034505225,3.23069618915
BC 1,Mixed Baseline,554,40,8.499066921337501,0.21282669989330655,6.696923501250001,4.0915412793,12.3524991375,10.8553037673
BC 1,Mixed Baseline,555,40,2.47893248295,0.09558942370687266,1.954248653595,2.1457415129025,2.99205167382,2.8236880914825
BC 1,Mixed Baseline,556,40,3.0190327293343753,0.016800973660101477,3.03225608387,3.1009489473875,2.8504884036350004,3.092437482445
BC 1,Mixed Baseline,557,40,5.75020001125,0.0661844131979845,5.1369150891499995,7.023686085425,5.634531848925,5.2056670215
BC 1,Mixed Baseline,558,40,5.9495720532375005,0.14070241970556538,3.9721704594499996,6.13198359475,5.475991936750001,8.218142222
BC 1,Mixed Baseline,559,40,1.87624525365125,0.03849015965634706,2.0116673491,1.8948096793325,1.9526978151074998,1.645806171065
BC 1,Mixed Baseline,560,40,2.697084053710625,0.05863456779951308,2.8916390757199997,2.2689761279325,2.6093990001400003,3.01832201105
BC 1,Mixed Baseline,561,40,7.830228742575625,0.04120458325041902,7.0170348530775,8.53365789875,8.191307037475,7.578915181000001
BC 1,Mixed Baseline,562,40,8.2979767774,0.15381956512746847,7.0891702916,7.839002227499999,5.853129473,12.410605117500001
BC 1,Mixed Baseline,563,40,3.8524239680325,0.15220694807194463,4.293264603472499,1.7143353292549999,4.708012884745,4.6940830546575
BC 1,Mixed Baseline,564,40,4.8740167322425,0.11808077025457372,4.493898326515,3.6644487460725004,4.6587363023925,6.678983553989999
BC 1,Mixed Baseline,565,40,11.832192620625001,0.08927483603630292,11.5179920565,15.1079205875,11.0839462975,9.618911541
BC 1,Mixed Baseline,566,40,5.8542094000625,0.18950555228965343,6.4038963749999995,8.425985579999999,5.914748395,2.67220725025
BC 1,Mixed Baseline,567,40,6.5695940003481255,0.13777531721652142,7.182032627,8.89075104125,5.622268803392499,4.58332352975
BC 1,Mixed Baseline,568,40,2.080065989603125,0.10604933133803826,1.6759085787275,2.6518782946425,1.6954762577025,2.29700082734
BC 1,Mixed Baseline,569,40,1.9213057071075,0.03290684284464832,1.7986286368575002,2.128698738695,1.8682600395125,1.889635413365
BC 1,Mixed Baseline,570,40,9.977811138906251,0.08045613685369737,8.2948793475,11.744335182875,8.68798965775,11.1840403675
BC 1,Mixed Baseline,571,40,10.689255425499999,0.18978741693134404,10.66690610825,6.05468957525,16.497891863499998,9.537534155
BC 1,Mixed Baseline,572,40,2.842590501326875,0.08929109237082446,3.416970764995,2.1373384696525,2.7969307401325,3.0191220305275
BC 1,Mixed Baseline,573,40,7.603550291653125,0.1630246057624097,9.389326194,9.610208036749999,7.9285515612,3.4861153746625
BC 1,Mixed Baseline,574,40,5.6393523185,0.14210497923601226,5.27153383625,4.24076850375,8.32948982875,4.71561710525
BC 1,Mixed Baseline,575,40,4.416865503175,0.08109706040800128,4.47945281625,5.107260401,4.782758734,3.2979900614499997
BC 1,Mixed Baseline,576,40,3.631187063675,0.07260100105668096,3.1334971351,4.307824310575,3.889245168075,3.19418164095
BC 1,Mixed Baseline,577,40,10.506730931249999,0.08812078800921087,9.9716141585,11.6054974745,8.0282561745,12.4215559175
BC 1,Mixed Baseline,578,40,4.0189696879375,0.08999689657898204,3.4985677324999997,3.2001240520000005,4.62275211175,4.7544348555
BC 1,Mixed Baseline,579,40,4.763438242043749,0.09006838524135775,5.502102000424999,5.489358449999999,3.5344044415,4.52788807625
BC 1,Mixed Baseline,580,40,10.64676052478125,0.13119743642828735,10.6293163265,7.97385480675,9.0775304525,14.906340513375
BC 1,Mixed Baseline,581,40,2.7263379350524377,0.13181588682518405,2.0486404355475,3.74973035478,2.876852817645,2.23012813223725
BC 1,Mixed Baseline,582,40,6.0468706701625,0.14576693578712474,6.795578208499999,3.18490594365,7.767269772500001,6.439728755999999
BC 1,Mixed Baseline,583,40,2.75995799045125,0.08066347673868057,2.83804747989,3.0434572020725,2.019724441185,3.1386028386575
BC 1,Mixed Baseline,584,40,1.959719672323125,0.1143190376518323,1.1704042937349999,2.1473457864525,2.360981165335,2.1601474437699997
BC 1,Mixed Baseline,585,40,1.93322736210475,0.0675130217931089,1.715860652664,2.00673571967,2.3047254162849997,1.7055876598000002
BC 1,Mixed Baseline,586,40,11.93004724236875,0.15750425551283057,12.1820499125,12.594061515,6.529952147025,16.41412539495
BC 1,Mixed Baseline,587,40,4.046745555930625,0.11318831168468296,2.979972523755,4.1161815443375,5.3108182348124995,3.7800099208174998
BC 1,Mixed Baseline,588,40,9.23776654723125,0.11618333317856956,10.042798110625,11.872885177499999,8.3085435983,6.726839302499999
BC 1,Mixed Baseline,589,40,4.7699153262166245,0.1517294861403008,4.8583730982865,5.3378155894849995,6.29179403036,2.591678586735
BC 1,Mixed Baseline,590,40,2.108672274915625,0.026363623433022867,1.9747230014500001,2.265149037425,2.0883096499600002,2.1065074108274997
BC 1,Mixed Baseline,591,40,3.38505238009375,0.057240714692410856,4.0264666490000005,3.34431229725,3.092392279125,3.077038295
BC 1,Mixed Baseline,592,40,6.241602935,0.16001728965317466,5.470324613,3.575532802,7.7922549000000005,8.128299425
BC 1,Mixed Baseline,593,40,7.9274720885187495,0.03712756739073965,8.000826861250001,7.328739102575,7.61158316425,8.768739226
BC 1,Mixed Baseline,594,40,4.8133733978999995,0.018733329194726478,4.9489898645,4.4771627145,4.9000471641,4.9272938485
BC 1,Mixed Baseline,595,40,2.608331960351875,0.09694842377903463,2.751104837,3.046433216,1.7445014608575,2.89128832755
BC 1,Mixed Baseline,596,40,8.5505357025375,0.0933411217188441,9.93896642525,6.14554878325,8.36400751365,9.753620088
BC 1,Mixed Baseline,597,40,1.710402765676875,0.048334172337437774,1.56132617134,1.68284710358,1.6171118800600002,1.9803259077275002
BC 1,Mixed Baseline,598,40,2.592635307136875,0.12732204619088722,3.115974889545,3.1369708668275003,2.5537465219,1.563848950275
BC 1,Mixed Baseline,599,40,5.481064338025,0.1268093397099127,4.6629798745,7.47955185885,4.10914973175,5.672575887
BC 1,Mixed Baseline,600,40,2.60532640538375,0.11386992345832471,2.76855269015,3.312523608235,2.5306287742175,1.8096005489325002
BC 1,Mixed Baseline,601,40,2.296491079664375,0.11762311685936139,1.4501256692825,2.52025694875,2.84190719445,2.373674506175
BC 1,Mixed Baseline,602,40,5.3858253514125005,0.10670837217802644,6.757526027500001,5.46128562965,3.735094926,5.5893948225
BC 1,Mixed Baseline,603,40,2.9086608013756248,0.1060967309765097,2.4616773252175,3.53080959057,3.433326965845,2.20882932387
BC 1,Mixed Baseline,604,40,2.3502678321325,0.022233803007846498,2.30489233075,2.5417049543925,2.2697234393075,2.28475060408
BC 1,Mixed Baseline,605,40,3.811806651238125,0.06765755104771323,4.39860322166,3.79322886263,3.0829038183925,3.97249070227
BC 1,Mixed Baseline,606,40,2.0845160120875,0.07540271005901716,2.1262147930674997,2.527346515415,1.9300521919275,1.75445054794
BC 1,Mixed Baseline,607,40,6.352472750375,0.05671531440709159,6.9071392638999995,6.8090559526000005,6.657566719749999,5.03612906525
BC 1,Mixed Baseline,608,40,6.24488712963125,0.1737373445776158,7.2271041385000006,8.86136522,3.780299462525,5.1107796975
BC 1,Mixed Baseline,609,40,2.5982836468475,0.1396300024535653,2.7359258776499997,3.0563614431125,3.2144799776950004,1.3863672889325
BC 1,Mixed Baseline,610,40,2.2413711952275,0.0308177338944137,2.0195911847624997,2.37483378206,2.265801954565,2.3052578595225
BC 1,Mixed Baseline,611,40,10.745560786675,0.054117869846529644,12.770033832500001,10.2427754332,9.683082546,10.286351335
BC 1,Mixed Baseline,612,40,4.271428093068749,0.12422163353254707,2.9809829983775,5.6815796147975,4.4055101568224995,4.0176396022775
BC 1,Mixed Baseline,613,40,2.16563880728375,0.042187456593017564,2.308119409875,2.137963060275,2.323511103035,1.8929616559499998
BC 1,Mixed Baseline,614,40,2.2832485152256248,0.07140583370147631,1.87607169102,2.37225421624,2.1973618459175,2.6873063077249997
BC 1,Mixed Baseline,615,40,9.414541699775,0.05687734735274449,11.0902110201,8.42839160825,9.360846235,8.778717935749999
BC 1,Mixed Baseline,616,40,2.24605014054625,0.08186101324466465,1.8737173416275,2.6578244095774997,1.9315784849875002,2.5210803259925
BC 1,Mixed Baseline,617,40,2.83224866980525,0.1613339094529815,3.583935123271,2.881870035035,3.5076593087625,1.3555302121525001
BC 1,Mixed Baseline,618,40,2.300141322924375,0.07435853143072486,1.9865018618149999,2.24945848904,2.1118014081075,2.852803532735
BC 1,Mixed Baseline,619,40,2.1863420592650002,0.10021863102498046,2.1639353372350003,2.3942422350025003,1.5476805936875,2.639510071135
BC 1,Mixed Baseline,620,40,1.723033760784375,0.05979079494473039,1.7192608517724999,1.5884234895425,1.5393074225525,2.04514327927
BC 1,Mixed Baseline,621,40,3.98599250975875,0.05845888763670889,3.5532114916674997,3.50300625644,4.45137249102,4.4363797999075
BC 1,Mixed Baseline,622,40,11.12131114654375,0.08555709685957483,13.998205310175,10.6841945585,10.830556575,8.9722881425
BC 1,Mixed Baseline,623,40,7.426947859499999,0.12607127531480816,8.19689477325,6.35755892175,9.766978998499999,5.3863587445
BC 1,Mixed Baseline,624,40,8.693770629839374,0.19894816213044175,9.282129962499999,13.83370564,5.9341244443575,5.7251224725
BC 1,Mixed Baseline,625,40,8.941369852000001,0.12350972054248273,7.369866665000001,6.5319780194999995,11.385851733500001,10.47778299
BC 1,Mixed Baseline,626,40,6.482239415195625,0.08943451016700617,5.265056512,6.7166196745075,8.075401461475,5.8718800128
BC 1,Mixed Baseline,627,40,2.598871016018125,0.11158171244780965,2.70490639144,2.790963436705,1.6908526831125,3.2087615528150004
BC 1,Mixed Baseline,628,40,3.680919879534375,0.10288280007085446,3.51116980056,4.45076241761,2.6359028118875,4.12584448808
BC 1,Mixed Baseline,629,40,2.48874605668625,0.040465495081247874,2.2772744662899997,2.3454844279225,2.7282079776524997,2.60401735488
BC 1,Mixed Baseline,630,40,10.897605612375,0.10057734197125884,10.695828505,12.823203775,7.577084422,12.4943057475
BC 1,Mixed Baseline,631,40,6.6271041781874995,0.0743969057048186,5.97098994125,8.497816090499999,5.91837307425,6.12123760675
BC 1,Mixed Baseline,632,40,5.2481775298125,0.1559135402525358,4.99612568925,6.3090527865,6.806976475000001,2.8805551685
BC 1,Mixed Baseline,633,40,1.53035824949375,0.04933881654649507,1.7125730313149998,1.4579888081,1.5952450571474999,1.3556261014125
BC 1,Mixed Baseline,634,40,1.4845576884475,0.04513278245084981,1.633353917225,1.53560831789,1.4720854967375,1.2971830219375
BC 1,Mixed Baseline,635,40,5.903829836433125,0.06255939265702107,5.86832729997,5.1747357807625,5.5378621525,7.0343941125
BC 1,Mixed Baseline,636,40,3.621502326233125,0.0689389187042586,3.9845880844124997,4.1467595494000005,3.0378028951025002,3.3168587760175
BC 1,Mixed Baseline,637,40,6.67015781196875,0.07809935565653872,6.1416243625,5.33093114425,7.577424496125,7.630651245
BC 1,Mixed Baseline,638,40,8.15029888185,0.15264460711931677,9.7084347025,10.7048851585,4.86481389,7.3230617764
BC 1,Mixed Baseline,639,40,5.263064787830625,0.07035148510950118,5.521626575572499,4.82791829975,6.2231108895,4.4796033865
BC 1,Mixed Baseline,640,40,3.703153681029375,0.17679366800611535,3.207732724625,1.9246105932500002,4.8881995287425,4.7920718775
BC 1,Mixed Baseline,641,40,5.60165096749375,0.16446216322051493,5.53607916375,4.5626319582249995,8.448397535,3.859495213
BC 1,Mixed Baseline,642,40,2.03530624945375,0.03720832141171018,1.939009898965,1.9014667044225,2.27717344171,2.0235749527175
BC 1,Mixed Baseline,643,40,2.348892157503125,0.06177522291842409,2.6924620453549997,2.545829660375,2.0851341813325,2.07214274295
BC 1,Mixed Baseline,644,40,1.750608479075,0.03405807868548442,1.66534898276,1.9247533719825,1.7705103331825,1.6418212283749998
BC 1,Mixed Baseline,645,40,6.9067482273125,0.0653068038245817,6.24731979175,7.5522932132500005,7.8990147859999995,5.92836511825
BC 1,Mixed Baseline,646,40,10.998920578,0.19409674497867346,10.618985063,13.6326038775,15.06272270325,4.68137066825
BC 1,Mixed Baseline,647,40,3.148533417198125,0.14225244493037012,3.099007591115,4.0332122765900005,3.6378243473175,1.82408945377
BC 1,Mixed Baseline,648,40,2.297229968564375,0.05180637269667036,2.40366019184,2.4564000091425,1.8558567343974999,2.4730029388775003
BC 1,Mixed Baseline,649,40,2.958524889278125,0.07449832241816028,3.2089960217875,3.4832281170724997,2.4951613487075,2.6467140695449998
BC 1,Mixed Baseline,650,40,11.7716210926875,0.08734461783246507,13.454700090500001,10.72312099,9.16776084025,13.740902449999998
BC 1,Mixed Baseline,651,40,6.9771008813124995,0.11962474207963833,7.5663257250000004,6.814231529999999,8.864264485,4.66358178525
BC 1,Mixed Baseline,652,40,8.32247759175,0.13570527022891224,8.8862675525,5.7792844594999995,11.2866023275,7.337756027499999
BC 1,Mixed Baseline,653,40,8.8023629591875,0.19215058900394366,7.6576289090000005,10.247117782,4.573589445750001,12.7311157
BC 1,Mixed Baseline,654,40,9.81213120315,0.06807865811920168,8.841273580000001,12.297550728500001,8.895292170000001,9.2144083341
BC 1,Mixed Baseline,655,40,6.25340619855,0.14500514075896867,4.29829270555,8.80060211925,5.4566207369,6.4581092325
BC 1,Mixed Baseline,656,40,1.9092170437218752,0.07925277066204445,1.5659716881625,2.0490340237325,2.2729288379775,1.748933625015
BC 1,Mixed Baseline,657,40,1.5509370965183125,0.050818026302358967,1.49975358950075,1.3478981655525,1.7242002248825,1.6318964061374999
BC 1,Mixed Baseline,658,40,3.5933990920024996,0.1334739045389385,2.511105527285,4.697285313085,3.02487238351,4.1403331441299995
BC 1,Mixed Baseline,659,40,2.03957723281,0.07825944025102127,2.1286632749,2.4819393469825,1.7364581225375002,1.8112481868199999
BC 1,Mixed Baseline,660,40,1.729363067546875,0.055383947629716074,1.517746795345,1.6648898413575002,1.726926708005,2.00788892548
BC 1,Mixed Baseline,661,40,4.9091332784475,0.1562500990277434,3.1654094548775,4.1830186028725,5.456113613125,6.831991442915
BC 1,Mixed Baseline,662,40,5.4261656575625,0.18213571269891085,4.3142555677750005,2.9361805798750003,7.213552676099999,7.2406738065
BC 1,Mixed Baseline,663,40,2.481022616319375,0.17641686929686498,2.3846491953825,3.277117293365,1.1764796948075,3.0858442817225002
BC 1,Mixed Baseline,664,40,9.4740150858125,0.06013988728760944,9.729221900999999,7.52105209075,10.38142550625,10.26436084525
BC 1,Mixed Baseline,665,40,4.19744517023125,0.09063924025807517,5.15755240425,4.32923915665,3.20582769465,4.097161425375
BC 1,Mixed Baseline,666,40,1.529322572795,0.038358729064578496,1.462740506955,1.6451508118825,1.38587624437,1.6235227279725
BC 1,Mixed Baseline,667,40,2.47404392692625,0.06378432848481981,2.2244433002425,2.2796456993425,3.0428862901425,2.3492004179775003
BC 1,Mixed Baseline,668,40,5.52076922715,0.1356931601324107,4.8578109412499995,3.7544017641,7.3181209975,6.15274320575
BC 1,Mixed Baseline,669,40,9.96672706871875,0.0350508775714219,10.548764297,8.688947343625,10.31961312925,10.309583505
BC 1,Mixed Baseline,670,40,9.1353425874,0.20311857444493045,9.171634280125001,7.1889039965,5.472717047975,14.708115025000001
BC 1,Mixed Baseline,671,40,9.962855966875,0.15192594586469957,10.225264504,5.5652057735,10.5220589425,13.538894647500001
BC 1,Mixed Baseline,672,40,4.189588475939375,0.13136413117613985,3.7269478166699996,5.36599282354,2.8076643788649998,4.8577488846825
BC 1,Mixed Baseline,673,40,2.237367309568125,0.128519643189493,1.3479495760225,2.7276444246200002,2.2061147052349996,2.667760532395
BC 1,Mixed Baseline,674,40,8.2189766502125,0.1016818496976771,8.7790721425,6.691552514750001,6.8871821136,10.51809983
BC 1,Mixed Baseline,675,40,6.197291229999999,0.15844120803686998,6.9399402746,8.205339967499999,6.5430974006,3.1007872773
BC 1,Mixed Baseline,676,40,6.79413257479375,0.1144266511737391,8.18128120625,4.8118462299,5.96426842375,8.219134439274999
BC 1,Mixed Baseline,677,40,5.0890177836206245,0.17458233219636818,5.490045002875,2.8805740846075,4.6473593495,7.3380926975
BC 1,Mixed Baseline,678,40,1.788166007169375,0.06102039714146542,1.5994227176375,1.620357739835,1.8170956111349998,2.11578796007
BC 1,Mixed Baseline,679,40,2.346692605054375,0.08732599950032989,1.80571111566,2.682581449285,2.170511308005,2.7279665472675
BC 1,Mixed Baseline,680,40,2.249043059283125,0.11151731597936825,1.5067670232250001,2.4832048938924998,2.2421472140925003,2.7640531059225
BC 1,Mixed Baseline,681,40,1.7951955996793751,0.08542905462417827,1.7486877848125002,2.1090328202575,1.96114112803,1.3619206656174998
BC 1,Mixed Baseline,682,40,4.690141132865625,0.03690224871522856,5.2686291574999995,4.60417066075,4.3765326732625,4.51123203995
BC 1,Mixed Baseline,683,40,2.1822521630848124,0.10550250456360709,1.6866125056235,1.8291091714524998,2.67969440688825,2.533592568375
BC 1,Mixed Baseline,684,40,1.457504261075625,0.017294893561960085,1.453658669035,1.506374411635,1.3830326081300002,1.4869513555025
BC 1,Mixed Baseline,685,40,2.4847809175343754,0.06338614757113786,2.314046169385,2.8298625768825003,2.1126863616000002,2.68252856227
BC 1,Mixed Baseline,686,40,5.86490163715625,0.07144533365232365,5.284899193875,6.561426394250001,4.9020087355,6.711272225
BC 1,Mixed Baseline,687,40,5.8710572944,0.19418655921011785,4.9973466595,3.014651186625,7.067053568125,8.40517776335
BC 1,Mixed Baseline,688,40,3.9341022520425,0.08551311238336572,3.7164917143125002,4.63321458296,3.04679437434,4.3399083365574995
BC 1,Mixed Baseline,689,40,3.4624330438624997,0.13126126027259674,4.20595045775,4.0405413265,3.7115308364999997,1.8917095546999998
BC 1,Mixed Baseline,690,40,3.4227019125406253,0.05654678053828593,3.4750720037400002,2.82466967044,3.5637162652725003,3.82734971071
BC 1,Mixed Baseline,691,40,4.194963808114375,0.06467251204380281,4.89603968925,4.4488141697075,3.7544262207499997,3.68057515275
BC 1,Mixed Baseline,692,40,10.68678237351875,0.13247488994795928,8.548115448825,15.9459593625,9.3556040215,8.89745066125
BC 1,Mixed Baseline,693,40,8.132338099593749,0.17823664034450265,7.84596379475,12.02050985,4.42168864315,8.241190110475
BC 1,Mixed Baseline,694,40,2.884698123519375,0.04478981695947757,2.68000572643,3.1925793051275,2.624164509125,3.0420429533949997
BC 1,Mixed Baseline,695,40,1.59082303877,0.022184797943750164,1.6636345050975003,1.5157871351324999,1.6525009039124998,1.5313696109375
BC 1,Mixed Baseline,696,40,1.9823275183025,0.11522606932845349,2.419111862935,2.2429544548475002,1.2891966796675,1.97804707576
BC 1,Mixed Baseline,697,40,4.978449398145,0.09565137780856943,4.481149545535,4.2134591952825,4.4698024516125,6.74938640015
BC 1,Mixed Baseline,698,40,2.9251237539487502,0.15156062300771037,2.4719935347075,3.567554724865,3.8301027224800004,1.8308440337425
BC 1,Mixed Baseline,699,40,10.836480194562501,0.1257521787245689,13.0412490375,12.915631181,6.423480913500001,10.96555964625
BC 1,Mixed Baseline,700,40,8.65691734308375,0.1411622005044325,10.8435095305,7.0256470995,5.756821438375,11.00169130396
BC 1,Mixed Baseline,701,40,9.98773774640625,0.03901984610684635,10.122748803,8.685151506625001,10.507714434,10.635336242
BC 1,Mixed Baseline,702,40,4.47858823630625,0.13006696496131723,3.7084270304999998,6.114082511,4.7404929440000005,3.351350459725
BC 1,Mixed Baseline,703,40,3.46344249307,0.036144289640070514,3.2159571664875,3.4310923939425004,3.3501108580225,3.8566095538275
BC 1,Mixed Baseline,704,40,3.33321916528125,0.08182593369176912,3.8630535958750003,3.8345319879999997,2.9230403912500003,2.712250686
BC 1,Mixed Baseline,705,40,9.348588841249999,0.06849888633586292,10.46988155775,10.101617325,9.60159711975,7.2212593625
BC 1,Mixed Baseline,706,40,5.63007292453125,0.16053071775741007,5.34267028825,7.46413266325,3.075605521625,6.637883225
BC 1,Mixed Baseline,707,40,5.297408584125,0.2169373394887607,6.30088969815,3.62356616135,3.0142612294999998,8.2509172475
BC 1,Mixed Baseline,708,40,3.407117035249375,0.09892772393838128,3.61012155576,3.4710430094875,4.1492942528,2.39800932295
BC 1,Mixed Baseline,709,40,5.453555127827499,0.13609272162066446,5.75282665365,7.31637783625,5.20405722975,3.5409587916599996
BC 1,Mixed Baseline,710,40,6.88944920078125,0.10583402918345851,6.989384681750001,8.891838785000001,5.161058508,6.515514828374999
BC 1,Mixed Baseline,711,40,2.1433706392825,0.08168782393932972,1.701819409905,2.00256014154,2.5201559501324997,2.3489470555525
BC 1,Mixed Baseline,712,40,2.037744507998125,0.07708896901136969,2.164165375905,1.5312723809625,2.3496485034475,2.1058917716775
BC 1,Mixed Baseline,713,40,1.9496754218475,0.0345448655811981,2.1482088177175003,1.8464773385200002,1.8311360599474997,1.972879471205
BC 1,Mixed Baseline,714,40,1.8445938506043749,0.04601905199424034,1.68240067916,2.0827951684399997,1.728089828775,1.8850897260425001
BC 1,Mixed Baseline,715,40,4.670310346186875,0.1389364746468885,3.901856431745,6.11953368076,5.476208121572499,3.18364315067
BC 1,Mixed Baseline,716,40,1.737536598589375,0.018922413383248297,1.6545812845524999,1.7495097375725,1.8215859152275002,1.724469457005
BC 1,Mixed Baseline,717,40,5.935172053379626,0.08911125422679297,6.59651262075,6.9439340161185,4.3829115404,5.8173300362500004
BC 1,Mixed Baseline,718,40,1.751502060109375,0.041368863373978264,1.9663582224574998,1.7113255768550002,1.7391366559099999,1.589187785215
BC 1,Mixed Baseline,719,40,6.0642857427625,0.11638654109356122,5.17378225425,4.36326620005,7.301941413500001,7.418153103250001
BC 1,Mixed Baseline,720,40,12.3970049550625,0.1834931060727044,11.482437319499999,17.5456977875,6.32957540825,14.230309305
BC 1,Mixed Baseline,721,40,3.693779176375,0.10592136118575855,4.07854857625,2.5432233642499997,3.6622277215,4.4911170435
BC 1,Mixed Baseline,722,40,6.8285044218749995,0.13428670238902946,8.029904607999999,5.37417525625,8.957620262499999,4.95231756075
BC 1,Mixed Baseline,723,40,10.80556950970625,0.11245234269790888,12.808418791,12.746871487325,7.0316772055,10.635310555
BC 1,Mixed Baseline,724,40,3.5777791794675,0.12060161606736107,2.7988676533075,4.7920633362725,2.897998780785,3.822186947505
BC 1,Mixed Baseline,725,40,2.805674271341625,0.1448023587614327,1.4584709871025,3.0154571847,3.571196635474,3.17757227809
BC 1,Mixed Baseline,726,40,1.69273537094125,0.06273991244808162,1.41919392575,1.9359574142949998,1.7823663908075003,1.6334237529125002
BC 1,Mixed Baseline,727,40,6.2722036225625,0.11023639492361445,7.17962994675,5.867509609,7.6459510525,4.395723882
BC 1,Mixed Baseline,728,40,2.364299723796875,0.0879698666937184,2.1113575851674997,2.884128344105,1.91873657716,2.542976388755
BC 1,Mixed Baseline,729,40,5.4555009010625,0.05350439657658688,6.07286891875,5.719375295,4.6189650605,5.41079433
BC 1,Mixed Baseline,730,40,11.2421870375625,0.11512365648394678,13.427623905999999,7.342728382750001,10.8726077865,13.325788075
BC 1,Mixed Baseline,731,40,4.4199060956475,0.09705914555485691,3.6371311305,5.04132066,5.410534198665,3.5906383934250004
BC 1,Mixed Baseline,732,40,6.19010961225,0.1951477497037274,5.6018370585,8.17918303,2.6979709455000003,8.281447414999999
BC 1,Mixed Baseline,733,40,4.371299047325,0.07375486984465046,3.9642646435000004,5.53480651225,3.8669516125500003,4.119173421
BC 1,Mixed Baseline,734,40,9.556958530025,0.10947147248854006,9.463765505,11.095094957499999,11.3525034475,6.3164702101
BC 1,Mixed Baseline,735,40,10.436628663975,0.25165627168028093,7.728978779249999,12.12893782,17.2148206775,4.673777379150001
BC 1,Mixed Baseline,736,40,3.400207394140625,0.14633970827240655,3.24001722295,2.164660017,3.4465470029499996,4.7496053336625
BC 1,Mixed Baseline,737,40,4.18386887654625,0.0505551551395532,3.9078763193475,4.72963014512875,3.7486812288875,4.349287812821251
BC 1,Mixed Baseline,738,40,1.727491217258125,0.0692895441355786,1.7007953167225,1.39754215434,1.9984738224225,1.8131535755475
BC 1,Mixed Baseline,739,40,3.89884210362,0.22870936511185835,3.212012798525,5.5577499470575,5.3207017997724995,1.504903869125
BC 1,Mixed Baseline,740,40,3.61598704693625,0.15009259576480194,4.276292854445,3.2100878214525004,4.7583706027625,2.219196909085
BC 1,Mixed Baseline,741,40,6.72803061675,0.17809636180227628,7.42636705125,4.24962202825,5.3035241825,9.932609205
BC 1,Mixed Baseline,742,40,3.62748825415375,0.036624131176044496,3.14768672209,3.74210009815,3.7748403170750002,3.8453258793000002
BC 1,Mixed Baseline,743,40,4.950699066753125,0.07390716853715945,4.3227769041075,5.8206298428575,5.4233325851325,4.236056934915
BC 1,Mixed Baseline,744,40,1.8289065055887501,0.0628846223314265,1.8097980121700001,2.0237593119,2.006221922365,1.47584677592
BC 1,Mixed Baseline,745,40,2.6461371968018748,0.05313536655576278,2.8906888320124997,2.2746299167175,2.5187084196875,2.90052161879
BC 1,Mixed Baseline,746,40,4.42270509979375,0.0905594092738323,4.86811921875,2.964124427825,4.78579880335,5.07277794925
BC 1,Mixed Baseline,747,40,8.55196351271875,0.10408348247447803,8.013823389125,7.21149458,7.271264395999999,11.71127168575
BC 1,Mixed Baseline,748,40,2.206598336163125,0.08606214845071371,1.7251066348675,2.3249377208574997,2.66630116748,2.1100478214475
BC 1,Mixed Baseline,749,40,8.29128035732625,0.17856013082515187,10.10562011225,5.5574662601,5.562863204455001,11.9391718525
BC 1,Mixed Baseline,750,40,4.17521004992375,0.12117773712386094,4.081127826325,5.29189862175,4.57098832745,2.75682542417
BC 1,Mixed Baseline,751,40,4.141166394515,0.1070637240168753,3.062977416435,4.6262062619975,3.7424551440125002,5.133026755615
BC 1,Mixed Baseline,752,40,4.0164839471,0.10334491956026001,4.297850891075,2.75243292075,4.111544172925,4.9041078036500005
BC 1,Mixed Baseline,753,40,1.419209390379375,0.021162883233179934,1.5221516014074998,1.401178095735,1.3667860168950001,1.38672184748
BC 1,Mixed Baseline,754,40,2.923829925558125,0.17480967448011384,3.1675326756924997,4.1033390233475,2.9868071920975003,1.437640811095
BC 1,Mixed Baseline,755,40,3.74098673780375,0.18441558359889706,4.0525213642499995,4.53291000375,4.948916358325,1.42959922489
BC 1,Mixed Baseline,756,40,2.518304538476875,0.1163160630263547,2.0922350203475,3.0396483497675,3.093883222105,1.8474515616875
BC 1,Mixed Baseline,757,40,4.211727200778125,0.14689883747409804,4.1476154600875,4.5263796895,2.499723319525,5.673190334
BC 1,Mixed Baseline,758,40,2.082296895126875,0.09860345426037143,2.2986821502374997,2.2429993611225,2.4319970141350002,1.3555090550125
BC 1,Mixed Baseline,759,40,4.57362931102875,0.1202898258493487,3.7371516392525,6.18749723197,3.598157814095,4.7717105587974995
BC 1,Mixed Baseline,760,40,3.2382396425206252,0.05515344606642058,3.8342459479425,3.1665864166925,3.0223277817025,2.929798423745
BC 1,Mixed Baseline,761,40,3.429806965575,0.09050494094493003,4.00964702225,3.059647642925,2.6631487477499998,3.986784449375
BC 1,Mixed Baseline,762,40,3.813917867429375,0.0940409497780658,3.4689517516674995,5.1232254215275,3.218251190835,3.4452431056875
BC 1,Mixed Baseline,763,40,2.812619817760625,0.12123815041874518,2.7848554731475,3.03048603518,1.8491824429325,3.5859553197825003
BC 1,Mixed Baseline,764,40,2.724753065734375,0.15248070059506136,3.3316706447474997,3.2658689914975,3.1455465284625,1.15592609823
BC 1,Mixed Baseline,765,40,9.3041646062,0.08066431342542366,10.49659102555,10.847186607000001,8.29435816475,7.5785226275
BC 1,Mixed Baseline,766,40,6.283143970911875,0.12185165176913702,4.475836294595,5.620197347275,6.906068477865,8.130473763912502
BC 1,Mixed Baseline,767,40,5.5244587017875,0.18032926200299704,7.1600976974999995,7.577348868750001,3.29610554615,4.06428269475
BC 1,Mixed Baseline,768,40,5.33405405887375,0.1444881450435032,6.17885036825,3.1897826022549998,5.045232783,6.92235048199
BC 1,Mixed Baseline,769,40,6.8952417198125,0.08078574613400535,7.27433147425,8.2187876825,5.46512542275,6.62272229975
BC 1,Mixed Baseline,770,40,2.270158625254,0.03449865703494612,2.373817418061,2.1043596139075,2.4486994184875,2.15375805056
BC 1,Mixed Baseline,771,40,4.25364625985,0.09803629358061747,4.0646715997500005,5.615322225,3.8826613927499998,3.4519298219
BC 1,Mixed Baseline,772,40,1.587952226354375,0.03522139665026182,1.6113906875475,1.576441063705,1.7253100270450001,1.43866712712
BC 1,Mixed Baseline,773,40,8.076874374187499,0.10196363531271282,8.783104194875,9.967450815,5.97587729125,7.5810651956249995
BC 1,Mixed Baseline,774,40,3.408510704537375,0.03775919670364129,3.331741623797,3.5847817130624997,3.659793395525,3.057726085765
BC 1,Mixed Baseline,775,40,2.6874303897581253,0.03535721733822594,2.5750798351125,2.9011856986325,2.8030529452575,2.47040308003
BC 1,Mixed Baseline,776,40,1.61869308025,0.05564170292911678,1.3843650828125,1.860569534115,1.6086908129525,1.62114689112
BC 1,Mixed Baseline,777,40,2.0066565310803126,0.04012106181428681,1.799814806745,1.9831806113300001,2.2135706884474997,2.03006001779875
BC 1,Mixed Baseline,778,40,4.561293870820625,0.08321269440080108,3.5374934098325,4.7842159112275,5.4561628319025,4.46730333032
BC 1,Mixed Baseline,779,40,1.8644531545498126,0.07087114884145261,1.94133105936925,1.7703416349425,1.5492057006175,2.19693422327
BC 1,Mixed Baseline,780,40,2.07188986230125,0.06176823445656922,1.8094971891225,2.4284643327175,1.9294338488125,2.1201640785525
BC 1,Mixed Baseline,781,40,2.2961538747537498,0.05841608328813981,1.9940373407149998,2.5176410833425,2.5708812674,2.1020558075575
BC 1,Mixed Baseline,782,40,1.522880818339375,0.05953281102843811,1.7090518156674999,1.6663590844175,1.402702302015,1.3134100712575
BC 1,Mixed Baseline,783,40,3.07358870101125,0.07644916798710437,2.4299869959325,3.1685070778,3.6442218557849997,3.0516388745275003
BC 1,Mixed Baseline,784,40,4.80378078266875,0.14145339009783223,5.534969891175,3.739439614625,6.483131305000001,3.457582319875
BC 1,Mixed Baseline,785,40,2.1882949656375,0.04486047988300513,2.4272383710625,1.9932014670575,2.03208166995,2.3006583544800003
BC 1,Mixed Baseline,786,40,1.885211238403125,0.05339788779508391,2.0037603070900003,1.5450554586475,2.058524006895,1.93350518098
BC 1,Mixed Baseline,787,40,9.365257817125,0.12869674297191455,10.6000876805,5.7421379175,11.75739564825,9.36141002225
BC 1,Mixed Baseline,788,40,1.614016417011875,0.06979096097169063,1.7839588926474998,1.30485164626,1.8250378208874998,1.5422173082525001
BC 1,Mixed Baseline,789,40,3.374270497636875,0.05192914704528247,3.3927640128550003,3.0245632638225,3.8910620784899996,3.18869263538
BC 1,Mixed Baseline,790,40,10.15560144403125,0.12112702381595918,10.8782845135,7.2274347866249995,13.2506476925,9.266038783499999
BC 1,Mixed Baseline,791,40,2.274334297285625,0.056839075380651534,1.8691661582575,2.2873538333275,2.4296311737725,2.511186023785
BC 1,Mixed Baseline,792,40,7.909560729475,0.2163189723101813,9.075073444000001,11.7746379225,7.671208108749999,3.11732344265
BC 1,Mixed Baseline,793,40,7.0345143812725,0.1379945735893537,8.157026621625,5.850112859,4.861345149465,9.269572895
BC 1,Mixed Baseline,794,40,1.944138626630625,0.060419786247436075,1.972624035775,2.06518235927,2.1671861758400004,1.5715619356375001
BC 1,Mixed Baseline,795,40,8.99067205735,0.10029646207075767,8.514086981775,11.207326625,6.730361483,9.510913139625
BC 1,Mixed Baseline,796,40,8.798635432400625,0.11455481150528143,9.222124223749999,7.7935175008524995,6.63974839375,11.53915161125
BC 1,Mixed Baseline,797,40,3.4770603232012505,0.06355641428616778,3.4395623227550005,3.0064468607175003,4.144460537780001,3.3177715715524996
BC 1,Mixed Baseline,798,40,8.7597356838125,0.09250889541114952,9.480327705499999,9.36047942425,10.24003568175,5.95809992375
BC 1,Mixed Baseline,799,40,5.11325165306625,0.10532153410269186,4.513947000825,4.4597322927275,7.1667225636175,4.312604755095
BC 1,Mixed Baseline,800,40,8.84206247505625,0.08008443301362589,10.26433411675,7.922508244975001,7.180529171000001,10.0008783675
BC 1,Mixed Baseline,801,40,2.71636389830625,0.015398113260370102,2.7718908286249997,2.71753710704,2.7904932190825003,2.5855344384774996
BC 1,Mixed Baseline,802,40,4.66257260278375,0.223519740187121,5.258185017675,6.866606787249999,1.328837252385,5.196661353825
BC 1,Mixed Baseline,803,40,1.639123037771875,0.029877230614946047,1.6654351007150001,1.5954121502325,1.528899723135,1.766745177005
BC 1,Mixed Baseline,804,40,4.178229475801875,0.11542028474066843,4.55975288195,5.3875013310824995,3.12027710604,3.645386584135
BC 1,Mixed Baseline,805,40,2.7955392881375,0.08296164506156557,3.17046170175,3.10201660875,2.9131977115,1.9964811305499999
BC 1,Mixed Baseline,806,40,6.81446857978125,0.17000216061070322,6.9660693265,4.042445751124999,9.98655432,6.2628049215
BC 1,Mixed Baseline,807,40,1.8694726192918751,0.05273668510370477,1.7881716920375001,1.611906486625,2.0617577373725,2.0160545611325
BC 1,Mixed Baseline,808,40,3.60899155680875,0.13040972374061055,3.7311560281625,4.8259023109325,2.399796801165,3.479111086975
BC 1,Mixed Baseline,809,40,2.279068652333125,0.05918180479867408,2.477873162555,2.1556134359224997,1.9354255702525003,2.5473624406025
BC 1,Mixed Baseline,810,40,9.008581302925,0.1752441331286438,7.690696662875,6.137500192825,7.6593412035,14.546787152499999
BC 1,Mixed Baseline,811,40,9.36769217579375,0.08747888158926412,8.72275944125,7.949812838375,8.53907661075,12.2591198128
BC 1,Mixed Baseline,812,40,3.6257761572675,0.18247034823792743,3.9203858989675,4.0505029201600005,1.5235363737049998,5.0086794362375
BC 1,Mixed Baseline,813,40,8.200753665875,0.09837104453209122,6.2849420285,7.8485790265,10.470689384249999,8.19880422425
BC 1,Mixed Baseline,814,40,5.7098787663125,0.1222437664377328,5.7516056312499995,6.902828830500001,6.69157858275,3.4935020207500003
BC 1,Mixed Baseline,815,40,7.0098803929625,0.1703721477369456,6.583372047349999,10.8085232425,6.021275559,4.626350723
BC 1,Mixed Baseline,816,40,6.9359992478125,0.09493095259104685,8.09627373725,5.1645824425,8.1039176635,6.3792231479999995
BC 1,Mixed Baseline,817,40,1.83131121603875,0.03616242395083503,1.8669152375975,1.6080991909475,1.8999420275525,1.9502884080575
BC 1,Mixed Baseline,818,40,4.447328029959375,0.09003226287187967,4.0000394236600005,3.5186596792300002,5.3459267723675,4.92468624458
BC 1,Mixed Baseline,819,40,5.25279202735,0.11807569037963617,5.468848649,6.69622026225,5.45221043975,3.3938887584
BC 1,Mixed Baseline,820,40,8.152386766058125,0.1469010356442104,10.1589139172825,8.3944602725,9.811935521625,4.244237352825
BC 1,Mixed Baseline,821,40,5.4701438940625,0.1222327192041752,4.913303224,7.35114710375,4.0145435835,5.601581664999999
BC 1,Mixed Baseline,822,40,2.26403769028875,0.06984500374189102,2.1255943863974998,1.8810014233749999,2.62457562017,2.4249793312125
BC 1,Mixed Baseline,823,40,6.04799239738125,0.08762560821108704,5.858781393999999,4.506476437525,7.0154215725,6.811290185500001
BC 1,Mixed Baseline,824,40,6.569754120943751,0.1265624257455459,7.81270838075,3.3880328939249997,7.52427869,7.553996519100001
BC 1,Mixed Baseline,825,40,8.316785728,0.0969185925893557,7.420555325,7.00695040475,11.2492940195,7.59034316275
BC 1,Mixed Baseline,826,40,2.13437944716875,0.05865624245366517,2.47484170848,1.8677011047025,2.18833400881,2.0066409666825
BC 1,Mixed Baseline,827,40,9.3079701573875,0.1689606252825089,10.7202126444,13.194426573249999,5.9116818129,7.405559599
BC 1,Mixed Baseline,828,40,3.933689578828,0.1548522022592748,3.722932536385,2.4686706152795,5.666018563574999,3.8771366000725003
BC 1,Mixed Baseline,829,40,7.4447875424375,0.11672150264107685,8.77523811575,8.866814085,4.6675568905,7.469541078500001
BC 1,Mixed Baseline,830,40,1.8607177115025,0.06812473982728287,1.7855886657275,1.9603179822899999,1.539574558455,2.1573896395375
BC 1,Mixed Baseline,831,40,3.1001082091325,0.16987510666931818,1.4110171271725,4.0269737126475,3.192106174865,3.770335821845
BC 1,Mixed Baseline,832,40,4.509036397313125,0.04638026172872248,4.1738656293525,4.1464591610325,5.121753462805,4.5940673360624995
BC 1,Mixed Baseline,833,40,1.8191762101425,0.08331581219031003,1.3809316659675,2.0202814185249998,2.105765907725,1.7697258483525
BC 1,Mixed Baseline,834,40,2.822303405735,0.10339268773906642,3.24319146119,1.9070781660974998,3.321468897125,2.8174750985275
BC 1,Mixed Baseline,835,40,1.704191434115625,0.03191602700649327,1.5562522387125,1.8006833663400001,1.7983965329475002,1.6614335984625002
BC 1,Mixed Baseline,836,40,3.126161949975,0.08016207581196463,3.4669542156250004,2.778624254325,3.68307868805,2.5759906419
BC 1,Mixed Baseline,837,40,5.0663644682375,0.21960742547435264,4.0628689832500005,6.64895588575,7.31276537125,2.2408676326999997
BC 1,Mixed Baseline,838,40,2.4075767921955626,0.049665331577442,2.478898750374,2.6739115874175,2.42251328763325,2.0549835433575003
BC 1,Mixed Baseline,839,40,7.855651104325,0.12620588716356176,7.1521002165,7.5254481580000006,10.954115142800001,5.7909409
BC 1,Mixed Baseline,840,40,3.259033791755,0.1021246159399927,2.9354378572475,3.83188768109,3.87253670855,2.3962729201325
BC 1,Mixed Baseline,841,40,3.637376587019375,0.09305629181876168,3.380816540255,2.963519623605,3.4642213536999997,4.7409488305175005
BC 1,Mixed Baseline,842,40,3.490304076881875,0.04872381351652769,3.6083906260874996,3.3402135095225,3.9151056997525004,3.097506472165
BC 1,Mixed Baseline,843,40,6.1308034291543745,0.1847453001070928,7.398654935912499,8.907604161565,4.3257951737399996,3.8911594454000005
BC 1,Mixed Baseline,844,40,4.00217661405,0.09427193806330386,4.533433760375,3.1721938842500004,3.472350352075,4.8307284594999995
BC 1,Mixed Baseline,845,40,6.295451801375,0.04781003051330028,6.19276708925,7.2426990044999995,5.67937555375,6.066965558
BC 1,Mixed Baseline,846,40,2.306357659495,0.043499175506008465,2.556505588045,2.22748773667,2.0695679587425,2.3718693545225
BC 1,Mixed Baseline,847,40,1.765720924141875,0.07925025915921587,1.37779252844,1.9191772375875,2.0547639329325,1.7111499976075
BC 1,Mixed Baseline,848,40,4.071476222025,0.1237245325494515,3.9709602085,5.57009178375,3.80659350275,2.9382593931
BC 1,Mixed Baseline,849,40,6.1909694102124995,0.04837531931232644,6.7028275182499995,5.282396826125,6.12405170985,6.654601586625001
BC 1,Mixed Baseline,850,40,2.4140634938981247,0.05954407519224814,2.0638849516775,2.8203836500125,2.3707953088575,2.4011900650449998
BC 1,Mixed Baseline,851,40,8.2936581645625,0.06410888529186475,8.10738830875,6.7520806234999995,9.277810665999999,9.03735306
BC 1,Mixed Baseline,852,40,3.91718917519375,0.15638501750014736,5.002505219125,4.636271121,4.1237947335000005,1.9061856271500002
BC 1,Mixed Baseline,853,40,1.6713394441106249,0.021498430512324144,1.77286856434,1.6262585081575,1.600919772595,1.6853109313499999
BC 1,Mixed Baseline,854,40,2.1209523051625,0.10130754166719112,2.380920387205,1.9475974223125,2.5784077821625,1.57688362897
BC 1,Mixed Baseline,855,40,8.467965514187501,0.20463757561362636,10.81142250175,12.133848493,4.28027699375,6.64631406825
BC 1,Mixed Baseline,856,40,2.036440644588125,0.07817279461000012,2.22121100178,1.511805399625,2.31851486849,2.0942313084574997
BC 1,Mixed Baseline,857,40,5.3682425508,0.13393353443700176,5.4859580229,6.3805626075,6.571424551750001,3.03502502105
BC 1,Mixed Baseline,858,40,2.48243858464125,0.04701600708910068,2.2226563277499998,2.6756001821425,2.3086737708525,2.72282405782
BC 1,Mixed Baseline,859,40,6.037091249910625,0.06612614705112603,5.183553911,7.2010452659999995,6.0493225488424995,5.7144432738
BC 1,Mixed Baseline,860,40,3.64440740609,0.1490043014090408,3.9696846021349996,2.31162247855,3.3088166810000006,4.9875058626749995
BC 1,Mixed Baseline,861,40,9.603203962810625,0.07671318162019249,10.44451827225,11.44608942475,8.23675055825,8.2854575959925
BC 1,Mixed Baseline,862,40,2.0047647759075,0.04939622742641238,1.8417172146349998,1.8081395826650002,2.1285129437225,2.2406893626075
BC 1,Mixed Baseline,863,40,2.1331887196799997,0.05849098933961389,2.166779681485,2.3323906467524997,1.716904927665,2.3166796228175
BC 1,Mixed Baseline,864,40,2.69876142370625,0.042313771359274936,2.555383547225,2.4827453215,2.7200072926,3.0369095335000003
BC 1,Mixed Baseline,865,40,10.3972730431875,0.058843299669113246,8.451436312,11.497201547500001,11.14605813075,10.494396182500001
BC 1,Mixed Baseline,866,40,3.0927299355743747,0.09227738864405303,2.956423928535,3.64719257739,3.470745145315,2.2965580910575
BC 1,Mixed Baseline,867,40,3.656681368651875,0.019495782274332095,3.633229981265,3.7695956490374996,3.444571229955,3.77932861435
BC 1,Mixed Baseline,868,40,1.96940614229625,0.05908479643780537,2.335300612815,1.785381389035,1.9780246572325002,1.7789179101024999
BC 1,Mixed Baseline,869,40,9.601475102237501,0.1381808067023155,10.50906409575,13.2206329525,7.542740165700001,7.133463195
BC 1,Mixed Baseline,870,40,2.37782243712875,0.07384281538246763,2.343089971625,1.89030968981,2.772745302885,2.505144784195
BC 1,Mixed Baseline,871,40,3.874590634978125,0.02981974975205894,3.8283811126825,4.2451849014250005,3.7795414652425,3.6452550605625
BC 1,Mixed Baseline,872,40,11.4556626236875,0.22865973799656047,11.663169755,18.770070975,5.3363959447500005,10.05301382
BC 1,Mixed Baseline,873,40,2.4208739621656252,0.08926371376175224,2.8271354385125003,1.6869491003175,2.5662155589125,2.6031957509200003
BC 1,Mixed Baseline,874,40,11.392367841828126,0.07728295856994649,11.767601005500001,9.394952859,13.727787336312499,10.679130166499998
BC 1,Mixed Baseline,875,40,2.8286330601825,0.10978512719153355,2.79341737783,2.4051836075275,2.2945596819625,3.82137157341
BC 1,Mixed Baseline,876,40,2.290223138555,0.07386656372631871,2.3189000312525,1.9784853593,2.7966994562250003,2.0668077074425
BC 1,Mixed Baseline,877,40,10.783992132925,0.1277879117116409,10.1217591192,12.7937434075,13.33973918,6.880726825000001
BC 1,Mixed Baseline,878,40,6.1035282219975,0.07978704266342573,6.9223974957075,5.10256197957,7.1415403305125,5.2476130822
BC 1,Mixed Baseline,879,40,1.59159505392375,0.022081766988394248,1.4714778598925,1.6197006977000001,1.6580645595025,1.6171370986
BC 1,Mixed Baseline,880,40,5.3766014265937505,0.07990059300259472,4.950198691,6.746293205000001,5.253639696075,4.556274114300001
BC 1,Mixed Baseline,881,40,4.93986437318125,0.10725857548905661,5.015197504625,6.313029644,3.5227855200500002,4.90844482405
BC 1,Mixed Baseline,882,40,7.940778113465001,0.16453299241318223,9.069970383735,11.2584011265,6.1816844146,5.253056529025
BC 1,Mixed Baseline,883,40,8.2015730917875,0.05483436220268552,8.14385577635,8.741899645,6.86066770555,9.05986924025
BC 1,Mixed Baseline,884,40,5.867074986,0.07681409221381988,5.651824948,4.65820093575,6.31880490075,6.8394691595
BC 1,Mixed Baseline,885,40,5.7951378597125,0.10017568129529804,6.0362635215,6.7374610854500006,3.8236091085,6.5832177234
BC 1,Mixed Baseline,886,40,5.918881950975,0.1141430295623586,6.612877643,7.427440455,5.4100079949,4.2252017109999995
BC 1,Mixed Baseline,887,40,2.07625966969375,0.10043108945406237,1.5480950043650001,2.586238830665,2.1963048473575,1.9743999963875
BC 1,Mixed Baseline,888,40,1.9503365222650002,0.04556009598390689,2.1761557064400003,1.9918488128,1.7326270279075,1.9007145419125
BC 1,Mixed Baseline,889,40,11.61727405034375,0.07758497176747482,9.346397736,10.86850787,13.537362275000001,12.716828320375
BC 1,Mixed Baseline,890,40,2.813731694603125,0.11675175831505664,2.95727221695,1.89872508833,3.5984906213800003,2.8004388517525
BC 1,Mixed Baseline,891,40,6.6491632006125005,0.1685561380960516,7.6801140995,9.163859274,3.7434480809500004,6.009231348
BC 1,Mixed Baseline,892,40,2.388707360785,0.04903120554863532,2.68009263651,2.45437099687,2.1001719355025,2.3201938742575
BC 1,Mixed Baseline,893,40,6.2537459885,0.13476138694308273,6.99003764225,8.13197191525,5.888592764749999,4.00438163175
BC 1,Mixed Baseline,894,40,2.350534209576875,0.08193641657360758,2.00655593378,2.1248790823475003,2.293024490095,2.9776773320850003
BC 1,Mixed Baseline,895,40,2.291756687194375,0.029590344255082387,2.5318723937575,2.1725435714475,2.234823112905,2.2277876706675
BC 1,Mixed Baseline,896,40,10.15431552664375,0.10075130792281566,8.5129493155,9.055146140575001,9.09226836925,13.95689828125
BC 1,Mixed Baseline,897,40,1.893236629025625,0.06587015718055722,1.9728611790300001,1.980650804355,2.140973113695,1.4784614190225
BC 1,Mixed Baseline,898,40,2.3110966994225,0.06995131348318176,1.7850683576575002,2.567384437415,2.5658068793625004,2.326127123255
BC 1,Mixed Baseline,899,40,5.64759800778125,0.1365319013441287,5.811886685125,7.3818722249999995,6.0483515194,3.3482816016
BC 1,Mixed Baseline,900,40,5.17238253380625,0.11803521679117111,6.33695239975,6.0473848082499995,3.4923381905,4.812854736725
BC 1,Mixed Baseline,901,40,3.264146089964375,0.06750644351580973,2.66994995465,3.556576916475,3.1278213050825,3.7022361836499997
BC 1,Mixed Baseline,902,40,2.1511871967125,0.06404974656694849,1.929147315055,1.9831925639274999,2.6413767587525,2.0510321491149996
BC 1,Mixed Baseline,903,40,1.853075879508125,0.04818708675234245,1.9129683225175,1.67308528138,1.7359382425374998,2.0903116715975
BC 1,Mixed Baseline,904,40,2.170531447826875,0.014271782944815497,2.22767408191,2.099490751815,2.12461176001,2.2303491975725
BC 1,Mixed Baseline,905,40,3.05248179092725,0.023099101235881218,2.993854130995,2.8893079428425,3.0951819677715,3.2315831221000004
BC 1,Mixed Baseline,906,40,1.6303390520074998,0.04913413758290845,1.5347861929975,1.4858527042124998,1.6140613871075,1.8866559237125
BC 1,Mixed Baseline,907,40,11.292639395037499,0.05956598463696817,9.8505880775,10.548942392499999,11.724929874999999,13.04609723515
BC 1,Mixed Baseline,908,40,1.8870644304976876,0.05680331765824784,1.82138483231325,2.0630012963875,1.586361153225,2.077510440065
BC 1,Mixed Baseline,909,40,8.96606678096875,0.07466970131528244,10.562273135,7.49289892,9.65643444,8.152660628875001
BC 1,Mixed Baseline,910,40,2.435149570320625,0.11232298235025057,2.9276469991550003,2.082587784305,1.7766295854999998,2.9537339123225
BC 1,Mixed Baseline,911,40,7.017133588437501,0.11653784344730075,9.199340051750001,5.22758139825,7.40526139625,6.2363515075
BC 1,Mixed Baseline,912,40,4.7333472176575,0.17140173758441996,5.2082288290875,6.5560377851225,2.3631784624425,4.8059437939775
BC 1,Mixed Baseline,913,40,2.16021564472,0.1049185277529039,2.618809421025,2.41699929036,1.5210136823875,2.0840401851075
BC 1,Mixed Baseline,914,40,1.933157071540625,0.01790497337136132,1.8290843516325002,1.9344877636700002,1.9658088398975,2.0032473309625
BC 1,Mixed Baseline,915,40,2.449192357110625,0.07651779040999653,2.3333066744775,3.0851874480275,2.1060425566700003,2.2722327492675
BC 1,Mixed Baseline,916,40,4.89724508405625,0.15354556880541467,5.6566018605,6.25361689335,5.325018359375,2.353743223
BC 1,Mixed Baseline,917,40,2.0185236946275,0.09300379978507334,2.173029224965,1.3816585250525,2.3737598388975,2.145647189595
BC 1,Mixed Baseline,918,40,9.5981734757,0.09508188520300136,12.389127638249999,7.5681780765,9.28716918,9.14821900805
BC 1,Mixed Baseline,919,40,2.3987826918620625,0.12205308182159993,2.75731005379575,1.65489026191,2.164242375175,3.0186880765675
BC 1,Mixed Baseline,920,40,8.51381012790625,0.1783921650533474,7.470527389500001,11.7181725975,4.562444645625,10.304095879
BC 1,Mixed Baseline,921,40,8.482652350812499,0.09478668123344823,8.714631437,7.08561622575,7.24604713775,10.884314602749999
BC 1,Mixed Baseline,922,40,2.4622457661875,0.12905295870942415,2.6648529676125,2.60303765303,3.1276039394799997,1.4534885046275001
BC 1,Mixed Baseline,923,40,2.91140344785625,0.05978281374648436,3.241947190775,3.2529711957750003,2.6180278387750002,2.5326675660999998
BC 1,Mixed Baseline,924,40,2.3328742619068747,0.043266036372296104,2.4922964417275,1.9552512471749999,2.443880668875,2.44006868985
BC 1,Mixed Baseline,925,40,2.0227794866675,0.09134287064177231,1.6665347929675,2.2661116160125,2.462057015095,1.6964145225949998
BC 1,Mixed Baseline,926,40,10.363300702934376,0.15977995007382056,10.761221404,13.22616054,4.972379595275,12.493441272462501
BC 1,Mixed Baseline,927,40,4.473325215254375,0.07385274126556433,5.1768780545925,4.461429711,3.509580068175,4.745413027250001
BC 1,Mixed Baseline,928,40,2.0231932479812498,0.07105000360537467,2.4152739817474997,1.6559768419874998,1.9997236932275002,2.0217984749625
BC 1,Mixed Baseline,929,40,4.4663293758375,0.04769169906035723,4.8946002675,4.78417350825,4.249883128,3.9366605995999997
BC 1,Mixed Baseline,930,40,10.37176136625,0.053025336625402444,8.85005898725,11.7791741855,10.4349624515,10.42284984075
BC 1,Mixed Baseline,931,40,3.4548272780556255,0.058863875092073976,3.9240048522525,3.3644779998025003,2.92113261884,3.6096936413275005
BC 1,Mixed Baseline,932,40,1.8507211025809376,0.07626792643391017,2.24695103073375,1.5723716801425,1.6744445884,1.9091171110474998
BC 1,Mixed Baseline,933,40,2.7551067903449997,0.09724126073254286,2.73331560745,1.9468180100725,3.2600185088724998,3.080275034985
BC 1,Mixed Baseline,934,40,5.831374672987501,0.06251230118568589,5.72413530075,6.914017047500001,5.714187493,4.9731588507
BC 1,Mixed Baseline,935,40,1.9564686058633125,0.06987834124018949,1.9457968870150002,1.735749022285,1.74602471719,2.39830379696325
BC 1,Mixed Baseline,936,40,2.482055763175,0.10871578042510008,1.870391264705,3.258520456435,2.4761709130025,2.3231404185574998
BC 1,Mixed Baseline,937,40,8.3786399458125,0.06474986905234723,6.701239065,8.566484511999999,8.69502674125,9.551809465
BC 1,Mixed Baseline,938,40,5.165853117713125,0.13975438736131393,6.165164632070001,6.381216539905,2.8202863751375,5.2967449237399995
BC 1,Mixed Baseline,939,40,2.335237374955,0.04995848855825553,2.3669940680425,2.3236842253749996,2.0212474311725,2.6290237752300003
BC 1,Mixed Baseline,940,40,3.1389699080140003,0.07841201986192785,3.5166957167685,3.5630747892675005,2.39584171309,3.08026741293
BC 1,Mixed Baseline,941,40,1.577081348536875,0.0242820099354712,1.4455802308775,1.59628231114,1.639637715615,1.626825136515
BC 1,Mixed Baseline,942,40,2.700015495908125,0.11829150099050458,2.528420151455,2.9990993404125,1.8630140821525,3.4095284096125
BC 1,Mixed Baseline,943,40,2.670309226463125,0.045332924991375693,2.55035666169,2.714414909185,2.4127679010925,3.003697433885
BC 1,Mixed Baseline,944,40,2.89287480018625,0.07168881865943454,2.183122390345,3.1725362049525,3.2277150007025,2.988125604745
BC 1,Mixed Baseline,945,40,2.6510838298375,0.10034815316614074,2.078678868435,3.3014130940549995,2.9062712697024997,2.3179720871575
BC 1,Mixed Baseline,946,40,2.74468302262,0.09911826576971995,2.0203650744975,2.9472266755499996,2.6416952331799997,3.3694451072525
BC 1,Mixed Baseline,947,40,11.174195515174999,0.13164588978651962,11.3188594475,12.105446985499999,14.4279049875,6.8445706402
BC 1,Mixed Baseline,948,40,8.720918722875,0.10379140824859669,9.86247183975,10.391302449,5.96198780825,8.667912794500001
BC 1,Mixed Baseline,949,40,8.0185922077125,0.13952372940564906,7.390325769,4.95600531185,9.512614657499999,10.2154230925
BC 1,Mixed Baseline,950,40,3.22444546392,0.08152398061605017,3.313155074195,3.849937490555,2.46118209148,3.2735071994500005
BC 1,Mixed Baseline,951,40,6.732461934,0.11216272828985,7.48227518425,7.60115473,3.9293387054999998,7.917079116249999
BC 1,Mixed Baseline,952,40,3.5013919618848752,0.14542900029195913,3.8520987052525,4.7897739628325,2.35523124597,3.0084639334845003
BC 1,Mixed Baseline,953,40,7.967972639875001,0.11651409554580425,8.723744655,7.35259565625,5.650616956,10.14493329225
BC 1,Mixed Baseline,954,40,1.72479661142,0.08943923503203445,1.8950523450449999,1.192078083625,1.990367438755,1.821688578255
BC 1,Mixed Baseline,955,40,1.8800333078631253,0.09263281660650523,1.8686841027525003,2.1141488314675003,1.3451535217450001,2.1921467754875
BC 1,Mixed Baseline,956,40,11.1086190555625,0.10421976751846147,10.627874365,14.50008732225,8.4137747525,10.8927397825
BC 1,Mixed Baseline,957,40,1.735594315918125,0.040072255944314614,1.9354239507625,1.7714240881725,1.6146899207175,1.62083930402
BC 1,Mixed Baseline,958,40,3.656851914550625,0.1330315811615761,3.6410618412300004,4.681045945475001,4.07436307389,2.2309367976075
BC 1,Mixed Baseline,959,40,8.05046671909375,0.08699218532416642,8.705850994375,9.5168658925,6.036027799,7.9431221905000005
BC 1,Mixed Baseline,960,40,4.95611081005,0.13781922544788885,3.97214260075,3.58934904475,6.70299789475,5.559953699949999
BC 1,Mixed Baseline,961,40,7.380000919875,0.21108202999487363,6.6796785715,11.2508355325,8.155052477249999,3.43443709825
BC 1,Mixed Baseline,962,40,9.32225154088125,0.1192187771158609,12.97960489235,7.11302689525,8.689419621675,8.50695475425
BC 1,Mixed Baseline,963,40,9.61017259065625,0.06814305517495586,11.42683031,9.89798586,8.823505062625,8.29236913
BC 1,Mixed Baseline,964,40,1.4358761482975,0.03654671618355335,1.54471766628,1.4827596765500002,1.4353970023775,1.2806302479825
BC 1,Mixed Baseline,965,40,2.4349887099818748,0.029260060423724362,2.59726645167,2.4882122300950003,2.4116917789725,2.2427843791899997
BC 1,Mixed Baseline,966,40,5.2029699686375,0.12507423918889418,5.95207236675,6.588222464999999,3.5165172766749997,4.755067766125
BC 1,Mixed Baseline,967,40,6.5522153649425,0.13540043066653848,5.834303267019999,8.97911867,6.819507585249999,4.5759319375
BC 1,Mixed Baseline,968,40,1.531692416756875,0.04156419309099381,1.6806019445099998,1.6216610094100001,1.41433512312,1.4101715899875
BC 1,Mixed Baseline,969,40,1.828227851614375,0.030373806438532283,1.93258195218,1.896286787455,1.6607530774625001,1.8232895893599999
BC 1,Mixed Baseline,970,40,2.01222830922375,0.10030970183345043,1.8768679033000002,2.290264832305,2.410246820395,1.471533680895
BC 1,Mixed Baseline,971,40,2.677454050801875,0.03856266844704909,2.8859769903525,2.75408071439,2.345128410745,2.72463008772
BC 1,Mixed Baseline,972,40,4.048765949485625,0.09285911387844811,3.6463938430975,4.7153491657025,3.0922467660175,4.741074023125
BC 1,Mixed Baseline,973,40,10.1874854655,0.16861835753089743,10.1835117,7.2586949615,7.711469838000001,15.5962653625
BC 1,Mixed Baseline,974,40,3.59383013725625,0.07219192911069637,3.5151325456249998,3.6883110447500003,4.24893014415,2.9229468145000004
BC 1,Mixed Baseline,975,40,2.85347081464625,0.06925297704161844,2.618776709115,3.5481290235075003,2.7192759493825003,2.52770157658
BC 1,Mixed Baseline,976,40,2.317035172105875,0.07732190976082096,2.5001672137235,2.28783895893,2.68243277406,1.79770174171
BC 1,Mixed Baseline,977,40,10.20203012725,0.03737949700877754,11.479885679999999,9.8447066675,9.494232615,9.9892955465
BC 1,Mixed Baseline,978,40,1.680093835765625,0.043987164887789476,1.5336529820125,1.5829359995775,1.8812748087175,1.722511552755
BC 1,Mixed Baseline,979,40,3.536527979000625,0.12825277125720388,2.7575820572175003,4.61744272237,2.652180255835,4.11890688058
BC 1,Mixed Baseline,980,40,1.8288398588756252,0.05718918019995247,1.782590560055,1.7171759670425,2.17580029469,1.639792613715
BC 1,Mixed Baseline,981,40,4.542150593174375,0.0866160208220231,3.39365466625,5.01683420779,4.4538606348325,5.304252863825
BC 1,Mixed Baseline,982,40,2.7760057419812503,0.05504244092742212,2.983338481625,2.343438991875,3.067248525375,2.70999696905
BC 1,Mixed Baseline,983,40,2.044533085462125,0.05298218068676881,1.928765915605,1.8799836711735,2.4534372486625,1.9159455064075002
BC 1,Mixed Baseline,984,40,3.3809663799237497,0.044934865588541074,3.0509468684025,3.7954593934125,3.240112257725,3.4373470001549995
BC 1,Mixed Baseline,985,40,10.5390261278125,0.0732577895684918,13.365421356499999,9.7242230065,9.795097878750001,9.271362269499999
BC 1,Mixed Baseline,986,40,2.1427470371575,0.0331900196481978,2.147148042795,2.285225912185,2.211299486855,1.9273147067949998
BC 1,Mixed Baseline,987,40,3.304846659093125,0.1540539892220526,3.6583168650725,4.135413616785,1.5068957885474998,3.9187603659674997
BC 1,Mixed Baseline,988,40,8.5507589742875,0.08907954668261997,7.94880759775,10.21550095125,6.63731471815,9.40141263
BC 1,Mixed Baseline,989,40,3.6330053951725,0.09291521907225163,3.2572914077500004,3.98517686875,4.42362638775,2.86592691644
BC 1,Mixed Baseline,990,40,1.7896115467037501,0.07850067198574201,1.2899201506575,1.8835253097825,1.9769725366075002,2.0080281897675
BC 1,Mixed Baseline,991,40,2.44622498798,0.03393409153239187,2.62837571744,2.54643766225,2.2466557399625,2.3634308322675
BC 1,Mixed Baseline,992,40,4.672123690625,0.1636921524915134,4.3216046855000005,2.5457824657500003,6.18724210475,5.633865506499999
BC 1,Mixed Baseline,993,40,1.8072304178824998,0.016964660155052446,1.7749288125699998,1.7399277903675,1.8284691121624999,1.88559595643
BC 1,Mixed Baseline,994,40,7.0950131346625,0.032691088644004065,6.56109628765,7.1351293535,6.9480554825,7.735771414999999
BC 1,Mixed Baseline,995,40,1.4783678756724998,0.03431287226634951,1.48656790107,1.5667452807099997,1.31554837317,1.54460994774
BC 1,Mixed Baseline,996,40,11.059911679687499,0.044206842617226925,10.127174981749999,11.1413190875,10.46261792275,12.50853472675
BC 1,Mixed Baseline,997,40,2.748170314494375,0.06137979913485327,2.4526014567875,2.406030424895,3.01627056357,3.117778812725
BC 1,Mixed Baseline,998,40,2.0840227710275,0.08313725508872515,2.59270384812,1.7120252166099998,1.95061949515,2.0807425242299997
BC 1,Mixed Baseline,999,40,5.134518525325625,0.03929130689757312,4.737476119,4.8581495894525,5.264448070849999,5.678000322
BC 1,Proportional Baseline,0,40,10.707400251715262,0.5510936464960269,1.9777012012235002,1.69818077363755,31.165504238749996,7.98821479325
BC 1,Proportional Baseline,1,40,9.073779821823106,0.5288453571761642,25.7121906675,6.839078844114999,2.016959886687925,1.7268898889895
BC 1,Proportional Baseline,10,40,10.842866564229855,0.6049112975246996,3.2827523914946743,2.2126021279334998,1.62582095999125,36.2502907775
BC 1,Proportional Baseline,100,40,7.4659999802067505,0.5934071695905522,1.35898764571915,2.0385691044735,1.6187222541343498,24.847720916500002
BC 1,Proportional Baseline,101,40,6.622541844977425,0.5002445620785938,1.292445947025,5.78396043485,17.6283467814165,1.7854142166182
BC 1,Proportional Baseline,102,40,4.871238153219188,0.5404178105824844,1.35735038372175,1.6831748624010001,15.187919890500002,1.256507476254
BC 1,Proportional Baseline,103,40,12.061843572775432,0.5917158219341033,2.2628001054204,2.8129639920669,2.859263666614425,40.312346527
BC 1,Proportional Baseline,104,40,4.0246194823845,0.47342915848845013,1.65449085593525,1.636909337438625,11.48160118775,1.325476548414125
BC 1,Proportional Baseline,105,40,2.4072553768959626,0.27293089437828605,1.32556968292335,4.7813736630875,1.8334480146455001,1.6886301469275
BC 1,Proportional Baseline,106,40,3.3230847771233254,0.3146333961773872,3.0425270339328003,1.60745134399265,6.787760729,1.85460000156785
BC 1,Proportional Baseline,107,40,2.3070049161701753,0.055593693570044074,2.541235048454,2.21395886514725,2.5152024407525,1.9576233103269503
BC 1,Proportional Baseline,108,40,8.512592812003863,0.4077529618162722,1.2572170090850001,13.105568913236601,3.21502873844385,16.47255658725
BC 1,Proportional Baseline,109,40,1.8810441591609375,0.09884578004781046,2.2353625302449998,2.14230745965,1.78302866266375,1.363477984085
BC 1,Proportional Baseline,11,40,7.37742241890735,0.3707927513579258,1.5098726841449,15.6261489804,5.4772903968344995,6.8963776142499995
BC 1,Proportional Baseline,110,40,9.704493611521494,0.5378356457541095,8.426839514822825,1.7950648156376499,27.11119951,1.4848706056254999
BC 1,Proportional Baseline,111,40,2.9678018892991,0.37869164524572596,1.7900415027832501,1.30542491072865,7.22102071416,1.5547204295245
BC 1,Proportional Baseline,112,40,5.597649699933388,0.47747441569272925,1.7323451746809,3.535594957873875,15.386962887250002,1.7356957799287749
BC 1,Proportional Baseline,113,40,3.7074754744272003,0.26940230255171677,6.33851703125,1.29603203626105,4.0243683583331,3.1709844718646503
BC 1,Proportional Baseline,114,40,2.62109785194575,0.17202710080928857,2.941128423285,3.7008489933675,2.34898220026345,1.49343179086705
BC 1,Proportional Baseline,115,40,9.491219167924099,0.517410155082778,11.29981564033265,1.2518809766824999,1.30251549218125,24.1106645625
BC 1,Proportional Baseline,116,40,2.768226670917231,0.2808902219143672,1.8181998280040748,2.954223091075,1.26606494906485,5.034418815525
BC 1,Proportional Baseline,117,40,7.550251618828956,0.34873304496175545,5.5250165796497495,14.247806135,1.3795574474575,9.048626313208576
BC 1,Proportional Baseline,118,40,10.633761326206832,0.6369853461957314,1.57934833362145,1.729525002006325,37.650856912500004,1.57531505669955
BC 1,Proportional Baseline,119,40,10.714677503014832,0.432755114389419,1.545372394767,21.48040259325,2.724360902042325,17.108574122
BC 1,Proportional Baseline,12,40,1.8958566241790624,0.04556950679965731,1.888053946526,1.65280128028425,2.09308926935,1.949482000556
BC 1,Proportional Baseline,120,40,8.0015848312645,0.43370048562928,20.39443398725,4.189158227,2.2230578028963253,5.199689307911675
BC 1,Proportional Baseline,121,40,10.682965877089273,0.3610589174589623,17.770988384,1.71033370865835,5.16918249694875,18.08135891875
BC 1,Proportional Baseline,122,40,6.117258635309688,0.5010315988451045,2.528770644195,1.50558891981925,17.82495021,2.6097247672245
BC 1,Proportional Baseline,123,40,4.5503267955818565,0.33751565790015153,1.3333919937399998,8.81414724725,2.961564514361725,5.0922034269757
BC 1,Proportional Baseline,124,40,10.00732346817093,0.47799612483062015,10.191089266955576,2.62433665181225,2.1121611789159003,25.101706775
BC 1,Proportional Baseline,125,40,6.48064908785825,0.40599609107390133,1.47694108457175,1.50708133251125,12.548610904275,10.389963030075
BC 1,Proportional Baseline,126,40,8.871331836689812,0.5954920777014553,2.1395379397742498,1.7375430671187497,1.8066806298662499,29.80156571
BC 1,Proportional Baseline,127,40,8.21695893874065,0.4692628292877776,18.51406579625,1.53759170147335,1.28154238718925,11.53463587005
BC 1,Proportional Baseline,128,40,3.0013684792774376,0.19588788021498638,4.1420827617677505,2.93687582520425,1.25224511096025,3.6742702191775
BC 1,Proportional Baseline,129,40,8.176127800923968,0.5356287699371514,1.59527279041075,4.1668653671215,2.534564426163625,24.40780862
BC 1,Proportional Baseline,13,40,7.845061505671725,0.5635820573585432,25.176299331575002,2.0293443439237,2.44140696157395,1.7331953856142501
BC 1,Proportional Baseline,130,40,3.7265933809440437,0.4357241926296838,1.7390740711260002,1.425784905920175,1.6764981797049998,10.065016367024999
BC 1,Proportional Baseline,131,40,6.5226991827414995,0.5482608708812754,1.35924827005,2.0448237704715,2.3596768699445,20.3270478205
BC 1,Proportional Baseline,132,40,12.45625889119775,0.5904574000845614,5.3218834357274245,1.942104635917325,2.37511704314625,40.18593045
BC 1,Proportional Baseline,133,40,7.101331961527658,0.5198359323570312,4.40886224732325,2.153842484849575,1.4530747941878102,20.38954831975
BC 1,Proportional Baseline,134,40,9.076001880649061,0.6044279565319203,1.5188653503135001,3.6354026885927495,29.850884905999997,1.29885457769
BC 1,Proportional Baseline,135,40,8.608540322656168,0.3307915020951649,16.50657196075,4.53127370096435,3.205661515836075,10.190654113074249
BC 1,Proportional Baseline,136,40,8.409235987568687,0.5950925708321984,2.25504640298825,1.60106766223575,1.6814878175507502,28.099342067499997
BC 1,Proportional Baseline,137,40,3.3521101337913564,0.3548059825432591,6.785664954025,1.2609888611967999,3.9086690576339747,1.45311766230965
BC 1,Proportional Baseline,138,40,5.390973558822469,0.2661284582999185,8.00076045365965,3.6954981705259002,8.042118043550001,1.825517567554325
BC 1,Proportional Baseline,139,40,8.436398282511037,0.5156561177058261,1.502607934615,23.082020885,2.14735849455415,7.0136058158750005
BC 1,Proportional Baseline,14,40,1.6995396737448187,0.11253236049030642,1.408432234566325,1.462029763885,1.5178561211325,2.40984057539545
BC 1,Proportional Baseline,140,40,9.81363941961422,0.5701015085669511,4.32295599889825,2.9937719976721247,30.66677254115,1.2710571407365001
BC 1,Proportional Baseline,141,40,4.231854611434606,0.388254361552011,1.9106404284165,2.0273863480384002,2.4601456045335253,10.529246064750001
BC 1,Proportional Baseline,142,40,8.750369275972648,0.607585492630789,1.5262420109100001,1.6280771256800002,29.712602013499996,2.1345559538006
BC 1,Proportional Baseline,143,40,3.5389208584409935,0.3994653419512692,8.1389769195,1.3498900933696,3.388057072810625,1.27875934808375
BC 1,Proportional Baseline,144,40,5.1723797552332496,0.3729984423130106,4.705900798508325,11.3460513468525,3.018639627852175,1.6189272477199999
BC 1,Proportional Baseline,145,40,8.82127350890695,0.3996704206955817,1.8054864577554,13.833740202925,16.909555013824676,2.7363123611227254
BC 1,Proportional Baseline,146,40,11.777095676867388,0.649762704548876,1.28438822796895,1.4986829029390498,2.59350326156155,41.731808315
BC 1,Proportional Baseline,147,40,4.946893309711999,0.527076567749507,1.4687105968225,1.4474188427255001,15.328894036497498,1.5425497628025
BC 1,Proportional Baseline,148,40,8.553338367008763,0.4853331788432655,6.2292809807637495,22.769324209775,3.7632468062595,1.4515014712368
BC 1,Proportional Baseline,149,40,7.608099592349462,0.4464567193460514,2.1028368045590997,19.614179262,5.264174940925,3.4512073619137498
BC 1,Proportional Baseline,15,40,7.267767533928274,0.4315634593258903,17.829122147499998,2.2363623541955997,2.7999093188175,6.2056763152
BC 1,Proportional Baseline,150,40,5.2228644406192,0.29550829958225044,1.6327229332737498,8.98394500220375,3.8170296985268,6.457760128472501
BC 1,Proportional Baseline,151,40,2.4356662408347627,0.29577497123224533,1.3620348572366,1.3547174530282,4.9634101801375,2.06250247293675
BC 1,Proportional Baseline,152,40,3.0267458394022997,0.3077052586864761,1.376839742405525,6.160281846849999,2.00932914891155,2.560532619442125
BC 1,Proportional Baseline,153,40,4.0478270939894125,0.4209323801119466,10.484399322825,2.394515551938625,1.6367680659731,1.675625435220925
BC 1,Proportional Baseline,154,40,4.565626682080538,0.49155186324382605,1.9109107851271498,1.7571444632207498,13.2562441595425,1.33820732043175
BC 1,Proportional Baseline,155,40,4.810426563842975,0.5064781235095783,1.26652964531625,13.80369996,1.4004872423669001,2.77098940768875
BC 1,Proportional Baseline,156,40,10.494367433923143,0.5034069160094036,1.474313099357575,13.010865860250002,1.634451141085,25.857839634999998
BC 1,Proportional Baseline,157,40,3.9230945391498504,0.4687397191337455,10.908220050625001,1.3492775519197,2.0879556952171248,1.346924858837575
BC 1,Proportional Baseline,158,40,3.3356319414112,0.40816653382459644,1.4371767631090502,1.2756514072949998,2.42053727924075,8.209162316
BC 1,Proportional Baseline,159,40,1.94891608932,0.11174661666694378,1.79893050050425,1.40246509308325,2.4483067412249997,2.1459620224675
BC 1,Proportional Baseline,16,40,2.5363079462195564,0.21911558490553643,4.413894128905,1.7668858433674999,2.32761812016325,1.636833692442475
BC 1,Proportional Baseline,160,40,10.707882522864619,0.3532418602179832,21.797024944999997,4.154539298292125,12.236033185,4.64393266316635
BC 1,Proportional Baseline,161,40,10.818971834731826,0.39466056766647634,4.464454995894,20.15721946125,17.068145077825,1.5860678039583
BC 1,Proportional Baseline,162,40,2.9713480557987064,0.3846931233082608,1.2539276556565002,7.0650338126925,2.211013454037975,1.35541730080785
BC 1,Proportional Baseline,163,40,8.48619254784725,0.5612054177994639,1.373367745375,5.8007520498,1.448161063214,25.322489333
BC 1,Proportional Baseline,164,40,7.955343712376288,0.41921350718941314,1.6910414004027998,15.134848102125,1.33729690898735,13.65818843799
BC 1,Proportional Baseline,165,40,7.414312222497837,0.5827580520001817,24.3156718825,1.85565009054385,2.1246043892875,1.36132252766
BC 1,Proportional Baseline,166,40,3.801218162014425,0.35498777058194275,1.327200279125,1.374604869546125,7.2216567904,5.281410708986575
BC 1,Proportional Baseline,167,40,5.559429706017875,0.46880959482008,14.47149686925,2.2102868705989,1.2647787537076,4.291156330514999
BC 1,Proportional Baseline,168,40,4.907264063393157,0.4679479748133983,1.73965699915905,3.5915073862075255,12.963888950500001,1.33400291770605
BC 1,Proportional Baseline,169,40,3.343534908168781,0.18324977425360117,1.7196421131624997,3.6019277286977753,4.853200168925,3.1993696218898497
BC 1,Proportional Baseline,17,40,11.0722024567025,0.4192275854618475,7.24986766406,11.02303305225,1.2587549155,24.757154195000002
BC 1,Proportional Baseline,170,40,5.694883975814137,0.33435948919246045,6.14037121205,1.657210671413375,11.069857694149999,3.912096325643175
BC 1,Proportional Baseline,171,40,5.779420343584812,0.5499094830051394,1.94064242059,1.5480635305247499,1.4048293847295,18.224146038495
BC 1,Proportional Baseline,172,40,9.577817089901437,0.4550799925436867,1.65182365734,13.860090445,1.8909788417657498,20.9083754155
BC 1,Proportional Baseline,173,40,9.273656629646801,0.5628055108113731,2.7412613641339503,29.651530875000002,2.850103120524,1.85173115892925
BC 1,Proportional Baseline,174,40,8.284051914611474,0.443052011353364,18.051226958999997,1.37001528588265,11.1977921005,2.51717331306325
BC 1,Proportional Baseline,175,40,8.143303844493275,0.5675612048842424,4.0338169964425,1.64979136532735,1.5172788687032501,25.3723281475
BC 1,Proportional Baseline,176,40,4.6932630923875625,0.5125232499127302,1.6868824454006748,1.435203063178,14.1890492125,1.461917648471575
BC 1,Proportional Baseline,177,40,7.071583038742931,0.4740585543193051,3.1550049498323753,19.36102243,4.005090724694175,1.765214050445175
BC 1,Proportional Baseline,178,40,10.845275836574276,0.5891748044798394,1.6741135642528502,1.70743608779425,34.4832177075,5.51633598675
BC 1,Proportional Baseline,179,40,11.018783361975018,0.550229354439528,4.55618645900975,3.185188326578825,34.106001125,2.2277575373115
BC 1,Proportional Baseline,18,40,7.369220466300825,0.6051139881464098,1.4674007820105,25.16667971775,1.3885721977613499,1.45422916768145
BC 1,Proportional Baseline,180,40,1.5773452261966376,0.1083166362663252,1.52443794569825,1.3356396803175001,1.3005107392625501,2.1487925395082503
BC 1,Proportional Baseline,181,40,7.517248232303125,0.5140572088561571,20.581152985,2.1453200484732498,6.06453777347925,1.2779821222599999
BC 1,Proportional Baseline,182,40,3.518695635500544,0.3156032569242168,1.5259128932621,1.4644005243435,6.30141709246,4.783052031936575
BC 1,Proportional Baseline,183,40,3.5784596790878935,0.41526800443498135,9.445392016665,1.6964034351175,1.62993363338435,1.5421096311847249
BC 1,Proportional Baseline,184,40,3.194829629010894,0.18766091256431763,2.71535222954925,5.28337500574,2.6845054470885,2.0960858336658252
BC 1,Proportional Baseline,185,40,8.560793155764975,0.6028810243985017,1.60236252966675,29.0978041825,1.7255474554063,1.8174584554868503
BC 1,Proportional Baseline,186,40,5.349928899099201,0.5655999439099867,1.4827165668475,17.34034391575,1.2561907181257,1.3204643956736002
BC 1,Proportional Baseline,187,40,5.7605996411535,0.5489334008353435,1.934420252765,1.333246605804,18.10875502515,1.665976680895
BC 1,Proportional Baseline,188,40,7.2881198719823495,0.604080678135723,1.2506415681305,24.68770656475,1.5417640156414,1.6723673394075
BC 1,Proportional Baseline,189,40,7.940699684685888,0.4443844107095668,17.011814945250002,11.45501816675,1.928502138871575,1.3674634878719751
BC 1,Proportional Baseline,19,40,6.520736556755125,0.4707196680701151,2.6679460068121,3.024396637133075,18.32106388,2.069539703075325
BC 1,Proportional Baseline,190,40,2.1425039299909376,0.18424506769643698,1.790186512614125,3.2030428194975,1.269948956948375,2.3068374309037503
BC 1,Proportional Baseline,191,40,5.915900579315943,0.5215031699201685,17.18276032,1.25451344337575,1.824247351513775,3.40208120237425
BC 1,Proportional Baseline,192,40,9.847196009727794,0.5211817970138601,26.77645549,1.259795461947925,8.458710996584674,2.893822090378575
BC 1,Proportional Baseline,193,40,10.713560092952656,0.6331869121998613,2.054858106050125,1.51055314875,1.7126773670105,37.57615175
BC 1,Proportional Baseline,194,40,8.65486368897265,0.39527232232891923,18.90261849375,2.62398479481105,9.496699743499999,3.59615172382955
BC 1,Proportional Baseline,195,40,3.1316677373330437,0.2811191901948643,2.464287538989,1.7938837245953252,1.9505462624978498,6.31795342325
BC 1,Proportional Baseline,196,40,10.588078894931181,0.42856959048784393,1.67582660677075,7.06897186714175,8.061220726562224,25.546296379250002
BC 1,Proportional Baseline,197,40,3.7671122599037816,0.43343456730256164,2.546388882095,1.284107440464875,9.667158228495001,1.5707944885602498
BC 1,Proportional Baseline,198,40,6.0064902278526935,0.5384078380885088,1.7256126978624997,1.5824082881097499,18.748980163,1.968959762438525
BC 1,Proportional Baseline,199,40,9.74456211257877,0.4273602108929985,2.231632055037425,23.13489482725,8.76647158162765,4.845249986400001
BC 1,Proportional Baseline,2,40,10.894220536652794,0.511748678661614,9.136968953650001,1.697462742902125,3.2675711600590502,29.47487929
BC 1,Proportional Baseline,20,40,8.358366343920688,0.5283313954211729,24.829449202750002,3.805967854306,3.3778135780619998,1.42023474056475
BC 1,Proportional Baseline,200,40,4.276416455166069,0.3171397138870929,9.31144871,3.049385916546775,2.26967849778725,2.47515269633025
BC 1,Proportional Baseline,201,40,2.724004831399025,0.20184799254525265,4.586943157452501,2.39258756811275,1.719784965008,2.19670363502285
BC 1,Proportional Baseline,202,40,9.269825557803,0.5718494101431737,29.6678805675,2.6449368577949004,1.5775203032165002,3.1889645027006
BC 1,Proportional Baseline,203,40,5.648885328591218,0.5105452046513763,1.496484845868925,1.5272693238150001,3.27722825720845,16.294558887472498
BC 1,Proportional Baseline,204,40,6.3738726217457495,0.5510422051177709,1.867862664926275,1.29219259484385,19.802685208135,2.532750019077875
BC 1,Proportional Baseline,205,40,9.624271849018607,0.4718900976932941,21.75432033175,2.020660748343325,13.397399007499999,1.3247073084811
BC 1,Proportional Baseline,206,40,1.6568483519853436,0.09012737230074246,1.619621564562425,2.1078815506075,1.3270688556847001,1.57282143708675
BC 1,Proportional Baseline,207,40,4.5951483483326125,0.48430511402918575,1.3469170796652752,2.0982063190624998,13.121319107915,1.8141508866876752
BC 1,Proportional Baseline,208,40,7.707609806910124,0.47454847285060714,8.48608250075,18.89634961425,1.8455207027912501,1.60248640984925
BC 1,Proportional Baseline,209,40,1.5451039190215439,0.08251691072602542,2.012164408115,1.4276844870679999,1.3987389328349251,1.3418278480682502
BC 1,Proportional Baseline,21,40,8.650841389203238,0.4646018749491471,11.72148636575,1.7041587182115001,19.63716464,1.54055583285145
BC 1,Proportional Baseline,210,40,10.681410848132868,0.6425271775922407,1.5757407448285,1.848987636050175,37.906507730499996,1.3944072811527999
BC 1,Proportional Baseline,211,40,12.063177539552887,0.5890426465378374,6.021990377450175,1.7570594149121501,2.120044213349225,38.3536161525
BC 1,Proportional Baseline,212,40,2.6416851202865,0.2564550817619875,1.6348351488115,5.10043247725,1.6943438321000002,2.1371290229845004
BC 1,Proportional Baseline,213,40,4.661684647308412,0.45617661122173164,2.515878172689225,1.3298925706242,12.574897866250001,2.226069979670225
BC 1,Proportional Baseline,214,40,3.307791352902875,0.2502363532684453,1.92356266700475,5.400676584308,1.73542972946125,4.1714964308375
BC 1,Proportional Baseline,215,40,1.98797497853425,0.11842722686334613,1.7818350017580002,2.1226229649775,1.45270466415325,2.59473728324825
BC 1,Proportional Baseline,216,40,4.498050360920887,0.4554635850633707,2.659818665012625,1.285932112725925,12.005899657499999,2.040551008445
BC 1,Proportional Baseline,217,40,6.956689526416362,0.480179303864127,4.788190402725,1.2726034579444998,3.2052348549959504,18.56072939
BC 1,Proportional Baseline,218,40,2.174471899262569,0.10022233206481473,1.911500871524525,2.9199720766325,1.80698492280255,2.0594297260906997
BC 1,Proportional Baseline,219,40,9.665298304144793,0.40022135343556575,19.42981539825,2.890511147115225,13.878951316075,2.46191535513895
BC 1,Proportional Baseline,22,40,7.141022372126357,0.5196933634887014,2.32122724050675,21.902130672000002,2.186423218291925,2.15430835770675
BC 1,Proportional Baseline,220,40,7.163181358947188,0.44656364290661577,19.710680145,3.2239436645671504,2.989691289166575,2.728410337055025
BC 1,Proportional Baseline,221,40,1.92342183265625,0.12226379292719584,1.5701396322024999,1.58623974693125,1.7763138161912502,2.7609941353
BC 1,Proportional Baseline,222,40,8.149281528375075,0.5023415774598636,2.91726197537815,1.6032532359221503,22.5749888955,5.5016220067
BC 1,Proportional Baseline,223,40,6.7977644177556815,0.42947460310337876,1.627632698481225,13.92956096,10.36300416525,1.2708598472915
BC 1,Proportional Baseline,224,40,8.09175740861728,0.583510488583833,1.6822800424996749,1.9623667767672,1.88416749770225,26.838215317499998
BC 1,Proportional Baseline,225,40,2.129465299239819,0.22736301176192916,3.923509227485,1.71037087597255,1.458815512060275,1.42516558144145
BC 1,Proportional Baseline,226,40,6.091690861941025,0.5139771219655805,1.6932765862755002,17.62499141,1.5335893253053752,3.514906126183225
BC 1,Proportional Baseline,227,40,8.497578121282181,0.48098128423606357,21.2710877275,2.742612189783725,1.413111739458,8.563500828387001
BC 1,Proportional Baseline,228,40,4.932692885246937,0.4476493633741234,1.78841416675,2.51311384865075,13.4028103635,2.0264331620869998
BC 1,Proportional Baseline,229,40,5.043125645497931,0.4513603162688985,13.75815706425,1.9603440478635001,2.6170364615299997,1.836965008348225
BC 1,Proportional Baseline,23,40,7.0381552749599,0.5886067922101997,23.31334702805,1.44167691542525,1.4031663333865,1.99443082297785
BC 1,Proportional Baseline,230,40,4.980389955459088,0.3995841915152084,2.3290774860949996,11.897261848000001,3.8910787264601,1.8041417612812498
BC 1,Proportional Baseline,231,40,6.071879966604437,0.5053906416993833,17.973843094375,2.5181379877745753,1.772693742164925,2.02284504210325
BC 1,Proportional Baseline,232,40,2.1094176743076005,0.2434894217966984,1.40981495543475,1.6250104786575001,4.035212417285001,1.3676328458531501
BC 1,Proportional Baseline,233,40,8.007151374250244,0.5990394294552545,1.82854996240675,2.18606365971825,26.738342030000002,1.275649844875975
BC 1,Proportional Baseline,234,40,7.871640819936344,0.4244670954465366,2.38407232231725,1.423011497455625,11.4626456607225,16.21683379925
BC 1,Proportional Baseline,235,40,8.983275475375674,0.6430206714837826,1.30355407785745,1.2535466069974999,1.32045024914775,32.0555509675
BC 1,Proportional Baseline,236,40,6.699252016132988,0.428582406316711,7.3071512500175,1.8187110759807,15.4397581275,2.23138761103375
BC 1,Proportional Baseline,237,40,10.997641166681506,0.5535856821193791,6.56267987470945,1.9601727431540752,33.048934348749995,2.4187777001125
BC 1,Proportional Baseline,238,40,3.093754740239494,0.34109629119326373,2.5433100234089,1.36409253857175,1.742397330127325,6.7252190688499995
BC 1,Proportional Baseline,239,40,3.1255958765197938,0.22743262018796884,2.338040066521625,5.565788086445,2.7025353060135,1.89602004709905
BC 1,Proportional Baseline,24,40,1.6036454318326625,0.08556932967164826,1.7000173830735998,1.967357119905,1.3296578421549001,1.41754938219715
BC 1,Proportional Baseline,240,40,5.296083268053575,0.4719915032928226,1.6259687395037503,14.723547590675,2.768690520281475,2.066126221754075
BC 1,Proportional Baseline,241,40,2.7285000957441436,0.28581597750918386,1.3753218234865998,5.27288492675,1.740450095272975,2.525343537467
BC 1,Proportional Baseline,242,40,5.600240756410218,0.47379073982019815,3.9141230776492497,15.090102354999999,1.6671085856222247,1.7296290073693998
BC 1,Proportional Baseline,243,40,4.408338300415113,0.24656828267748152,3.88858790367345,6.384687388605,1.308562426102,6.05151548328
BC 1,Proportional Baseline,244,40,7.563389022026156,0.54426233995638,2.6947571204595,2.900002697045875,23.2724380248775,1.38635824572175
BC 1,Proportional Baseline,245,40,9.526706236341344,0.6016547087921494,2.10336905164025,31.895658307500003,2.612097387451125,1.495700198774
BC 1,Proportional Baseline,246,40,2.9679881901280436,0.2924344515160688,5.63595071285705,1.3868137086704002,1.854763687882225,2.9944246511025
BC 1,Proportional Baseline,247,40,11.607709243615883,0.6554265486920365,1.3787497287063,1.922128572549725,1.3675403232074999,41.762418350000004
BC 1,Proportional Baseline,248,40,9.780447529172314,0.5987962103596546,2.74045547021,2.2734321258325,32.5934338125,1.5144687081467498
BC 1,Proportional Baseline,249,40,1.68125158114975,0.09920373139032407,1.8958895540375,1.3816074031485,1.3647045615055,2.0828048059074997
BC 1,Proportional Baseline,25,40,9.434251824508824,0.6270507830125627,2.1382898581060497,32.695808442499995,1.33536314452075,1.5675458529085
BC 1,Proportional Baseline,250,40,2.079891791360375,0.08351372728427321,1.6077573101972498,2.3919831896075,2.37317064045875,1.9466560251779998
BC 1,Proportional Baseline,251,40,6.913968030268188,0.5079705456691185,1.9296954722365,18.99244993,5.336749911983,1.39697680685325
BC 1,Proportional Baseline,252,40,8.625240997514561,0.6157591941837984,1.7900131845366,1.6641724836292,29.66527290085,1.38150542104245
BC 1,Proportional Baseline,253,40,2.57998828197825,0.22537091846142657,1.9234105164887498,4.832316163475,1.776431649649,1.78779479830025
BC 1,Proportional Baseline,254,40,11.264590733245349,0.6396992659543982,2.69688620502465,1.4455702348638249,39.4627344415,1.453172051592925
BC 1,Proportional Baseline,255,40,7.271965716168957,0.5328396202590593,1.5694720263792499,2.4737269296565,2.977592752640075,22.067071156
BC 1,Proportional Baseline,256,40,10.229535276552125,0.54719362357869,1.376203394,9.584031576125,1.4421390485835002,28.515767087500002
BC 1,Proportional Baseline,257,40,4.735502543454563,0.31420611233351453,6.87740343953975,8.11842987025,2.2063095238925,1.739867340136
BC 1,Proportional Baseline,258,40,4.763979006532981,0.26152933539382883,2.4774605896575,4.12115234875325,3.531488907101175,8.92581418062
BC 1,Proportional Baseline,259,40,11.4768069324825,0.3377303059822807,1.31692473498,10.673457060699999,12.5546291325,21.36221680175
BC 1,Proportional Baseline,26,40,8.2732910979134,0.5865681188670403,3.08508963594975,1.2546070289829998,26.769444979000003,1.98402274772085
BC 1,Proportional Baseline,260,40,7.883741669536925,0.4903272524550114,1.6007214844922502,6.8132240841791,2.38107717222635,20.73994393725
BC 1,Proportional Baseline,261,40,6.3524940028510315,0.35861659755776326,14.213535361500002,5.326749487547575,2.82395392237725,3.0457372399793003
BC 1,Proportional Baseline,262,40,8.740257780914243,0.4393170596052724,1.8489260867172252,20.1410285875,9.7653392615725,3.20573718786725
BC 1,Proportional Baseline,263,40,4.66570528304425,0.423336074385731,3.3051703020885,2.35698690033125,1.39126557513225,11.609398354625
BC 1,Proportional Baseline,264,40,4.356979317030225,0.5208409111477647,1.29296290734805,1.5365467839776001,13.31005468185,1.2883528949452498
BC 1,Proportional Baseline,265,40,10.391917126548776,0.4133982328409911,2.71115831323,19.234043407875,1.4693589700901,18.153107815000002
BC 1,Proportional Baseline,266,40,8.594450212973038,0.5662483661725983,27.139858657500003,1.948775545725,3.5655484447975,1.7236182038696501
BC 1,Proportional Baseline,267,40,4.804749066561357,0.4472301622032745,1.676048435885,12.167186526557426,1.4550032943605,3.9207580094425
BC 1,Proportional Baseline,268,40,7.407148621698425,0.5460379188713563,1.3881935540287498,5.13224032122995,1.3946993007850002,21.71346131075
BC 1,Proportional Baseline,269,40,5.039074312263351,0.4199091815726311,11.720828585700001,1.3710531448114252,2.129242357834475,4.9351731607075005
BC 1,Proportional Baseline,27,40,7.082902088522518,0.4523953739437179,7.114243015981676,17.084303589999998,1.48286890738555,2.65019284072285
BC 1,Proportional Baseline,270,40,2.7556544897638435,0.33607071213637796,1.2835834677678748,1.9202486474645,6.1417009670225,1.6770848768005
BC 1,Proportional Baseline,271,40,4.031939643728938,0.3973913592877036,9.52643046702,1.768650617746,1.50179766601625,3.3308798241335005
BC 1,Proportional Baseline,272,40,3.0333046576113127,0.3444432782496724,1.30339624692725,6.6128951053175005,1.7143007251045,2.502626553096
BC 1,Proportional Baseline,273,40,3.8067477176433755,0.3023661513425095,7.313484003525001,1.890679197216825,4.08545987757925,1.937367792252425
BC 1,Proportional Baseline,274,40,11.00973830059888,0.614657185754362,3.872442261463875,1.38646213736115,1.9444415260705,36.835607277499996
BC 1,Proportional Baseline,275,40,5.739516732529287,0.3882965306518927,2.1656402479865,12.787158664477499,5.8695298163168,2.13573820133635
BC 1,Proportional Baseline,276,40,6.6415548889692815,0.4853218203067346,3.4144908046541254,18.759879771,1.86480850166225,2.52704047856075
BC 1,Proportional Baseline,277,40,8.042192115409225,0.4648269263265246,1.75381476087,11.0024289855,18.13343316535,1.2790915499169002
BC 1,Proportional Baseline,278,40,7.4950362094604,0.4549471094561049,2.55271687670525,20.5362236575,3.1421018529075004,3.74910245072885
BC 1,Proportional Baseline,279,40,8.916775942343312,0.2991668851385004,16.278053234999998,2.98777262412325,9.606050712,6.795227198249999
BC 1,Proportional Baseline,28,40,5.604250352889,0.33767259083254575,3.2191837479117504,7.614502193923075,10.10550929075,1.477806178971175
BC 1,Proportional Baseline,280,40,11.704450333142825,0.46262864743515064,2.01057374160705,18.979732634999998,1.3024365559642501,24.5250584
BC 1,Proportional Baseline,281,40,2.9814272320372313,0.26515528715291675,5.9663080826225,1.9932063206817499,1.805813337662175,2.1603811871825
BC 1,Proportional Baseline,282,40,8.547822191702906,0.5662548540923668,27.4949341865,2.588573255557475,1.7608307813898751,2.346950543364275
BC 1,Proportional Baseline,283,40,9.702617915626812,0.49078312921877926,1.619777504275,1.58457133113225,23.47873379325,12.12738903385
BC 1,Proportional Baseline,284,40,10.325326394657962,0.6221930573986983,2.2800360662854997,2.1137553034305,1.34988016991585,35.557634039
BC 1,Proportional Baseline,285,40,8.506973137455125,0.620406938719229,2.2161600521394997,1.32672058625375,1.31665210142725,29.16835981
BC 1,Proportional Baseline,286,40,5.640831629885019,0.5121992397218554,1.9067094488653502,17.112554446825,1.8077449189132249,1.7363177049365
BC 1,Proportional Baseline,287,40,2.7389725085104,0.16421149884719113,2.32710757185085,3.2280772569457503,1.651125467675,3.74957973757
BC 1,Proportional Baseline,288,40,4.007529443676113,0.2594572323836463,2.110359250529,2.9816123053268,7.505531904250001,3.43261431459865
BC 1,Proportional Baseline,289,40,5.136729029690188,0.324781587368769,6.0672184924705,2.3394780725682502,2.242559825122,9.8976597286
BC 1,Proportional Baseline,29,40,9.625420332778294,0.3538396861841989,2.8933151841381752,8.265946207225001,6.77989227875,20.562527660999997
BC 1,Proportional Baseline,290,40,7.317250642952568,0.4883459736012907,1.6984903214421252,3.23544501743215,20.584723488949997,3.750343743986
BC 1,Proportional Baseline,291,40,8.399578658812887,0.4629970107718849,1.83511327954075,7.390007330091,21.1780508766325,3.1951431489872997
BC 1,Proportional Baseline,292,40,9.78740203246392,0.6213261233402999,2.2335726909985,1.330679569840425,33.6606297215,1.9247261475167499
BC 1,Proportional Baseline,293,40,2.3881199815625003,0.24785034624120786,1.3140459112905,4.429333141795,1.9667905051919998,1.8423103679725
BC 1,Proportional Baseline,294,40,9.472919957943455,0.45378180024774845,20.38731121295,1.8976337370079999,1.5232040074408248,14.083530874375
BC 1,Proportional Baseline,295,40,6.268773222513313,0.5685157277119627,1.87374551988075,1.66421775811075,1.2997629784367501,20.237366633625
BC 1,Proportional Baseline,296,40,9.33453941102542,0.620893686697563,1.9517683891212498,1.7932856511921753,1.36761468878825,32.225488915
BC 1,Proportional Baseline,297,40,2.1982989483155815,0.06983449054680618,2.118887469812075,2.6712350970375,1.8604044134275,2.1426688129852502
BC 1,Proportional Baseline,298,40,5.572133988578694,0.49005021704529456,2.88950060448,2.358732743829775,1.3269446917549998,15.71335791425
BC 1,Proportional Baseline,299,40,9.910159149149425,0.6389118282721794,1.54677413691375,1.2717004376372498,34.9235999175,1.8985621045466998
BC 1,Proportional Baseline,3,40,2.0808968806726376,0.2091578161348089,1.468379736006125,1.7464544248940002,3.6686598251824996,1.440093536607925
BC 1,Proportional Baseline,30,40,10.130274002821187,0.6337695136596666,35.495884877499996,1.3113820065366,1.94223088123615,1.7715982460119999
BC 1,Proportional Baseline,300,40,5.566189209891824,0.5421132746881021,1.466638982665425,1.5907556935885,1.675666443313375,17.53169572
BC 1,Proportional Baseline,301,40,8.897707283592544,0.4588778492724564,6.613966571134649,22.761423816,4.5377253652925,1.677713381943025
BC 1,Proportional Baseline,302,40,8.381082808109262,0.5266229249256948,1.485702667386325,5.9222936187125,23.81746870225,2.298866244088225
BC 1,Proportional Baseline,303,40,6.698597323294012,0.5701511671922765,1.4438927062790001,2.8033868972011,21.2315406995,1.31556899019595
BC 1,Proportional Baseline,304,40,10.034598096899462,0.4130518016810782,19.4988617025,16.055509854249998,2.7584543499555,1.8255664808923502
BC 1,Proportional Baseline,305,40,8.383816885819856,0.5390970034456065,24.53751847725,1.69198419136475,1.7636593815029251,5.54210549316175
BC 1,Proportional Baseline,306,40,3.5442472759919377,0.3292093052950567,7.63349739548625,2.1841880540375,1.6017052126235,2.7575984418205
BC 1,Proportional Baseline,307,40,8.2136303056344,0.36742983706122534,14.766788181974999,1.9224590506880752,3.2056679328245252,12.95960605705
BC 1,Proportional Baseline,308,40,4.316434721181381,0.33811556839149204,1.518888491131075,6.10144370990995,1.7824344551845002,7.8629722285
BC 1,Proportional Baseline,309,40,6.9744271540564,0.38732095559347873,3.13128466370625,9.69960380989,1.4245518222753502,13.642268320354
BC 1,Proportional Baseline,31,40,6.733156480077187,0.5164871957210799,3.2583916885489996,1.74161408842435,19.885124115,2.0474960283354
BC 1,Proportional Baseline,310,40,4.526198504009488,0.30409384923744204,6.9953809778250005,1.54493849699825,7.306533765584101,2.2579407756306002
BC 1,Proportional Baseline,311,40,8.445953603664007,0.4380578355281111,1.37462368183775,11.998702915051,17.933178605425002,2.477309212342275
BC 1,Proportional Baseline,312,40,4.669796497480407,0.2929059388863972,1.267469586302425,6.59295561725,3.3404627943509504,7.47829799201825
BC 1,Proportional Baseline,313,40,1.5896731193429439,0.05004032698505709,1.4204004581771499,1.7996901605875,1.501853381388875,1.6367484772182501
BC 1,Proportional Baseline,314,40,1.8008239225489,0.09164203704027032,2.1247569873825,1.68382484533075,2.0335485543605,1.36116530312185
BC 1,Proportional Baseline,315,40,4.488160356857944,0.4311684652642585,2.295687771801775,2.9319177476282503,11.4168881925,1.30814771550175
BC 1,Proportional Baseline,316,40,9.890876070716274,0.6207924055868344,1.52783530587485,1.304737051824,33.4770032625,3.25392866266625
BC 1,Proportional Baseline,317,40,4.395915085244937,0.3066612416325677,1.57762907041475,3.5738458989724995,3.71045727706,8.7217280945325
BC 1,Proportional Baseline,318,40,2.762373386671475,0.27083686822233183,1.9256160789469,5.45518313675,2.13414764304325,1.53454668794575
BC 1,Proportional Baseline,319,40,7.5684935745666255,0.569761888129078,1.6462523088002499,24.46647303325,2.3482069061365,1.81304205007975
BC 1,Proportional Baseline,32,40,7.929930965291781,0.414392370870054,2.76483554130085,18.753509185000002,7.40650225022935,2.794876884636925
BC 1,Proportional Baseline,320,40,3.870192697749056,0.34214848338417414,2.3541371026021,1.645282561690625,8.497761326,2.9835898007034998
BC 1,Proportional Baseline,321,40,9.287258496637818,0.4681637684347663,1.829733959037025,20.5809616715,13.467297747999998,1.2710406080142502
BC 1,Proportional Baseline,322,40,9.6334011089324,0.5305530608140424,8.74572187096485,1.2678800863022501,2.1814004842875,26.338601994175
BC 1,Proportional Baseline,323,40,8.538515921983556,0.5630761760396993,4.711895778984901,1.423185863781075,26.125500541999997,1.8934815031682501
BC 1,Proportional Baseline,324,40,7.093877992707062,0.27718032048437435,8.572500261109875,11.64638528855,1.9472478488309999,6.209378572337375
BC 1,Proportional Baseline,325,40,5.359795004668719,0.5314006549092417,16.4398015,1.4558917085684,2.08146732318775,1.462019486918725
BC 1,Proportional Baseline,326,40,1.563208895769006,0.10356185055908826,1.26533964033275,1.7482488571558998,1.9693095115825,1.2699375740048748
BC 1,Proportional Baseline,327,40,8.039704106131188,0.6077506299475935,1.4411435404747501,1.634212384785,1.595749874915,27.48771062435
BC 1,Proportional Baseline,328,40,2.2464726156304313,0.23686701407491953,1.7907819548975,4.1313238519999995,1.7602223133112251,1.303562342313
BC 1,Proportional Baseline,329,40,2.9644076413347,0.2884524279391624,1.5422676129871,2.1296292773117,6.09108913535,2.09464453969
BC 1,Proportional Baseline,33,40,3.2425651059891814,0.40800867590303586,1.39645981918935,1.3477351838608749,8.190757538325,2.0353078825815
BC 1,Proportional Baseline,330,40,8.67543569798388,0.5758224380906511,1.711958488915775,1.3676629152039999,4.561624183565749,27.060497204249998
BC 1,Proportional Baseline,331,40,7.6844565984812565,0.41600171334200153,1.82061050935115,12.02599332005,15.26937311,1.6218494545238749
BC 1,Proportional Baseline,332,40,7.713707772052132,0.5831585371037056,2.612213762635,1.3831963985675002,25.092457250000002,1.766963677006025
BC 1,Proportional Baseline,333,40,2.1479206500617125,0.11894307329102231,1.7806063371585001,1.62198275872935,2.4165206834364996,2.7725728209225
BC 1,Proportional Baseline,334,40,10.165921687460774,0.5639351483656037,5.13461264875395,2.65191774048715,31.312583842499997,1.564572518102
BC 1,Proportional Baseline,335,40,11.433814946469456,0.6200162039892363,2.85662554249575,1.64926837775375,2.042627340628325,39.186738524999996
BC 1,Proportional Baseline,336,40,9.121950108997062,0.5222326951937996,1.2887947497895,2.44514537240585,7.8647809330428995,24.88907938075
BC 1,Proportional Baseline,337,40,2.956163461949625,0.24503775184107188,2.9121013250818004,1.5892368812556998,2.1310978062609998,5.192217835199999
BC 1,Proportional Baseline,338,40,11.666192777036388,0.6239459497940076,3.04654064897665,1.9138270337487,1.6301240279201998,40.0742793975
BC 1,Proportional Baseline,339,40,2.0916897575851374,0.15075680244531278,3.2893454756574996,1.7524327831689501,1.6999282286896,1.6250525428245002
BC 1,Proportional Baseline,34,40,8.847348610031155,0.40904129389937444,1.563882069522875,16.998658947646497,2.61414464445525,14.212708778499998
BC 1,Proportional Baseline,340,40,6.405746456272863,0.40745117413640075,14.43916621125,1.9388160398358,2.4927957254964,6.752207848509251
BC 1,Proportional Baseline,341,40,7.0561792489974495,0.5647211687241566,2.2933002668455,22.584273559499998,1.47129855008275,1.87584461956155
BC 1,Proportional Baseline,342,40,8.26224394381565,0.4335647385944593,18.69240813825,1.252304462861,9.049717159625,4.0545460145266
BC 1,Proportional Baseline,343,40,1.5790786589934875,0.09131318290229985,1.8027805414675,1.3086390412625,1.9045991390032502,1.3002959142406998
BC 1,Proportional Baseline,344,40,3.9025124891125813,0.2172778307051257,4.6502227115000005,2.21153676230795,2.67340317638965,6.074887306252725
BC 1,Proportional Baseline,345,40,2.6600211687597874,0.3270090724670605,1.4043573351,1.26735066479675,5.577824768285,2.3905519068574
BC 1,Proportional Baseline,346,40,9.9174956572684,0.6100159017606878,1.3424441574200001,32.867658035,3.8407598545671,1.6191205820864998
BC 1,Proportional Baseline,347,40,10.118908357891957,0.617971838689905,1.316999355433,2.255610423906025,34.6624044375,2.2406192147287998
BC 1,Proportional Baseline,348,40,1.7695333955102877,0.15268395967520534,1.602399525244925,2.70334254668,1.3085829027521751,1.46380860736405
BC 1,Proportional Baseline,349,40,1.8643767100409376,0.14605243120717626,2.129778333087,2.5228300795575,1.26831106262,1.5365873648992499
BC 1,Proportional Baseline,35,40,9.62091205197892,0.5714608448601186,1.305320710902,2.517731342263675,29.8703448965,4.7902512582500005
BC 1,Proportional Baseline,350,40,5.756678192055687,0.5102948120552709,2.02020179424425,2.0037477399675003,1.670515916511,17.3322473175
BC 1,Proportional Baseline,351,40,3.320810084915169,0.3172644484546616,1.45283620951885,6.5788830495,1.886230960186325,3.3652901204555
BC 1,Proportional Baseline,352,40,1.965241847008575,0.1919684673680159,3.17466608117,1.86932997868175,1.5469086041997502,1.2700627239828
BC 1,Proportional Baseline,353,40,7.65938026315,0.5918868664348284,1.27465851516725,25.396651108500002,2.06800948677625,1.8982019421565
BC 1,Proportional Baseline,354,40,7.226406878598269,0.5321482256822393,2.97730647080905,22.02884838375,2.0814399667535,1.818032693080525
BC 1,Proportional Baseline,355,40,2.1412931524890624,0.054989143857673325,2.44233834379925,1.8420530519284999,2.1819456869375,2.098835527291
BC 1,Proportional Baseline,356,40,7.20002297414075,0.4860417408587817,17.62395116881125,1.4075724387575002,1.31016553686925,8.458402752125
BC 1,Proportional Baseline,357,40,6.9699655248723955,0.44486501566573944,4.77275765696195,17.70684420575,3.95929579735665,1.4409644394209824
BC 1,Proportional Baseline,358,40,8.214678308724157,0.4931191971409832,22.25914978625,3.036773501050975,5.94018578575,1.62260416184565
BC 1,Proportional Baseline,359,40,5.0479863755933,0.5355147653344767,1.37295675746125,1.48604619978925,15.762156878225,1.5707856668977
BC 1,Proportional Baseline,36,40,4.819153443879118,0.3591346078034916,4.147540847279725,10.6517288043125,1.9668933120475,2.51045081187675
BC 1,Proportional Baseline,360,40,5.091318364472244,0.43719529649809263,2.264234505221975,13.5027899895675,2.7912546241409997,1.8069943389585
BC 1,Proportional Baseline,361,40,6.540399159945482,0.42319932667213567,2.224566723280325,7.562561590750001,1.6958532523716,14.678615073380001
BC 1,Proportional Baseline,362,40,2.038962327323319,0.1294838809707702,1.449154874115375,2.7664929054625,1.8340057695182501,2.10619576019715
BC 1,Proportional Baseline,363,40,9.712956018384975,0.3323330968695391,9.1204977759899,18.44244103,1.462180632,9.82670463555
BC 1,Proportional Baseline,364,40,8.531803582905274,0.6263084857302968,1.2507912750525,1.32715925649375,29.51346250125,2.03580129882485
BC 1,Proportional Baseline,365,40,1.9107016121294498,0.11786554042819576,1.4506557299730498,2.557142409215,1.9594211606872498,1.6755871486425
BC 1,Proportional Baseline,366,40,2.1903505044624936,0.1999945991608315,1.3497548230284,3.2723680423209998,2.690185916605,1.449093235895575
BC 1,Proportional Baseline,367,40,8.61407938484238,0.4874716481734766,24.69306579,3.574215891993,3.812009424435775,2.37702643294075
BC 1,Proportional Baseline,368,40,11.05070978937128,0.6225596411625482,3.20395847158265,1.4931513443405249,37.71420991,1.7915194315619503
BC 1,Proportional Baseline,369,40,9.056779212764313,0.4512074313063164,3.6680210463344998,1.7385048112227501,9.09723007425,21.723360919250002
BC 1,Proportional Baseline,37,40,4.247948647871687,0.24336783695881886,3.4805524300050004,7.0200728891674995,4.60871669064,1.8824525816742501
BC 1,Proportional Baseline,370,40,10.644700714779045,0.6193930820344706,3.180056816710775,36.204883925000004,1.6394707447449002,1.5543913726605
BC 1,Proportional Baseline,371,40,6.918837148546288,0.5152442319098568,5.17863849553965,1.58151561344535,19.36445258175,1.5507419034501502
BC 1,Proportional Baseline,372,40,10.748905978766068,0.5613533649450573,1.66100233959335,7.7704615023925,1.734245513078425,31.82991456
BC 1,Proportional Baseline,373,40,5.923601638245669,0.19209106161919726,7.783539732821275,6.3177039275075,7.48812706095065,2.1050358317032503
BC 1,Proportional Baseline,374,40,1.49622578063405,0.05361703657519963,1.623371079252075,1.315349718383875,1.66310786982,1.38307445508025
BC 1,Proportional Baseline,375,40,11.029523980359214,0.5106680625679761,2.43209646643185,10.061173538,29.5607018255,2.064124091505
BC 1,Proportional Baseline,376,40,2.976801815633844,0.3734910474740587,1.6044747249169748,1.8089063856756002,7.177664674495,1.3161614774478
BC 1,Proportional Baseline,377,40,7.9025390845367625,0.5536249545622479,2.050172376,1.29089261784455,23.82722217544,4.4418691688625005
BC 1,Proportional Baseline,378,40,7.4591053963372005,0.568970366465342,23.791468305000002,1.269619191582825,2.556972821117925,2.21836126764805
BC 1,Proportional Baseline,379,40,8.063110033398612,0.489878480695801,2.3832827786967252,6.8260211816,1.7288402395477251,21.31429593375
BC 1,Proportional Baseline,38,40,6.841368514330881,0.5852736459177388,1.2807312431624251,22.52316960675,1.9497106059182499,1.61186260149285
BC 1,Proportional Baseline,380,40,10.951131359759,0.44465666513211183,1.2782694966489998,21.592856814999998,18.950766984999998,1.982632142387
BC 1,Proportional Baseline,381,40,5.745107646469537,0.4825131903410544,2.8432985732694998,1.94303633061715,16.3392447188225,1.854850963169
BC 1,Proportional Baseline,382,40,1.346616528920525,0.017432695412636808,1.320718667135,1.3403734934805,1.4220115885725,1.3033623664941
BC 1,Proportional Baseline,383,40,10.852247838936245,0.6356727196325928,1.58471814005325,37.864255169125,2.561913284708725,1.398104761858
BC 1,Proportional Baseline,384,40,5.839631876315206,0.5395604486404333,1.2541461046195002,17.97036125375,2.199362510386775,1.93465763650455
BC 1,Proportional Baseline,385,40,9.959764516590743,0.5468637357239754,2.155909445478925,3.184533349932375,31.149895451499997,3.348719819451675
BC 1,Proportional Baseline,386,40,9.321071782178887,0.49621881599340556,27.225111829999996,2.9109735764485003,4.105223109145075,3.042978613121975
BC 1,Proportional Baseline,387,40,11.398076517622568,0.631383532687089,2.0356051227097502,1.300226379880525,39.4123673875,2.8441071804
BC 1,Proportional Baseline,388,40,2.7001640786466625,0.3208270794064844,1.7497980420749002,6.00564492895,1.4304737005175,1.6147396430442498
BC 1,Proportional Baseline,389,40,5.750751268672132,0.5368494934893967,2.2513375014295,17.621782885000002,1.2950974879241248,1.8347872003349
BC 1,Proportional Baseline,39,40,4.0774908487809185,0.43316043855139647,10.6593937339,1.909009637808,2.35370802357775,1.3878519998379248
BC 1,Proportional Baseline,390,40,3.891820041395725,0.47709898237511417,1.58166366531275,1.3673185598255,1.4065169264446502,11.211781014
BC 1,Proportional Baseline,391,40,5.652889846568562,0.5424083755392396,2.190716080589,17.474872362,1.3052827212157498,1.6406882224695
BC 1,Proportional Baseline,392,40,4.977064996775249,0.24667565099688493,6.127377001551625,4.722256168825,1.489578218794375,7.569048597929999
BC 1,Proportional Baseline,393,40,6.141390602976219,0.45238673813551383,4.749513145993999,2.217959994591375,15.78587554375,1.8122137275695
BC 1,Proportional Baseline,394,40,2.55561591127795,0.36783446316777296,1.36739824155575,6.2620060332500005,1.33322973910975,1.2598296311963
BC 1,Proportional Baseline,395,40,3.4831726300938435,0.2804394423395151,1.8304356521395,2.3788300509599503,2.8355168025784248,6.8879080146975
BC 1,Proportional Baseline,396,40,5.5188343536669,0.35749851873664196,2.324999832211875,7.4897812675,10.5307482025,1.729808112455725
BC 1,Proportional Baseline,397,40,2.999778943618794,0.34124240349597745,2.892068601267,6.33536098275,1.3740184661126,1.397667724345575
BC 1,Proportional Baseline,398,40,6.005761892385625,0.4485691552256673,1.87558438962085,13.917334882145,1.2506389844319998,6.979489313344651
BC 1,Proportional Baseline,399,40,5.462255694277525,0.4224401890722832,3.005252917031675,1.262199635990925,4.516618797615,13.0649514264725
BC 1,Proportional Baseline,4,40,5.928611924770825,0.5325670224901108,1.9878082959969,18.106243455,2.262099244912275,1.3582967031741249
BC 1,Proportional Baseline,40,40,10.056755077300732,0.5556216551965438,30.5493291215,1.93975848579325,2.08131508886635,5.656617613043325
BC 1,Proportional Baseline,400,40,5.25723168059915,0.5253922824148897,15.745655894,1.4686508286692752,2.467321593878225,1.3472984058491
BC 1,Proportional Baseline,401,40,10.010656050661563,0.5725801971176098,1.5234258162845,1.27753873183675,7.329241157775,29.91241849675
BC 1,Proportional Baseline,402,40,3.793996316022356,0.3250102484201618,2.414812752913675,8.1670070194775,2.8564227830964,1.73774270860185
BC 1,Proportional Baseline,403,40,9.369425814427688,0.5944753752400859,2.48032998560125,2.051055974892,1.6916565122175,31.254660785
BC 1,Proportional Baseline,404,40,5.475087998000606,0.49964054864222246,15.9691931125,2.3388379438105753,2.1498805323662498,1.4424404033256
BC 1,Proportional Baseline,405,40,10.6771934015606,0.5464442918902915,2.5037739853954,1.634801928097,31.09492214,7.47527555275
BC 1,Proportional Baseline,406,40,7.556465560979375,0.46168069810275125,8.01370730703255,1.33747101201495,2.70163932987,18.173044595
BC 1,Proportional Baseline,407,40,3.314473216149106,0.3671392197556349,1.45435920358775,1.66181261916925,2.4651515639694255,7.676569477869999
BC 1,Proportional Baseline,408,40,9.640592022679249,0.5474502260783741,2.8721927148365,1.6165579856305001,29.046078899499996,5.02753849075
BC 1,Proportional Baseline,409,40,4.862796627780888,0.47776129065941036,1.375198894287625,2.103967810163925,13.714820288000002,2.257199518672
BC 1,Proportional Baseline,41,40,2.881151276145944,0.34921648921648857,1.269521364742025,1.300966090407,6.126870536057501,2.82724711337725
BC 1,Proportional Baseline,410,40,9.004728907846262,0.5919176832627533,1.9596179263545,3.32794194102755,29.351112609,1.380243155003
BC 1,Proportional Baseline,411,40,9.086669649935068,0.6273255441773723,31.610356969999998,1.6709846899279,1.8101810814633752,1.255155858349
BC 1,Proportional Baseline,412,40,3.1389851574683187,0.3253209681645737,2.567187240106575,1.6452462121563252,6.741237258765,1.602269918845375
BC 1,Proportional Baseline,413,40,2.1267882683876813,0.13796058525740254,3.1200076941525,2.028181888017825,1.691646385635675,1.667317105744725
BC 1,Proportional Baseline,414,40,1.953926125113456,0.18073564652835955,1.361699772836825,1.705556729232,1.553873945505,3.1945740528799997
BC 1,Proportional Baseline,415,40,1.9049559709383312,0.19397234055032744,1.312260278562,1.4864399717228252,1.5640048998725002,3.2571187335959997
BC 1,Proportional Baseline,416,40,11.533561050321744,0.6146425729925366,3.33374221859155,2.041058852687425,39.06832137665,1.691121753358
BC 1,Proportional Baseline,417,40,8.936622511289075,0.6047052802781286,1.8757582080156,1.5003196980657,2.135076994075,30.235335145
BC 1,Proportional Baseline,418,40,9.617963624895163,0.587604075013569,2.2615328137914252,1.6947514719667498,31.627545462500002,2.888024751322475
BC 1,Proportional Baseline,419,40,5.288801776787538,0.3164703335486421,5.0353506762041755,10.766545764750001,2.7524629130477,2.600847753148275
BC 1,Proportional Baseline,42,40,9.444333890042213,0.545227190560498,1.7389745389274,6.848300167642501,1.7150976753639502,27.474963178234997
BC 1,Proportional Baseline,420,40,7.740499156755676,0.5014759589477356,20.130884725,7.7039009695,1.6959327254795749,1.4312782070431251
BC 1,Proportional Baseline,421,40,2.80250626617965,0.21907961546664584,2.817265814212,1.775829254752675,1.879254028753925,4.7376759669999995
BC 1,Proportional Baseline,422,40,6.695286281903244,0.5296796178114586,1.36256390763425,19.439130577500002,4.2457287479352255,1.7337218945435002
BC 1,Proportional Baseline,423,40,12.116886264304531,0.616216830203783,1.9539810157137751,2.33577491884555,41.7429983875,2.4347907351588
BC 1,Proportional Baseline,424,40,7.770393605865688,0.4960229052787019,3.49848206773225,1.9131630702765001,22.3949069533,3.2750223321539997
BC 1,Proportional Baseline,425,40,9.572957169894268,0.4382348289683761,4.924223515496751,10.26240987414025,21.850108580049998,1.2550867098900749
BC 1,Proportional Baseline,426,40,11.419542016777386,0.5641590086192291,4.642803910126525,2.728628597477375,2.2925636570056502,36.014171902499996
BC 1,Proportional Baseline,427,40,9.58248882323985,0.5671535497499328,1.72869862937725,5.23356164717325,1.7986674959089002,29.569027520499997
BC 1,Proportional Baseline,428,40,5.069715285897894,0.45593365999116453,12.920983567775,4.044534029573825,2.05790371621535,1.2554398300274001
BC 1,Proportional Baseline,429,40,2.6108916245937626,0.22914103424358728,4.6803846689,2.2045946765692497,1.55748150792305,2.00110564498275
BC 1,Proportional Baseline,43,40,8.839319579807082,0.4011675367356854,10.563433864224125,4.97572577715,18.43390282375,1.3842158541042
BC 1,Proportional Baseline,430,40,3.5442573308573753,0.286041121326883,6.4565764977925,1.55606025506325,2.322543919865,3.84184865070875
BC 1,Proportional Baseline,431,40,9.881636169876074,0.5046277491216611,2.1674682157065,24.838342757499998,1.2708821685978,11.2498515377
BC 1,Proportional Baseline,432,40,4.472164874568119,0.3565189637267665,1.51405494843935,3.75899000114575,2.888270853687375,9.727343695
BC 1,Proportional Baseline,433,40,9.860275891324815,0.642982849280916,1.4589591732,1.2777024346499999,35.013718558250005,1.6907233991992499
BC 1,Proportional Baseline,434,40,6.39996161072875,0.502437376705277,2.532596208181125,1.8542784984513747,18.9231224467,2.2898492895825
BC 1,Proportional Baseline,435,40,7.935688540146888,0.5715821322537471,2.13747589139455,25.9281390025,1.8351946026705002,1.8419446640225001
BC 1,Proportional Baseline,436,40,8.32038411180185,0.5436733712259223,1.7558456520364998,25.308805795,2.2493124748674003,3.9675725253035
BC 1,Proportional Baseline,437,40,4.122861879885244,0.31817513090845145,2.466010884916875,4.1703729945971,8.141583784,1.713479856027
BC 1,Proportional Baseline,438,40,1.5955105350509875,0.07118735939098352,1.6162034022225,1.8606463169652252,1.6417811560769748,1.26341126493925
BC 1,Proportional Baseline,439,40,4.343120600867219,0.3711250129260719,8.5496883022,1.331710798032375,1.677782394779,5.8133009084575
BC 1,Proportional Baseline,44,40,8.520748593059887,0.5057327575953382,1.264253162956025,2.1209778959995247,22.08176049775,8.616002815534
BC 1,Proportional Baseline,440,40,2.76571827743415,0.270854521730433,2.999156114966,1.91313696587725,1.2586737358933502,4.891906293
BC 1,Proportional Baseline,441,40,2.8688390140172375,0.3343424669073421,6.3425527162175,1.5544196202841252,1.426206709557725,2.1521770100096
BC 1,Proportional Baseline,442,40,2.459495514322656,0.2529487910612181,1.7250971427384498,1.56027321932475,1.687022474738,4.865589220489425
BC 1,Proportional Baseline,443,40,5.258541574292481,0.46229197049880644,14.93546707525,1.97845359545515,2.07245496417665,2.047790662288125
BC 1,Proportional Baseline,444,40,3.2132108461434563,0.1510487425051155,2.05003013106825,3.7456620004125,2.7503505107666752,4.3068007423264
BC 1,Proportional Baseline,445,40,1.6251418316495,0.07489797476979257,1.43428180281,1.48450813510525,1.5052306560227502,2.07654673266
BC 1,Proportional Baseline,446,40,2.983209423453444,0.2773417114819715,1.336574632948,5.4517844912275,2.1261068145606,3.0183717550776747
BC 1,Proportional Baseline,447,40,7.9756222712689375,0.4829045056663832,2.446095712425,20.146111326,1.41977435690075,7.89050768975
BC 1,Proportional Baseline,448,40,8.253669650788563,0.44416007180131445,1.6657016223215,19.440443744425,8.61975747279725,3.2887757636105
BC 1,Proportional Baseline,449,40,3.190383222015637,0.35342346612230835,1.881660737571225,2.3322032784342,7.205560803439999,1.3421080686171252
BC 1,Proportional Baseline,45,40,6.999633816379987,0.5104843724156627,2.362101396742575,19.751294779,4.483723285845425,1.40141580393195
BC 1,Proportional Baseline,450,40,10.581169327206476,0.4857623710882241,13.3108908825,2.1008879191472998,25.29460582975,1.6182926774286
BC 1,Proportional Baseline,451,40,6.033059230285625,0.5784656858248433,1.5075219421250001,1.4796613866163502,19.874330691,1.2707229014011499
BC 1,Proportional Baseline,452,40,2.0563817061141503,0.16858636996476936,1.8198170929816002,1.937528774119625,1.329234619945375,3.13894633741
BC 1,Proportional Baseline,453,40,5.699596718897712,0.4863583625082156,2.1094738669726,1.2615971407702502,15.409846927999999,4.0174689398479995
BC 1,Proportional Baseline,454,40,7.787184081759749,0.5367791650691108,2.90241361807925,23.713010258944998,3.060822726408,1.47248972360675
BC 1,Proportional Baseline,455,40,11.183289807395605,0.6038551396373857,4.517938017650925,1.8758633600736,1.6017926268579,36.737565225
BC 1,Proportional Baseline,456,40,3.350400838284625,0.41052284174234266,1.253149244315,2.1418483703374998,8.4077155677075,1.5988901707785002
BC 1,Proportional Baseline,457,40,5.475830716615925,0.4663386679447762,1.817831889121825,15.127112181514999,2.94400177754575,2.014377018281125
BC 1,Proportional Baseline,458,40,8.662979017761568,0.3046274423410713,13.418155729599999,1.604978371546275,13.206474077749998,6.42230789215
BC 1,Proportional Baseline,459,40,3.674244029698619,0.12306023281724715,2.7754670691828247,3.7323789300000003,3.18472871743325,5.0044014021784005
BC 1,Proportional Baseline,46,40,5.337866217080706,0.47318781813670824,3.154868916565,1.4252959121710749,2.19496724963875,14.576332789948001
BC 1,Proportional Baseline,460,40,7.9633317388716875,0.5746267339047015,1.852087445475,25.50775553,1.48739254870425,3.0060914313075005
BC 1,Proportional Baseline,461,40,8.66839283292955,0.490155554650677,6.612860691785675,23.456430349999998,2.198048550290275,2.40623173964225
BC 1,Proportional Baseline,462,40,10.436533264987526,0.5728254500880982,1.6456329732605,3.69539051224265,33.324901955,3.08020761944695
BC 1,Proportional Baseline,463,40,4.327367941519693,0.31469419783180397,7.737646001499999,1.448054663823775,2.601891892255,5.5218792085
BC 1,Proportional Baseline,464,40,9.594991247307293,0.5096587567302996,2.9158447382697004,6.58771305905,2.009724822909475,26.866682369
BC 1,Proportional Baseline,465,40,7.5737156341416,0.5393611949740402,4.6050992003380005,1.3535325009613248,22.28780554375,2.048425291517075
BC 1,Proportional Baseline,466,40,3.953538954722687,0.4274248406264476,2.0329700063682496,1.705701123212,1.5860451381604999,10.48943955115
BC 1,Proportional Baseline,467,40,6.469515453802675,0.5711286468664535,1.5148920455365,1.3492706299242,20.833807253875,2.180091885875
BC 1,Proportional Baseline,468,40,10.067797035083832,0.41000292333883626,15.04346662765,2.131029102250825,2.9738092741845,20.12288313625
BC 1,Proportional Baseline,469,40,9.391497472417019,0.6035877929720999,2.28988594443,31.7080921225,1.99368243477605,1.5743293879620253
BC 1,Proportional Baseline,47,40,5.7745033142480064,0.4953800223643,3.746559346651125,1.5327437220809,16.1098898257825,1.7088203624774998
BC 1,Proportional Baseline,470,40,7.988692546787763,0.4885911086573664,21.3071243575,6.2550813197499995,1.6663117559115002,2.72625275398955
BC 1,Proportional Baseline,471,40,6.741500243516425,0.5807380584116962,21.939516575000003,1.5413200888026999,2.2047488724547497,1.28041543780825
BC 1,Proportional Baseline,472,40,3.1230615271572875,0.37109640707797165,2.12894716537,1.785095980945825,7.32234471525,1.2558582470633248
BC 1,Proportional Baseline,473,40,7.927039232205176,0.5411819036047656,24.101139760000002,2.9401143848217,1.3476711932565002,3.3192315907424996
BC 1,Proportional Baseline,474,40,4.76228968631935,0.27441829126856415,3.81755401992165,4.6532580029875,8.634847759328249,1.9434989630400001
BC 1,Proportional Baseline,475,40,3.8624497442919,0.45436410571202396,1.5438458414035001,1.97787825745275,10.571588100275,1.35648677803635
BC 1,Proportional Baseline,476,40,7.6334133083281746,0.45020350667709674,17.113013869,1.53166010924395,10.0651745025,1.82380475256875
BC 1,Proportional Baseline,477,40,7.762108615766475,0.5911686864280776,25.77253856075,1.35016964963005,1.886692058665,2.03903419402085
BC 1,Proportional Baseline,478,40,9.987320158744062,0.5085442124365712,1.33536090466875,10.444366051,2.4207606358075,25.7487930435
BC 1,Proportional Baseline,479,40,8.671312533173225,0.4186058734285737,17.42930351425,1.7497669983846251,2.233495730058275,13.27268389
BC 1,Proportional Baseline,48,40,3.6338301049662753,0.2676623153738607,2.073319668319,1.5739563560318501,5.73468720701425,5.1533571885
BC 1,Proportional Baseline,480,40,9.958800613058324,0.4506908532326135,24.60724328575,9.420879247,2.9960380908818,2.8110418286015
BC 1,Proportional Baseline,481,40,3.194147847542769,0.37991292332419196,1.356123772213425,2.10652595135815,7.672938943129,1.6410027234705002
BC 1,Proportional Baseline,482,40,6.801474463811051,0.4251743139346025,2.84149783702295,8.083216602250001,1.30271219847125,14.978471217500001
BC 1,Proportional Baseline,483,40,9.771230823127663,0.52824506082445,28.4368346125,2.923944766805475,5.8428858492015,1.881258064003675
BC 1,Proportional Baseline,484,40,10.971127854216475,0.5808162052976273,5.1161553785915,1.41329533018965,34.6085332225,2.74652748558475
BC 1,Proportional Baseline,485,40,5.0139597130689815,0.5241378296848592,2.07028587856,1.296398177339675,15.139039711,1.55011508537625
BC 1,Proportional Baseline,486,40,6.8123000212038685,0.5359723441307083,20.1326602475,4.0346752200789755,1.4657603823807501,1.6161042348557502
BC 1,Proportional Baseline,487,40,8.361866537745556,0.4817295801119061,1.30039761709375,20.524407904,2.4220780958639,9.200582534024575
BC 1,Proportional Baseline,488,40,5.24308098957325,0.5238686179153668,16.07620372825,1.6833704551515751,1.75999451527325,1.452755259618175
BC 1,Proportional Baseline,489,40,6.910519245793144,0.5368934969073598,3.361668798749225,2.13408105181635,20.762466524,1.383860608607
BC 1,Proportional Baseline,49,40,5.68956276650505,0.11325250278731042,7.125250680575,6.5622623473760004,4.278780390938374,4.791957647130825
BC 1,Proportional Baseline,490,40,2.4252118553077127,0.2622958143167884,1.4587904355535,1.4810024139691,4.63714292229,2.12391164941825
BC 1,Proportional Baseline,491,40,9.297981790765375,0.4239223908993464,1.3129065632305,17.499966477500003,1.9371355623310003,16.441918559999998
BC 1,Proportional Baseline,492,40,3.352406350960044,0.4295299060820688,8.966338561250002,1.53273443789675,1.3093732723294749,1.60117913236395
BC 1,Proportional Baseline,493,40,3.9032139927660814,0.43203695905484557,1.91850603049375,10.4741946145,1.650349683908825,1.56980564216175
BC 1,Proportional Baseline,494,40,7.441135712052538,0.49678738917350995,3.3873337375175,20.6148626775,1.2682506505384,4.4940957826542505
BC 1,Proportional Baseline,495,40,7.238895943637256,0.47169365753454234,4.817882629775275,3.43369649060275,1.477256539171,19.226748115
BC 1,Proportional Baseline,496,40,10.622328013699544,0.5875969317298347,1.555989382997,4.68069463481785,34.0265647825,2.226063254483325
BC 1,Proportional Baseline,497,40,1.5783030361172374,0.13818575005894385,1.251985367359275,1.317981224586575,1.3331077545230998,2.410137798
BC 1,Proportional Baseline,498,40,4.246387762155025,0.4707721847759565,1.4146020891025999,1.8894706054375,12.005278480769999,1.67619987331
BC 1,Proportional Baseline,499,40,7.497593175538925,0.5898284344362239,2.440178421746075,1.577419745384125,24.6353772075,1.3373973275255
BC 1,Proportional Baseline,5,40,7.035985091035563,0.5391858651073717,1.3441620784027501,4.7802847500145,20.492738588,1.526754947725
BC 1,Proportional Baseline,50,40,2.004043430668731,0.20586703564956108,1.29372417911905,3.267571305968,2.0672002715985003,1.3876779659893752
BC 1,Proportional Baseline,500,40,4.6659638094188125,0.24021890169454949,4.0900928304122,1.6525758956323,7.030138616,5.89104789563075
BC 1,Proportional Baseline,501,40,9.155886312848844,0.4857673057206779,1.482256353661,24.278473972500002,4.044692085456375,6.818122839778001
BC 1,Proportional Baseline,502,40,8.605953443989312,0.40583477509412963,19.5375761987175,1.37960026750925,6.049521108382001,7.4571162013485
BC 1,Proportional Baseline,503,40,9.436578883095812,0.3810820312731752,2.72538262899075,2.7729518208925,18.119444505,14.1285365775
BC 1,Proportional Baseline,504,40,9.981132736102113,0.46666251284133503,7.3587442113315005,25.87381011,1.8815350900687,4.81044153300825
BC 1,Proportional Baseline,505,40,5.687672721978531,0.5378124236107221,17.884029877325,1.6464562770331248,1.570855316877,1.6493494166790001
BC 1,Proportional Baseline,506,40,2.45131383649885,0.03877048086398996,2.721363749299,2.2803088590159,2.5005179629325,2.303064774748
BC 1,Proportional Baseline,507,40,3.4071686333791122,0.43322005122587315,9.090460778499999,1.29233866925515,1.734184538114875,1.5116905476464249
BC 1,Proportional Baseline,508,40,9.735133890674312,0.474352741364383,1.8767135352547502,2.39662791961375,11.044307310328751,23.622886797499998
BC 1,Proportional Baseline,509,40,9.461448174989345,0.5596277348519297,3.3402477463337497,1.273705421969625,3.907966806654,29.323872725
BC 1,Proportional Baseline,51,40,5.0895661228385,0.4441177292756876,2.9655389602845004,2.1939392372125,13.4984373250125,1.7003489688445002
BC 1,Proportional Baseline,510,40,8.039193001462701,0.41807105353037344,1.721620243720325,1.367871761230475,13.800671136400002,15.2666088645
BC 1,Proportional Baseline,511,40,7.429244003738975,0.5974032819894114,1.3678912430135,24.970193258000002,1.5868607751804,1.792030738762
BC 1,Proportional Baseline,52,40,8.766390746182186,0.5573362358523991,2.437042536603,28.151751603499996,2.355622357295,2.12114648733075
BC 1,Proportional Baseline,53,40,4.470416272505562,0.4931244808060875,1.4984232316,13.083661833499999,1.44514875999,1.8544312649322499
BC 1,Proportional Baseline,54,40,7.406160436909013,0.5827452734158413,3.4796465527040503,1.257266567941,23.5585903996,1.329138227391
BC 1,Proportional Baseline,55,40,4.652377123721844,0.23194363818644423,3.76544386084795,4.535989173782275,2.40489054550715,7.90318491475
BC 1,Proportional Baseline,56,40,2.149837373545544,0.25482424605214515,1.2967923714961749,4.1989279543225,1.5812567127300001,1.5223724556335
BC 1,Proportional Baseline,57,40,1.585043552978325,0.06108383703210235,1.4321630688445501,1.4563703207149998,1.526467133275,1.92517368907875
BC 1,Proportional Baseline,58,40,9.62895867324495,0.5038541539361705,27.63078611075,5.06641739253055,3.561285526912075,2.257345662787175
BC 1,Proportional Baseline,59,40,9.385036260523412,0.5283596349036508,2.2416177053318753,6.492110242450001,1.8884924175617748,26.917924676749998
BC 1,Proportional Baseline,6,40,4.836031706632744,0.4040918620604036,1.9989076169059998,3.2260893500275003,12.0392450693375,2.079884790259975
BC 1,Proportional Baseline,60,40,8.624340193386606,0.41926979962887884,1.94312405131955,16.3580677025,1.368110479726875,14.82805854
BC 1,Proportional Baseline,61,40,9.179586673386737,0.5102727875930221,2.8212328605015253,24.5130268975,1.28911056876275,8.094976366782674
BC 1,Proportional Baseline,62,40,1.882346008638625,0.12705291949517386,2.630184046275,1.65087135153125,1.83295650432825,1.41537213242
BC 1,Proportional Baseline,63,40,8.86310212054992,0.4824126110709668,1.9039969135952997,6.2794479415,3.490898075854375,23.778065551250002
BC 1,Proportional Baseline,64,40,6.643925512356626,0.5488145287701062,1.8820023584687502,21.107656678250002,1.6716212752564998,1.91442173745125
BC 1,Proportional Baseline,65,40,4.028663632187619,0.3940086318342387,2.692380730481,9.882394711749999,1.701216922896975,1.8386621636225002
BC 1,Proportional Baseline,66,40,5.738880148021631,0.5387212108738545,2.699772432452,1.4534038083429,1.3644830465916251,17.4378613047
BC 1,Proportional Baseline,67,40,3.077410865863219,0.2492703112985772,4.679359513375,1.860672269526,4.35128585087355,1.418325829678325
BC 1,Proportional Baseline,68,40,5.388793487827506,0.5067273244375763,1.34911132750925,15.411419984002501,3.149049583427,1.645593056371275
BC 1,Proportional Baseline,69,40,7.332216819076882,0.39883664665223606,1.56014463157625,14.624185957456001,2.773476183275275,10.371060504
BC 1,Proportional Baseline,7,40,3.154255716926269,0.33363671176333953,1.3132802544967999,1.6295336124609752,6.366586731250001,3.3076222694973
BC 1,Proportional Baseline,70,40,5.808104914432194,0.5093287012720312,1.6256761170827498,17.29052745525,2.32670729880275,1.9895087865932748
BC 1,Proportional Baseline,71,40,5.3573083838184195,0.5280888145001348,1.33464050251475,16.3379719395,2.0063904577300002,1.750230635528925
BC 1,Proportional Baseline,72,40,5.712098241452701,0.3834630357948361,3.2309192904072246,13.037205812675001,4.726540489845175,1.8537273728833998
BC 1,Proportional Baseline,73,40,4.722518057890544,0.5123139988814249,14.237080735750002,1.66613079299775,1.646901442318925,1.3399592604955
BC 1,Proportional Baseline,74,40,6.030320244000393,0.5199625244507196,1.8755429606728249,18.55459418575,1.8397665456382502,1.8513772839405
BC 1,Proportional Baseline,75,40,4.783445528441119,0.2755637254079881,9.1073388895,4.207630277518575,2.310264438809,3.5085485079369
BC 1,Proportional Baseline,76,40,1.6082147767126875,0.09018722674257115,2.0482652088235,1.34502561811325,1.62524819963675,1.4143200802772502
BC 1,Proportional Baseline,77,40,9.970666009390587,0.5496940025018232,1.5295908485938248,9.144124737868026,1.2580557236004999,27.9508927275
BC 1,Proportional Baseline,78,40,10.43804478508243,0.6264369323457675,1.7671695300401251,1.7223295367525249,36.5606047175,1.702075356037075
BC 1,Proportional Baseline,79,40,7.070449340551512,0.3613884862255143,1.5649566439825,12.221749825,2.7913033452092497,11.7037875480143
BC 1,Proportional Baseline,8,40,10.89516177158298,0.6264876145413987,1.9242415801493749,2.6666596513359,37.57296033775,1.41678551709665
BC 1,Proportional Baseline,80,40,9.34560386764615,0.6232979051405494,1.8216957764175,1.4865303075571,32.478402385124994,1.595787001485
BC 1,Proportional Baseline,81,40,2.11124125651425,0.12327847227115304,2.544198834934,1.44853040752425,2.604489429605,1.84774635399375
BC 1,Proportional Baseline,82,40,4.24990662512475,0.5139601972412745,12.8175642575,1.301481578651125,1.2708165753247251,1.60976408902315
BC 1,Proportional Baseline,83,40,2.818136975532113,0.156962787825885,2.341373959741,2.57962876063225,4.3156438204750005,2.0359013612802
BC 1,Proportional Baseline,84,40,3.5670578275833122,0.3592225917407665,2.323993622417475,1.633325207541525,8.347194650999999,1.96371782937425
BC 1,Proportional Baseline,85,40,8.933686707001069,0.5782027101688785,5.669081451585,1.417547290138025,27.390088325,1.25802976128125
BC 1,Proportional Baseline,86,40,5.935235417253812,0.520930067358478,1.8691083800800001,1.25706299692,17.247504225,3.36726606701525
BC 1,Proportional Baseline,87,40,7.080310133544413,0.5515994616297136,21.998124801,2.8863538113050002,1.47802108354015,1.9587408383324998
BC 1,Proportional Baseline,88,40,2.8668712575647435,0.3846169618553679,1.2501119996849999,1.37644671736425,6.9641067065249995,1.876819606684725
BC 1,Proportional Baseline,89,40,2.7015154915758437,0.315208967606387,2.404003646770375,1.473671794867575,5.579916377875,1.348470146790425
BC 1,Proportional Baseline,9,40,5.9488011604623,0.4875290646025953,1.52376652867275,16.522399375,2.17076091644295,3.5782778217335
BC 1,Proportional Baseline,90,40,3.1141483170020874,0.29685206914088613,1.7644283339987499,1.97990694114725,6.675997947249999,2.03626004561235
BC 1,Proportional Baseline,91,40,8.48237943739455,0.6088308874407254,1.648847544372875,28.867142710000003,1.434188618296575,1.9793388769087499
BC 1,Proportional Baseline,92,40,7.551815911017569,0.4380623247990276,2.185457634139,19.1589119528975,3.4263002311774997,5.436593825856275
BC 1,Proportional Baseline,93,40,2.1075002646717373,0.12258561508559418,1.456643469990825,2.5795364687435,1.8144563282026251,2.5793647917499998
BC 1,Proportional Baseline,94,40,7.834034871662168,0.5884328723819553,26.054335395499997,1.8510252351275,1.9343034716630503,1.4964753843581249
BC 1,Proportional Baseline,95,40,5.453670225248481,0.2914153457422456,3.4786974511419,8.711969465,1.7131734551576252,7.9108405296944
BC 1,Proportional Baseline,96,40,8.739610544093793,0.40620883206515046,2.804124267627675,11.7178389145,2.2369066267475,18.1995723675
BC 1,Proportional Baseline,97,40,9.812199952922388,0.5453315692461737,2.4402471225094997,1.74072610933005,29.10451862,5.963307959850001
BC 1,Proportional Baseline,98,40,6.754604624039063,0.5585595033932278,1.77546224547625,1.6506632669925,21.75036836675,1.8419246169375
BC 1,Proportional Baseline,99,40,3.1955713578788627,0.3850178634733857,1.5907788927375,2.3689234046544003,7.562539633175,1.26004350094855
BC 1,RL Agent (M1),2048,40,12.1481093158625,0.21274483661088806,8.90165308545,7.3306580420000005,12.417795346,19.94233079
BC 1,RL Agent (M1),2049,40,2.221770239725801,0.1660384264591562,2.621831914625,2.848070956002135,2.4939386175612324,0.923239470714835
BC 1,RL Agent (M1),2050,40,8.7667259439675,0.38858959865934656,17.27665085025,12.03373426225,3.9562027175375,1.8003159458325002
BC 1,RL Agent (M1),2051,40,11.681855095433125,0.2097101631771547,8.736943217,20.411622932500002,9.85887423215,7.719980000082499
BC 1,RL Agent (M1),2052,40,12.66171239760625,0.1542373948994959,10.860510897025,8.1020486834,14.31983026,17.36445975
BC 1,RL Agent (M1),2053,40,11.92299284486875,0.10550309407731256,12.72550692675,10.704040910075,15.148734464,9.113689078650001
BC 1,RL Agent (M1),2054,40,11.228074197465624,0.41972140355192883,8.23184969005,7.0333466204575,27.190901224999998,2.456199254355
BC 1,RL Agent (M1),2055,40,10.2651857413935,0.18159785168698575,15.3439502205,5.55861573137,9.8440048181075,10.3141721955965
BC 1,RL Agent (M1),2056,40,11.47949484695,0.08467022387984208,11.311030032,13.67529985265,8.7737441624,12.15790534075
BC 1,RL Agent (M1),2057,40,4.25268333388166,0.4105598150194952,1.0506495202871027,6.4758136178312045,0.9903800939083325,8.4938901035
BC 1,RL Agent (M1),2058,40,10.911332780877501,0.2573880073847133,14.8161773195,5.5761870286925,5.727844330317501,17.525122445
BC 1,RL Agent (M1),2059,40,7.408867970365624,0.6350739146497547,1.688449028385,25.848465729999997,0.9262142671475001,1.17234285593
BC 1,RL Agent (M1),2060,40,11.571576063677501,0.3537415996970124,13.069338495,4.7035693303975,23.7620827925,4.7513136368125
BC 1,RL Agent (M1),2061,40,11.9263635675625,0.13780522060319642,9.39423700675,12.29413739225,9.10914956675,16.9079303045
BC 1,RL Agent (M1),2062,40,11.287237993975,0.09957628841694464,11.04071740125,11.07209531485,14.510016686750001,8.52612257305
BC 1,RL Agent (M1),2063,40,10.340475573394375,0.16165310181342507,7.10778655739,10.9831450115,15.089076148999998,8.1818945756875
BC 1,RL Agent (M1),2064,40,10.6801706294425,0.09926298521871924,12.669168547750001,7.916219689625,12.419388807599999,9.715905472795
BC 1,RL Agent (M1),2065,40,6.058310154349375,0.3546363567039127,10.85325182875,1.021417255935,3.7390612982125,8.6195102345
BC 1,RL Agent (M1),2066,40,9.34679393822125,0.5668299897235737,1.8578589758450001,28.775907813499998,1.6136459092475,5.1397630542925
BC 1,RL Agent (M1),2067,40,5.768141716091175,0.61500645156236,19.493694844,0.8830241087766251,1.8114728043354202,0.8843751072526549
BC 1,RL Agent (M1),2068,40,11.615525284285,0.2607263706539872,13.735582776749999,9.686705183099999,18.921023658000003,4.11878951929
BC 1,RL Agent (M1),2069,40,11.23420689525375,0.3091051388704309,4.874290075515001,9.900966320175,7.550498082574999,22.61107310275
BC 1,RL Agent (M1),2070,40,10.718483240808125,0.16717962743034676,13.613272216499999,4.7408824555,13.286600782650002,11.2331775085825
BC 1,RL Agent (M1),2071,40,11.02035235418375,0.39323512342967326,2.635169731995,14.385946941250001,4.58097052099,22.4793222225
BC 1,RL Agent (M1),2072,40,2.050459439176503,0.12003036753269664,2.152745703923032,1.2615679016961712,2.2436223213625,2.5439018297243097
BC 1,RL Agent (M1),2073,40,9.708839514029375,0.3163773273799246,20.284845082500002,6.38511920225,4.3720756645175,7.793318106849999
BC 1,RL Agent (M1),2074,40,2.812084000229864,0.4505522228522608,1.16158589979056,1.0329843666812126,1.3144535245476852,7.7393122099
BC 1,RL Agent (M1),2075,40,1.6237398390366853,0.14238895827869114,2.23784852832,1.208997654089531,1.2177119046459626,1.8304012690912477
BC 1,RL Agent (M1),2076,40,11.08487338295125,0.42944473358655433,3.29675250979,11.036189719949999,3.7500345370650003,26.256516764999997
BC 1,RL Agent (M1),2077,40,3.3591351104602625,0.5302095584102382,1.243610882475175,0.9583818113709249,0.9153572696949499,10.3191904783
BC 1,RL Agent (M1),2078,40,2.4305695016001483,0.2692418997752262,1.24542127375623,1.0769368970533386,3.773445265835,3.626474569756025
BC 1,RL Agent (M1),2079,40,11.584624880215625,0.15435957384356605,9.6892751715,8.422463809,10.5562254341125,17.67053510625
BC 1,RL Agent (M1),2080,40,3.2087014235403513,0.48623924546793784,1.0667970160082976,1.246282901967264,9.3597447170175,1.1619810591683428
BC 1,RL Agent (M1),2081,40,9.8809569904575,0.5245982680805277,2.144348374825,28.670212217,6.0341013151175,2.6751660548875003
BC 1,RL Agent (M1),2082,40,10.223608588033125,0.27616176880896165,4.31238556068,16.048629596999998,5.2841170014525,15.249302193
BC 1,RL Agent (M1),2083,40,7.391750114849187,0.287133973096113,2.27723671249425,11.641460036249999,10.757197498575,4.8911062120775
BC 1,RL Agent (M1),2084,40,2.7090145770149,0.38074568129001807,0.9689092502357001,0.9035737513602875,3.3539829015361127,5.6095924049275
BC 1,RL Agent (M1),2085,40,9.638948985650625,0.16866257257223236,12.931826616250001,9.6175254761525,11.21326402575,4.79317982445
BC 1,RL Agent (M1),2086,40,3.9871075389524653,0.4360315966563754,10.787100034445,1.8720171238747327,1.5639631848588849,1.7253498126312425
BC 1,RL Agent (M1),2087,40,11.389318961987499,0.14454210899270242,15.158907025249999,9.744899583225001,13.1420912875,7.511377951975
BC 1,RL Agent (M1),2088,40,11.5739636006125,0.24703492444956943,8.948127980699999,5.959867764375,20.5933220975,10.794536559875
BC 1,RL Agent (M1),2089,40,9.34389756038375,0.17888213027419644,5.97149186691,14.027262609,9.976412175,7.400423590625
BC 1,RL Agent (M1),2090,40,9.857356558159374,0.38649519822165557,5.163033065305,8.417278773125,22.5417055175,3.3074088767074996
BC 1,RL Agent (M1),2091,40,2.208479858764463,0.2883063548283844,3.242579996757925,1.050758083866729,0.9376775885856986,3.6029037658474996
BC 1,RL Agent (M1),2092,40,5.961140809925343,0.20926321501075582,3.3196421906029747,5.90121447008805,9.660144634249999,4.96356194476035
BC 1,RL Agent (M1),2093,40,5.26312243552298,0.5448250989619,1.069459229197058,1.7023574293176171,2.0257924526522437,16.254880630925
BC 1,RL Agent (M1),2094,40,3.283813366278123,0.4818900231496856,1.0002245133831549,1.7624764566994924,1.140117504029845,9.232434991
BC 1,RL Agent (M1),2095,40,11.115257001396875,0.24892310414670388,12.075586966,10.14240291079,4.065465003797501,18.177573125000002
BC 1,RL Agent (M1),2096,40,6.3599393523552,0.25808261161219964,12.160340236625,4.433849982111449,5.1879417420765,3.65762544860785
BC 1,RL Agent (M1),2097,40,4.988033843619172,0.18523950762944302,7.2159132931575005,3.2085941492808607,3.3829452159860134,6.144682716052313
BC 1,RL Agent (M1),2098,40,3.084412350044076,0.43967495972144227,1.2000485541540695,2.0257854932799875,8.03465518857,1.0771601641722477
BC 1,RL Agent (M1),2099,40,5.358066111523749,0.43447245419984604,1.0934371925525002,11.003036297,1.0011371307924999,8.33465382575
BC 1,RL Agent (M1),2100,40,6.851584235646375,0.46114203999034475,2.9294984952645002,2.0789121079725,3.7373438466985,18.66058249265
BC 1,RL Agent (M1),2101,40,5.31990980183125,0.4210435936116978,2.5349661635625003,6.076329442825,0.9512951719375,11.717048429
BC 1,RL Agent (M1),2102,40,1.5446258855156125,0.1128458393198879,1.3572786356475,1.1401192881116,1.738403341574,1.94270227672935
BC 1,RL Agent (M1),2103,40,7.67042489434625,0.23240393984052027,12.97540591375,5.4075192376375,7.974954056382499,4.323820369615
BC 1,RL Agent (M1),2104,40,4.141057292471503,0.3903410716217332,2.76813930126185,1.3975289007962877,9.921451057,2.477109910827875
BC 1,RL Agent (M1),2105,40,8.372941577495,0.32567017281508864,5.3096936307475,3.8477532939425005,18.07385570775,6.260463677540001
BC 1,RL Agent (M1),2106,40,2.495211253284153,0.3624637193986218,5.2463075321299995,1.1032569076065522,2.6822382140568672,0.9490423593431931
BC 1,RL Agent (M1),2107,40,1.7512651354705635,0.19217813259643388,2.3350702069825,1.0686329158975212,1.1370914754102643,2.4642659435919687
BC 1,RL Agent (M1),2108,40,5.8087618478520255,0.43955863236557,2.1576777473241,15.487574018500002,2.3634109109227497,3.2263847146612497
BC 1,RL Agent (M1),2109,40,1.542425885083875,0.19486258585234204,1.081470717123,1.381901976625,1.1118762054425,2.594454641145
BC 1,RL Agent (M1),2110,40,10.7745436614975,0.2033664050069113,8.326256897464999,6.995801778275,9.477901159,18.29821481125
BC 1,RL Agent (M1),2111,40,9.328809884252312,0.5042117610661038,2.3011498428275,26.116111914999998,2.54186671473175,6.356111064449999
BC 1,RL Agent (M1),2112,40,5.553073031214775,0.3196308086417448,11.528690508875,2.5197743832847,4.768005215275,3.3958220174243996
BC 1,RL Agent (M1),2113,40,12.133490677851876,0.15477525133711734,13.552540677,16.760841020500003,10.4370522057,7.7835288082075
BC 1,RL Agent (M1),2114,40,11.437879113940625,0.1644348809312651,12.425079518999999,7.5750869344625,16.5360279825,9.2153220198
BC 1,RL Agent (M1),2115,40,11.050326037341875,0.3268209657471405,8.8440020167925,6.738604966225,5.02963948535,23.589057681
BC 1,RL Agent (M1),2116,40,11.44520011581875,0.16653505176634578,15.4371019755,9.203068318675,6.938108969175,14.202521199924998
BC 1,RL Agent (M1),2117,40,11.46782717304375,0.15431472505222554,8.324419046,15.7902123065,8.122105414675001,13.634571925
BC 1,RL Agent (M1),2118,40,12.192769269603126,0.06559662317426435,13.01139687585,9.4788584443125,13.625718018750002,12.6551037395
BC 1,RL Agent (M1),2119,40,8.530419056573125,0.433160658617952,1.7744866529599999,20.24215791375,7.9113444332650005,4.1936872263175
BC 1,RL Agent (M1),2120,40,10.90723039902375,0.2079950127843859,7.529283045750001,7.756925033749999,19.1502265375,9.192486979095
BC 1,RL Agent (M1),2121,40,11.81787112633125,0.08326306608771451,11.063761718150001,12.2546843475,14.402011273899998,9.551027165775
BC 1,RL Agent (M1),2122,40,3.2459471233423622,0.40087078360547307,1.1192373027460252,7.41644099725,1.2602177034332,3.187892489940225
BC 1,RL Agent (M1),2123,40,9.10729919779625,0.25729258187248955,4.9387632836175,15.5805587763,5.1717064087675,10.7381683225
BC 1,RL Agent (M1),2124,40,9.890852595504375,0.2745378641452382,16.5742670315,8.5642323211875,11.390695263249999,3.03421576608
BC 1,RL Agent (M1),2125,40,9.417095962215999,0.4119787546639264,4.223748246961501,4.6675010689250005,24.660324375,4.1168101579775
BC 1,RL Agent (M1),2126,40,11.642836896254625,0.3589049132060505,6.3070122808075,8.92244478,4.963727036711,26.3781634875
BC 1,RL Agent (M1),2127,40,3.9457430955417814,0.46336174304991207,2.4005565008076752,1.3624508146545,10.712448648,1.30751641870495
BC 1,RL Agent (M1),2128,40,9.335184444249375,0.4577414650781839,2.0806622207825,11.500609328,2.054788287215,21.704677941
BC 1,RL Agent (M1),2129,40,10.423661019716874,0.49278248036075334,2.4401779624374997,9.764610249,2.2680732301799997,27.221782637249998
BC 1,RL Agent (M1),2130,40,12.37620500271875,0.2305041375029142,11.1213814305,11.576043017749999,20.935298076000002,5.872097486625
BC 1,RL Agent (M1),2131,40,11.5105680262375,0.20132740231728116,10.452294659749999,8.084895076775,19.537688613500002,7.967393754925
BC 1,RL Agent (M1),2132,40,11.554166173151874,0.28262427545607105,8.97218758985,23.514183035,6.9619754997,6.7683185680574995
BC 1,RL Agent (M1),2133,40,2.368371285486765,0.22245185438546466,1.058251124018425,2.22810402793064,3.8226523796325,2.364477610365495
BC 1,RL Agent (M1),2134,40,2.4876858860243125,0.12026275583054752,2.034410166529475,1.8164312660771604,3.0853086089875,3.0145935025031156
BC 1,RL Agent (M1),2135,40,10.679508196568126,0.11336012875449586,13.670393878000002,7.6043711420325,10.13562459349,11.30764317275
BC 1,RL Agent (M1),2136,40,9.944587123285,0.34877421973064926,20.08091809925,6.1226708009175,10.524711278389999,3.0500483145825
BC 1,RL Agent (M1),2137,40,11.70299836146875,0.14827113855702223,6.788003216375,15.363071028499999,13.349593015,11.311326185999999
BC 1,RL Agent (M1),2138,40,4.323620694021,0.38658594130008334,1.618170144214525,8.1433269272475,0.900395182246975,6.632590522375
BC 1,RL Agent (M1),2139,40,12.3234204478,0.21787662088556584,7.46787245765,17.2499470355,6.75831636555,17.8175459325
BC 1,RL Agent (M1),2140,40,3.4591057026055236,0.4213685489569614,2.8246045534796527,1.0461699645034825,1.56552648193896,8.4001218105
BC 1,RL Agent (M1),2141,40,9.649100239884376,0.5228408911635588,6.7504186099600005,1.73352085841,27.3204280375,2.7920334536675
BC 1,RL Agent (M1),2142,40,11.743479918575,0.20071658622323602,11.08167251875,17.081603624,13.495642858900002,5.315000672649999
BC 1,RL Agent (M1),2143,40,3.446614687557388,0.4071647302647772,1.4534606834443866,2.8010932245886635,1.2483180057265026,8.28358683647
BC 1,RL Agent (M1),2144,40,6.116218738720729,0.4521383404303002,16.19503115775,3.9395293608439474,1.97413827703134,2.356176159257625
BC 1,RL Agent (M1),2145,40,11.59130162343875,0.25365416436148774,6.20094572248,7.7701769846749995,11.8831631866,20.5109206
BC 1,RL Agent (M1),2146,40,8.842409630265,0.2201676835698933,4.049328567197501,12.797738380999998,11.7131738295,6.8093977433625
BC 1,RL Agent (M1),2147,40,10.307862524069375,0.3293884553713046,4.52203442903,18.8635296645,3.8974464818725005,13.948439520874999
BC 1,RL Agent (M1),2148,40,3.842884359098788,0.48342462926377977,1.3058126624636501,1.368270546463,1.5413675014685,11.156086726000002
BC 1,RL Agent (M1),2149,40,12.157281151606249,0.2647634018329655,8.92550537355,9.80564459325,23.3857724225,6.512202217124999
BC 1,RL Agent (M1),2150,40,10.101392073250626,0.42963531633428353,4.2211725019249995,4.9069131996449995,4.1799253351825,27.097557256250003
BC 1,RL Agent (M1),2151,40,8.76406740179375,0.24383166887654983,10.5707320735,9.426551292694999,2.021637435355,13.037348805625001
BC 1,RL Agent (M1),2152,40,2.4822862282263802,0.16398179363614285,1.957450920655194,2.318601470076725,1.8012720245961027,3.8518204975775
BC 1,RL Agent (M1),2153,40,10.528994259456251,0.39373177890977923,3.9037808609975,5.690338720165,6.9171484141625,25.6047090425
BC 1,RL Agent (M1),2154,40,8.509110717082782,0.17464041858787324,12.73484403275,6.03636627111185,5.914210968134276,9.351021596335
BC 1,RL Agent (M1),2155,40,11.163296061623125,0.21005198629826455,11.97225134105,5.9808068167675,9.153062243674999,17.547063845
BC 1,RL Agent (M1),2156,40,9.73998013882125,0.20987231599737116,11.3417675866,4.4909420479349995,14.491176127500001,8.636034793250001
BC 1,RL Agent (M1),2157,40,10.50853816263,0.20423024729734382,14.005805055,8.489802593330001,4.96550931754,14.57303568465
BC 1,RL Agent (M1),2158,40,11.26186344928125,0.15315690372818752,12.301464156,11.2294023075,6.337418278625,15.179169055
BC 1,RL Agent (M1),2159,40,3.272772549659447,0.43809798070649225,0.9286151754999766,8.005720738632501,2.9330791600934036,1.2236751244119068
BC 1,RL Agent (M1),2160,40,10.97419797810625,0.06426185564161457,9.9541520594,12.16943930325,12.39797860425,9.375221945525
BC 1,RL Agent (M1),2161,40,9.652688057913078,0.26024471280676853,12.461843772432498,5.0844805792770265,5.062945054977537,16.00148282496525
BC 1,RL Agent (M1),2162,40,10.81170916184375,0.12404304992604272,15.299097399,10.154316973724999,9.3932678614,8.40015441325
BC 1,RL Agent (M1),2163,40,6.132048373128125,0.3252875027929071,1.1143706353425,9.96923222,9.39743256,4.04715807717
BC 1,RL Agent (M1),2164,40,2.2286574139335134,0.1991431164896523,3.4929562622974997,2.434619087031875,1.5744117866327443,1.4126425197719352
BC 1,RL Agent (M1),2165,40,2.940055073749922,0.45112253072931635,0.8785605230435575,2.0126683534224528,7.6783014999749994,1.1906899185586775
BC 1,RL Agent (M1),2166,40,3.9705836448657355,0.5549057053313858,12.2422081952325,1.893018145684301,0.8098711021659405,0.937237136380201
BC 1,RL Agent (M1),2167,40,9.875766230828125,0.30105309094696536,10.43397251015,5.2394495965025,18.97741412075,4.85222869591
BC 1,RL Agent (M1),2168,40,11.1283110670125,0.1201069123274377,10.902604078500001,14.805372156499999,7.7333467793,11.07192125375
BC 1,RL Agent (M1),2169,40,11.072099709926874,0.04489219125583558,10.445966427250001,10.057309856749999,12.39279326315,11.3923292925575
BC 1,RL Agent (M1),2170,40,6.529084648658787,0.2386341318379947,11.570274239,3.918721346717325,4.326501268247175,6.30084174067065
BC 1,RL Agent (M1),2171,40,9.005318137478751,0.6167707398642397,1.9022986666575001,1.478390973775,1.6303516969825,31.010231212500003
BC 1,RL Agent (M1),2172,40,11.07107658424375,0.11840145126374843,11.775680822750001,9.928997890225,14.47758408225,8.10204354175
BC 1,RL Agent (M1),2173,40,11.422589926498125,0.2380400016725611,19.33698608,6.576278482335001,7.2773423666575,12.499752777000001
BC 1,RL Agent (M1),2174,40,9.8052383617725,0.5037151944646837,3.1388307783125,29.255541254,3.7191780078525,3.107403406925
BC 1,RL Agent (M1),2175,40,11.62043366445625,0.31986390015762495,11.365307158250001,3.74233250185,8.697319727724999,22.67677527
BC 1,RL Agent (M1),2176,40,2.124557618742072,0.1407704885140984,2.7567125748086,2.307522932395,1.1792327335946875,2.2547622341699998
BC 1,RL Agent (M1),2177,40,1.867621790282619,0.23054471130720547,1.223034275666785,0.9843626069322162,2.362011757791475,2.90107852074
BC 1,RL Agent (M1),2178,40,9.483521527400626,0.20630516513315522,14.098324279749999,5.465453930665,11.887844224,6.482463675187501
BC 1,RL Agent (M1),2179,40,6.35202399560625,0.3919873130906947,12.50785673084,1.86020792992,1.7161971211650002,9.3238342005
BC 1,RL Agent (M1),2180,40,11.200056065699375,0.17372720257825716,14.789681584499998,8.838068543804999,6.3928449499925,14.7796291845
BC 1,RL Agent (M1),2181,40,2.86695576899122,0.3352103804063543,0.929104094588087,2.672458412309435,5.839411945857501,2.026848623209857
BC 1,RL Agent (M1),2182,40,5.513809250412236,0.5348832730884625,16.5910904408025,1.4465420344756412,2.728498428978896,1.2891060973919084
BC 1,RL Agent (M1),2183,40,9.640506453196874,0.23008380068315626,7.6459591550375,17.0283436675,5.459201248379999,8.42852174187
BC 1,RL Agent (M1),2184,40,5.369512796251563,0.3898669235229721,12.66435447475,1.8547149972227501,2.946786595273,4.0121951177605
BC 1,RL Agent (M1),2185,40,7.52940244977875,0.14878992027437313,10.310480448,5.3451926753375,8.745430200625,5.7165064751525
BC 1,RL Agent (M1),2186,40,8.4414894107975,0.2909463473588937,3.8606299444500003,15.934524907524999,5.4480797574975,8.5227230337175
BC 1,RL Agent (M1),2187,40,9.890180960726251,0.1918838403736049,9.412450695,8.652705654730001,15.6818686525,5.813698840675
BC 1,RL Agent (M1),2188,40,8.772061752900001,0.38218603910535603,2.4522288373225,2.6704165514525,13.114374613499999,16.851227009325
BC 1,RL Agent (M1),2189,40,7.594311931024375,0.2208648503389457,2.08831373477,9.8508617529025,10.42230419425,8.015768042175
BC 1,RL Agent (M1),2190,40,11.05661907742875,0.11042187317737999,9.498694397049999,9.12128472575,15.395166409999998,10.211330776915
BC 1,RL Agent (M1),2191,40,8.639188737908125,0.24526097765196808,12.64052011775,4.5657194472825005,4.3707754691,12.979739917500002
BC 1,RL Agent (M1),2192,40,8.653439783130187,0.23735020430440637,16.20513920125,6.16275562106075,5.4590487713775,6.786815538832501
BC 1,RL Agent (M1),2193,40,12.581752940531874,0.13282241707990083,8.034921891877499,13.87161792425,16.347960270999998,12.072511675
BC 1,RL Agent (M1),2194,40,8.067425553729537,0.1900250941967072,5.107186339325023,6.90201621903,13.245644196399999,7.014855460163124
BC 1,RL Agent (M1),2195,40,9.4450876900775,0.3527349841173273,3.398873598575,18.99691607975,4.436441411984999,10.94811967
BC 1,RL Agent (M1),2196,40,11.6014199664675,0.10064302665935505,12.88784735825,9.89275896325,14.426960756942501,9.198112787427501
BC 1,RL Agent (M1),2197,40,12.195738787925,0.12522316496312383,9.10289738195,9.540909300500001,14.5664099,15.572738569250001
BC 1,RL Agent (M1),2198,40,12.083811062795625,0.12697296205103956,9.983201853575,11.1400573648825,17.5046960205,9.707289012225
BC 1,RL Agent (M1),2199,40,3.083706367363897,0.4774184655641224,8.94405829294,1.1097697419213877,1.1668127880266677,1.1141846465675325
BC 1,RL Agent (M1),2200,40,13.29576962625,0.2082254370007722,7.122538070999999,19.050703695,17.760809459,9.24902728
BC 1,RL Agent (M1),2201,40,7.4339262265025,0.34282181908132237,15.0794576635,2.4448181535825,7.541852174675,4.6695769142525005
BC 1,RL Agent (M1),2202,40,12.25771268395625,0.10673257176287493,14.152067245000001,8.661803802575,11.47120993075,14.7457697575
BC 1,RL Agent (M1),2203,40,9.517792967975362,0.24871735343201404,7.3917849787132495,13.698286328750001,3.2289931005354475,13.75210746390275
BC 1,RL Agent (M1),2204,40,10.478878989915124,0.4160576699064895,4.79579339895,24.48367645725,2.8835486159605,9.7524974875
BC 1,RL Agent (M1),2205,40,9.190638012464376,0.43077967173890097,3.4338683830525,5.185138466625,24.151563075000002,3.9919821251800003
BC 1,RL Agent (M1),2206,40,12.403095213225,0.3263723234547667,12.0271018554,6.5636281077175,5.6266657287825,25.394985161
BC 1,RL Agent (M1),2207,40,11.487616386612501,0.189268484442143,10.5104206555,10.311346565700001,6.799544862,18.32915346325
BC 1,RL Agent (M1),2208,40,2.3149273643125765,0.1659229057674087,2.731517933040625,2.9739115138,0.9766904325976205,2.577589577812061
BC 1,RL Agent (M1),2209,40,10.392014230728126,0.23039653994186735,5.5259594455025,13.825720806749999,6.39710663341,15.819270037250002
BC 1,RL Agent (M1),2210,40,11.53627149604,0.5046484758967863,3.110969234305,9.308325383,2.371090166855,31.3547012
BC 1,RL Agent (M1),2211,40,12.718526769981251,0.15323322108256535,12.886804305000002,16.71076312,6.834902879924999,14.441636775000001
BC 1,RL Agent (M1),2212,40,11.149902764298126,0.34540443763298373,4.475580885535,8.87222537785,24.356484094000002,6.895320699807501
BC 1,RL Agent (M1),2213,40,11.80024347886875,0.37891998583804565,5.992303894400001,7.334581620749999,28.6369261575,5.237162242825
BC 1,RL Agent (M1),2214,40,3.5432861363350368,0.38701851363117457,1.9184326906785845,1.5133347676538471,1.9153705767677143,8.826006510240001
BC 1,RL Agent (M1),2215,40,12.1852923811875,0.3149019705819467,6.45370222575,11.8055999,5.900456424,24.581410975
BC 1,RL Agent (M1),2216,40,2.582890436574287,0.4368860534838025,6.73496675424,0.91091491585176,1.6341927558483,1.0514873203570876
BC 1,RL Agent (M1),2217,40,9.872364383938125,0.5712787170206689,3.7255953026900004,2.5692570944825,1.75036784608,31.4442372925
BC 1,RL Agent (M1),2218,40,12.031051153485,0.2782752515447984,6.408718970105001,22.1666929625,12.92098564075,6.627807040585
BC 1,RL Agent (M1),2219,40,8.72232682931,0.5362644729729215,1.2435337725775,8.506416236437499,23.80078159825,1.338575709975
BC 1,RL Agent (M1),2220,40,4.485477077237821,0.26670783961127986,5.954527092705,2.5062211132231935,7.356027457320624,2.125132645702467
BC 1,RL Agent (M1),2221,40,10.1029811335625,0.1407033177128427,6.744991619857499,11.0950860103425,13.614025795449999,8.9578211086
BC 1,RL Agent (M1),2222,40,10.582235883755,0.42393676312110734,5.222062134774999,3.709444074045,6.0313681937,27.3660691325
BC 1,RL Agent (M1),2223,40,9.382371922848126,0.3523525917742477,2.95885913037,11.90256605,4.5339317919674995,18.134130719055
BC 1,RL Agent (M1),2224,40,11.801341283275,0.19018858352061044,11.68098261475,10.634273333625,18.255884065,6.6342251197249995
BC 1,RL Agent (M1),2225,40,12.034142003298125,0.1860165676157127,17.171592425,7.678070009924999,7.975338094517499,15.31156748375
BC 1,RL Agent (M1),2226,40,10.004517818778124,0.30012646547048916,9.064118963475,4.010189826927499,7.4557269474600005,19.48803553725
BC 1,RL Agent (M1),2227,40,12.145299829309375,0.21471684864986332,8.129156045912499,19.972010825,12.8445072485,7.635525197824999
BC 1,RL Agent (M1),2228,40,3.5282598424644203,0.48999737557706524,1.2340509186691475,10.107473391000001,1.7218962342047477,1.0496188259837849
BC 1,RL Agent (M1),2229,40,10.54801943536375,0.13584111714830782,12.11516212625,9.1903729960975,13.776752437999999,7.109790181107501
BC 1,RL Agent (M1),2230,40,10.41763067286,0.5035714755119167,7.1187064311,29.0884633625,2.9711542816225003,2.4921986162175
BC 1,RL Agent (M1),2231,40,8.554077669534374,0.5051496549630045,2.0377145305425,9.81337901975,0.9556476233450001,21.4095695045
BC 1,RL Agent (M1),2232,40,11.379449402496249,0.15182945623302152,11.674721187500001,6.526313260909999,15.716187899249999,11.600575262325
BC 1,RL Agent (M1),2233,40,11.13604332440625,0.09883872489875105,12.6778091125,13.04876331925,7.697870521375,11.1197303445
BC 1,RL Agent (M1),2234,40,9.500989544941875,0.5024957017125882,1.45496866707,11.47609287225,1.4856435646975,23.58725307575
BC 1,RL Agent (M1),2235,40,10.935886672496625,0.3178000618497211,3.091679055299,7.1931737221875,19.308162175,14.1505317375
BC 1,RL Agent (M1),2236,40,6.047359993146962,0.3125954604181614,2.3793984215658996,3.4378148248349754,11.22490993265,7.147316793536975
BC 1,RL Agent (M1),2237,40,4.94723092875575,0.421065021384802,12.60252319,1.8957769024225002,3.2500395544307503,2.04058406816975
BC 1,RL Agent (M1),2238,40,1.6366991376091968,0.16383758761275155,2.4018804113875,1.75602754649,1.2477212053427749,1.1411673872165125
BC 1,RL Agent (M1),2239,40,10.5609960495625,0.15740047452337486,8.5323738525,15.1559990025,11.33202587725,7.223585466
BC 1,RL Agent (M1),2240,40,10.572009844630625,0.2736239214868846,7.26810498677,11.69329228925,18.639802612,4.6868394905025
BC 1,RL Agent (M1),2241,40,9.13459591301625,0.21991611785821624,10.82445975775,2.8758759035650003,13.195683471499999,9.64236451925
BC 1,RL Agent (M1),2242,40,2.702939060395469,0.2943978419853252,2.521528916105575,2.0059304268478124,1.1061097271284877,5.1781871715
BC 1,RL Agent (M1),2243,40,11.4571185295875,0.1968525345943224,8.923758782975,6.098466956499999,16.249358210375,14.556890168499999
BC 1,RL Agent (M1),2244,40,10.344807430285625,0.20376037293500224,5.6801961781925,13.97186074075,7.09675037345,14.63042242875
BC 1,RL Agent (M1),2245,40,9.040113342211875,0.24130632764076929,4.7930915309525,5.298758620745,14.25620741475,11.812395802400001
BC 1,RL Agent (M1),2246,40,9.151332812031626,0.28486840827248566,4.641755878745,17.2183726384,5.382121611091501,9.36308111989
BC 1,RL Agent (M1),2247,40,11.97607337730625,0.26548474738297,7.16744071855,5.982143384675,20.615299255,14.139410151000002
BC 1,RL Agent (M1),2248,40,12.727898098519999,0.16405020568215767,15.981534243999999,8.18493033125,17.181653345999997,9.56347447283
BC 1,RL Agent (M1),2249,40,9.529907572315,0.4502897372401815,3.7196447151175,7.05956089853,2.7836128306125,24.556811845000002
BC 1,RL Agent (M1),2250,40,8.537800696875625,0.2911762269931558,8.440725536,5.85346031239,16.12664318225,3.7303737568625004
BC 1,RL Agent (M1),2251,40,3.42601762987871,0.5274179377490106,1.0317292323557274,1.0285820146498625,10.63987017475,1.00388909775925
BC 1,RL Agent (M1),2252,40,6.2824794583587495,0.6004757813671835,0.9661060765024999,20.3802711775,2.8838856173,0.8996549621325001
BC 1,RL Agent (M1),2253,40,11.055446875339376,0.1754345602904162,15.348691961250001,10.52959781675,12.636533621325,5.7069641020325
BC 1,RL Agent (M1),2254,40,6.948702547555437,0.5578289045715369,2.049991626963,21.70350682875,2.770600107245,1.27071162726375
BC 1,RL Agent (M1),2255,40,7.800827802381097,0.263634789755407,1.7411507603023675,11.616878110827775,10.561606924200001,7.283675414194242
BC 1,RL Agent (M1),2256,40,8.5415281935125,0.48086577507680256,1.6571122549725001,2.27839844042,21.36819516425,8.862406914407499
BC 1,RL Agent (M1),2257,40,11.56933425014375,0.036319139248394215,10.91574138,12.3148972325,10.636039805075,12.410658583
BC 1,RL Agent (M1),2258,40,10.63811689736875,0.292766755679496,9.817646814,3.3999498546075,19.8872163,9.4476546208675
BC 1,RL Agent (M1),2259,40,12.08289966933625,0.22622122630344615,5.0093691423374995,15.923664650000001,17.5593854375,9.839179447507501
BC 1,RL Agent (M1),2260,40,9.00719487568875,0.25208998199860594,15.2512324775,7.357740720194999,3.87144637806,9.548359927
BC 1,RL Agent (M1),2261,40,7.08693986653032,0.3793427989078342,1.6048118769622,7.977453577811825,4.111356576597251,14.654137434750002
BC 1,RL Agent (M1),2262,40,6.927141139338813,0.46761338345071896,3.2519209391615,19.423939830000002,2.33172707402875,2.7009767141650003
BC 1,RL Agent (M1),2263,40,12.4406913068625,0.23143293111421923,7.82090065175,12.21699411435,7.965483268849999,21.7593871925
BC 1,RL Agent (M1),2264,40,9.88158106500625,0.29405474934029824,19.68538139025,8.99195076,5.4952474445375,5.3537446652375005
BC 1,RL Agent (M1),2265,40,1.6168686661055036,0.14252043968372594,1.5017229874162603,1.2729891793240684,1.2700053283116859,2.42275716937
BC 1,RL Agent (M1),2266,40,11.8238580979,0.09460050477082947,13.87936240425,8.63791767,11.30289970485,13.4752526125
BC 1,RL Agent (M1),2267,40,10.985572498260623,0.15609148671198364,8.3923900305,10.688067513324999,8.2408508887175,16.6209815605
BC 1,RL Agent (M1),2268,40,2.59679782733736,0.3365199870353748,1.3493187218506226,0.8594769131583175,3.3127238113354998,4.865671863005
BC 1,RL Agent (M1),2269,40,4.777146765630282,0.3899337540571606,1.7348821043341522,5.169041011803225,10.497360880625,1.7073030657587498
BC 1,RL Agent (M1),2270,40,11.72292012999,0.14684110014140034,9.9963559425,7.679472848710001,13.53513843875,15.68071329
BC 1,RL Agent (M1),2271,40,2.713601255175149,0.3652761162799604,1.67598074411573,0.8554322593760675,2.4336394437088,5.8893525735
BC 1,RL Agent (M1),2272,40,3.2618194400797935,0.3761301514889746,6.973998998499999,1.22743197284155,1.227824811961325,3.6180219770163
BC 1,RL Agent (M1),2273,40,6.411710607081557,0.23424457980531196,5.8250064257391,11.109807396499999,5.506096257423793,3.2059323486633353
BC 1,RL Agent (M1),2274,40,3.755901445122398,0.315978798315479,1.2493876429825315,1.8096420749450624,6.2908962724345,5.673679790127499
BC 1,RL Agent (M1),2275,40,6.651926570766538,0.24353380706180694,4.318360850780651,4.1854713675725,5.7586716037255,12.3452024609875
BC 1,RL Agent (M1),2276,40,11.90786315855625,0.18258659893583054,11.55117994225,5.746562795125,16.6223090931,13.71140080375
BC 1,RL Agent (M1),2277,40,8.471675165728625,0.2701557760641031,15.9273957395,6.002010151755,7.6776147279,4.2796800437595
BC 1,RL Agent (M1),2278,40,10.58847658089375,0.3975535321960121,5.389597108385,24.60769918,3.359582555465,8.997027479725
BC 1,RL Agent (M1),2279,40,10.77292924858125,0.35795393699403155,3.8392681246850002,23.3942610925,9.44630393675,6.41188384039
BC 1,RL Agent (M1),2280,40,9.5388591326025,0.20025562318072876,13.982326818999999,11.180764294025,4.78601822656,8.206327190825
BC 1,RL Agent (M1),2281,40,10.95430111510625,0.07505329514806186,9.341152398925,10.065461862000001,10.994174612,13.416415587500001
BC 1,RL Agent (M1),2282,40,5.042966020648125,0.49308634399647655,2.0082610428725003,14.7809505575,1.5912886924175,1.7913637898025
BC 1,RL Agent (M1),2283,40,1.79099121220338,0.2597610700302208,0.9260385679904726,2.3163924282106096,2.95673345688,0.9648003957324376
BC 1,RL Agent (M1),2284,40,11.465325746955624,0.1549001238251325,14.822214517599999,13.129483007625002,12.274187936875,5.6354175257225005
BC 1,RL Agent (M1),2285,40,4.500696437967681,0.35328355518315324,9.7342018735,3.91871040660885,1.665544970430475,2.6843285013313998
BC 1,RL Agent (M1),2286,40,11.273459069021875,0.3285160295082559,5.184431623525,6.384673368562501,9.690016709,23.834714575
BC 1,RL Agent (M1),2287,40,9.786276625234999,0.5773107750150029,1.8222263541700001,3.948150668845,31.322206239999996,2.052523237925
BC 1,RL Agent (M1),2288,40,12.213867338015,0.24306163178400195,10.90652991535,21.671780838500002,6.07257671175,10.20458188646
BC 1,RL Agent (M1),2289,40,1.7807673637091943,0.13941348514893379,1.2409411869017035,2.3531865919449997,2.0822066057435142,1.4467350702465593
BC 1,RL Agent (M1),2290,40,10.660502789856874,0.45018050335195203,2.450093403905,3.7350825957725,25.70746791925,10.7493672405
BC 1,RL Agent (M1),2291,40,9.429980855078124,0.4834385439346035,5.263554145585,25.951504292499997,4.66879367308,1.8360713091474998
BC 1,RL Agent (M1),2292,40,5.100313456106875,0.572697649221248,1.0074505059975,1.1660448998875,1.8799392060425,16.3478192125
BC 1,RL Agent (M1),2293,40,12.10024316326,0.24469297201408888,11.941378219,20.834589561999998,9.90168954925,5.7233153227899995
BC 1,RL Agent (M1),2294,40,12.191723222595625,0.15227325921870685,10.24362990485,12.03413252775,8.592386517782499,17.89674394
BC 1,RL Agent (M1),2295,40,2.813432483657157,0.36806825375973984,5.507617502305,0.9259257453305969,3.8218371586798496,0.9983495283131812
BC 1,RL Agent (M1),2296,40,10.0807736712725,0.19847884879878955,15.614446069875001,6.0721448124275,7.6251409613625,11.011362841425
BC 1,RL Agent (M1),2297,40,10.164729308651875,0.33990437683513575,6.15826591192,6.0798654816625,23.41075546575,5.010030375275
BC 1,RL Agent (M1),2298,40,3.604065714783155,0.3282483453663394,1.7066021177050719,6.1452318471856175,1.0912661496469318,5.473162744595
BC 1,RL Agent (M1),2299,40,1.613633381554078,0.16333074196965644,1.193757598597495,2.16857788912228,2.045378261585,1.0468197769115375
BC 1,RL Agent (M1),2300,40,9.466015763586874,0.24764157303075676,2.5322259653475,11.251135625749999,14.4832770695,9.59742439375
BC 1,RL Agent (M1),2301,40,4.785478152384187,0.4330985409907111,1.05048935455425,0.8766642422074999,7.4012286326500005,9.813530380125
BC 1,RL Agent (M1),2302,40,9.940988748468126,0.2650263021918551,6.3609367474075,6.084631242965,19.7252096415,7.5931773620000005
BC 1,RL Agent (M1),2303,40,10.80853195121125,0.3433709462556248,4.6339441395400005,21.811893719,12.23612658025,4.552163366055
BC 1,RL Agent (M1),2304,40,10.5174273770275,0.35385183934661496,11.39112359,6.601446903359999,2.912552895,21.164586119750002
BC 1,RL Agent (M1),2305,40,11.129725740933125,0.2539853044228097,9.053538155475,18.80252766175,4.6970733722575,11.96576377425
BC 1,RL Agent (M1),2306,40,9.111389111115626,0.2427729312531523,14.549230618000001,6.6497314625425,11.03345024425,4.21314411967
BC 1,RL Agent (M1),2307,40,1.6524524127167832,0.15484699308061278,1.9766186301526,1.1054385166400524,2.2403715052325,1.28738099884198
BC 1,RL Agent (M1),2308,40,9.62826709026375,0.420092318716528,6.9608617194399995,23.50955195,5.67731163007,2.365343061545
BC 1,RL Agent (M1),2309,40,12.161867626631249,0.059771708057590384,10.202384839525,11.769719754499999,13.009126922499998,13.66623899
BC 1,RL Agent (M1),2310,40,8.864395617659376,0.5135393231579076,3.0124462480200003,25.522629325,5.011882644255,1.9106242533625
BC 1,RL Agent (M1),2311,40,9.9895478343275,0.41938336384639,5.7968648803925,25.6654798875,4.862718975197501,3.6331275942200003
BC 1,RL Agent (M1),2312,40,2.1461258269740267,0.31945353431725576,2.445260105411317,0.9378729968570949,4.1347821947625,1.066588010865194
BC 1,RL Agent (M1),2313,40,10.154842198451876,0.35838766744050043,2.59062657666,13.9043218575,19.05547539295,5.0689449666975
BC 1,RL Agent (M1),2314,40,9.42385545619875,0.26991383380713324,8.6141821046075,14.780605702599999,11.9680825841,2.3325514334874997
BC 1,RL Agent (M1),2315,40,1.5480060093702999,0.08539109011763389,1.938883689475,1.3242736543725,1.6000056593533247,1.328861034280375
BC 1,RL Agent (M1),2316,40,11.41590134314,0.4190076967250394,8.222190241,3.408251605085,28.1423341365,5.890829389975
BC 1,RL Agent (M1),2317,40,7.407160355845106,0.38493769310295856,3.764589087617275,18.116126186324998,4.57017812353,3.17774802590815
BC 1,RL Agent (M1),2318,40,9.64214870026,0.2736866012856817,12.81884360575,15.93713566975,5.5152132357325,4.2974022898075
BC 1,RL Agent (M1),2319,40,11.123129865109377,0.24058487648061297,9.732939297025,20.1139051775,6.306035324405,8.339639661507501
BC 1,RL Agent (M1),2320,40,7.792151195535,0.5791476723955681,1.6126043125675,24.798778837500002,3.423208085465,1.3340135466074998
BC 1,RL Agent (M1),2321,40,5.605622456874381,0.17503468046362816,9.29447754335,4.610787602163475,4.3781535911793,4.13907109080475
BC 1,RL Agent (M1),2322,40,12.370100164644375,0.2296008393092402,5.6858560155775,19.2168640875,9.8638693445,14.713811211000001
BC 1,RL Agent (M1),2323,40,10.608982827713751,0.08830315891854174,12.173023566000001,12.035345597,7.668973500775,10.55858864708
BC 1,RL Agent (M1),2324,40,11.161233578543124,0.34587747473034525,5.3647834603875,6.4563087636350005,7.07707928265,25.746762807499998
BC 1,RL Agent (M1),2325,40,9.311147949966875,0.19071303097550377,5.779295138265001,6.6257298689574995,13.76808222475,11.071484567895
BC 1,RL Agent (M1),2326,40,2.374660724371564,0.2930467713815193,2.8409479200325,4.30418698712,1.1329071783006763,1.22060081203308
BC 1,RL Agent (M1),2327,40,7.200063137676,0.29948767267433773,2.0441279017109997,9.61974302525,5.098805438993,12.03757618475
BC 1,RL Agent (M1),2328,40,3.882402233485731,0.26048700071549635,2.784157513130425,5.45728249221435,5.89540447011,1.39276445848815
BC 1,RL Agent (M1),2329,40,13.2804773385625,0.1998724355309349,10.00371687125,12.7358347065,8.568128259,21.8142295175
BC 1,RL Agent (M1),2330,40,9.251024062006875,0.11536025066277415,12.339264810749999,7.085690310542501,9.446812450500001,8.132328676235
BC 1,RL Agent (M1),2331,40,11.85998378700625,0.3108768419829455,11.229117092500001,6.471394957425,5.8306804231000005,23.908742675
BC 1,RL Agent (M1),2332,40,9.1987066766175,0.3075935396244812,6.55137201198,2.5138791607399997,15.817418953250002,11.9121565805
BC 1,RL Agent (M1),2333,40,10.90794221730625,0.12317154850005071,14.01547417235,8.14084755925,12.67416872,8.801278417625
BC 1,RL Agent (M1),2334,40,9.8158631297025,0.3707766717290575,6.0674937513425,4.567539132905,5.0045615685625,23.623858066
BC 1,RL Agent (M1),2335,40,1.5096543490332124,0.16366707037173778,1.1911988761885248,1.32385517806375,1.125009175705575,2.398554166175
BC 1,RL Agent (M1),2336,40,1.6470224659808557,0.25371010879872885,1.1825361270959651,3.2281712494125,1.1754787857593318,1.0019037016556258
BC 1,RL Agent (M1),2337,40,6.020451167396116,0.5241058565472884,1.3818966562999127,17.482411901075,1.5166911961533,3.70080491605625
BC 1,RL Agent (M1),2338,40,11.9863947748425,0.3234495800506719,3.90153488786,15.015845787500002,7.09098167401,21.937216749999997
BC 1,RL Agent (M1),2339,40,2.34785789598208,0.24461738526249285,2.112406931042745,0.8654144682035702,3.7421349513499997,2.671475233332005
BC 1,RL Agent (M1),2340,40,9.430263944775,0.12317281985657097,9.70634507975,12.95229074275,7.6044388974575,7.4579810591425
BC 1,RL Agent (M1),2341,40,11.45726413683,0.10349840250278676,14.3734858145,12.58285970955,9.943876240095,8.928834783175
BC 1,RL Agent (M1),2342,40,5.456629959633087,0.20187259662184093,9.37942994525,3.6594679338695997,4.161401526731675,4.626220432681075
BC 1,RL Agent (M1),2343,40,3.067036026492619,0.3672189683564361,6.981667357249999,2.0041062684606725,2.2316491316150926,1.0507213486447124
BC 1,RL Agent (M1),2344,40,11.412271541464376,0.22578237673442522,10.271133769175,7.6952625235,20.283205842500003,7.399484030682499
BC 1,RL Agent (M1),2345,40,1.9753099797061606,0.25715751296236167,2.6701583632975,1.0392444293649945,1.0131620808405732,3.178675045321575
BC 1,RL Agent (M1),2346,40,8.401425781970925,0.4905915563832964,2.4724166674525003,20.714830907499998,9.382496851800001,1.0359587011312
BC 1,RL Agent (M1),2347,40,11.181699639186876,0.04837737962745823,10.075370506925001,10.7944091454225,10.9477373969,12.909281507500001
BC 1,RL Agent (M1),2348,40,10.750443701243125,0.3750574733595508,5.7449522544175,26.218425037499998,6.1793544286,4.859043084455
BC 1,RL Agent (M1),2349,40,11.6504277136375,0.09985521215195167,9.801032641800001,15.416530556000001,9.808473251625,11.575674405125
BC 1,RL Agent (M1),2350,40,6.09605354711375,0.2783557709990145,3.0100135214225,2.8436022008575,10.080084310175,8.450514156
BC 1,RL Agent (M1),2351,40,1.6637415528403543,0.23044950281756407,1.16030765057898,1.0505656920624376,1.442869630345,3.001223238375
BC 1,RL Agent (M1),2352,40,8.4413873851875,0.39400051451919144,20.003871122499998,6.8470654204075005,3.5498678869675,3.364745110875
BC 1,RL Agent (M1),2353,40,7.11354228864125,0.49198138742984016,9.704594337675001,1.07651047165,0.94193173774,16.7311326075
BC 1,RL Agent (M1),2354,40,4.731517347113854,0.5802236076058914,0.927199387391515,1.3712051173572826,1.13679814320662,15.4908667405
BC 1,RL Agent (M1),2355,40,10.58117831321125,0.2206038150515085,11.877021356250001,6.33753807875,6.961723928844999,17.148429889
BC 1,RL Agent (M1),2356,40,10.32275200448625,0.3452357403351838,10.33049329975,3.692251969505,6.009499687065,21.258763061625
BC 1,RL Agent (M1),2357,40,11.91923823705875,0.16192797041617155,19.387170545,9.114326935305,9.6189267724925,9.5565286954375
BC 1,RL Agent (M1),2358,40,11.248339987335624,0.09520313755081593,13.424466143,9.542064988275,8.9060315285675,13.1207972895
BC 1,RL Agent (M1),2359,40,10.449654673675,0.1214491366865714,13.004499358124999,11.5385398725,10.760162533,6.495416931075001
BC 1,RL Agent (M1),2360,40,8.825518161784814,0.27419320635527433,8.397733107499999,6.31345502029575,4.1897629474685,16.401121571875002
BC 1,RL Agent (M1),2361,40,12.74872394094375,0.22573331100268548,8.49310962815,6.582488390625,16.7361658875,19.1831318575
BC 1,RL Agent (M1),2362,40,11.677339409744375,0.04639061773290552,12.16088692785,10.374716488352501,11.222624077999999,12.951130144775002
BC 1,RL Agent (M1),2363,40,10.575292068965,0.29416157880395494,6.394646612535,3.5430926345125,17.2170046341875,15.146424394625
BC 1,RL Agent (M1),2364,40,10.756163544751875,0.24884543091297556,5.9175555983825,20.019132749,8.283371423625,8.804594408
BC 1,RL Agent (M1),2365,40,3.724297379994231,0.41927126544487303,8.9019024276925,0.973523125677513,3.1102400335066274,1.911523933100284
BC 1,RL Agent (M1),2366,40,10.362097086405,0.28250890856009936,13.383423521000001,5.8442556676225,4.5605232519975,17.660185905
BC 1,RL Agent (M1),2367,40,8.98702210785125,0.3978516173944654,18.7047852217625,11.500984663035,2.33250064151,3.4098179050975
BC 1,RL Agent (M1),2368,40,12.769231755893749,0.23012006731887313,8.09450660425,12.342977541249999,8.240620705575001,22.398822172499997
BC 1,RL Agent (M1),2369,40,12.0772681095375,0.2327331931400059,4.4191912785500005,10.568824119999999,17.73891983035,15.582137209250002
BC 1,RL Agent (M1),2370,40,7.079150682226637,0.2884137923013087,11.81959507825,10.0491441214775,3.251628171921875,3.196235357257175
BC 1,RL Agent (M1),2371,40,7.111733894526167,0.47775873592619345,2.7904765528318647,20.53638542237,2.6618379599215634,2.458235642981241
BC 1,RL Agent (M1),2372,40,8.8572098523925,0.3503193263466724,16.168488274,3.140437723265,2.959827972555,13.16008543975
BC 1,RL Agent (M1),2373,40,9.337602514796876,0.16861777283815121,13.230000727500002,10.1581791371625,8.615140549500001,5.347089645025
BC 1,RL Agent (M1),2374,40,6.68626981915375,0.6110577758682729,1.0107349234095,2.3429618310950002,22.3629450235,1.0284374986105
BC 1,RL Agent (M1),2375,40,7.782289284841365,0.3208849536353143,4.458615995637095,3.466951191113618,15.805696098925,7.397893853689747
BC 1,RL Agent (M1),2376,40,11.3896468200375,0.21841847781676293,13.805110775,17.5297627025,8.04004583315,6.1836679695
BC 1,RL Agent (M1),2377,40,9.309818198856876,0.36129833639263254,5.85227228221,10.226862607300001,18.820628771750002,2.3395091341675
BC 1,RL Agent (M1),2378,40,11.923896890077875,0.08195450077428185,13.339351780000001,12.75050530975,13.296278413,8.309452057561499
BC 1,RL Agent (M1),2379,40,12.265204165250001,0.21804062001343696,11.90993868061,14.278158417750001,18.17315708055,4.69956248209
BC 1,RL Agent (M1),2380,40,2.3477757754134774,0.28045096268056313,1.2306835475098254,4.0591738765875,2.97296864309553,1.1282770344610535
BC 1,RL Agent (M1),2381,40,7.1304239997037495,0.3241434642558724,1.468658691075,4.4501137687400005,11.6168258465,10.9860976925
BC 1,RL Agent (M1),2382,40,11.626103392615937,0.19357185918201647,16.57968097525,13.7713106541,10.47884771175375,5.674574229359999
BC 1,RL Agent (M1),2383,40,11.663241563009375,0.07592529391027045,11.7011185445,12.1884315275,13.6619160425,9.1015001375375
BC 1,RL Agent (M1),2384,40,2.0671710942130823,0.22940514934551312,1.4259994469399344,1.063556913822895,3.2125286348849995,2.5665993812044996
BC 1,RL Agent (M1),2385,40,4.037188025515895,0.542566430317786,12.3979251162925,1.7490226518902703,0.9469552692365267,1.054849064644281
BC 1,RL Agent (M1),2386,40,9.922562285085625,0.16789584814550929,11.311222929425,10.3525145917125,13.296023115,4.730488504205
BC 1,RL Agent (M1),2387,40,6.098277653489375,0.388855407695126,14.273871404125,1.65941952171475,4.2790179659289995,4.18080172218875
BC 1,RL Agent (M1),2388,40,7.379896610309313,0.5410414458991243,2.86891593760125,22.7329609875,2.28530428517575,1.63240523096025
BC 1,RL Agent (M1),2389,40,2.1188197896264644,0.23127932480772276,1.21310190916433,1.8910679349546573,1.63111569631937,3.7399936180675
BC 1,RL Agent (M1),2390,40,11.6251807889625,0.13306624147110843,9.5682850746,10.908166277,16.91394000575,9.1103317985
BC 1,RL Agent (M1),2391,40,9.9174733716875,0.25525973526799844,13.655307253999998,15.279263441000001,4.12663437355,6.608688418200001
BC 1,RL Agent (M1),2392,40,12.00133716985,0.12357538143079158,10.096573905149999,9.369894283499999,11.84063381075,16.69824668
BC 1,RL Agent (M1),2393,40,11.6681634769685,0.09596373791460959,9.7248702436,12.51519513825,9.695426860524,14.7371616655
BC 1,RL Agent (M1),2394,40,8.927701294518124,0.4842271735922245,1.6410597779500002,22.34976435875,2.338762875725,9.3812181656475
BC 1,RL Agent (M1),2395,40,5.319522946874275,0.2042122392615955,3.2031016798183503,8.94332056825,4.645999979343999,4.48566956008475
BC 1,RL Agent (M1),2396,40,6.138095110463125,0.4163467037606147,2.3981084141675,5.284961306747499,14.768381655999999,2.1009290649375
BC 1,RL Agent (M1),2397,40,7.8791415103575,0.41746062104900983,9.62275486175,17.2413646646,2.03335070426,2.61909581082
BC 1,RL Agent (M1),2398,40,11.469793102523125,0.24586411164462804,7.249155285800001,8.054635270750001,22.1734435725,8.4019382810425
BC 1,RL Agent (M1),2399,40,9.97947904564125,0.18838997631368296,7.1165841287425,16.925593398500002,8.264625991275,7.611112664047501
BC 1,RL Agent (M1),2400,40,1.5612437432975,0.19295013277406928,1.3213355701474998,2.615957563145,1.020825709347,1.2868561305505
BC 1,RL Agent (M1),2401,40,12.93659423103125,0.09951029718020826,10.7173406955,11.669710077125,11.829528454,17.5297976975
BC 1,RL Agent (M1),2402,40,12.542368740999999,0.03965737864364068,11.944396718,12.963960955,11.474092774999999,13.787024515999999
BC 1,RL Agent (M1),2403,40,9.673727907260625,0.6138887086243017,2.4939943146975,32.9841882,1.6105528747375,1.6061762396075001
BC 1,RL Agent (M1),2404,40,2.680263422515621,0.3556703822948171,1.124926096520255,0.9160375738327099,5.22279692825,3.45729309145952
BC 1,RL Agent (M1),2405,40,1.8866406372402895,0.2823778586701505,3.483603225375,1.0559514551684968,0.9694843494475365,2.037523518970125
BC 1,RL Agent (M1),2406,40,12.33085209851875,0.31729791873322244,4.704198186425,15.952218655,6.309934860149999,22.357056692500002
BC 1,RL Agent (M1),2407,40,6.490860414072281,0.4673451637040149,2.17359695987485,4.3320343124575,17.458424894,1.9993854899567751
BC 1,RL Agent (M1),2408,40,6.707031286765438,0.23673838927820712,9.602533051375001,9.8950660981,3.276108404705,4.05441759288175
BC 1,RL Agent (M1),2409,40,8.079903660466876,0.5098715777599674,6.300028627105,22.30102712,1.7845697260850002,1.9339891686775001
BC 1,RL Agent (M1),2410,40,11.7055574930875,0.22659133471329215,9.335200898,5.5686164979,18.280342075,13.638070501449999
BC 1,RL Agent (M1),2411,40,11.976833465768749,0.1763462374806216,13.138789564499998,11.070162084075,17.1366052435,6.5617769710000005
BC 1,RL Agent (M1),2412,40,10.726019875156874,0.4318395632018138,10.2044989501,5.202190815494999,2.2306269225325,25.266762812499998
BC 1,RL Agent (M1),2413,40,11.993613901131251,0.07685373507961153,11.43476843,10.42925724995,15.177874412725,10.932555511850001
BC 1,RL Agent (M1),2414,40,12.791470537509689,0.17188435848938358,6.091311662175,14.608109447,13.13877456586375,17.327686475
BC 1,RL Agent (M1),2415,40,7.760980082506912,0.23113135376429506,5.1307625881534005,4.9952713979,13.949791883,6.96809446097425
BC 1,RL Agent (M1),2416,40,4.446840815488597,0.36790174536849474,8.96474921195325,5.507065382725,1.4548781965013875,1.8606704707747501
BC 1,RL Agent (M1),2417,40,9.271556441945,0.316845547190529,17.42218648,3.5348504436124997,5.3943874834175,10.734801360750001
BC 1,RL Agent (M1),2418,40,11.33425910240625,0.1374118414075178,14.31851425575,13.4459436415,10.6178158782,6.954762634175
BC 1,RL Agent (M1),2419,40,7.469242195177947,0.5414472045781762,2.4540812353456003,22.3114194748225,3.8903579832131285,1.2211100873305587
BC 1,RL Agent (M1),2420,40,6.530388501411493,0.4121109001145299,2.4016426121141334,1.6797704994811127,14.230360875567502,7.809780018483224
BC 1,RL Agent (M1),2421,40,12.072145756863126,0.3400485368493923,7.325906398710001,21.2218151125,2.5996381087425,17.1412234075
BC 1,RL Agent (M1),2422,40,12.180939818199999,0.185612549305307,7.775940684275,18.726676185,12.7719502914,9.449192112125
BC 1,RL Agent (M1),2423,40,1.6935298902660876,0.22401707462489304,1.75193644738365,1.1258513319820251,1.0408344452636749,2.855497336435
BC 1,RL Agent (M1),2424,40,2.7007161489448586,0.42271541881382996,0.9895493131946507,6.449938693717501,0.8643734072122833,2.499003181655
BC 1,RL Agent (M1),2425,40,10.734599113008125,0.13676342212230896,10.3052442631,15.6807354546825,8.452712868,8.49970386625
BC 1,RL Agent (M1),2426,40,9.497756453845625,0.33417180528980944,5.39732997311,21.9276873415,5.59860304427,5.067405456502501
BC 1,RL Agent (M1),2427,40,10.933868079019375,0.14661394714113304,8.9944386153,11.173686488,7.8720614342775,15.695285778499999
BC 1,RL Agent (M1),2428,40,11.213781188783125,0.07558549822810787,11.69203671225,10.06934306835,13.53668818175,9.5570567927825
BC 1,RL Agent (M1),2429,40,11.069337868495627,0.42193716308756346,26.191134032500003,2.9560927903325003,5.0531040489,10.07702060225
BC 1,RL Agent (M1),2430,40,11.204014339335624,0.24631871416653703,7.745618512062499,6.507722113529999,10.131615426749999,20.431101305
BC 1,RL Agent (M1),2431,40,11.743427851088125,0.21942511442220375,7.254182391352499,9.34299337,9.397609193,20.97892645
BC 1,RL Agent (M1),2432,40,7.547062149409592,0.212780637435383,3.0968515207322946,9.118750306453077,10.9595875362125,7.013059234240496
BC 1,RL Agent (M1),2433,40,12.61185028485,0.23261217658713207,5.6399149309,10.3342534685,19.859742325,14.613490415000001
BC 1,RL Agent (M1),2434,40,5.65744534816675,0.32263530151022624,2.3327006799677497,2.01015859419925,8.646462261,9.6404598575
BC 1,RL Agent (M1),2435,40,11.888052108491875,0.23034532391691445,5.0196976918925005,8.732229896325,16.897902073250002,16.9023787725
BC 1,RL Agent (M1),2436,40,11.405692625238125,0.32805691371851586,5.5214091556125,24.492635314,9.28125434975,6.32747168159
BC 1,RL Agent (M1),2437,40,3.5106850419753415,0.32623985573967645,1.5913261565555552,6.2170655796175,4.9920952047878995,1.242253226940412
BC 1,RL Agent (M1),2438,40,10.9704006885575,0.1461060794414459,9.546785901925,15.61614266175,7.5937101304425,11.1249640601125
BC 1,RL Agent (M1),2439,40,2.754115138739077,0.40082816591012854,1.1950187762658675,2.33489592068746,6.497098524307501,0.9894473336954803
BC 1,RL Agent (M1),2440,40,11.5447202448375,0.14265638937327985,16.89963160675,8.72008267265,9.3734818995,11.185684800450002
BC 1,RL Agent (M1),2441,40,8.001830038736028,0.2576574185058993,3.6244463527859287,10.867179531087464,4.8883073370707155,12.627386934
BC 1,RL Agent (M1),2442,40,9.039202681645126,0.4656820661156741,14.268613561,1.2412762825950001,19.363112365750002,1.2838085172355
BC 1,RL Agent (M1),2443,40,8.394087178705288,0.4364803264266722,5.859797796825625,21.14211147985,4.5294243335523,2.045015104593225
BC 1,RL Agent (M1),2444,40,4.702406399617788,0.21347216114316644,2.6935290649155,7.2139506534999995,3.20104246930565,5.70110341075
BC 1,RL Agent (M1),2445,40,1.804018692020067,0.10960189420903038,1.8169741322475002,1.2158433955892425,2.222414466057025,1.9608427741865
BC 1,RL Agent (M1),2446,40,11.331815819725001,0.14725662141094042,9.724165275875,14.7190108055,13.729588261242501,7.154498936282501
BC 1,RL Agent (M1),2447,40,11.84648636147125,0.20889980662654212,9.28706992075,9.55551259075,20.8262175825,7.717145351885
BC 1,RL Agent (M1),2448,40,10.200717220653125,0.4533838547827904,7.164262098650001,4.57159438701,2.6327094969525,26.4343029
BC 1,RL Agent (M1),2449,40,9.013328498975,0.4336451023023278,3.53681115053,2.23797875512,21.254797735,9.02372635525
BC 1,RL Agent (M1),2450,40,9.958629277928125,0.4019414919868988,7.035738950492499,3.5995396187174995,24.2516748525,4.9475636900025
BC 1,RL Agent (M1),2451,40,8.62602774803,0.23133479368166207,13.488623364,4.6777432473775,5.4211895702425,10.9165548105
BC 1,RL Agent (M1),2452,40,10.902730232193125,0.12377387432480454,11.2227975735,6.4525987612349995,12.81720467,13.118319924037499
BC 1,RL Agent (M1),2453,40,9.8653412808825,0.12051107993944243,6.8679926365925,12.240728071225,11.628282509749999,8.7243619059625
BC 1,RL Agent (M1),2454,40,11.06219172185625,0.1722234733149583,15.6379733458,12.923257506999999,8.85406792625,6.8334681083749995
BC 1,RL Agent (M1),2455,40,2.338647947186386,0.2637195244608299,1.8601085545921343,1.1339378328271592,4.38466532198,1.97588007934625
BC 1,RL Agent (M1),2456,40,5.896169330034356,0.2456008231259938,2.4165526486628632,10.1254954296325,5.542732775439992,5.499896466402068
BC 1,RL Agent (M1),2457,40,3.122666998062078,0.41056844820719623,0.95452267420685,3.368275518628375,1.1238050489130873,7.0440647505000005
BC 1,RL Agent (M1),2458,40,7.8384314033462505,0.21456470120593263,4.268755776075,9.646039226825,11.8771924459,5.561738164585
BC 1,RL Agent (M1),2459,40,9.50058339787875,0.5534522548338265,2.1203165607375003,3.4358320968375,29.875302845,2.57088208894
BC 1,RL Agent (M1),2460,40,11.581547974876251,0.08271646988492687,10.0497531069,10.50005203475,15.100340413075,10.676046344780001
BC 1,RL Agent (M1),2461,40,10.686149856861874,0.2125384460578949,15.91900812575,7.5368103532749995,13.496402945,5.7923780034225
BC 1,RL Agent (M1),2462,40,1.3986964606623125,0.017628624326236894,1.4455371136525,1.4474478175274998,1.34578307177125,1.356017839698
BC 1,RL Agent (M1),2463,40,12.336753972991875,0.15312311550832472,9.7750160908,14.0186722504925,17.106833625,8.446493925675
BC 1,RL Agent (M1),2464,40,4.951883660985172,0.481245977960351,1.5896070062258274,13.163658690599998,3.847655824649375,1.2066131224654877
BC 1,RL Agent (M1),2465,40,10.215546707295312,0.19657735025919343,9.921712905125,15.815666023,9.9948650475,5.1299428535562495
BC 1,RL Agent (M1),2466,40,7.261608918496562,0.27962455099639455,3.81223639347625,6.0911799652375,4.8987856492725,14.244233666
BC 1,RL Agent (M1),2467,40,3.872794719936286,0.42681823907157396,2.7542190143212775,0.870920007207547,9.543062906974999,2.32297695124132
BC 1,RL Agent (M1),2468,40,2.1154741352479554,0.14948566719513404,2.82922309130825,1.194815711692871,2.1406754380857,2.2971822999050002
BC 1,RL Agent (M1),2469,40,10.61525997750525,0.3645217238968605,2.854784475831,16.588889198249998,19.22617908275,3.7911871531899997
BC 1,RL Agent (M1),2470,40,9.301110726485,0.27439572392139194,15.407708410000001,5.3438162527449995,4.124316760845,12.328601482349999
BC 1,RL Agent (M1),2471,40,10.2500582803625,0.12528546831115764,14.533211441,9.75077855275,8.04361805905,8.67262506865
BC 1,RL Agent (M1),2472,40,4.064384212077972,0.44142641739176536,3.42303940274157,1.1197434294557675,10.089242471999999,1.6255115441145498
BC 1,RL Agent (M1),2473,40,10.68254906210625,0.3527606721209032,6.821205557192501,24.692368081,4.693778098075,6.5228445121575005
BC 1,RL Agent (M1),2474,40,12.238485148643125,0.18143198132869715,10.0982805675,13.4627052856,7.3360078664724995,18.056946875
BC 1,RL Agent (M1),2475,40,12.0045122280375,0.2552165713627448,6.8919829185,19.357848382500002,15.785774458,5.98244315315
BC 1,RL Agent (M1),2476,40,9.771894112685125,0.42147440271265596,2.0683145271075,20.113646223425,14.33363618175,2.571979518458
BC 1,RL Agent (M1),2477,40,11.338433914083126,0.10142115160434699,12.34598743125,13.5448265248825,11.903805247,7.5591164532
BC 1,RL Agent (M1),2478,40,2.343768685605295,0.34180471942023977,5.019165961200001,1.183343437344905,1.0572351556557948,2.1153301882204802
BC 1,RL Agent (M1),2479,40,5.491630008819375,0.41247538854650284,2.44242089038,14.474420975000001,2.59813673115,2.4515414387475003
BC 1,RL Agent (M1),2480,40,11.090462881305001,0.12465886554354262,11.6347456365,7.9908750868,14.798625691000002,9.93760511092
BC 1,RL Agent (M1),2481,40,11.185621505804376,0.3480099392048913,10.601014388275,5.9917333524075,4.462529420035,23.6872088625
BC 1,RL Agent (M1),2482,40,9.548206961564375,0.20922868034972988,16.52122442075,6.088664095072501,8.124699114895,7.45824021554
BC 1,RL Agent (M1),2483,40,8.176066027654375,0.164034134428406,5.87939743551,7.571615076075,12.694572862875,6.558678736157501
BC 1,RL Agent (M1),2484,40,5.76553444675625,0.4269467018102073,0.98276167351175,1.24002009151325,11.367081874750001,9.472274147250001
BC 1,RL Agent (M1),2485,40,10.707614858921875,0.17262253379350065,13.4611809975,6.897084278725001,7.6531252285999996,14.8190689308625
BC 1,RL Agent (M1),2486,40,11.46562559711,0.1990653456746114,13.0076416,16.7794838225,5.376088267865,10.699288698075
BC 1,RL Agent (M1),2487,40,2.2410389069726264,0.2945758124315541,3.1918017792466173,1.156540578969991,0.8867012169838967,3.72911205269
BC 1,RL Agent (M1),2488,40,12.558221986023751,0.14356390262788976,9.82266244,10.185195267500001,11.087695194095001,19.137335042500002
BC 1,RL Agent (M1),2489,40,2.7537292259979385,0.346466968429268,1.219121645232471,0.8666701924066817,3.85151175385,5.0776133125026
BC 1,RL Agent (M1),2490,40,11.714983808760625,0.170690759117059,13.968957701125001,6.5867129387125,10.281845250205,16.022419345
BC 1,RL Agent (M1),2491,40,10.378501338794376,0.4641439200310449,4.94350554455,2.3133002731525,6.907149760725,27.35004977675
BC 1,RL Agent (M1),2492,40,10.173127444699375,0.2901206775699888,16.6665571005,15.0169034125,4.392285706005,4.6167635597925
BC 1,RL Agent (M1),2493,40,11.877564475353124,0.2741125185986612,8.90210429225,8.611606342875,23.631961609999998,6.3645856562875
BC 1,RL Agent (M1),2494,40,2.1505219006798657,0.21738304032177558,2.7176436752425,1.9024239881116187,3.1017719926231324,0.8802479467422115
BC 1,RL Agent (M1),2495,40,12.139738796673125,0.13398245256806096,13.8110980015,7.689331342642499,11.47362246525,15.5849033773
BC 1,RL Agent (M1),2496,40,9.2853563995325,0.09318705803491721,11.2869558561,7.4218530448075,8.091762200125,10.3408544970975
BC 1,RL Agent (M1),2497,40,11.47334092014375,0.16069364389039595,11.661216693925,7.955919414,16.9954641204,9.28076345225
BC 1,RL Agent (M1),2498,40,10.465291597910625,0.4531115104976209,6.0258155538,2.6705737581599998,5.4093300446825,27.755447034999996
BC 1,RL Agent (M1),2499,40,2.460957682996964,0.3333575748836188,4.4671024506225,3.469614814839119,0.9188732693295725,0.9882401971966646
BC 1,RL Agent (M1),2500,40,10.052830607925813,0.26544938894009623,15.104381072999999,7.2586796894925,14.5466513375,3.30161033171075
BC 1,RL Agent (M1),2501,40,2.6766538628006775,0.2124103622919498,1.375307211953335,1.9345950472485751,3.5164193126258,3.8802938793750004
BC 1,RL Agent (M1),2502,40,9.931669796128125,0.40603892414585213,1.74463691706,21.9661621075,6.0790717137025,9.93680844625
BC 1,RL Agent (M1),2503,40,4.0729268410520145,0.42048771153722775,8.74784193515,5.394720215374493,1.1055203033331968,1.0436249103503692
BC 1,RL Agent (M1),2504,40,11.1415129666875,0.1608608964971749,15.4729807125,11.156261624075,11.8058720759,6.130937454275
BC 1,RL Agent (M1),2505,40,1.858155690123497,0.1536029157803902,0.8968644095063827,1.9810579126340901,2.341820407215,2.212880031138515
BC 1,RL Agent (M1),2506,40,8.860761704780625,0.49860620579322706,3.2047976488099996,2.8844012017800003,26.3726865775,2.9811613910325
BC 1,RL Agent (M1),2507,40,10.494509213278125,0.46732132377841507,3.6149372579625,3.6822300570000004,5.5233198881500005,29.15754965
BC 1,RL Agent (M1),2508,40,8.830250952370625,0.4693429136026233,5.80007847725,3.1766077383475,2.557628693885,23.7866889
BC 1,RL Agent (M1),2509,40,10.49100602449625,0.316630615245721,18.38921086625,14.698525973625001,3.9207461204700005,4.95554113764
BC 1,RL Agent (M1),2510,40,11.2756720398975,0.24568768104875924,10.169491874,6.454171663215,7.979837824875,20.4991867975
BC 1,RL Agent (M1),2511,40,10.33862930877375,0.2955639292108803,17.254463014000002,4.0483076739,14.662447472694998,5.3892990745
BC 1,RL Agent (M1),2512,40,10.647642489673125,0.1324505295307289,13.656096706242499,11.873877306450002,10.4520972945,6.6084986515
BC 1,RL Agent (M1),2513,40,11.793380681935623,0.1650818342873796,14.699891293499999,5.032164768242501,14.747009080999998,12.694457585
BC 1,RL Agent (M1),2514,40,11.914600289575,0.07680090931669985,12.037652476249999,12.8436365065,13.694364446425002,9.082747729125
BC 1,RL Agent (M1),2515,40,6.481320748556875,0.35067039954404233,2.8271327041475,11.079623989649999,10.502189255000001,1.5163370454299998
BC 1,RL Agent (M1),2516,40,5.784091263143047,0.3733602602751782,3.3961365769883627,4.60103897315985,2.011612298673975,13.127577203749999
BC 1,RL Agent (M1),2517,40,5.275932978457313,0.4325496393514043,0.9200869659692501,10.49570085475,8.737374469975,0.950569623135
BC 1,RL Agent (M1),2518,40,12.738388745406251,0.28145954778651994,4.955678348699999,12.344557066,23.385313930000002,10.268005636925
BC 1,RL Agent (M1),2519,40,2.0100954982229298,0.2481054844110119,2.9874481290725,2.9524104597465,1.183133421019035,0.917389983053685
BC 1,RL Agent (M1),2520,40,11.42709875205,0.08650315623947578,11.127217464500001,13.796756890000001,11.97647262375,8.807948029950001
BC 1,RL Agent (M1),2521,40,9.4889359895875,0.16815468415010898,11.82102976125,7.2239114965225,12.944172397500001,5.966630303077499
BC 1,RL Agent (M1),2522,40,11.60180632463875,0.15687395517315988,10.245436126375001,14.928806188249998,6.66340637438,14.569576609550001
BC 1,RL Agent (M1),2523,40,5.262096615489418,0.5890447610239692,1.7455586414221749,0.942610829595325,1.101152507940175,17.259064483
BC 1,RL Agent (M1),2524,40,11.062564642790626,0.3929984839766274,3.9151442375875,9.50294830125,25.658947145000003,5.1732188873250005
BC 1,RL Agent (M1),2525,40,6.639193629921291,0.241038309257759,3.296367403618775,5.82642830259025,5.658615603476138,11.77536321
BC 1,RL Agent (M1),2526,40,1.901916572814048,0.1613293387280961,2.4621250479275,1.9687836576078184,0.9212474959415001,2.2555100897793734
BC 1,RL Agent (M1),2527,40,9.299786541848125,0.15443023243948026,11.21536423125,11.61836042875,10.0022550807,4.3631664266925
BC 1,RL Agent (M1),2528,40,6.206603683874375,0.4310263417261682,12.4937551925,9.958595036575,1.13122061059,1.2428438958324999
BC 1,RL Agent (M1),2529,40,10.30209953921125,0.2891741680630724,4.8191314917675,7.132113196452501,9.258167858625,19.99898561
BC 1,RL Agent (M1),2530,40,9.61062063433125,0.23224533285757343,13.038282262000001,4.7132345228325,14.3761839175,6.3147818349925
BC 1,RL Agent (M1),2531,40,2.4761131234983287,0.35311136589828857,1.5119116859455475,0.9933136872718651,1.8581648100259023,5.54106231075
BC 1,RL Agent (M1),2532,40,11.662942035405624,0.14675521161115018,12.984808808,8.115448880872501,16.0746521775,9.476858275249999
BC 1,RL Agent (M1),2533,40,10.7769308339725,0.44242525454128095,3.2582409134025,6.2564242455,5.243273539487499,28.3497846375
BC 1,RL Agent (M1),2534,40,11.091993060170624,0.41364397044761836,5.7981727915275005,5.38778730966,4.424374184495,28.757637955
BC 1,RL Agent (M1),2535,40,10.738189601758126,0.3289591765980382,16.367625205,18.49207864075,3.6159952066,4.4770593546825
BC 1,RL Agent (M1),2536,40,11.50415039091,0.27987179854055405,7.74459285839,6.565125942,8.082840718,23.62404204525
BC 1,RL Agent (M1),2537,40,10.01378340342125,0.14314352791894272,14.3243161505,9.4819859819825,6.7013153509525,9.54751613025
BC 1,RL Agent (M1),2538,40,10.824988984521875,0.2235918446312048,17.081953590250002,5.1927663773749995,12.0418712072125,8.98336476325
BC 1,RL Agent (M1),2539,40,8.730007573358124,0.31440645144412255,6.1706355536075,6.9190108831499995,18.109851245999998,3.720532610675
BC 1,RL Agent (M1),2540,40,9.450408476192187,0.3075920295388769,5.212987838285001,18.335602998625,4.38423476370875,9.86880830415
BC 1,RL Agent (M1),2541,40,10.219397770938125,0.1648359304268371,15.195547031499999,8.915755922625,10.14509056415,6.6211975654775
BC 1,RL Agent (M1),2542,40,6.790113195341875,0.5519394241178073,2.22399738148,2.5944074574625,1.238809205925,21.1032387365
BC 1,RL Agent (M1),2543,40,11.736428844572501,0.18884332362591474,11.671937686,18.7442533725,8.572707422,7.9568168977900005
BC 1,RL Agent (M1),2544,40,12.203155461235625,0.3133158332605057,16.746835754,21.6169198875,5.46203617087,4.986830032572501
BC 1,RL Agent (M1),2545,40,3.591001887777087,0.4142840001462783,7.7160037773375,0.9415754115507209,4.593128645238922,1.1132997169812044
BC 1,RL Agent (M1),2546,40,9.227257230956875,0.2593540489123615,14.68717405825,11.7920136125,3.5668350814500003,6.863006171627499
BC 1,RL Agent (M1),2547,40,9.879894263020626,0.19166342354488802,10.11584438225,7.18720530347,6.546731906412501,15.66979545995
BC 1,RL Agent (M1),2548,40,5.009711366696194,0.33857163674995716,8.79344909728,2.780510665874723,1.2315958741300528,7.2332898295
BC 1,RL Agent (M1),2549,40,10.450777951633125,0.19653312428685688,12.09968207955,10.028724457500001,14.9693238099,4.705381459582499
BC 1,RL Agent (M1),2550,40,11.525049176909375,0.15468870295561432,10.83799441125,13.04344637925,6.7228335301,15.495922387037501
BC 1,RL Agent (M1),2551,40,5.526559515676848,0.5955907863559655,1.1760245161484624,1.07582547021255,18.607099847500002,1.2472882288463751
BC 1,RL Agent (M1),2552,40,11.794726484875,0.0236107573886612,12.5742529605,11.58325260875,11.17629695875,11.8451034115
BC 1,RL Agent (M1),2553,40,6.569375417881743,0.47521752887079866,15.13654459375,1.07633222675385,1.147572157523125,8.9170526935
BC 1,RL Agent (M1),2554,40,2.708538415346643,0.4753983151288341,7.7768087303375,1.0726357666125117,1.07462266369749,0.910086500739071
BC 1,RL Agent (M1),2555,40,5.424663975621357,0.31910670855646484,2.546507944283925,11.420857007425,3.328795739817,4.4024952109595
BC 1,RL Agent (M1),2556,40,11.239303462109811,0.35444503925155413,4.95750087425425,25.8291472275,6.52302954891,7.647536197775
BC 1,RL Agent (M1),2557,40,7.06174916030625,0.2486219867292213,3.4890560263875003,4.1033690789375,9.65093987665,11.00363165925
BC 1,RL Agent (M1),2558,40,11.53494635643875,0.15141850961960626,17.315251928000002,8.556374474,10.96859841755,9.299560606205
BC 1,RL Agent (M1),2559,40,10.423084618233936,0.3019813014168619,3.31099586044325,17.5325620775,6.5761263307424995,14.27265420425
Exp 1,Equal Baseline,13009511,40,2.0564248736947777,0.24466004396067992,1.2189248736947775,1.3439248736947775,1.9689248736947775,3.6939248736947774
Exp 1,Equal Baseline,13383055,40,2.0640898941084744,0.01438285226081331,1.9953398941084743,2.070339894108474,2.045339894108474,2.1453398941084743
Exp 1,Equal Baseline,13443751,40,1.364419967867434,0.06527499017711037,1.395669967867434,1.195669967867434,1.2456699678674341,1.6206699678674341
Exp 1,Equal Baseline,17030251,40,4.485764755681157,0.2333771512815396,7.073264755681157,5.3732647556811575,2.1732647556811573,3.323264755681157
Exp 1,Equal Baseline,18089277,40,1.5593649428337812,0.09919903657632037,1.8281149428337813,1.5031149428337813,1.8031149428337812,1.1031149428337812
Exp 1,Equal Baseline,20953934,40,2.2439799034968018,0.2694709961785814,4.325229903496802,1.1502299034968018,1.675229903496802,1.8252299034968018
Exp 1,Equal Baseline,21063212,40,1.8412874488160014,0.08146473821697643,1.9662874488160014,2.1912874488160012,1.4662874488160014,1.7412874488160015
Exp 1,Equal Baseline,24769323,40,1.8190349392592906,0.13829448493300298,1.2627849392592907,2.2877849392592906,1.4127849392592906,2.3127849392592905
Exp 1,Equal Baseline,27555027,40,1.5768649239093064,0.04756272960531248,1.7393649239093065,1.3393649239093066,1.6143649239093065,1.6143649239093065
Exp 1,Equal Baseline,30383025,40,4.0322271537035705,0.25885198432864165,6.3447271537035705,1.8447271537035703,2.3697271537035705,5.56972715370357
Exp 1,Equal Baseline,30429600,40,1.541919951327145,0.17834907691758248,1.5169199513271452,2.266919951327145,0.8169199513271451,1.566919951327145
Exp 1,Equal Baseline,30843571,40,1.691864887997508,0.2124135340531574,2.616864887997508,1.0918648879975081,1.016864887997508,2.041864887997508
Exp 1,Equal Baseline,31981132,40,2.526534777134657,0.19047828051105856,2.089034777134657,3.114034777134657,1.339034777134657,3.564034777134657
Exp 1,Equal Baseline,35368456,40,1.6815899452194571,0.31963797210374806,1.081589945219457,2.731589945219457,0.35658994521945714,2.556589945219457
Exp 1,Equal Baseline,35775718,40,7.327494502067566,0.005330949069832528,7.358744502067566,7.383744502067566,7.183744502067566,7.383744502067566
Exp 1,Equal Baseline,37049926,40,1.6443099750205876,0.11688033455954294,1.4505599750205875,1.3255599750205875,1.4505599750205875,2.3505599750205874
Exp 1,Equal Baseline,38102987,40,5.161244681477547,0.3163602194369446,8.179994681477547,0.7049946814775467,7.729994681477547,4.029994681477547
Exp 1,Equal Baseline,39146798,40,2.8313148118555547,0.1975672212986458,1.5813148118555547,2.4063148118555544,4.381314811855555,2.9563148118555547
Exp 1,Equal Baseline,39797392,40,1.6318099429830908,0.10724288128805287,1.456809942983091,1.6318099429830908,1.281809942983091,2.1568099429830907
Exp 1,Equal Baseline,39799073,40,2.370159868337214,0.16480955787764773,3.020159868337214,2.020159868337214,1.345159868337214,3.095159868337214
Exp 1,Equal Baseline,40800498,40,1.6567549340426924,0.18673552354848633,1.3692549340426923,0.9692549340426921,1.8192549340426922,2.4692549340426924
Exp 1,Equal Baseline,41174484,40,2.7940348453819754,0.10681237583463293,3.6002848453819754,2.8752848453819753,2.6002848453819754,2.1002848453819754
Exp 1,Equal Baseline,43487752,40,1.6715899219736456,0.15703612264547895,1.1715899219736456,1.2465899219736456,1.9215899219736456,2.3465899219736457
Exp 1,Equal Baseline,43891819,40,1.3719749644398689,0.1343865630050138,0.7469749644398689,1.6219749644398689,1.4469749644398688,1.671974964439869
Exp 1,Equal Baseline,45406707,40,1.5319749496877193,0.2345828174757398,2.1819749496877194,1.0069749496877194,2.2319749496877193,0.7069749496877193
Exp 1,Equal Baseline,46096247,40,1.856479919143021,0.09258112529401347,2.118979919143021,1.918979919143021,1.268979919143021,2.118979919143021
Exp 1,Equal Baseline,49067645,40,1.7939249154180288,0.16113411298077726,1.0751749154180288,1.725174915418029,2.600174915418029,1.7751749154180287
Exp 1,Equal Baseline,49665958,40,3.3182098319754005,0.1266684511478827,2.2119598319754004,4.1619598319754,3.0119598319754006,3.8869598319754006
Exp 1,Equal Baseline,56254954,40,1.7867149397730828,0.21512944871262824,3.1242149397730827,1.5992149397730828,1.2242149397730828,1.1992149397730827
Exp 1,Equal Baseline,61875013,40,1.424419946409762,0.18099472746770653,0.5806699464097619,1.780669946409762,1.480669946409762,1.855669946409762
Exp 1,Equal Baseline,67430636,40,1.7315349124372006,0.12633299994633151,2.3065349124372005,1.8565349124372006,1.2565349124372005,1.5065349124372005
Exp 1,Equal Baseline,75670883,40,1.5668649185448884,0.09772699496150804,1.8793649185448884,1.5293649185448885,1.7293649185448885,1.1293649185448884
Exp 1,Equal Baseline,85774797,40,1.5693099332973361,0.09657907388730175,1.2130599332973362,1.863059933297336,1.363059933297336,1.8380599332973362
Exp 1,Equal Baseline,89808192,40,1.3444749571383,0.07089198611989887,1.3507249571383,1.5757249571382999,1.0757249571382999,1.3757249571383
Exp 1,Equal Baseline,92173211,40,1.9342549428343774,0.15913750208591645,0.8655049428343773,2.0905049428343774,2.3655049428343773,2.415504942834377
Exp 1,Equal Baseline,92291462,40,1.696754913032055,0.03130976642057695,1.759254913032055,1.7842549130320549,1.509254913032055,1.7342549130320548
Exp 1,Equal Baseline,92992435,40,2.628924807533622,0.12065293731149952,2.3726748075336217,2.722674807533622,1.9226748075336217,3.4976748075336217
Exp 1,Equal Baseline,93922021,40,1.7592149414122105,0.24247321345371065,1.8779649414122104,2.8529649414122105,1.6529649414122105,0.6529649414122105
Exp 1,Equal Baseline,94815040,40,1.5219199428334833,0.1314129569967022,1.7469199428334832,1.0469199428334832,1.9719199428334833,1.3219199428334831
Exp 1,Equal Baseline,97424607,40,1.6594199107959866,0.08380187503794312,1.4531699107959866,1.6531699107959867,2.1031699107959865,1.4281699107959867
Exp 1,Mixed Baseline,10726889,40,8.132472476363182,0.05977440259309234,8.379186883568764,8.922814521193505,8.768056941032409,6.459831559658051
Exp 1,Mixed Baseline,15175221,40,2.0857636288739743,0.08674836244074353,2.3295123793184755,2.38951240926981,1.489517306163907,2.134512420743704
Exp 1,Mixed Baseline,17017594,40,6.046242681145668,0.07148032117011835,5.209992051124573,5.884992098808288,7.43749213218689,5.652494442462921
Exp 1,Mixed Baseline,17903542,40,2.448868644423783,0.0445995526251502,2.6119948914274573,2.169494883529842,2.6644924243912103,2.349492378346622
Exp 1,Mixed Baseline,18823620,40,6.477480727434158,0.04804757524487209,7.064114570617676,5.495934307575226,6.537389469146729,6.812484562397003
Exp 1,Mixed Baseline,22126530,40,1.4967536994256079,0.04071269482703578,1.3955049615353345,1.3805049329996109,1.6505024414509535,1.5605024617165326
Exp 1,Mixed Baseline,24809112,40,9.381278567109257,0.2054460406993149,13.239879491738975,6.098616340942681,5.242523989267648,12.944094446487725
Exp 1,Mixed Baseline,26185795,40,5.281243959069252,0.08715978002992555,6.693742215633392,5.116244602203369,4.258744621276856,5.0562443971633915
Exp 1,Mixed Baseline,26595751,40,1.8240886791609228,0.11024306741843302,2.0509624192491174,1.1959649061784148,1.8484649436548353,2.2009624475613236
Exp 1,Mixed Baseline,27475779,40,2.3238686080090702,0.06434556845658672,2.0332448149099944,2.183244840987027,2.7982424275949596,2.2807423485442997
Exp 1,Mixed Baseline,34349062,40,1.5090336919762195,0.045662087755072196,1.552157436683774,1.529659966751933,1.6571574475616218,1.297159916907549
Exp 1,Mixed Baseline,36289195,40,5.282713376078755,0.119168167565949,4.347089586034417,4.122087085619569,5.599589645117521,7.062087187543511
Exp 1,Mixed Baseline,37465807,40,8.614993143081666,0.025391705432340806,8.051244354248047,9.15874183177948,8.536244463920593,8.71374192237854
Exp 1,Mixed Baseline,38710152,40,6.9599932581186295,0.06645121390104299,7.502491986751556,7.077491974830627,7.792494535446167,5.467494535446167
Exp 1,Mixed Baseline,43297180,40,2.5113136486150323,0.0604760661130835,2.3688149001449346,2.1888148959726097,2.938812356814742,2.5488124415278435
Exp 1,Mixed Baseline,44480089,40,1.6260936956852674,0.06284193664376356,1.5248449504375459,1.3973449371755122,1.6973424457013606,1.884842449426651
Exp 1,Mixed Baseline,45795675,40,7.216243231296539,0.18127504024140176,10.919992220401763,4.547494328022003,7.604994606971741,5.792491769790649
Exp 1,Mixed Baseline,47841996,40,1.8065886738710106,0.020238589351764938,1.727837443910539,1.877837418206036,1.877839911915362,1.742839921452105
Exp 1,Mixed Baseline,49307875,40,2.5305436284281315,0.08854298525370771,2.628042383119464,2.170544885098934,2.140544839948416,3.1830424055457116
Exp 1,Mixed Baseline,49685025,40,1.7465336595661938,0.05367740285547808,1.5027848787605762,1.8852824468165637,1.9302824389189481,1.6677848737686873
Exp 1,Mixed Baseline,50116627,40,9.291376121621578,0.20306887701959175,6.2774265831336375,8.55528416391462,6.633189148269594,15.699604591168463
Exp 1,Mixed Baseline,51524772,40,2.9808185989037157,0.18776282288730242,3.2433198722079397,1.0383197071030736,3.835817405767739,3.8058174105361102
Exp 1,Mixed Baseline,53975444,40,1.924088658671826,0.043120903716586424,2.075962417013943,2.0234649112448095,1.6634648935869336,1.933462412841618
Exp 1,Mixed Baseline,58475822,40,2.338923642039299,0.08557609063658915,2.7570474039763213,1.864549882337451,2.1045473907142878,2.629549891129136
Exp 1,Mixed Baseline,64291720,40,4.166244019567967,0.040616587393859635,3.9118695855140686,4.039367187023163,4.779369676113129,3.934369629621506
Exp 1,Mixed Baseline,68836277,40,8.656216740608215,0.1665213692931858,12.66484694480896,8.9432142496109,5.428914141654968,7.587891626358032
Exp 1,Mixed Baseline,70094867,40,2.727823573444039,0.10739996764270279,2.2384497810155155,2.1259497337043287,3.3784474097192287,3.168447369337082
Exp 1,Mixed Baseline,70166162,40,9.766084587574005,0.19961341742421634,12.139551448822022,12.5576566696167,12.189759111404419,2.177371120452881
Exp 1,Mixed Baseline,71045601,40,1.961424256209284,0.07838668473452216,2.4114224418997763,1.9239248417317867,1.593924854695797,1.9164248865097762
Exp 1,Mixed Baseline,72808628,40,1.8343086726032198,0.04523127706468493,1.7986823866143822,1.7086849460378288,2.121182435564697,1.708684922195971
Exp 1,Mixed Baseline,74380517,40,2.143868665304035,0.0338902539778504,2.0482448691502215,2.0857449440285563,2.033242426998913,2.408242421038449
Exp 1,Mixed Baseline,80421478,40,2.856258528959006,0.06236283993445423,2.4925097404047847,3.220007321052253,2.522509750537574,3.190007303841412
Exp 1,Mixed Baseline,83986039,40,5.2407496049068865,0.055988356159509284,5.569984582811594,5.68082210496068,5.589707187563181,4.122484544292092
Exp 1,Mixed Baseline,85460730,40,7.047638084273785,0.13562939710634503,9.228721844218672,7.587891853414476,7.070814501307905,4.3031241381540895
Exp 1,Mixed Baseline,88281250,40,10.116225481033325,0.10646906059965086,12.272196817398072,8.139953970909119,7.874086809158325,12.178664326667786
Exp 1,Mixed Baseline,92017990,40,9.514980447292327,0.1353473323138143,13.936626768112182,7.094384098052979,8.47520170211792,8.55370922088623
Exp 1,Mixed Baseline,94451609,40,6.710323216114193,0.03562617926051603,6.552824439108372,7.5428246587514876,6.4403218645602465,6.305321902036667
Exp 1,Mixed Baseline,95135734,40,2.1289236239157616,0.09798041207664152,2.3445473715662954,1.392052374780178,2.487047381326556,2.292047367990017
Exp 1,Mixed Baseline,95675568,40,2.068978667166084,0.07317892891455502,2.269602440856397,1.5946048637852073,2.3371024498715998,2.074604914151132
Exp 1,Mixed Baseline,98522310,40,2.5314779395237563,0.034441282262831725,2.486477298475802,2.3889773124828935,2.418979815579951,2.8314773315563797
Exp 1,Proportional Baseline,11095201,40,4.877474665641785,0.5211429753939016,1.4299924552440644,14.929921317100526,1.6599924296140671,1.4899924606084824
Exp 1,Proportional Baseline,14508367,40,9.313528713583946,0.5641060784928533,3.4571797966957094,2.736734890937805,29.420207691192626,1.6399924755096436
Exp 1,Proportional Baseline,14606420,40,1.9341474013403057,0.03328324242054448,2.0516549022868276,2.031662461347878,1.9015923531726002,1.7516798885539173
Exp 1,Proportional Baseline,18446714,40,2.2137436605989933,0.16925541624136883,3.2999948799610137,1.7699924290180207,1.4799924671649933,2.3049948662519455
Exp 1,Proportional Baseline,18817699,40,2.877242974191904,0.2647811541851555,2.1627348959445953,2.4768604755401613,5.413906574249268,1.4554699510335922
Exp 1,Proportional Baseline,19679219,40,3.3465022385120395,0.37550078538039267,7.814506632834673,1.4915324367582798,1.4815324611961842,2.59843742325902
Exp 1,Proportional Baseline,22198508,40,1.4343087067827582,0.03965389938651564,1.3418074605986476,1.6318124381825327,1.4018074629828334,1.3618074653670191
Exp 1,Proportional Baseline,30377184,40,10.711228234693408,0.5497889992591627,30.670566886290906,8.702748721465468,1.9614949222654103,1.5101024087518453
Exp 1,Proportional Baseline,32679619,40,9.353654824197292,0.4836315709521393,1.6406999498605728,12.51076943874359,21.883157444000243,1.379992464184761
Exp 1,Proportional Baseline,36303454,40,11.108603888005018,0.4996592982163554,2.0141149163246155,1.9589023679494857,12.342548608779907,28.118849658966063
Exp 1,Proportional Baseline,39641403,40,2.293978671170771,0.29561111577826427,1.2514774659648538,4.791479812003672,1.6814799407497047,1.4514774659648537
Exp 1,Proportional Baseline,39770412,40,5.037297751009464,0.42675974612202355,12.85800895690918,1.7299923926591874,3.2862972557544707,2.274892398715019
Exp 1,Proportional Baseline,41159778,40,11.387323071807623,0.6035799771634727,1.3490049690008163,37.27502775192261,2.366382360458374,4.5588772058486935
Exp 1,Proportional Baseline,42414310,40,8.276590588688851,0.4112385196379551,2.931437347829342,11.548941062390805,1.672834961116314,16.95314898341894
Exp 1,Proportional Baseline,42641869,40,2.042933689057827,0.15388439371455442,1.7204324647784233,3.050434909760952,1.450432462990284,1.9504349187016488
Exp 1,Proportional Baseline,43430147,40,5.7035870425403115,0.45234699490005564,3.450146496295929,1.624952459335327,15.110991859436036,2.628257355093956
Exp 1,Proportional Baseline,45150103,40,8.798509738594293,0.5686046280376594,1.427042469382286,5.389929243922234,26.828559780120848,1.548507460951805
Exp 1,Proportional Baseline,45673270,40,6.42612908706069,0.2913939061361823,6.178239536285401,2.319992408156395,11.987144947052002,5.219139456748962
Exp 1,Proportional Baseline,51230437,40,2.383208660595119,0.07998695835190937,2.290707445703447,2.9707098549231885,1.9607074176892638,2.3107099240645765
Exp 1,Proportional Baseline,53212352,40,1.6362436793744564,0.1151652538489141,1.459992441534996,2.3349973648786544,1.399992448091507,1.349992462992668
Exp 1,Proportional Baseline,56833376,40,8.212853259779513,0.5560621165600745,1.6903774606063962,25.370278360135853,1.8803774254396557,3.9103797929361463
Exp 1,Proportional Baseline,57287564,40,8.034045258909464,0.603666696287272,27.007053826749324,1.4551949515938758,1.4104324594140052,2.2634997978806495
Exp 1,Proportional Baseline,58710652,40,2.8832636553794146,0.18273584341896043,2.66076479293406,1.9807624462991953,4.650764945521951,2.240762436762452
Exp 1,Proportional Baseline,61948140,40,1.3944187076762318,0.01927370935730034,1.4119199568405747,1.3319174641743303,1.3719174647703767,1.4619199449196458
Exp 1,Proportional Baseline,63752993,40,7.676066108047962,0.482787944530183,1.8299924612045289,1.559992465376854,8.069136902689934,19.24514260292053
Exp 1,Proportional Baseline,67521144,40,5.84092851858586,0.5455040532905017,1.6109299449250103,18.520929258875547,1.6809274224564432,1.5509274480864406
Exp 1,Proportional Baseline,68155095,40,5.11499337926507,0.4301081630254244,13.3849937915802,2.939994862675667,2.254992425441742,1.8799924373626709
Exp 1,Proportional Baseline,69384851,40,5.62985498085618,0.3845386232758591,3.6899949580430986,13.679440355300903,2.469992238283157,2.6799923717975616
Exp 1,Proportional Baseline,69390994,40,1.4915336906909942,0.07207387634325266,1.7215349294245244,1.3415324606001378,1.2515324659645557,1.6515349067747593
Exp 1,Proportional Baseline,70560629,40,2.0687186561524866,0.179128534307044,1.2813124611973763,1.6312949165701867,3.021014852821827,2.3412523940205574
Exp 1,Proportional Baseline,72433781,40,7.871210324764252,0.5681524564107946,4.155144834518433,24.349401569366456,1.6451474189758302,1.3351474761962892
Exp 1,Proportional Baseline,76356479,40,5.092487087845802,0.41883483866693816,2.835617387294769,3.4124023020267487,1.4693324625492097,12.652596199512482
Exp 1,Proportional Baseline,79450339,40,12.13612965643406,0.47719127880166584,11.624719142913818,30.32878723144531,1.6799924492835998,4.911019802093506
Exp 1,Proportional Baseline,80851468,40,9.874936234951019,0.27653788850417993,5.329994630813599,15.426464176177978,14.743291187286378,3.9999949455261232
Exp 1,Proportional Baseline,81793613,40,10.09611656665802,0.31668718311679867,5.756951522827149,16.600723457336425,2.7287596702575683,15.298031616210938
Exp 1,Proportional Baseline,83597340,40,1.793743685632944,0.10818887552347753,1.7399924367666244,1.949994945526123,1.259992465376854,2.224994894862175
Exp 1,Proportional Baseline,83701533,40,11.007285040616988,0.43433609926830613,19.414775562286376,21.2510947227478,1.6555049419403076,1.7077649354934692
Exp 1,Proportional Baseline,85019022,40,11.299817460030317,0.6480076752654779,40.399289989471434,1.8099949359893799,1.559992465376854,1.4299924492835998
Exp 1,Proportional Baseline,86279004,40,6.119993261992931,0.27481634666876764,3.089994841814041,3.7199947237968445,6.554992079734802,11.114991402626037
Exp 1,Proportional Baseline,89143435,40,7.080116603896022,0.5057992759960823,2.180297376587987,19.989626817777754,1.6603099156171084,4.490232305601239
Exp 1,RL Agent (M1),18376511,40,11.499999699479668,0.2786032570476692,17.91843147277832,6.146559316874482,4.570186288142577,17.36482172012329
Exp 1,RL Agent (M1),18992647,40,8.884999003396114,0.25560758640339387,4.7826933827789615,10.912217354774475,4.940555656814103,14.90452961921692
Exp 1,RL Agent (M1),20532812,40,12.589999590074877,0.308611196609793,17.893240666389467,5.286783127323725,21.82843017578125,5.351544390805065
Exp 1,RL Agent (M1),21171705,40,9.276249642927723,0.301309765827755,19.080048418045045,5.129496122690034,5.071427359923836,7.824026671051979
Exp 1,RL Agent (M1),22263006,40,1.877124927501427,0.05352453788130644,1.9812435439729597,1.7215294270194135,2.1275036681210624,1.6782230708922725
Exp 1,RL Agent (M1),24718462,40,10.30374970631674,0.1680056688591825,12.162526035308838,4.755642815306783,13.524661540985107,10.772168433666229
Exp 1,RL Agent (M1),26686566,40,11.692499274760484,0.1518407917754112,6.526903799176216,13.41245698928833,11.479320240020751,15.35131607055664
Exp 1,RL Agent (M1),28195864,40,9.921249892481137,0.33284933291595276,19.129406118392943,11.653059536218644,3.6511207208037377,5.251413194509223
Exp 1,RL Agent (M1),33612364,40,12.36124928018835,0.24471226266801813,6.85240298594581,20.427913999557497,14.918667793273926,7.246012341976166
Exp 1,RL Agent (M1),39583963,40,8.501749591768611,0.44771487070993987,2.65361917856444,2.109902073360081,8.922675219106805,20.320801896043122
Exp 1,RL Agent (M1),47817874,40,5.595812001825853,0.5297670640554075,2.9593510716209996,2.115518896109017,16.41882204443682,0.8895559951365755
Exp 1,RL Agent (M1),48812052,40,1.9518749592528297,0.134614216093473,0.9498853970065726,2.324856646405533,2.3059229631195586,2.226834830479654
Exp 1,RL Agent (M1),49408957,40,2.1412501214495028,0.3028557677721391,4.0331773369570785,1.251880147053678,0.9379389183061024,2.3420040834811515
Exp 1,RL Agent (M1),49432162,40,12.529999220729223,0.23627443532140432,11.243136429786682,22.328249359130858,9.393122311052867,7.155488782946486
Exp 1,RL Agent (M1),50147811,40,2.693937416302085,0.33921361245302317,3.8860451156205102,0.9512983757134446,4.881845017173328,1.0565611567010562
Exp 1,RL Agent (M1),50251280,40,12.397499799262732,0.02656854101680628,13.157451982051134,12.036819553375244,12.755445575714111,11.640282085910439
Exp 1,RL Agent (M1),53180780,40,5.084999476020857,0.40371113130652697,2.0977971564507243,3.357289746083552,12.666736745834351,2.2181742557148025
Exp 1,RL Agent (M1),56399293,40,12.563749210466632,0.18953877445046788,8.092386352736503,13.638219165802003,9.208288007974625,19.316103315353395
Exp 1,RL Agent (M1),57404481,40,9.291249453699857,0.38628653916729166,17.805819511413574,3.3893768575100696,13.826669049263,2.143132396612782
Exp 1,RL Agent (M1),61454237,40,11.294999213749543,0.24457921243857814,8.051395750045776,11.931145226955413,5.878627485968172,19.31882839202881
Exp 1,RL Agent (M1),63504480,40,12.887499537836993,0.2713548179212954,14.798991296812892,9.625430072308518,5.099488353729248,22.026088428497314
Exp 1,RL Agent (M1),63845553,40,12.42999924478063,0.3028818539724972,19.836780086159706,8.723843530600425,18.232190704345705,2.9271826580166818
Exp 1,RL Agent (M1),64122649,40,11.937499327759724,0.21392386054954962,10.60324094759999,10.246737563610077,20.200501346588133,6.699517453240697
Exp 1,RL Agent (M1),65596261,40,1.502062492755916,0.12836365260894822,2.0457811427301182,1.1016351416680579,1.5566796658560633,1.3041540207694253
Exp 1,RL Agent (M1),66350717,40,8.61668708949599,0.5010624670911635,4.603463084576412,24.695402786461635,2.9469759381617138,2.220906548784198
Exp 1,RL Agent (M1),73953894,40,2.2667501083665456,0.3081413734282167,3.610868080018554,0.8787570805038989,3.694612575051724,0.8827626978920063
Exp 1,RL Agent (M1),76820131,40,11.090812569599075,0.1438980183288978,9.754892722738441,7.983948375243926,10.315677243005485,16.308731937408446
Exp 1,RL Agent (M1),78925223,40,3.0286872924217856,0.3405818913170757,1.5137780009260449,2.861115322321937,1.343774686756216,6.396081159682945
Exp 1,RL Agent (M1),81258716,40,1.5768125167758626,0.08286008526523306,1.6598787961578636,1.8538690256827977,1.1687532572730561,1.624748987989733
Exp 1,RL Agent (M1),81387887,40,9.49506213635908,0.43879812177366734,23.436458432730433,3.012029838103019,3.071199576773518,8.46056069782935
Exp 1,RL Agent (M1),83148405,40,12.612499027873856,0.2335295822519726,7.050628452701494,21.781833934783936,9.342442052066326,12.275091671943665
Exp 1,RL Agent (M1),84760433,40,10.4174999746283,0.26519106006656595,9.03667194386362,5.55165389374597,19.72550239562988,7.356171665273723
Exp 1,RL Agent (M1),84942891,40,10.628750058198058,0.09970116103598682,8.98344330303371,8.235513533389895,12.674560022726656,12.621483373641968
Exp 1,RL Agent (M1),85136205,40,13.202499646565412,0.26359282624922387,23.109697151184083,10.903768173838035,13.411405907571316,5.385127353668213
Exp 1,RL Agent (M1),87192231,40,12.409999233140843,0.15239287850393662,9.699533528089523,14.187746053934097,8.581206081924028,17.171511268615724
Exp 1,RL Agent (M1),89992553,40,12.931000312417746,0.2106949543190421,13.406428241729737,6.199959972500801,20.22575225830078,11.891860777139664
Exp 1,RL Agent (M1),93598180,40,2.88606252970565,0.24687656425581386,1.794501999980048,1.611407884448433,4.945202321955003,3.1931379124391155
Exp 1,RL Agent (M1),95025156,40,11.929999131971272,0.24462113853146197,23.046075916290285,8.598850651830436,7.484364457731135,8.590705502033234
Exp 1,RL Agent (M1),95891360,40,12.152499568834902,0.1359020589851201,10.014833034574986,16.814097690582276,8.945933043956757,12.835134506225586
Exp 1,RL Agent (M1),96535892,40,2.2816874176433366,0.19938672847468913,1.4360346407247602,3.6626989420619793,2.313517108733608,1.7144989790529999
