family,budget,seed,selected_epoch,checkpoint_sha256,group_index,group_key,mechanism,nonforced_rounds,aggregate_nll,renewal_brier,renewal_probability,renewal_observed
P0,conditional,17,480,2a32c5df362e28a7968ed071e518312fb34e7ee610149942050165cd367b68a9,11,"[""Equal Baseline Exp 1"",""30843571"",""0""]",Equal,5,3.3472634278826208,0.0005355787317321663,0.01858027309477344,0.0
P0,conditional,17,480,2a32c5df362e28a7968ed071e518312fb34e7ee610149942050165cd367b68a9,13,"[""Equal Baseline Exp 1"",""35368456"",""0""]",Equal,10,2.1750962047307913,0.17948402233388747,0.16564697922023147,0.2
P0,conditional,17,480,2a32c5df362e28a7968ed071e518312fb34e7ee610149942050165cd367b68a9,20,"[""Equal Baseline Exp 1"",""40800498"",""0""]",Equal,7,2.7102221186033946,0.001057848389783101,0.028057528940209162,0.0
P0,conditional,17,480,2a32c5df362e28a7968ed071e518312fb34e7ee610149942050165cd367b68a9,25,"[""Equal Baseline Exp 1"",""46096247"",""0""]",Equal,12,2.476874535031101,0.11081894282907523,0.1803313060871581,0.16666666666666666
P0,conditional,17,480,2a32c5df362e28a7968ed071e518312fb34e7ee610149942050165cd367b68a9,31,"[""Equal Baseline Exp 1"",""75670883"",""0""]",Equal,5,2.883153153713284,0.0004607947331850548,0.017534925188685296,0.0
P0,conditional,17,480,2a32c5df362e28a7968ed071e518312fb34e7ee610149942050165cd367b68a9,35,"[""Equal Baseline Exp 1"",""92291462"",""0""]",Equal,7,2.8200887853980836,0.00771014483758809,0.05954850937468016,0.0
P0,conditional,17,480,2a32c5df362e28a7968ed071e518312fb34e7ee610149942050165cd367b68a9,36,"[""Equal Baseline Exp 1"",""92992435"",""0""]",Equal,13,2.9264804745989657,0.012540726870096507,0.09329706708192058,0.0
P0,conditional,17,480,2a32c5df362e28a7968ed071e518312fb34e7ee610149942050165cd367b68a9,38,"[""Equal Baseline Exp 1"",""94815040"",""0""]",Equal,4,3.901294170818494,0.0007289254727016712,0.02507944538340588,0.0
P0,conditional,17,480,2a32c5df362e28a7968ed071e518312fb34e7ee610149942050165cd367b68a9,44,"[""Mixed Baseline Exp 1"",""18823620"",""0""]",Mixed,40,3.841815390184128,0.2628152741901906,0.44962931286307606,0.575
P0,conditional,17,480,2a32c5df362e28a7968ed071e518312fb34e7ee610149942050165cd367b68a9,47,"[""Mixed Baseline Exp 1"",""26185795"",""0""]",Mixed,40,3.2178830538571868,0.24891477091625838,0.39594720407378364,0.4
P0,conditional,17,480,2a32c5df362e28a7968ed071e518312fb34e7ee610149942050165cd367b68a9,52,"[""Mixed Baseline Exp 1"",""37465807"",""0""]",Mixed,40,3.625388233735559,0.22884660258923803,0.3294093372661998,0.375
P0,conditional,17,480,2a32c5df362e28a7968ed071e518312fb34e7ee610149942050165cd367b68a9,57,"[""Mixed Baseline Exp 1"",""47841996"",""0""]",Mixed,10,2.6016212037106783,0.11923997692859474,0.12976645844947762,0.1
P0,conditional,17,480,2a32c5df362e28a7968ed071e518312fb34e7ee610149942050165cd367b68a9,60,"[""Mixed Baseline Exp 1"",""50116627"",""0""]",Mixed,36,4.068549043488996,0.27246483528198134,0.33008807643014443,0.5555555555555556
P0,conditional,17,480,2a32c5df362e28a7968ed071e518312fb34e7ee610149942050165cd367b68a9,64,"[""Mixed Baseline Exp 1"",""64291720"",""0""]",Mixed,40,2.8192557383995824,0.21970442219836475,0.40904144609717463,0.525
P0,conditional,17,480,2a32c5df362e28a7968ed071e518312fb34e7ee610149942050165cd367b68a9,73,"[""Mixed Baseline Exp 1"",""85460730"",""0""]",Mixed,36,3.4175639720474043,0.2248026155967744,0.29375851315433543,0.3333333333333333
P0,conditional,17,480,2a32c5df362e28a7968ed071e518312fb34e7ee610149942050165cd367b68a9,78,"[""Mixed Baseline Exp 1"",""95675568"",""0""]",Mixed,12,3.3289356425302947,0.10611081076695705,0.1621835865576211,0.08333333333333333
P0,conditional,17,480,2a32c5df362e28a7968ed071e518312fb34e7ee610149942050165cd367b68a9,80,"[""Proportional Baseline Exp 1"",""11095201"",""0""]",Proportional,40,3.497548427716294,0.12038072150357863,0.6443091206782695,0.75
P0,conditional,17,480,2a32c5df362e28a7968ed071e518312fb34e7ee610149942050165cd367b68a9,82,"[""Proportional Baseline Exp 1"",""14606420"",""0""]",Proportional,9,2.8040244484705052,0.10348075730426838,0.2338653912424917,0.1111111111111111
P0,conditional,17,480,2a32c5df362e28a7968ed071e518312fb34e7ee610149942050165cd367b68a9,89,"[""Proportional Baseline Exp 1"",""36303454"",""0""]",Proportional,40,4.4085638629219694,0.19372304336299398,0.6679382174573552,0.725
P0,conditional,17,480,2a32c5df362e28a7968ed071e518312fb34e7ee610149942050165cd367b68a9,97,"[""Proportional Baseline Exp 1"",""45673270"",""0""]",Proportional,40,3.5751694426281744,0.1443096773525175,0.6992079779216789,0.75
P0,conditional,17,480,2a32c5df362e28a7968ed071e518312fb34e7ee610149942050165cd367b68a9,104,"[""Proportional Baseline Exp 1"",""63752993"",""0""]",Proportional,40,4.018223406145054,0.07189636713939791,0.705877323191728,0.9
P0,conditional,17,480,2a32c5df362e28a7968ed071e518312fb34e7ee610149942050165cd367b68a9,107,"[""Proportional Baseline Exp 1"",""69384851"",""0""]",Proportional,40,3.884321356147711,0.08161038590004223,0.6695662933248618,0.8
P0,conditional,17,480,2a32c5df362e28a7968ed071e518312fb34e7ee610149942050165cd367b68a9,111,"[""Proportional Baseline Exp 1"",""76356479"",""0""]",Proportional,40,3.4860409578506646,0.1989025257218128,0.6418906670928607,0.7
P0,conditional,17,480,2a32c5df362e28a7968ed071e518312fb34e7ee610149942050165cd367b68a9,117,"[""Proportional Baseline Exp 1"",""85019022"",""0""]",Proportional,40,4.330261585787268,0.13363065960522819,0.6247360861299015,0.825
P0,conditional,29,480,2fdd756d345c2013996866284f7792835fdb659a3c5df2690b00800af5d89642,11,"[""Equal Baseline Exp 1"",""30843571"",""0""]",Equal,5,3.338536196757869,0.0004300617544186006,0.01620115077578329,0.0
P0,conditional,29,480,2fdd756d345c2013996866284f7792835fdb659a3c5df2690b00800af5d89642,13,"[""Equal Baseline Exp 1"",""35368456"",""0""]",Equal,10,2.1808743010188665,0.1810707095238172,0.1568435811356585,0.2
P0,conditional,29,480,2fdd756d345c2013996866284f7792835fdb659a3c5df2690b00800af5d89642,20,"[""Equal Baseline Exp 1"",""40800498"",""0""]",Equal,7,2.6881522026287366,0.0008297936265000908,0.024433431904693766,0.0
P0,conditional,29,480,2fdd756d345c2013996866284f7792835fdb659a3c5df2690b00800af5d89642,25,"[""Equal Baseline Exp 1"",""46096247"",""0""]",Equal,12,2.4742519321791954,0.1109729770673571,0.17352418406448797,0.16666666666666666
P0,conditional,29,480,2fdd756d345c2013996866284f7792835fdb659a3c5df2690b00800af5d89642,31,"[""Equal Baseline Exp 1"",""75670883"",""0""]",Equal,5,2.869820964802913,0.0003821784164794152,0.01565075386922631,0.0
P0,conditional,29,480,2fdd756d345c2013996866284f7792835fdb659a3c5df2690b00800af5d89642,35,"[""Equal Baseline Exp 1"",""92291462"",""0""]",Equal,7,2.823666010528214,0.006790952043274609,0.05558037988063221,0.0
P0,conditional,29,480,2fdd756d345c2013996866284f7792835fdb659a3c5df2690b00800af5d89642,36,"[""Equal Baseline Exp 1"",""92992435"",""0""]",Equal,13,2.9245702714599924,0.0119668066804625,0.09091872849472414,0.0
P0,conditional,29,480,2fdd756d345c2013996866284f7792835fdb659a3c5df2690b00800af5d89642,38,"[""Equal Baseline Exp 1"",""94815040"",""0""]",Equal,4,3.862736991648887,0.0005683189539370209,0.0216751902305693,0.0
P0,conditional,29,480,2fdd756d345c2013996866284f7792835fdb659a3c5df2690b00800af5d89642,44,"[""Mixed Baseline Exp 1"",""18823620"",""0""]",Mixed,40,3.8482000943399526,0.2652772779215611,0.43662243113974936,0.575
P0,conditional,29,480,2fdd756d345c2013996866284f7792835fdb659a3c5df2690b00800af5d89642,47,"[""Mixed Baseline Exp 1"",""26185795"",""0""]",Mixed,40,3.222302561080197,0.24831475491866759,0.3854096232389551,0.4
P0,conditional,29,480,2fdd756d345c2013996866284f7792835fdb659a3c5df2690b00800af5d89642,52,"[""Mixed Baseline Exp 1"",""37465807"",""0""]",Mixed,40,3.6338603526286377,0.22922846383902157,0.32197508013360926,0.375
P0,conditional,29,480,2fdd756d345c2013996866284f7792835fdb659a3c5df2690b00800af5d89642,57,"[""Mixed Baseline Exp 1"",""47841996"",""0""]",Mixed,10,2.59599468347728,0.11811269470020458,0.12551170500511394,0.1
P0,conditional,29,480,2fdd756d345c2013996866284f7792835fdb659a3c5df2690b00800af5d89642,60,"[""Mixed Baseline Exp 1"",""50116627"",""0""]",Mixed,36,4.0947523441057205,0.28245962294515253,0.3091119598555126,0.5555555555555556
P0,conditional,29,480,2fdd756d345c2013996866284f7792835fdb659a3c5df2690b00800af5d89642,64,"[""Mixed Baseline Exp 1"",""64291720"",""0""]",Mixed,40,2.8281097621786926,0.22318699834978037,0.3983831233086657,0.525
P0,conditional,29,480,2fdd756d345c2013996866284f7792835fdb659a3c5df2690b00800af5d89642,73,"[""Mixed Baseline Exp 1"",""85460730"",""0""]",Mixed,36,3.4195498278859344,0.22379891839950602,0.2842675925097153,0.3333333333333333
P0,conditional,29,480,2fdd756d345c2013996866284f7792835fdb659a3c5df2690b00800af5d89642,78,"[""Mixed Baseline Exp 1"",""95675568"",""0""]",Mixed,12,3.333681885560314,0.10416565864425491,0.15300110701849118,0.08333333333333333
P0,conditional,29,480,2fdd756d345c2013996866284f7792835fdb659a3c5df2690b00800af5d89642,80,"[""Proportional Baseline Exp 1"",""11095201"",""0""]",Proportional,40,3.4888585937031764,0.12189137872762512,0.6370427996159851,0.75
P0,conditional,29,480,2fdd756d345c2013996866284f7792835fdb659a3c5df2690b00800af5d89642,82,"[""Proportional Baseline Exp 1"",""14606420"",""0""]",Proportional,9,2.8035871662285765,0.10301373793827467,0.2331378684986949,0.1111111111111111
P0,conditional,29,480,2fdd756d345c2013996866284f7792835fdb659a3c5df2690b00800af5d89642,89,"[""Proportional Baseline Exp 1"",""36303454"",""0""]",Proportional,40,4.404750308628635,0.193091066479268,0.6764626613476028,0.725
P0,conditional,29,480,2fdd756d345c2013996866284f7792835fdb659a3c5df2690b00800af5d89642,97,"[""Proportional Baseline Exp 1"",""45673270"",""0""]",Proportional,40,3.580138670054068,0.14697969338436162,0.6950380942625268,0.75
P0,conditional,29,480,2fdd756d345c2013996866284f7792835fdb659a3c5df2690b00800af5d89642,104,"[""Proportional Baseline Exp 1"",""63752993"",""0""]",Proportional,40,4.0302156813730505,0.06908466543113831,0.7129838714417132,0.9
P0,conditional,29,480,2fdd756d345c2013996866284f7792835fdb659a3c5df2690b00800af5d89642,107,"[""Proportional Baseline Exp 1"",""69384851"",""0""]",Proportional,40,3.870249433512697,0.08102005302719258,0.6684168817680435,0.8
P0,conditional,29,480,2fdd756d345c2013996866284f7792835fdb659a3c5df2690b00800af5d89642,111,"[""Proportional Baseline Exp 1"",""76356479"",""0""]",Proportional,40,3.4905417753035435,0.198466895404501,0.6308973990652875,0.7
P0,conditional,29,480,2fdd756d345c2013996866284f7792835fdb659a3c5df2690b00800af5d89642,117,"[""Proportional Baseline Exp 1"",""85019022"",""0""]",Proportional,40,4.32664387084959,0.1238669395606506,0.6448210345616805,0.825
P0,conditional,43,480,56f691d06b0452d030688fb9a09ff57445ec796c118db8e2dc5aa9166d73a662,11,"[""Equal Baseline Exp 1"",""30843571"",""0""]",Equal,5,3.3310668722737615,0.0004134450872061694,0.015868472341273126,0.0
P0,conditional,43,480,56f691d06b0452d030688fb9a09ff57445ec796c118db8e2dc5aa9166d73a662,13,"[""Equal Baseline Exp 1"",""35368456"",""0""]",Equal,10,2.1794916288141932,0.18335589577576833,0.15776945204178067,0.2
P0,conditional,43,480,56f691d06b0452d030688fb9a09ff57445ec796c118db8e2dc5aa9166d73a662,20,"[""Equal Baseline Exp 1"",""40800498"",""0""]",Equal,7,2.6892732857992203,0.0008096077357806188,0.024041205566539554,0.0
P0,conditional,43,480,56f691d06b0452d030688fb9a09ff57445ec796c118db8e2dc5aa9166d73a662,25,"[""Equal Baseline Exp 1"",""46096247"",""0""]",Equal,12,2.4718008640119384,0.10977451036545201,0.17346383211943409,0.16666666666666666
P0,conditional,43,480,56f691d06b0452d030688fb9a09ff57445ec796c118db8e2dc5aa9166d73a662,31,"[""Equal Baseline Exp 1"",""75670883"",""0""]",Equal,5,2.864691478480931,0.0003673790343190731,0.015349563422351397,0.0
P0,conditional,43,480,56f691d06b0452d030688fb9a09ff57445ec796c118db8e2dc5aa9166d73a662,35,"[""Equal Baseline Exp 1"",""92291462"",""0""]",Equal,7,2.8121649385976686,0.006557404149352048,0.05464996877423554,0.0
P0,conditional,43,480,56f691d06b0452d030688fb9a09ff57445ec796c118db8e2dc5aa9166d73a662,36,"[""Equal Baseline Exp 1"",""92992435"",""0""]",Equal,13,2.9243110556252607,0.0118884325683053,0.09033377822624959,0.0
P0,conditional,43,480,56f691d06b0452d030688fb9a09ff57445ec796c118db8e2dc5aa9166d73a662,38,"[""Equal Baseline Exp 1"",""94815040"",""0""]",Equal,4,3.8833477383696655,0.0005441402583322856,0.021184135426585562,0.0
P0,conditional,43,480,56f691d06b0452d030688fb9a09ff57445ec796c118db8e2dc5aa9166d73a662,44,"[""Mixed Baseline Exp 1"",""18823620"",""0""]",Mixed,40,3.8442697212740926,0.26365627683889903,0.44275193706871396,0.575
P0,conditional,43,480,56f691d06b0452d030688fb9a09ff57445ec796c118db8e2dc5aa9166d73a662,47,"[""Mixed Baseline Exp 1"",""26185795"",""0""]",Mixed,40,3.215856987678616,0.24863843188365475,0.3907114984524251,0.4
P0,conditional,43,480,56f691d06b0452d030688fb9a09ff57445ec796c118db8e2dc5aa9166d73a662,52,"[""Mixed Baseline Exp 1"",""37465807"",""0""]",Mixed,40,3.6329580868401847,0.2289609675591855,0.3253302166537056,0.375
P0,conditional,43,480,56f691d06b0452d030688fb9a09ff57445ec796c118db8e2dc5aa9166d73a662,57,"[""Mixed Baseline Exp 1"",""47841996"",""0""]",Mixed,10,2.5950352326989847,0.11816470239131367,0.12524558656323653,0.1
P0,conditional,43,480,56f691d06b0452d030688fb9a09ff57445ec796c118db8e2dc5aa9166d73a662,60,"[""Mixed Baseline Exp 1"",""50116627"",""0""]",Mixed,36,4.093519603137338,0.28110996454106074,0.31177254211697053,0.5555555555555556
P0,conditional,43,480,56f691d06b0452d030688fb9a09ff57445ec796c118db8e2dc5aa9166d73a662,64,"[""Mixed Baseline Exp 1"",""64291720"",""0""]",Mixed,40,2.8195421311634687,0.22181214072468433,0.4041400082542971,0.525
P0,conditional,43,480,56f691d06b0452d030688fb9a09ff57445ec796c118db8e2dc5aa9166d73a662,73,"[""Mixed Baseline Exp 1"",""85460730"",""0""]",Mixed,36,3.4164677094366405,0.22439132239997076,0.28540762142090553,0.3333333333333333
P0,conditional,43,480,56f691d06b0452d030688fb9a09ff57445ec796c118db8e2dc5aa9166d73a662,78,"[""Mixed Baseline Exp 1"",""95675568"",""0""]",Mixed,12,3.3412862613630474,0.10440235877900711,0.15271837332984275,0.08333333333333333
P0,conditional,43,480,56f691d06b0452d030688fb9a09ff57445ec796c118db8e2dc5aa9166d73a662,80,"[""Proportional Baseline Exp 1"",""11095201"",""0""]",Proportional,40,3.462734144408857,0.12113195224728979,0.6404942749696445,0.75
P0,conditional,43,480,56f691d06b0452d030688fb9a09ff57445ec796c118db8e2dc5aa9166d73a662,82,"[""Proportional Baseline Exp 1"",""14606420"",""0""]",Proportional,9,2.80117071522126,0.1027500309612157,0.23179235348109906,0.1111111111111111
P0,conditional,43,480,56f691d06b0452d030688fb9a09ff57445ec796c118db8e2dc5aa9166d73a662,89,"[""Proportional Baseline Exp 1"",""36303454"",""0""]",Proportional,40,4.405304160959121,0.19302634987430525,0.6776402757503782,0.725
P0,conditional,43,480,56f691d06b0452d030688fb9a09ff57445ec796c118db8e2dc5aa9166d73a662,97,"[""Proportional Baseline Exp 1"",""45673270"",""0""]",Proportional,40,3.5792639092682235,0.14662212016482862,0.6992264273579007,0.75
P0,conditional,43,480,56f691d06b0452d030688fb9a09ff57445ec796c118db8e2dc5aa9166d73a662,104,"[""Proportional Baseline Exp 1"",""63752993"",""0""]",Proportional,40,4.011893334738469,0.06837735111293076,0.7142721440309636,0.9
P0,conditional,43,480,56f691d06b0452d030688fb9a09ff57445ec796c118db8e2dc5aa9166d73a662,107,"[""Proportional Baseline Exp 1"",""69384851"",""0""]",Proportional,40,3.8722501715342106,0.07996182588197313,0.6716488136022474,0.8
P0,conditional,43,480,56f691d06b0452d030688fb9a09ff57445ec796c118db8e2dc5aa9166d73a662,111,"[""Proportional Baseline Exp 1"",""76356479"",""0""]",Proportional,40,3.4793635986425664,0.1978726670695027,0.6357003339211273,0.7
P0,conditional,43,480,56f691d06b0452d030688fb9a09ff57445ec796c118db8e2dc5aa9166d73a662,117,"[""Proportional Baseline Exp 1"",""85019022"",""0""]",Proportional,40,4.326890634272347,0.12346734279290136,0.6473366422180391,0.825
P1,conditional,17,480,019662b85c044462d5d4b319ab65b2ab52128d7a7c3091fc3dd9df5daaf9a19e,11,"[""Equal Baseline Exp 1"",""30843571"",""0""]",Equal,5,3.315248644101274,0.00043908022475936694,0.016397190882954632,0.0
P1,conditional,17,480,019662b85c044462d5d4b319ab65b2ab52128d7a7c3091fc3dd9df5daaf9a19e,13,"[""Equal Baseline Exp 1"",""35368456"",""0""]",Equal,10,2.211955467368395,0.19274043468397095,0.17143996487517996,0.2
P1,conditional,17,480,019662b85c044462d5d4b319ab65b2ab52128d7a7c3091fc3dd9df5daaf9a19e,20,"[""Equal Baseline Exp 1"",""40800498"",""0""]",Equal,7,2.699495111777035,0.0008683118367056446,0.025355948571667314,0.0
P1,conditional,17,480,019662b85c044462d5d4b319ab65b2ab52128d7a7c3091fc3dd9df5daaf9a19e,25,"[""Equal Baseline Exp 1"",""46096247"",""0""]",Equal,12,2.5080293810865566,0.11893090662028481,0.1949707475934859,0.16666666666666666
P1,conditional,17,480,019662b85c044462d5d4b319ab65b2ab52128d7a7c3091fc3dd9df5daaf9a19e,31,"[""Equal Baseline Exp 1"",""75670883"",""0""]",Equal,5,2.8109823100815947,0.00033638061036995825,0.01371803828293415,0.0
P1,conditional,17,480,019662b85c044462d5d4b319ab65b2ab52128d7a7c3091fc3dd9df5daaf9a19e,35,"[""Equal Baseline Exp 1"",""92291462"",""0""]",Equal,7,2.832042204517655,0.004922123795702423,0.0487676564667412,0.0
P1,conditional,17,480,019662b85c044462d5d4b319ab65b2ab52128d7a7c3091fc3dd9df5daaf9a19e,36,"[""Equal Baseline Exp 1"",""92992435"",""0""]",Equal,13,2.9399455238008225,0.014272975606202705,0.09796971167779343,0.0
P1,conditional,17,480,019662b85c044462d5d4b319ab65b2ab52128d7a7c3091fc3dd9df5daaf9a19e,38,"[""Equal Baseline Exp 1"",""94815040"",""0""]",Equal,4,3.792140258363693,0.000532656974612249,0.020703898942549606,0.0
P1,conditional,17,480,019662b85c044462d5d4b319ab65b2ab52128d7a7c3091fc3dd9df5daaf9a19e,44,"[""Mixed Baseline Exp 1"",""18823620"",""0""]",Mixed,40,3.83965034947988,0.25819142129253947,0.4962497321045805,0.575
P1,conditional,17,480,019662b85c044462d5d4b319ab65b2ab52128d7a7c3091fc3dd9df5daaf9a19e,47,"[""Mixed Baseline Exp 1"",""26185795"",""0""]",Mixed,40,3.2222467925548535,0.2556957723160651,0.4405958866121848,0.4
P1,conditional,17,480,019662b85c044462d5d4b319ab65b2ab52128d7a7c3091fc3dd9df5daaf9a19e,52,"[""Mixed Baseline Exp 1"",""37465807"",""0""]",Mixed,40,3.602305377977514,0.22595545165275968,0.36494330469452485,0.375
P1,conditional,17,480,019662b85c044462d5d4b319ab65b2ab52128d7a7c3091fc3dd9df5daaf9a19e,57,"[""Mixed Baseline Exp 1"",""47841996"",""0""]",Mixed,10,2.607877106988279,0.11687812367931918,0.12316841581743665,0.1
P1,conditional,17,480,019662b85c044462d5d4b319ab65b2ab52128d7a7c3091fc3dd9df5daaf9a19e,60,"[""Mixed Baseline Exp 1"",""50116627"",""0""]",Mixed,36,4.0718654624331805,0.2775001944692941,0.3155735291828456,0.5555555555555556
P1,conditional,17,480,019662b85c044462d5d4b319ab65b2ab52128d7a7c3091fc3dd9df5daaf9a19e,64,"[""Mixed Baseline Exp 1"",""64291720"",""0""]",Mixed,40,2.8047354117403835,0.20797312290604694,0.4612801266980247,0.525
P1,conditional,17,480,019662b85c044462d5d4b319ab65b2ab52128d7a7c3091fc3dd9df5daaf9a19e,73,"[""Mixed Baseline Exp 1"",""85460730"",""0""]",Mixed,36,3.437190999781546,0.22279909660727876,0.3007984230272751,0.3333333333333333
P1,conditional,17,480,019662b85c044462d5d4b319ab65b2ab52128d7a7c3091fc3dd9df5daaf9a19e,78,"[""Mixed Baseline Exp 1"",""95675568"",""0""]",Mixed,12,3.350714343446436,0.10650588218623662,0.15314702132715208,0.08333333333333333
P1,conditional,17,480,019662b85c044462d5d4b319ab65b2ab52128d7a7c3091fc3dd9df5daaf9a19e,80,"[""Proportional Baseline Exp 1"",""11095201"",""0""]",Proportional,40,3.5010129739114175,0.12685996369837566,0.612912400406241,0.75
P1,conditional,17,480,019662b85c044462d5d4b319ab65b2ab52128d7a7c3091fc3dd9df5daaf9a19e,82,"[""Proportional Baseline Exp 1"",""14606420"",""0""]",Proportional,9,2.7655352020839117,0.0979280898158167,0.20119949039193655,0.1111111111111111
P1,conditional,17,480,019662b85c044462d5d4b319ab65b2ab52128d7a7c3091fc3dd9df5daaf9a19e,89,"[""Proportional Baseline Exp 1"",""36303454"",""0""]",Proportional,40,4.407583715142461,0.1938393272961308,0.6861492208130808,0.725
P1,conditional,17,480,019662b85c044462d5d4b319ab65b2ab52128d7a7c3091fc3dd9df5daaf9a19e,97,"[""Proportional Baseline Exp 1"",""45673270"",""0""]",Proportional,40,3.5607488070757007,0.1420560729509588,0.7143431634687957,0.75
P1,conditional,17,480,019662b85c044462d5d4b319ab65b2ab52128d7a7c3091fc3dd9df5daaf9a19e,104,"[""Proportional Baseline Exp 1"",""63752993"",""0""]",Proportional,40,3.976102767008932,0.06304580380435795,0.72949039354302,0.9
P1,conditional,17,480,019662b85c044462d5d4b319ab65b2ab52128d7a7c3091fc3dd9df5daaf9a19e,107,"[""Proportional Baseline Exp 1"",""69384851"",""0""]",Proportional,40,3.911388873770238,0.0894913628273501,0.6600230284551545,0.8
P1,conditional,17,480,019662b85c044462d5d4b319ab65b2ab52128d7a7c3091fc3dd9df5daaf9a19e,111,"[""Proportional Baseline Exp 1"",""76356479"",""0""]",Proportional,40,3.5006574142752678,0.1974714331823435,0.6590091365511661,0.7
P1,conditional,17,480,019662b85c044462d5d4b319ab65b2ab52128d7a7c3091fc3dd9df5daaf9a19e,117,"[""Proportional Baseline Exp 1"",""85019022"",""0""]",Proportional,40,4.335981748802184,0.143909014897235,0.5989084803261951,0.825
P1,conditional,29,480,deda3db37265ccd7344a0aef229ce761bfbfae8f29b44fe12a07d6b993a09087,11,"[""Equal Baseline Exp 1"",""30843571"",""0""]",Equal,5,3.3085361726215154,0.00035610586754539187,0.014399791454770359,0.0
P1,conditional,29,480,deda3db37265ccd7344a0aef229ce761bfbfae8f29b44fe12a07d6b993a09087,13,"[""Equal Baseline Exp 1"",""35368456"",""0""]",Equal,10,2.218511120014632,0.19317621775365826,0.16304840697563164,0.2
P1,conditional,29,480,deda3db37265ccd7344a0aef229ce761bfbfae8f29b44fe12a07d6b993a09087,20,"[""Equal Baseline Exp 1"",""40800498"",""0""]",Equal,7,2.680296959036365,0.0006836386056616211,0.02219137305708079,0.0
P1,conditional,29,480,deda3db37265ccd7344a0aef229ce761bfbfae8f29b44fe12a07d6b993a09087,25,"[""Equal Baseline Exp 1"",""46096247"",""0""]",Equal,12,2.5070294816387055,0.1191880087264064,0.1890280042063308,0.16666666666666666
P1,conditional,29,480,deda3db37265ccd7344a0aef229ce761bfbfae8f29b44fe12a07d6b993a09087,31,"[""Equal Baseline Exp 1"",""75670883"",""0""]",Equal,5,2.800685322910732,0.0002833922528374214,0.01232297386631786,0.0
P1,conditional,29,480,deda3db37265ccd7344a0aef229ce761bfbfae8f29b44fe12a07d6b993a09087,35,"[""Equal Baseline Exp 1"",""92291462"",""0""]",Equal,7,2.8383768945795516,0.0042737138208782275,0.04536391907605614,0.0
P1,conditional,29,480,deda3db37265ccd7344a0aef229ce761bfbfae8f29b44fe12a07d6b993a09087,36,"[""Equal Baseline Exp 1"",""92992435"",""0""]",Equal,13,2.938076565227581,0.013733031770146186,0.09588496775301934,0.0
P1,conditional,29,480,deda3db37265ccd7344a0aef229ce761bfbfae8f29b44fe12a07d6b993a09087,38,"[""Equal Baseline Exp 1"",""94815040"",""0""]",Equal,4,3.7540623444912145,0.0004247655195337909,0.01803189041710235,0.0
P1,conditional,29,480,deda3db37265ccd7344a0aef229ce761bfbfae8f29b44fe12a07d6b993a09087,44,"[""Mixed Baseline Exp 1"",""18823620"",""0""]",Mixed,40,3.842362523415096,0.2594677756981916,0.48564392549977686,0.575
P1,conditional,29,480,deda3db37265ccd7344a0aef229ce761bfbfae8f29b44fe12a07d6b993a09087,47,"[""Mixed Baseline Exp 1"",""26185795"",""0""]",Mixed,40,3.2230874081355365,0.2546207995390989,0.4317834419590064,0.4
P1,conditional,29,480,deda3db37265ccd7344a0aef229ce761bfbfae8f29b44fe12a07d6b993a09087,52,"[""Mixed Baseline Exp 1"",""37465807"",""0""]",Mixed,40,3.6061617733265257,0.2254931687998873,0.3595287231499154,0.375
P1,conditional,29,480,deda3db37265ccd7344a0aef229ce761bfbfae8f29b44fe12a07d6b993a09087,57,"[""Mixed Baseline Exp 1"",""47841996"",""0""]",Mixed,10,2.6034313301073295,0.11582083416513089,0.11914029462565252,0.1
P1,conditional,29,480,deda3db37265ccd7344a0aef229ce761bfbfae8f29b44fe12a07d6b993a09087,60,"[""Mixed Baseline Exp 1"",""50116627"",""0""]",Mixed,36,4.101517794849197,0.28818711057522794,0.2944336510353389,0.5555555555555556
P1,conditional,29,480,deda3db37265ccd7344a0aef229ce761bfbfae8f29b44fe12a07d6b993a09087,64,"[""Mixed Baseline Exp 1"",""64291720"",""0""]",Mixed,40,2.8084695842877148,0.20974921631097718,0.4528573600882602,0.525
P1,conditional,29,480,deda3db37265ccd7344a0aef229ce761bfbfae8f29b44fe12a07d6b993a09087,73,"[""Mixed Baseline Exp 1"",""85460730"",""0""]",Mixed,36,3.4399531710383746,0.2214785488605474,0.2915928058650654,0.3333333333333333
P1,conditional,29,480,deda3db37265ccd7344a0aef229ce761bfbfae8f29b44fe12a07d6b993a09087,78,"[""Mixed Baseline Exp 1"",""95675568"",""0""]",Mixed,12,3.357168371010274,0.1044495017838946,0.14420459779794498,0.08333333333333333
P1,conditional,29,480,deda3db37265ccd7344a0aef229ce761bfbfae8f29b44fe12a07d6b993a09087,80,"[""Proportional Baseline Exp 1"",""11095201"",""0""]",Proportional,40,3.494529798544401,0.12935329679255364,0.6046046221502485,0.75
P1,conditional,29,480,deda3db37265ccd7344a0aef229ce761bfbfae8f29b44fe12a07d6b993a09087,82,"[""Proportional Baseline Exp 1"",""14606420"",""0""]",Proportional,9,2.765132588683599,0.09743902163857904,0.20012900057606156,0.1111111111111111
P1,conditional,29,480,deda3db37265ccd7344a0aef229ce761bfbfae8f29b44fe12a07d6b993a09087,89,"[""Proportional Baseline Exp 1"",""36303454"",""0""]",Proportional,40,4.405039323540696,0.19351402612925983,0.694194420083825,0.725
P1,conditional,29,480,deda3db37265ccd7344a0aef229ce761bfbfae8f29b44fe12a07d6b993a09087,97,"[""Proportional Baseline Exp 1"",""45673270"",""0""]",Proportional,40,3.563994560311253,0.14422690361668522,0.7110437615973262,0.75
P1,conditional,29,480,deda3db37265ccd7344a0aef229ce761bfbfae8f29b44fe12a07d6b993a09087,104,"[""Proportional Baseline Exp 1"",""63752993"",""0""]",Proportional,40,3.9876944135352432,0.061266365559310546,0.735334086452203,0.9
P1,conditional,29,480,deda3db37265ccd7344a0aef229ce761bfbfae8f29b44fe12a07d6b993a09087,107,"[""Proportional Baseline Exp 1"",""69384851"",""0""]",Proportional,40,3.901360887875306,0.08907018988636108,0.6583992184826385,0.8
P1,conditional,29,480,deda3db37265ccd7344a0aef229ce761bfbfae8f29b44fe12a07d6b993a09087,111,"[""Proportional Baseline Exp 1"",""76356479"",""0""]",Proportional,40,3.503846119087845,0.19665050902837627,0.6490239093098186,0.7
P1,conditional,29,480,deda3db37265ccd7344a0aef229ce761bfbfae8f29b44fe12a07d6b993a09087,117,"[""Proportional Baseline Exp 1"",""85019022"",""0""]",Proportional,40,4.32924477408705,0.133946945347502,0.6173440163297812,0.825
P1,conditional,43,480,940393c41c87f14644bfb449765c900f06cf92bcc858839f5814aeafbaa2b354,11,"[""Equal Baseline Exp 1"",""30843571"",""0""]",Equal,5,3.3031818445281367,0.0003398804296872667,0.014072825559785965,0.0
P1,conditional,43,480,940393c41c87f14644bfb449765c900f06cf92bcc858839f5814aeafbaa2b354,13,"[""Equal Baseline Exp 1"",""35368456"",""0""]",Equal,10,2.2161862438708124,0.19458927089714823,0.16339046487672476,0.2
P1,conditional,43,480,940393c41c87f14644bfb449765c900f06cf92bcc858839f5814aeafbaa2b354,20,"[""Equal Baseline Exp 1"",""40800498"",""0""]",Equal,7,2.679513213681666,0.0006573713432699882,0.02170385267287418,0.0
P1,conditional,43,480,940393c41c87f14644bfb449765c900f06cf92bcc858839f5814aeafbaa2b354,25,"[""Equal Baseline Exp 1"",""46096247"",""0""]",Equal,12,2.506448296740318,0.11878286318497074,0.18875883630113802,0.16666666666666666
P1,conditional,43,480,940393c41c87f14644bfb449765c900f06cf92bcc858839f5814aeafbaa2b354,31,"[""Equal Baseline Exp 1"",""75670883"",""0""]",Equal,5,2.7965277922060423,0.0002694054342784563,0.012032329008638131,0.0
P1,conditional,43,480,940393c41c87f14644bfb449765c900f06cf92bcc858839f5814aeafbaa2b354,35,"[""Equal Baseline Exp 1"",""92291462"",""0""]",Equal,7,2.8268720063370436,0.004101087252884959,0.04438135696832538,0.0
P1,conditional,43,480,940393c41c87f14644bfb449765c900f06cf92bcc858839f5814aeafbaa2b354,36,"[""Equal Baseline Exp 1"",""92992435"",""0""]",Equal,13,2.9376991465795257,0.013619869356205329,0.09525467692608987,0.0
P1,conditional,43,480,940393c41c87f14644bfb449765c900f06cf92bcc858839f5814aeafbaa2b354,38,"[""Equal Baseline Exp 1"",""94815040"",""0""]",Equal,4,3.7749705147949797,0.0004028306128367165,0.017552482041300176,0.0
P1,conditional,43,480,940393c41c87f14644bfb449765c900f06cf92bcc858839f5814aeafbaa2b354,44,"[""Mixed Baseline Exp 1"",""18823620"",""0""]",Mixed,40,3.8397720201140046,0.2579999549214344,0.49225873476205456,0.575
P1,conditional,43,480,940393c41c87f14644bfb449765c900f06cf92bcc858839f5814aeafbaa2b354,47,"[""Mixed Baseline Exp 1"",""26185795"",""0""]",Mixed,40,3.2175513646160283,0.25536150446238315,0.43755069684185005,0.4
P1,conditional,43,480,940393c41c87f14644bfb449765c900f06cf92bcc858839f5814aeafbaa2b354,52,"[""Mixed Baseline Exp 1"",""37465807"",""0""]",Mixed,40,3.6054536143626548,0.22552762650771285,0.3637550090374183,0.375
P1,conditional,43,480,940393c41c87f14644bfb449765c900f06cf92bcc858839f5814aeafbaa2b354,57,"[""Mixed Baseline Exp 1"",""47841996"",""0""]",Mixed,10,2.6029956448735865,0.11615142578696588,0.11868137071431492,0.1
P1,conditional,43,480,940393c41c87f14644bfb449765c900f06cf92bcc858839f5814aeafbaa2b354,60,"[""Mixed Baseline Exp 1"",""50116627"",""0""]",Mixed,36,4.0984359289249195,0.28664772396946636,0.2969699870795749,0.5555555555555556
P1,conditional,43,480,940393c41c87f14644bfb449765c900f06cf92bcc858839f5814aeafbaa2b354,64,"[""Mixed Baseline Exp 1"",""64291720"",""0""]",Mixed,40,2.801094788677026,0.2089966516658177,0.45892383620367055,0.525
P1,conditional,43,480,940393c41c87f14644bfb449765c900f06cf92bcc858839f5814aeafbaa2b354,73,"[""Mixed Baseline Exp 1"",""85460730"",""0""]",Mixed,36,3.4354372529631547,0.2218584596854918,0.29270263879496317,0.3333333333333333
P1,conditional,43,480,940393c41c87f14644bfb449765c900f06cf92bcc858839f5814aeafbaa2b354,78,"[""Mixed Baseline Exp 1"",""95675568"",""0""]",Mixed,12,3.360377923701856,0.10450975780959548,0.1438747027052091,0.08333333333333333
P1,conditional,43,480,940393c41c87f14644bfb449765c900f06cf92bcc858839f5814aeafbaa2b354,80,"[""Proportional Baseline Exp 1"",""11095201"",""0""]",Proportional,40,3.4663107179858366,0.12790357333716232,0.609352308114655,0.75
P1,conditional,43,480,940393c41c87f14644bfb449765c900f06cf92bcc858839f5814aeafbaa2b354,82,"[""Proportional Baseline Exp 1"",""14606420"",""0""]",Proportional,9,2.7637540027515395,0.09707250601102015,0.19864996920470004,0.1111111111111111
P1,conditional,43,480,940393c41c87f14644bfb449765c900f06cf92bcc858839f5814aeafbaa2b354,89,"[""Proportional Baseline Exp 1"",""36303454"",""0""]",Proportional,40,4.405288287077381,0.19344883537866006,0.6951948580941469,0.725
P1,conditional,43,480,940393c41c87f14644bfb449765c900f06cf92bcc858839f5814aeafbaa2b354,97,"[""Proportional Baseline Exp 1"",""45673270"",""0""]",Proportional,40,3.563242659865324,0.14404374849859708,0.7157140828223661,0.75
P1,conditional,43,480,940393c41c87f14644bfb449765c900f06cf92bcc858839f5814aeafbaa2b354,104,"[""Proportional Baseline Exp 1"",""63752993"",""0""]",Proportional,40,3.9699689282160393,0.060636379217398305,0.7363709816795769,0.9
P1,conditional,43,480,940393c41c87f14644bfb449765c900f06cf92bcc858839f5814aeafbaa2b354,107,"[""Proportional Baseline Exp 1"",""69384851"",""0""]",Proportional,40,3.9025578608368128,0.08781537183068074,0.6618846393889615,0.8
P1,conditional,43,480,940393c41c87f14644bfb449765c900f06cf92bcc858839f5814aeafbaa2b354,111,"[""Proportional Baseline Exp 1"",""76356479"",""0""]",Proportional,40,3.4920376685435044,0.19625219309410302,0.6530982704341213,0.7
P1,conditional,43,480,940393c41c87f14644bfb449765c900f06cf92bcc858839f5814aeafbaa2b354,117,"[""Proportional Baseline Exp 1"",""85019022"",""0""]",Proportional,40,4.329908466801983,0.13331453701708387,0.6199560236611088,0.825
H0,conditional,17,480,7d6fc5c3d04529b68cb0425df74ed5b246e7aaad2fc64e4dd871c41437a87349,11,"[""Equal Baseline Exp 1"",""30843571"",""0""]",Equal,5,3.271563126610988,0.0002834326808335621,0.012199728252240702,0.0
H0,conditional,17,480,7d6fc5c3d04529b68cb0425df74ed5b246e7aaad2fc64e4dd871c41437a87349,13,"[""Equal Baseline Exp 1"",""35368456"",""0""]",Equal,10,2.1903591844604082,0.17955686517885283,0.15022857921758756,0.2
H0,conditional,17,480,7d6fc5c3d04529b68cb0425df74ed5b246e7aaad2fc64e4dd871c41437a87349,20,"[""Equal Baseline Exp 1"",""40800498"",""0""]",Equal,7,2.6682088592741096,0.0003903604104686081,0.015912325871462255,0.0
H0,conditional,17,480,7d6fc5c3d04529b68cb0425df74ed5b246e7aaad2fc64e4dd871c41437a87349,25,"[""Equal Baseline Exp 1"",""46096247"",""0""]",Equal,12,2.517816225168292,0.1250086876923551,0.1570931873405589,0.16666666666666666
H0,conditional,17,480,7d6fc5c3d04529b68cb0425df74ed5b246e7aaad2fc64e4dd871c41437a87349,31,"[""Equal Baseline Exp 1"",""75670883"",""0""]",Equal,5,2.7520992285070687,0.00025347253844883893,0.011195859190867432,0.0
H0,conditional,17,480,7d6fc5c3d04529b68cb0425df74ed5b246e7aaad2fc64e4dd871c41437a87349,35,"[""Equal Baseline Exp 1"",""92291462"",""0""]",Equal,7,2.7760384431864327,0.004577192472295177,0.04374332404493918,0.0
H0,conditional,17,480,7d6fc5c3d04529b68cb0425df74ed5b246e7aaad2fc64e4dd871c41437a87349,36,"[""Equal Baseline Exp 1"",""92992435"",""0""]",Equal,13,2.937709278307243,0.009982811055446279,0.08417512844011456,0.0
H0,conditional,17,480,7d6fc5c3d04529b68cb0425df74ed5b246e7aaad2fc64e4dd871c41437a87349,38,"[""Equal Baseline Exp 1"",""94815040"",""0""]",Equal,4,3.7117538287838965,0.00034509698306176267,0.015228384778797616,0.0
H0,conditional,17,480,7d6fc5c3d04529b68cb0425df74ed5b246e7aaad2fc64e4dd871c41437a87349,44,"[""Mixed Baseline Exp 1"",""18823620"",""0""]",Mixed,40,3.831549454206621,0.2451894655257854,0.519844736884133,0.575
H0,conditional,17,480,7d6fc5c3d04529b68cb0425df74ed5b246e7aaad2fc64e4dd871c41437a87349,47,"[""Mixed Baseline Exp 1"",""26185795"",""0""]",Mixed,40,3.1927312598249697,0.2455222831454881,0.41289924742567763,0.4
H0,conditional,17,480,7d6fc5c3d04529b68cb0425df74ed5b246e7aaad2fc64e4dd871c41437a87349,52,"[""Mixed Baseline Exp 1"",""37465807"",""0""]",Mixed,40,3.611725123949762,0.23815233816123688,0.38819033754487364,0.375
H0,conditional,17,480,7d6fc5c3d04529b68cb0425df74ed5b246e7aaad2fc64e4dd871c41437a87349,57,"[""Mixed Baseline Exp 1"",""47841996"",""0""]",Mixed,10,2.5991657298530333,0.12341872925738544,0.11510136518645364,0.1
H0,conditional,17,480,7d6fc5c3d04529b68cb0425df74ed5b246e7aaad2fc64e4dd871c41437a87349,60,"[""Mixed Baseline Exp 1"",""50116627"",""0""]",Mixed,36,4.187241751523434,0.2639703961698304,0.38241571816940173,0.5555555555555556
H0,conditional,17,480,7d6fc5c3d04529b68cb0425df74ed5b246e7aaad2fc64e4dd871c41437a87349,64,"[""Mixed Baseline Exp 1"",""64291720"",""0""]",Mixed,40,2.805994403218443,0.22243010441474825,0.42304511163446745,0.525
H0,conditional,17,480,7d6fc5c3d04529b68cb0425df74ed5b246e7aaad2fc64e4dd871c41437a87349,73,"[""Mixed Baseline Exp 1"",""85460730"",""0""]",Mixed,36,3.4255438611801505,0.24883240903745138,0.3810950556364166,0.3333333333333333
H0,conditional,17,480,7d6fc5c3d04529b68cb0425df74ed5b246e7aaad2fc64e4dd871c41437a87349,78,"[""Mixed Baseline Exp 1"",""95675568"",""0""]",Mixed,12,3.3763763523281933,0.09576913708612782,0.1229449698426101,0.08333333333333333
H0,conditional,17,480,7d6fc5c3d04529b68cb0425df74ed5b246e7aaad2fc64e4dd871c41437a87349,80,"[""Proportional Baseline Exp 1"",""11095201"",""0""]",Proportional,40,3.444798645625056,0.13854364305221803,0.5838784535374514,0.75
H0,conditional,17,480,7d6fc5c3d04529b68cb0425df74ed5b246e7aaad2fc64e4dd871c41437a87349,82,"[""Proportional Baseline Exp 1"",""14606420"",""0""]",Proportional,9,2.7339123832742374,0.09549580711750902,0.20562805399826933,0.1111111111111111
H0,conditional,17,480,7d6fc5c3d04529b68cb0425df74ed5b246e7aaad2fc64e4dd871c41437a87349,89,"[""Proportional Baseline Exp 1"",""36303454"",""0""]",Proportional,40,4.414476203384178,0.19974000609199843,0.6964429639957433,0.725
H0,conditional,17,480,7d6fc5c3d04529b68cb0425df74ed5b246e7aaad2fc64e4dd871c41437a87349,97,"[""Proportional Baseline Exp 1"",""45673270"",""0""]",Proportional,40,3.733637897777963,0.15259001667723884,0.710943176468227,0.75
H0,conditional,17,480,7d6fc5c3d04529b68cb0425df74ed5b246e7aaad2fc64e4dd871c41437a87349,104,"[""Proportional Baseline Exp 1"",""63752993"",""0""]",Proportional,40,4.020564407807898,0.0731984505017917,0.7057263916626789,0.9
H0,conditional,17,480,7d6fc5c3d04529b68cb0425df74ed5b246e7aaad2fc64e4dd871c41437a87349,107,"[""Proportional Baseline Exp 1"",""69384851"",""0""]",Proportional,40,3.8644807954827556,0.07978027138757396,0.6639597563182276,0.8
H0,conditional,17,480,7d6fc5c3d04529b68cb0425df74ed5b246e7aaad2fc64e4dd871c41437a87349,111,"[""Proportional Baseline Exp 1"",""76356479"",""0""]",Proportional,40,3.4500592097551332,0.1969613009456106,0.6145867222556504,0.7
H0,conditional,17,480,7d6fc5c3d04529b68cb0425df74ed5b246e7aaad2fc64e4dd871c41437a87349,117,"[""Proportional Baseline Exp 1"",""85019022"",""0""]",Proportional,40,4.311638677848819,0.12387375662806321,0.651647047098798,0.825
H0,conditional,29,479,9c6cade561becf4363b269f5db19158a0a5c4dc9895ce7f7edae5e1253718aa4,11,"[""Equal Baseline Exp 1"",""30843571"",""0""]",Equal,5,3.2614022796234665,0.00023590335138731425,0.010888842820840468,0.0
H0,conditional,29,479,9c6cade561becf4363b269f5db19158a0a5c4dc9895ce7f7edae5e1253718aa4,13,"[""Equal Baseline Exp 1"",""35368456"",""0""]",Equal,10,2.190271337202325,0.17819552552399592,0.1497137007718146,0.2
H0,conditional,29,479,9c6cade561becf4363b269f5db19158a0a5c4dc9895ce7f7edae5e1253718aa4,20,"[""Equal Baseline Exp 1"",""40800498"",""0""]",Equal,7,2.6581611497570896,0.0003308383608278852,0.014446936001901478,0.0
H0,conditional,29,479,9c6cade561becf4363b269f5db19158a0a5c4dc9895ce7f7edae5e1253718aa4,25,"[""Equal Baseline Exp 1"",""46096247"",""0""]",Equal,12,2.5194995891809926,0.12575323691417242,0.15398310793389344,0.16666666666666666
H0,conditional,29,479,9c6cade561becf4363b269f5db19158a0a5c4dc9895ce7f7edae5e1253718aa4,31,"[""Equal Baseline Exp 1"",""75670883"",""0""]",Equal,5,2.7436108054341988,0.0002155617069236738,0.010202848187742067,0.0
H0,conditional,29,479,9c6cade561becf4363b269f5db19158a0a5c4dc9895ce7f7edae5e1253718aa4,35,"[""Equal Baseline Exp 1"",""92291462"",""0""]",Equal,7,2.7791857901192465,0.004230931306193316,0.04186498150538424,0.0
H0,conditional,29,479,9c6cade561becf4363b269f5db19158a0a5c4dc9895ce7f7edae5e1253718aa4,36,"[""Equal Baseline Exp 1"",""92992435"",""0""]",Equal,13,2.934510857451071,0.009505911609587582,0.08205040414795622,0.0
H0,conditional,29,479,9c6cade561becf4363b269f5db19158a0a5c4dc9895ce7f7edae5e1253718aa4,38,"[""Equal Baseline Exp 1"",""94815040"",""0""]",Equal,4,3.6793369859394347,0.0002874572537823875,0.013580198649019399,0.0
H0,conditional,29,479,9c6cade561becf4363b269f5db19158a0a5c4dc9895ce7f7edae5e1253718aa4,44,"[""Mixed Baseline Exp 1"",""18823620"",""0""]",Mixed,40,3.8332620926147927,0.2463746632524772,0.5130153422557509,0.575
H0,conditional,29,479,9c6cade561becf4363b269f5db19158a0a5c4dc9895ce7f7edae5e1253718aa4,47,"[""Mixed Baseline Exp 1"",""26185795"",""0""]",Mixed,40,3.192609485958488,0.24481601606337122,0.40678993907072963,0.4
H0,conditional,29,479,9c6cade561becf4363b269f5db19158a0a5c4dc9895ce7f7edae5e1253718aa4,52,"[""Mixed Baseline Exp 1"",""37465807"",""0""]",Mixed,40,3.6094095350017015,0.23700886731938303,0.3833285584398996,0.375
H0,conditional,29,479,9c6cade561becf4363b269f5db19158a0a5c4dc9895ce7f7edae5e1253718aa4,57,"[""Mixed Baseline Exp 1"",""47841996"",""0""]",Mixed,10,2.59389800726884,0.12275466530776695,0.11305548745135337,0.1
H0,conditional,29,479,9c6cade561becf4363b269f5db19158a0a5c4dc9895ce7f7edae5e1253718aa4,60,"[""Mixed Baseline Exp 1"",""50116627"",""0""]",Mixed,36,4.203289460953818,0.26994458606255745,0.3712578100094491,0.5555555555555556
H0,conditional,29,479,9c6cade561becf4363b269f5db19158a0a5c4dc9895ce7f7edae5e1253718aa4,64,"[""Mixed Baseline Exp 1"",""64291720"",""0""]",Mixed,40,2.8095129631993063,0.22507683098236098,0.41658901632096335,0.525
H0,conditional,29,479,9c6cade561becf4363b269f5db19158a0a5c4dc9895ce7f7edae5e1253718aa4,73,"[""Mixed Baseline Exp 1"",""85460730"",""0""]",Mixed,36,3.421882989762966,0.24685741549888565,0.37525318778909456,0.3333333333333333
H0,conditional,29,479,9c6cade561becf4363b269f5db19158a0a5c4dc9895ce7f7edae5e1253718aa4,78,"[""Mixed Baseline Exp 1"",""95675568"",""0""]",Mixed,12,3.3859837684092415,0.09509243565413734,0.11810812853472685,0.08333333333333333
H0,conditional,29,479,9c6cade561becf4363b269f5db19158a0a5c4dc9895ce7f7edae5e1253718aa4,80,"[""Proportional Baseline Exp 1"",""11095201"",""0""]",Proportional,40,3.4496931557304933,0.13953548858153597,0.5812750346490294,0.75
H0,conditional,29,479,9c6cade561becf4363b269f5db19158a0a5c4dc9895ce7f7edae5e1253718aa4,82,"[""Proportional Baseline Exp 1"",""14606420"",""0""]",Proportional,9,2.7343098835685318,0.09526571136343794,0.20714039129357384,0.1111111111111111
H0,conditional,29,479,9c6cade561becf4363b269f5db19158a0a5c4dc9895ce7f7edae5e1253718aa4,89,"[""Proportional Baseline Exp 1"",""36303454"",""0""]",Proportional,40,4.416918621701308,0.2006709743035297,0.7027054441560676,0.725
H0,conditional,29,479,9c6cade561becf4363b269f5db19158a0a5c4dc9895ce7f7edae5e1253718aa4,97,"[""Proportional Baseline Exp 1"",""45673270"",""0""]",Proportional,40,3.7222829336335925,0.15516555654364914,0.7090402024005162,0.75
H0,conditional,29,479,9c6cade561becf4363b269f5db19158a0a5c4dc9895ce7f7edae5e1253718aa4,104,"[""Proportional Baseline Exp 1"",""63752993"",""0""]",Proportional,40,4.031672229286515,0.07109412670962659,0.7112822660726541,0.9
H0,conditional,29,479,9c6cade561becf4363b269f5db19158a0a5c4dc9895ce7f7edae5e1253718aa4,107,"[""Proportional Baseline Exp 1"",""69384851"",""0""]",Proportional,40,3.8616917092359246,0.07949547574740627,0.6634933910311853,0.8
H0,conditional,29,479,9c6cade561becf4363b269f5db19158a0a5c4dc9895ce7f7edae5e1253718aa4,111,"[""Proportional Baseline Exp 1"",""76356479"",""0""]",Proportional,40,3.4622679875903506,0.19601192979436594,0.6083559121525359,0.7
H0,conditional,29,479,9c6cade561becf4363b269f5db19158a0a5c4dc9895ce7f7edae5e1253718aa4,117,"[""Proportional Baseline Exp 1"",""85019022"",""0""]",Proportional,40,4.316674298792325,0.11781635214786848,0.6656306070694443,0.825
H0,conditional,43,480,4606995065f47f7e6aded0b67ffbe1074066ada14798652153d70e8ee4df7b19,11,"[""Equal Baseline Exp 1"",""30843571"",""0""]",Equal,5,3.2549923710299487,0.00022234361012661675,0.010666974600977524,0.0
H0,conditional,43,480,4606995065f47f7e6aded0b67ffbe1074066ada14798652153d70e8ee4df7b19,13,"[""Equal Baseline Exp 1"",""35368456"",""0""]",Equal,10,2.1864246632710698,0.18001281006684558,0.15102444913363106,0.2
H0,conditional,43,480,4606995065f47f7e6aded0b67ffbe1074066ada14798652153d70e8ee4df7b19,20,"[""Equal Baseline Exp 1"",""40800498"",""0""]",Equal,7,2.659314186088683,0.00031908376376426966,0.014254141809301414,0.0
H0,conditional,43,480,4606995065f47f7e6aded0b67ffbe1074066ada14798652153d70e8ee4df7b19,25,"[""Equal Baseline Exp 1"",""46096247"",""0""]",Equal,12,2.5161558808154494,0.12444769324705406,0.15517458800120043,0.16666666666666666
H0,conditional,43,480,4606995065f47f7e6aded0b67ffbe1074066ada14798652153d70e8ee4df7b19,31,"[""Equal Baseline Exp 1"",""75670883"",""0""]",Equal,5,2.740133367073887,0.00020170301904696633,0.00998023643132322,0.0
H0,conditional,43,480,4606995065f47f7e6aded0b67ffbe1074066ada14798652153d70e8ee4df7b19,35,"[""Equal Baseline Exp 1"",""92291462"",""0""]",Equal,7,2.7719175642455363,0.004252708388792363,0.041752018584639776,0.0
H0,conditional,43,480,4606995065f47f7e6aded0b67ffbe1074066ada14798652153d70e8ee4df7b19,36,"[""Equal Baseline Exp 1"",""92992435"",""0""]",Equal,13,2.9369948568413,0.009434166282579632,0.08158933547107915,0.0
H0,conditional,43,480,4606995065f47f7e6aded0b67ffbe1074066ada14798652153d70e8ee4df7b19,38,"[""Equal Baseline Exp 1"",""94815040"",""0""]",Equal,4,3.6943178064816506,0.00026933827215698905,0.013261476585674586,0.0
H0,conditional,43,480,4606995065f47f7e6aded0b67ffbe1074066ada14798652153d70e8ee4df7b19,44,"[""Mixed Baseline Exp 1"",""18823620"",""0""]",Mixed,40,3.8324424439536684,0.2465224607975986,0.512515497049171,0.575
H0,conditional,43,480,4606995065f47f7e6aded0b67ffbe1074066ada14798652153d70e8ee4df7b19,47,"[""Mixed Baseline Exp 1"",""26185795"",""0""]",Mixed,40,3.1912417780730085,0.2453322599640301,0.4067909938324473,0.4
H0,conditional,43,480,4606995065f47f7e6aded0b67ffbe1074066ada14798652153d70e8ee4df7b19,52,"[""Mixed Baseline Exp 1"",""37465807"",""0""]",Mixed,40,3.6127423501407323,0.23674554839186762,0.38298376794998074,0.375
H0,conditional,43,480,4606995065f47f7e6aded0b67ffbe1074066ada14798652153d70e8ee4df7b19,57,"[""Mixed Baseline Exp 1"",""47841996"",""0""]",Mixed,10,2.593834478089441,0.12296903503350987,0.11322132935434728,0.1
H0,conditional,43,480,4606995065f47f7e6aded0b67ffbe1074066ada14798652153d70e8ee4df7b19,60,"[""Mixed Baseline Exp 1"",""50116627"",""0""]",Mixed,36,4.199039025919357,0.26961605025260865,0.3695600577731717,0.5555555555555556
H0,conditional,43,480,4606995065f47f7e6aded0b67ffbe1074066ada14798652153d70e8ee4df7b19,64,"[""Mixed Baseline Exp 1"",""64291720"",""0""]",Mixed,40,2.805873945552844,0.22476760043362712,0.41727431535385284,0.525
H0,conditional,43,480,4606995065f47f7e6aded0b67ffbe1074066ada14798652153d70e8ee4df7b19,73,"[""Mixed Baseline Exp 1"",""85460730"",""0""]",Mixed,36,3.423132707126637,0.24649567500898165,0.3731284811940762,0.3333333333333333
H0,conditional,43,480,4606995065f47f7e6aded0b67ffbe1074066ada14798652153d70e8ee4df7b19,78,"[""Mixed Baseline Exp 1"",""95675568"",""0""]",Mixed,12,3.3879450550621057,0.09508621677276484,0.11758524814207687,0.08333333333333333
H0,conditional,43,480,4606995065f47f7e6aded0b67ffbe1074066ada14798652153d70e8ee4df7b19,80,"[""Proportional Baseline Exp 1"",""11095201"",""0""]",Proportional,40,3.4301971400689197,0.13825964346554404,0.5846084853264816,0.75
H0,conditional,43,480,4606995065f47f7e6aded0b67ffbe1074066ada14798652153d70e8ee4df7b19,82,"[""Proportional Baseline Exp 1"",""14606420"",""0""]",Proportional,9,2.7366050895429543,0.09573000032850991,0.20737775361762636,0.1111111111111111
H0,conditional,43,480,4606995065f47f7e6aded0b67ffbe1074066ada14798652153d70e8ee4df7b19,89,"[""Proportional Baseline Exp 1"",""36303454"",""0""]",Proportional,40,4.417928948422219,0.20051722751977633,0.7025197244983674,0.725
H0,conditional,43,480,4606995065f47f7e6aded0b67ffbe1074066ada14798652153d70e8ee4df7b19,97,"[""Proportional Baseline Exp 1"",""45673270"",""0""]",Proportional,40,3.7148761380453363,0.15529365582640747,0.7108166628566002,0.75
H0,conditional,43,480,4606995065f47f7e6aded0b67ffbe1074066ada14798652153d70e8ee4df7b19,104,"[""Proportional Baseline Exp 1"",""63752993"",""0""]",Proportional,40,4.012083165370727,0.07065595732615093,0.7120885258285528,0.9
H0,conditional,43,480,4606995065f47f7e6aded0b67ffbe1074066ada14798652153d70e8ee4df7b19,107,"[""Proportional Baseline Exp 1"",""69384851"",""0""]",Proportional,40,3.8648627050233886,0.07868326757545437,0.6656787704324734,0.8
H0,conditional,43,480,4606995065f47f7e6aded0b67ffbe1074066ada14798652153d70e8ee4df7b19,111,"[""Proportional Baseline Exp 1"",""76356479"",""0""]",Proportional,40,3.4538492423014233,0.19588254139895528,0.6109592762527031,0.7
H0,conditional,43,480,4606995065f47f7e6aded0b67ffbe1074066ada14798652153d70e8ee4df7b19,117,"[""Proportional Baseline Exp 1"",""85019022"",""0""]",Proportional,40,4.316914526942023,0.11738870949491223,0.666764090519424,0.825
H1,conditional,17,480,0ce02615f56b7851dfb95f26cf20d12849e454da4d5b7e1462530a74cb7ada1d,11,"[""Equal Baseline Exp 1"",""30843571"",""0""]",Equal,5,3.265913744937271,0.00025819809059028165,0.011600018025113314,0.0
H1,conditional,17,480,0ce02615f56b7851dfb95f26cf20d12849e454da4d5b7e1462530a74cb7ada1d,13,"[""Equal Baseline Exp 1"",""35368456"",""0""]",Equal,10,2.2093738329316843,0.1921772815861056,0.15860812589222031,0.2
H1,conditional,17,480,0ce02615f56b7851dfb95f26cf20d12849e454da4d5b7e1462530a74cb7ada1d,20,"[""Equal Baseline Exp 1"",""40800498"",""0""]",Equal,7,2.6764937068600956,0.0003877682404107985,0.01603074721078875,0.0
H1,conditional,17,480,0ce02615f56b7851dfb95f26cf20d12849e454da4d5b7e1462530a74cb7ada1d,25,"[""Equal Baseline Exp 1"",""46096247"",""0""]",Equal,12,2.531704223990698,0.12522523456950854,0.1772109858515443,0.16666666666666666
H1,conditional,17,480,0ce02615f56b7851dfb95f26cf20d12849e454da4d5b7e1462530a74cb7ada1d,31,"[""Equal Baseline Exp 1"",""75670883"",""0""]",Equal,5,2.7241430850358372,0.00021685131422671103,0.009791611724461401,0.0
H1,conditional,17,480,0ce02615f56b7851dfb95f26cf20d12849e454da4d5b7e1462530a74cb7ada1d,35,"[""Equal Baseline Exp 1"",""92291462"",""0""]",Equal,7,2.809550747824484,0.0034113668213212995,0.03936489149810675,0.0
H1,conditional,17,480,0ce02615f56b7851dfb95f26cf20d12849e454da4d5b7e1462530a74cb7ada1d,36,"[""Equal Baseline Exp 1"",""92992435"",""0""]",Equal,13,2.9449691479319493,0.011819886822563646,0.08959266315192295,0.0
H1,conditional,17,480,0ce02615f56b7851dfb95f26cf20d12849e454da4d5b7e1462530a74cb7ada1d,38,"[""Equal Baseline Exp 1"",""94815040"",""0""]",Equal,4,3.6586129811349895,0.00030063548913664937,0.013962002659330227,0.0
H1,conditional,17,480,0ce02615f56b7851dfb95f26cf20d12849e454da4d5b7e1462530a74cb7ada1d,44,"[""Mixed Baseline Exp 1"",""18823620"",""0""]",Mixed,40,3.8491654719101738,0.25053962341186764,0.5407590875360164,0.575
H1,conditional,17,480,0ce02615f56b7851dfb95f26cf20d12849e454da4d5b7e1462530a74cb7ada1d,47,"[""Mixed Baseline Exp 1"",""26185795"",""0""]",Mixed,40,3.2052708554378695,0.25212971932553835,0.4365178791770513,0.4
H1,conditional,17,480,0ce02615f56b7851dfb95f26cf20d12849e454da4d5b7e1462530a74cb7ada1d,52,"[""Mixed Baseline Exp 1"",""37465807"",""0""]",Mixed,40,3.5980699312025677,0.23534052209895046,0.4044756267265533,0.375
H1,conditional,17,480,0ce02615f56b7851dfb95f26cf20d12849e454da4d5b7e1462530a74cb7ada1d,57,"[""Mixed Baseline Exp 1"",""47841996"",""0""]",Mixed,10,2.6095320945184395,0.11996657866763512,0.114896732211657,0.1
H1,conditional,17,480,0ce02615f56b7851dfb95f26cf20d12849e454da4d5b7e1462530a74cb7ada1d,60,"[""Mixed Baseline Exp 1"",""50116627"",""0""]",Mixed,36,4.17134148796001,0.2666877200001039,0.3735757012368905,0.5555555555555556
H1,conditional,17,480,0ce02615f56b7851dfb95f26cf20d12849e454da4d5b7e1462530a74cb7ada1d,64,"[""Mixed Baseline Exp 1"",""64291720"",""0""]",Mixed,40,2.801242860744428,0.21463989291441346,0.45061485743310997,0.525
H1,conditional,17,480,0ce02615f56b7851dfb95f26cf20d12849e454da4d5b7e1462530a74cb7ada1d,73,"[""Mixed Baseline Exp 1"",""85460730"",""0""]",Mixed,36,3.4283200339685767,0.2424783975698141,0.37842761482354453,0.3333333333333333
H1,conditional,17,480,0ce02615f56b7851dfb95f26cf20d12849e454da4d5b7e1462530a74cb7ada1d,78,"[""Mixed Baseline Exp 1"",""95675568"",""0""]",Mixed,12,3.4236279959741034,0.09862242243901959,0.12302545322740142,0.08333333333333333
H1,conditional,17,480,0ce02615f56b7851dfb95f26cf20d12849e454da4d5b7e1462530a74cb7ada1d,80,"[""Proportional Baseline Exp 1"",""11095201"",""0""]",Proportional,40,3.4540021359946436,0.143335669552402,0.5642984097878011,0.75
H1,conditional,17,480,0ce02615f56b7851dfb95f26cf20d12849e454da4d5b7e1462530a74cb7ada1d,82,"[""Proportional Baseline Exp 1"",""14606420"",""0""]",Proportional,9,2.7151974329473276,0.09326510472758368,0.18005506031762256,0.1111111111111111
H1,conditional,17,480,0ce02615f56b7851dfb95f26cf20d12849e454da4d5b7e1462530a74cb7ada1d,89,"[""Proportional Baseline Exp 1"",""36303454"",""0""]",Proportional,40,4.415654388374766,0.19891175883227788,0.7059845116660577,0.725
H1,conditional,17,480,0ce02615f56b7851dfb95f26cf20d12849e454da4d5b7e1462530a74cb7ada1d,97,"[""Proportional Baseline Exp 1"",""45673270"",""0""]",Proportional,40,3.7255989239210705,0.14832333563533381,0.7144895983527688,0.75
H1,conditional,17,480,0ce02615f56b7851dfb95f26cf20d12849e454da4d5b7e1462530a74cb7ada1d,104,"[""Proportional Baseline Exp 1"",""63752993"",""0""]",Proportional,40,3.998543856556657,0.06710758469110396,0.7218566048817756,0.9
H1,conditional,17,480,0ce02615f56b7851dfb95f26cf20d12849e454da4d5b7e1462530a74cb7ada1d,107,"[""Proportional Baseline Exp 1"",""69384851"",""0""]",Proportional,40,3.8923838917836875,0.08862233589656654,0.6535159633388421,0.8
H1,conditional,17,480,0ce02615f56b7851dfb95f26cf20d12849e454da4d5b7e1462530a74cb7ada1d,111,"[""Proportional Baseline Exp 1"",""76356479"",""0""]",Proportional,40,3.460897683676915,0.19896031865251623,0.6234081567022025,0.7
H1,conditional,17,480,0ce02615f56b7851dfb95f26cf20d12849e454da4d5b7e1462530a74cb7ada1d,117,"[""Proportional Baseline Exp 1"",""85019022"",""0""]",Proportional,40,4.3178998482571185,0.13116185852549647,0.6323806001944725,0.825
H1,conditional,29,479,2ab1b391d4a2f416d83303dcb3d6f62da00f43cad1a8db76b1ccdab82faf37e9,11,"[""Equal Baseline Exp 1"",""30843571"",""0""]",Equal,5,3.25818093520762,0.00021662819294174267,0.010422513492085221,0.0
H1,conditional,29,479,2ab1b391d4a2f416d83303dcb3d6f62da00f43cad1a8db76b1ccdab82faf37e9,13,"[""Equal Baseline Exp 1"",""35368456"",""0""]",Equal,10,2.2099892638911895,0.19097468769598497,0.15793959114391182,0.2
H1,conditional,29,479,2ab1b391d4a2f416d83303dcb3d6f62da00f43cad1a8db76b1ccdab82faf37e9,20,"[""Equal Baseline Exp 1"",""40800498"",""0""]",Equal,7,2.6674655105064278,0.00033304069705567175,0.014669990133090406,0.0
H1,conditional,29,479,2ab1b391d4a2f416d83303dcb3d6f62da00f43cad1a8db76b1ccdab82faf37e9,25,"[""Equal Baseline Exp 1"",""46096247"",""0""]",Equal,12,2.5314367358572896,0.12520847427238696,0.1738372328224973,0.16666666666666666
H1,conditional,29,479,2ab1b391d4a2f416d83303dcb3d6f62da00f43cad1a8db76b1ccdab82faf37e9,31,"[""Equal Baseline Exp 1"",""75670883"",""0""]",Equal,5,2.718207895707539,0.0001863646529338138,0.00898844951089887,0.0
H1,conditional,29,479,2ab1b391d4a2f416d83303dcb3d6f62da00f43cad1a8db76b1ccdab82faf37e9,35,"[""Equal Baseline Exp 1"",""92291462"",""0""]",Equal,7,2.8144058208758684,0.0031139359140346613,0.03765757223117715,0.0
H1,conditional,29,479,2ab1b391d4a2f416d83303dcb3d6f62da00f43cad1a8db76b1ccdab82faf37e9,36,"[""Equal Baseline Exp 1"",""92992435"",""0""]",Equal,13,2.9415832589778246,0.011344497587688558,0.08764637509817676,0.0
H1,conditional,29,479,2ab1b391d4a2f416d83303dcb3d6f62da00f43cad1a8db76b1ccdab82faf37e9,38,"[""Equal Baseline Exp 1"",""94815040"",""0""]",Equal,4,3.628768661462905,0.00025378932356472247,0.012564350903427524,0.0
H1,conditional,29,479,2ab1b391d4a2f416d83303dcb3d6f62da00f43cad1a8db76b1ccdab82faf37e9,44,"[""Mixed Baseline Exp 1"",""18823620"",""0""]",Mixed,40,3.8500881145782584,0.25175708889309156,0.5339841054131552,0.575
H1,conditional,29,479,2ab1b391d4a2f416d83303dcb3d6f62da00f43cad1a8db76b1ccdab82faf37e9,47,"[""Mixed Baseline Exp 1"",""26185795"",""0""]",Mixed,40,3.20398881014989,0.2510792699543595,0.4301765509627352,0.4
H1,conditional,29,479,2ab1b391d4a2f416d83303dcb3d6f62da00f43cad1a8db76b1ccdab82faf37e9,52,"[""Mixed Baseline Exp 1"",""37465807"",""0""]",Mixed,40,3.594845273588345,0.23395890472905978,0.3996488732585392,0.375
H1,conditional,29,479,2ab1b391d4a2f416d83303dcb3d6f62da00f43cad1a8db76b1ccdab82faf37e9,57,"[""Mixed Baseline Exp 1"",""47841996"",""0""]",Mixed,10,2.6041801341065094,0.11897363766942917,0.11278503115201619,0.1
H1,conditional,29,479,2ab1b391d4a2f416d83303dcb3d6f62da00f43cad1a8db76b1ccdab82faf37e9,60,"[""Mixed Baseline Exp 1"",""50116627"",""0""]",Mixed,36,4.188057007146586,0.27272516975331385,0.3622794950601364,0.5555555555555556
H1,conditional,29,479,2ab1b391d4a2f416d83303dcb3d6f62da00f43cad1a8db76b1ccdab82faf37e9,64,"[""Mixed Baseline Exp 1"",""64291720"",""0""]",Mixed,40,2.803392317133481,0.21690509692929125,0.4439206306626211,0.525
H1,conditional,29,479,2ab1b391d4a2f416d83303dcb3d6f62da00f43cad1a8db76b1ccdab82faf37e9,73,"[""Mixed Baseline Exp 1"",""85460730"",""0""]",Mixed,36,3.425256206826372,0.24055733553583025,0.37252946160424427,0.3333333333333333
H1,conditional,29,479,2ab1b391d4a2f416d83303dcb3d6f62da00f43cad1a8db76b1ccdab82faf37e9,78,"[""Mixed Baseline Exp 1"",""95675568"",""0""]",Mixed,12,3.435766380349616,0.09796748954345748,0.11843330334576274,0.08333333333333333
H1,conditional,29,479,2ab1b391d4a2f416d83303dcb3d6f62da00f43cad1a8db76b1ccdab82faf37e9,80,"[""Proportional Baseline Exp 1"",""11095201"",""0""]",Proportional,40,3.4578274767029713,0.14474896804968998,0.5614189187600106,0.75
H1,conditional,29,479,2ab1b391d4a2f416d83303dcb3d6f62da00f43cad1a8db76b1ccdab82faf37e9,82,"[""Proportional Baseline Exp 1"",""14606420"",""0""]",Proportional,9,2.715310717951539,0.09291239976213898,0.18162416224471556,0.1111111111111111
H1,conditional,29,479,2ab1b391d4a2f416d83303dcb3d6f62da00f43cad1a8db76b1ccdab82faf37e9,89,"[""Proportional Baseline Exp 1"",""36303454"",""0""]",Proportional,40,4.418104402216548,0.19993304481925228,0.7119241833347113,0.725
H1,conditional,29,479,2ab1b391d4a2f416d83303dcb3d6f62da00f43cad1a8db76b1ccdab82faf37e9,97,"[""Proportional Baseline Exp 1"",""45673270"",""0""]",Proportional,40,3.714705714317431,0.1507182750755359,0.7125721725890493,0.75
H1,conditional,29,479,2ab1b391d4a2f416d83303dcb3d6f62da00f43cad1a8db76b1ccdab82faf37e9,104,"[""Proportional Baseline Exp 1"",""63752993"",""0""]",Proportional,40,4.009581401078037,0.06555291031267921,0.7267230816367646,0.9
H1,conditional,29,479,2ab1b391d4a2f416d83303dcb3d6f62da00f43cad1a8db76b1ccdab82faf37e9,107,"[""Proportional Baseline Exp 1"",""69384851"",""0""]",Proportional,40,3.8904455470611268,0.08810110164487661,0.6531432933602515,0.8
H1,conditional,29,479,2ab1b391d4a2f416d83303dcb3d6f62da00f43cad1a8db76b1ccdab82faf37e9,111,"[""Proportional Baseline Exp 1"",""76356479"",""0""]",Proportional,40,3.4719110673667424,0.1978932639348646,0.6173966729064706,0.7
H1,conditional,29,479,2ab1b391d4a2f416d83303dcb3d6f62da00f43cad1a8db76b1ccdab82faf37e9,117,"[""Proportional Baseline Exp 1"",""85019022"",""0""]",Proportional,40,4.3211304034151095,0.12464310256438078,0.6463878530361311,0.825
H1,conditional,43,480,8db1ae16acc2a45e47b63d73d19b64849a67d78319bffa949269b6d8298094f1,11,"[""Equal Baseline Exp 1"",""30843571"",""0""]",Equal,5,3.252425918468954,0.0002029725892248418,0.010173677801402905,0.0
H1,conditional,43,480,8db1ae16acc2a45e47b63d73d19b64849a67d78319bffa949269b6d8298094f1,13,"[""Equal Baseline Exp 1"",""35368456"",""0""]",Equal,10,2.2068469829788517,0.19260159646991087,0.15932528602305093,0.2
H1,conditional,43,480,8db1ae16acc2a45e47b63d73d19b64849a67d78319bffa949269b6d8298094f1,20,"[""Equal Baseline Exp 1"",""40800498"",""0""]",Equal,7,2.6681942204403772,0.00031920954280425753,0.014428568888118503,0.0
H1,conditional,43,480,8db1ae16acc2a45e47b63d73d19b64849a67d78319bffa949269b6d8298094f1,25,"[""Equal Baseline Exp 1"",""46096247"",""0""]",Equal,12,2.5315775739034105,0.12512925948172424,0.1756746410353681,0.16666666666666666
H1,conditional,43,480,8db1ae16acc2a45e47b63d73d19b64849a67d78319bffa949269b6d8298094f1,31,"[""Equal Baseline Exp 1"",""75670883"",""0""]",Equal,5,2.7141669196234894,0.00017235890045840123,0.008717018557479198,0.0
H1,conditional,43,480,8db1ae16acc2a45e47b63d73d19b64849a67d78319bffa949269b6d8298094f1,35,"[""Equal Baseline Exp 1"",""92291462"",""0""]",Equal,7,2.80772581837169,0.0031257489898232327,0.03743033311356313,0.0
H1,conditional,43,480,8db1ae16acc2a45e47b63d73d19b64849a67d78319bffa949269b6d8298094f1,36,"[""Equal Baseline Exp 1"",""92992435"",""0""]",Equal,13,2.9442266698047397,0.011298244295177682,0.08729788941682706,0.0
H1,conditional,43,480,8db1ae16acc2a45e47b63d73d19b64849a67d78319bffa949269b6d8298094f1,38,"[""Equal Baseline Exp 1"",""94815040"",""0""]",Equal,4,3.642051382747346,0.00023526529482811146,0.01218442699473724,0.0
H1,conditional,43,480,8db1ae16acc2a45e47b63d73d19b64849a67d78319bffa949269b6d8298094f1,44,"[""Mixed Baseline Exp 1"",""18823620"",""0""]",Mixed,40,3.849564083211694,0.251832828983279,0.5342886443347897,0.575
H1,conditional,43,480,8db1ae16acc2a45e47b63d73d19b64849a67d78319bffa949269b6d8298094f1,47,"[""Mixed Baseline Exp 1"",""26185795"",""0""]",Mixed,40,3.2025384757086846,0.2518283344972798,0.43111256789068564,0.4
H1,conditional,43,480,8db1ae16acc2a45e47b63d73d19b64849a67d78319bffa949269b6d8298094f1,52,"[""Mixed Baseline Exp 1"",""37465807"",""0""]",Mixed,40,3.597500142172508,0.2336916862719461,0.39999636763132806,0.375
H1,conditional,43,480,8db1ae16acc2a45e47b63d73d19b64849a67d78319bffa949269b6d8298094f1,57,"[""Mixed Baseline Exp 1"",""47841996"",""0""]",Mixed,10,2.605400471158295,0.11962480823022241,0.11313984454911408,0.1
H1,conditional,43,480,8db1ae16acc2a45e47b63d73d19b64849a67d78319bffa949269b6d8298094f1,60,"[""Mixed Baseline Exp 1"",""50116627"",""0""]",Mixed,36,4.183827526163819,0.272589731146035,0.3600312190144776,0.5555555555555556
H1,conditional,43,480,8db1ae16acc2a45e47b63d73d19b64849a67d78319bffa949269b6d8298094f1,64,"[""Mixed Baseline Exp 1"",""64291720"",""0""]",Mixed,40,2.7991378966028897,0.21632498606131922,0.44568754194900323,0.525
H1,conditional,43,480,8db1ae16acc2a45e47b63d73d19b64849a67d78319bffa949269b6d8298094f1,73,"[""Mixed Baseline Exp 1"",""85460730"",""0""]",Mixed,36,3.426320209420557,0.23985998593272687,0.3701755352499019,0.3333333333333333
H1,conditional,43,480,8db1ae16acc2a45e47b63d73d19b64849a67d78319bffa949269b6d8298094f1,78,"[""Mixed Baseline Exp 1"",""95675568"",""0""]",Mixed,12,3.436272015351568,0.09788503960600604,0.11779489487065527,0.08333333333333333
H1,conditional,43,480,8db1ae16acc2a45e47b63d73d19b64849a67d78319bffa949269b6d8298094f1,80,"[""Proportional Baseline Exp 1"",""11095201"",""0""]",Proportional,40,3.437875139182016,0.14327635531202987,0.5647409220443486,0.75
H1,conditional,43,480,8db1ae16acc2a45e47b63d73d19b64849a67d78319bffa949269b6d8298094f1,82,"[""Proportional Baseline Exp 1"",""14606420"",""0""]",Proportional,9,2.7170843267283598,0.0932572004569227,0.181217462009805,0.1111111111111111
H1,conditional,43,480,8db1ae16acc2a45e47b63d73d19b64849a67d78319bffa949269b6d8298094f1,89,"[""Proportional Baseline Exp 1"",""36303454"",""0""]",Proportional,40,4.419109291265315,0.1998144930166943,0.7119609821399859,0.725
H1,conditional,43,480,8db1ae16acc2a45e47b63d73d19b64849a67d78319bffa949269b6d8298094f1,97,"[""Proportional Baseline Exp 1"",""45673270"",""0""]",Proportional,40,3.70596981908466,0.15077921736676667,0.7150676611059088,0.75
H1,conditional,43,480,8db1ae16acc2a45e47b63d73d19b64849a67d78319bffa949269b6d8298094f1,104,"[""Proportional Baseline Exp 1"",""63752993"",""0""]",Proportional,40,3.990348024863657,0.06502816175226571,0.7277721287007455,0.9
H1,conditional,43,480,8db1ae16acc2a45e47b63d73d19b64849a67d78319bffa949269b6d8298094f1,107,"[""Proportional Baseline Exp 1"",""69384851"",""0""]",Proportional,40,3.894102141519673,0.08737893653501695,0.6551130283161398,0.8
H1,conditional,43,480,8db1ae16acc2a45e47b63d73d19b64849a67d78319bffa949269b6d8298094f1,111,"[""Proportional Baseline Exp 1"",""76356479"",""0""]",Proportional,40,3.462677263483043,0.19748655669063014,0.6202211778151324,0.7
H1,conditional,43,480,8db1ae16acc2a45e47b63d73d19b64849a67d78319bffa949269b6d8298094f1,117,"[""Proportional Baseline Exp 1"",""85019022"",""0""]",Proportional,40,4.321722546054767,0.12438752101157557,0.6470972228707297,0.825
feedforward,original,17,109,be65c3cf7720e5805db3f1eeb285d832d662e8b54d5684fc51e051e9ce4032a2,11,"[""Equal Baseline Exp 1"",""30843571"",""0""]",Equal,5,3.7330463738118893,0.003726458460250712,0.04806289385931152,0.0
feedforward,original,17,109,be65c3cf7720e5805db3f1eeb285d832d662e8b54d5684fc51e051e9ce4032a2,13,"[""Equal Baseline Exp 1"",""35368456"",""0""]",Equal,10,2.2362663814371606,0.10596765708291747,0.20042216544167918,0.2
feedforward,original,17,109,be65c3cf7720e5805db3f1eeb285d832d662e8b54d5684fc51e051e9ce4032a2,20,"[""Equal Baseline Exp 1"",""40800498"",""0""]",Equal,7,2.8825805207081427,0.00674072841095437,0.07132930379755247,0.0
feedforward,original,17,109,be65c3cf7720e5805db3f1eeb285d832d662e8b54d5684fc51e051e9ce4032a2,25,"[""Equal Baseline Exp 1"",""46096247"",""0""]",Equal,12,2.519835248286765,0.12565818573327478,0.2003058915398074,0.16666666666666666
feedforward,original,17,109,be65c3cf7720e5805db3f1eeb285d832d662e8b54d5684fc51e051e9ce4032a2,31,"[""Equal Baseline Exp 1"",""75670883"",""0""]",Equal,5,3.5252162155806794,0.006356198535726218,0.06812855491805034,0.0
feedforward,original,17,109,be65c3cf7720e5805db3f1eeb285d832d662e8b54d5684fc51e051e9ce4032a2,35,"[""Equal Baseline Exp 1"",""92291462"",""0""]",Equal,7,3.095514578499055,0.0512632731922262,0.15530602223253995,0.0
feedforward,original,17,109,be65c3cf7720e5805db3f1eeb285d832d662e8b54d5684fc51e051e9ce4032a2,36,"[""Equal Baseline Exp 1"",""92992435"",""0""]",Equal,13,3.0196699198908323,0.012897694779053576,0.09296510046005098,0.0
feedforward,original,17,109,be65c3cf7720e5805db3f1eeb285d832d662e8b54d5684fc51e051e9ce4032a2,38,"[""Equal Baseline Exp 1"",""94815040"",""0""]",Equal,4,4.249803557057873,0.006721939169248532,0.07329962931270671,0.0
feedforward,original,17,109,be65c3cf7720e5805db3f1eeb285d832d662e8b54d5684fc51e051e9ce4032a2,44,"[""Mixed Baseline Exp 1"",""18823620"",""0""]",Mixed,40,4.64756643396688,0.4593168196093996,0.1336313651722476,0.575
feedforward,original,17,109,be65c3cf7720e5805db3f1eeb285d832d662e8b54d5684fc51e051e9ce4032a2,47,"[""Mixed Baseline Exp 1"",""26185795"",""0""]",Mixed,40,3.879664246405402,0.32656091691606576,0.09903339510867804,0.4
feedforward,original,17,109,be65c3cf7720e5805db3f1eeb285d832d662e8b54d5684fc51e051e9ce4032a2,52,"[""Mixed Baseline Exp 1"",""37465807"",""0""]",Mixed,40,4.341153043311451,0.3197500725412493,0.0939745432225843,0.375
feedforward,original,17,109,be65c3cf7720e5805db3f1eeb285d832d662e8b54d5684fc51e051e9ce4032a2,57,"[""Mixed Baseline Exp 1"",""47841996"",""0""]",Mixed,10,2.5490376274976994,0.10083381786142595,0.13268722982918538,0.1
feedforward,original,17,109,be65c3cf7720e5805db3f1eeb285d832d662e8b54d5684fc51e051e9ce4032a2,60,"[""Mixed Baseline Exp 1"",""50116627"",""0""]",Mixed,36,4.2022168391591865,0.3126676340033051,0.2748403177233839,0.5555555555555556
feedforward,original,17,109,be65c3cf7720e5805db3f1eeb285d832d662e8b54d5684fc51e051e9ce4032a2,64,"[""Mixed Baseline Exp 1"",""64291720"",""0""]",Mixed,40,3.643771883502913,0.4262014822107664,0.10365475491035774,0.525
feedforward,original,17,109,be65c3cf7720e5805db3f1eeb285d832d662e8b54d5684fc51e051e9ce4032a2,73,"[""Mixed Baseline Exp 1"",""85460730"",""0""]",Mixed,36,3.5756689807045436,0.22864082066404703,0.21664884878712062,0.3333333333333333
feedforward,original,17,109,be65c3cf7720e5805db3f1eeb285d832d662e8b54d5684fc51e051e9ce4032a2,78,"[""Mixed Baseline Exp 1"",""95675568"",""0""]",Mixed,12,2.9933357194688397,0.07771455421599927,0.14782507924524477,0.08333333333333333
feedforward,original,17,109,be65c3cf7720e5805db3f1eeb285d832d662e8b54d5684fc51e051e9ce4032a2,80,"[""Proportional Baseline Exp 1"",""11095201"",""0""]",Proportional,40,3.5174796306407146,0.18386214807160947,0.5377324036821431,0.75
feedforward,original,17,109,be65c3cf7720e5805db3f1eeb285d832d662e8b54d5684fc51e051e9ce4032a2,82,"[""Proportional Baseline Exp 1"",""14606420"",""0""]",Proportional,9,2.903140619550246,0.09417827125511644,0.2779894083789824,0.1111111111111111
feedforward,original,17,109,be65c3cf7720e5805db3f1eeb285d832d662e8b54d5684fc51e051e9ce4032a2,89,"[""Proportional Baseline Exp 1"",""36303454"",""0""]",Proportional,40,4.473399532216101,0.21630890046394105,0.7584088502377285,0.725
feedforward,original,17,109,be65c3cf7720e5805db3f1eeb285d832d662e8b54d5684fc51e051e9ce4032a2,97,"[""Proportional Baseline Exp 1"",""45673270"",""0""]",Proportional,40,4.067037715616546,0.23373318069354623,0.612447098380988,0.75
feedforward,original,17,109,be65c3cf7720e5805db3f1eeb285d832d662e8b54d5684fc51e051e9ce4032a2,104,"[""Proportional Baseline Exp 1"",""63752993"",""0""]",Proportional,40,4.074947057020088,0.0896598803096526,0.7146258362500146,0.9
feedforward,original,17,109,be65c3cf7720e5805db3f1eeb285d832d662e8b54d5684fc51e051e9ce4032a2,107,"[""Proportional Baseline Exp 1"",""69384851"",""0""]",Proportional,40,4.013280464646135,0.10965478488021892,0.6038939511002035,0.8
feedforward,original,17,109,be65c3cf7720e5805db3f1eeb285d832d662e8b54d5684fc51e051e9ce4032a2,111,"[""Proportional Baseline Exp 1"",""76356479"",""0""]",Proportional,40,3.5335456776544576,0.22923762153026983,0.5009897535743708,0.7
feedforward,original,17,109,be65c3cf7720e5805db3f1eeb285d832d662e8b54d5684fc51e051e9ce4032a2,117,"[""Proportional Baseline Exp 1"",""85019022"",""0""]",Proportional,40,4.326246919873036,0.1308124512900201,0.6760297556570416,0.825
feedforward,original,29,116,72769aecba837a6103debf4e06eb9657c7c975953a6c9238c6f38ec4da84fe6f,11,"[""Equal Baseline Exp 1"",""30843571"",""0""]",Equal,5,3.8053637969726415,0.00507752549766071,0.05628212360970301,0.0
feedforward,original,29,116,72769aecba837a6103debf4e06eb9657c7c975953a6c9238c6f38ec4da84fe6f,13,"[""Equal Baseline Exp 1"",""35368456"",""0""]",Equal,10,2.2486064670346075,0.10628537610656219,0.20104744976168312,0.2
feedforward,original,29,116,72769aecba837a6103debf4e06eb9657c7c975953a6c9238c6f38ec4da84fe6f,20,"[""Equal Baseline Exp 1"",""40800498"",""0""]",Equal,7,2.908469858391006,0.007774109643112472,0.07764002421828624,0.0
feedforward,original,29,116,72769aecba837a6103debf4e06eb9657c7c975953a6c9238c6f38ec4da84fe6f,25,"[""Equal Baseline Exp 1"",""46096247"",""0""]",Equal,12,2.5351629480373528,0.12728439581705522,0.20508408023951089,0.16666666666666666
feedforward,original,29,116,72769aecba837a6103debf4e06eb9657c7c975953a6c9238c6f38ec4da84fe6f,31,"[""Equal Baseline Exp 1"",""75670883"",""0""]",Equal,5,3.5758742356193105,0.0067428999734463315,0.07175789952224983,0.0
feedforward,original,29,116,72769aecba837a6103debf4e06eb9657c7c975953a6c9238c6f38ec4da84fe6f,35,"[""Equal Baseline Exp 1"",""92291462"",""0""]",Equal,7,3.1402713763426027,0.051481308635868514,0.1592580639867083,0.0
feedforward,original,29,116,72769aecba837a6103debf4e06eb9657c7c975953a6c9238c6f38ec4da84fe6f,36,"[""Equal Baseline Exp 1"",""92992435"",""0""]",Equal,13,2.9968642372424137,0.01450130099789303,0.10089144474269965,0.0
feedforward,original,29,116,72769aecba837a6103debf4e06eb9657c7c975953a6c9238c6f38ec4da84fe6f,38,"[""Equal Baseline Exp 1"",""94815040"",""0""]",Equal,4,4.3290941155613245,0.00815383336985375,0.08096173861973069,0.0
feedforward,original,29,116,72769aecba837a6103debf4e06eb9657c7c975953a6c9238c6f38ec4da84fe6f,44,"[""Mixed Baseline Exp 1"",""18823620"",""0""]",Mixed,40,4.576182566023936,0.44989019542140996,0.14666395759157122,0.575
feedforward,original,29,116,72769aecba837a6103debf4e06eb9657c7c975953a6c9238c6f38ec4da84fe6f,47,"[""Mixed Baseline Exp 1"",""26185795"",""0""]",Mixed,40,3.7971060983349547,0.3200611242311052,0.11160410593446683,0.4
feedforward,original,29,116,72769aecba837a6103debf4e06eb9657c7c975953a6c9238c6f38ec4da84fe6f,52,"[""Mixed Baseline Exp 1"",""37465807"",""0""]",Mixed,40,4.212209562503071,0.3089957608139676,0.11047192429403493,0.375
feedforward,original,29,116,72769aecba837a6103debf4e06eb9657c7c975953a6c9238c6f38ec4da84fe6f,57,"[""Mixed Baseline Exp 1"",""47841996"",""0""]",Mixed,10,2.576656588472453,0.10271318095845408,0.13938025978033008,0.1
feedforward,original,29,116,72769aecba837a6103debf4e06eb9657c7c975953a6c9238c6f38ec4da84fe6f,60,"[""Mixed Baseline Exp 1"",""50116627"",""0""]",Mixed,36,4.188197716233108,0.3034664248639603,0.2917535955354912,0.5555555555555556
feedforward,original,29,116,72769aecba837a6103debf4e06eb9657c7c975953a6c9238c6f38ec4da84fe6f,64,"[""Mixed Baseline Exp 1"",""64291720"",""0""]",Mixed,40,3.5598016067338976,0.4154784756511482,0.11678464862029954,0.525
feedforward,original,29,116,72769aecba837a6103debf4e06eb9657c7c975953a6c9238c6f38ec4da84fe6f,73,"[""Mixed Baseline Exp 1"",""85460730"",""0""]",Mixed,36,3.5567364763865275,0.22619815271482574,0.2245095539076401,0.3333333333333333
feedforward,original,29,116,72769aecba837a6103debf4e06eb9657c7c975953a6c9238c6f38ec4da84fe6f,78,"[""Mixed Baseline Exp 1"",""95675568"",""0""]",Mixed,12,2.9978082388473712,0.07981550218936395,0.15408943075501766,0.08333333333333333
feedforward,original,29,116,72769aecba837a6103debf4e06eb9657c7c975953a6c9238c6f38ec4da84fe6f,80,"[""Proportional Baseline Exp 1"",""11095201"",""0""]",Proportional,40,3.507895202495816,0.18528866216376239,0.5371092957745809,0.75
feedforward,original,29,116,72769aecba837a6103debf4e06eb9657c7c975953a6c9238c6f38ec4da84fe6f,82,"[""Proportional Baseline Exp 1"",""14606420"",""0""]",Proportional,9,2.915476582686235,0.09390081843149051,0.2798506271427681,0.1111111111111111
feedforward,original,29,116,72769aecba837a6103debf4e06eb9657c7c975953a6c9238c6f38ec4da84fe6f,89,"[""Proportional Baseline Exp 1"",""36303454"",""0""]",Proportional,40,4.492528586721017,0.22149274195724006,0.7893187685578064,0.725
feedforward,original,29,116,72769aecba837a6103debf4e06eb9657c7c975953a6c9238c6f38ec4da84fe6f,97,"[""Proportional Baseline Exp 1"",""45673270"",""0""]",Proportional,40,4.049600783434697,0.22532508207929566,0.6294280787249494,0.75
feedforward,original,29,116,72769aecba837a6103debf4e06eb9657c7c975953a6c9238c6f38ec4da84fe6f,104,"[""Proportional Baseline Exp 1"",""63752993"",""0""]",Proportional,40,4.0767801980396685,0.08050896350899443,0.7383422578857072,0.9
feedforward,original,29,116,72769aecba837a6103debf4e06eb9657c7c975953a6c9238c6f38ec4da84fe6f,107,"[""Proportional Baseline Exp 1"",""69384851"",""0""]",Proportional,40,3.9869011067233524,0.10786979721048362,0.6122199865089042,0.8
feedforward,original,29,116,72769aecba837a6103debf4e06eb9657c7c975953a6c9238c6f38ec4da84fe6f,111,"[""Proportional Baseline Exp 1"",""76356479"",""0""]",Proportional,40,3.5224611516854067,0.23409142421160234,0.4985710703050815,0.7
feedforward,original,29,116,72769aecba837a6103debf4e06eb9657c7c975953a6c9238c6f38ec4da84fe6f,117,"[""Proportional Baseline Exp 1"",""85019022"",""0""]",Proportional,40,4.3534785738632,0.1204705931250956,0.7031355996828879,0.825
feedforward,original,43,117,9f2316808439affb020d8d2382b50d0d5f2fa551c8451ed4228e82821cebbe18,11,"[""Equal Baseline Exp 1"",""30843571"",""0""]",Equal,5,3.7008788943072553,0.003354397500018453,0.04684429503247269,0.0
feedforward,original,43,117,9f2316808439affb020d8d2382b50d0d5f2fa551c8451ed4228e82821cebbe18,13,"[""Equal Baseline Exp 1"",""35368456"",""0""]",Equal,10,2.21391975784037,0.10428223674947931,0.21765307410349694,0.2
feedforward,original,43,117,9f2316808439affb020d8d2382b50d0d5f2fa551c8451ed4228e82821cebbe18,20,"[""Equal Baseline Exp 1"",""40800498"",""0""]",Equal,7,2.913115043378313,0.007700427588434166,0.07478977292950371,0.0
feedforward,original,43,117,9f2316808439affb020d8d2382b50d0d5f2fa551c8451ed4228e82821cebbe18,25,"[""Equal Baseline Exp 1"",""46096247"",""0""]",Equal,12,2.5170430632626934,0.12660636156544816,0.22010575744679114,0.16666666666666666
feedforward,original,43,117,9f2316808439affb020d8d2382b50d0d5f2fa551c8451ed4228e82821cebbe18,31,"[""Equal Baseline Exp 1"",""75670883"",""0""]",Equal,5,3.5584990505849574,0.008211365026484198,0.07523653203074462,0.0
feedforward,original,43,117,9f2316808439affb020d8d2382b50d0d5f2fa551c8451ed4228e82821cebbe18,35,"[""Equal Baseline Exp 1"",""92291462"",""0""]",Equal,7,3.1090932608508375,0.062367629899023544,0.16933078644875652,0.0
feedforward,original,43,117,9f2316808439affb020d8d2382b50d0d5f2fa551c8451ed4228e82821cebbe18,36,"[""Equal Baseline Exp 1"",""92992435"",""0""]",Equal,13,3.0254168298191972,0.014675559882271639,0.09855874580463989,0.0
feedforward,original,43,117,9f2316808439affb020d8d2382b50d0d5f2fa551c8451ed4228e82821cebbe18,38,"[""Equal Baseline Exp 1"",""94815040"",""0""]",Equal,4,4.215789133290345,0.005539407112837093,0.0679599074814499,0.0
feedforward,original,43,117,9f2316808439affb020d8d2382b50d0d5f2fa551c8451ed4228e82821cebbe18,44,"[""Mixed Baseline Exp 1"",""18823620"",""0""]",Mixed,40,4.631015410415819,0.4593040011108984,0.13484414169110542,0.575
feedforward,original,43,117,9f2316808439affb020d8d2382b50d0d5f2fa551c8451ed4228e82821cebbe18,47,"[""Mixed Baseline Exp 1"",""26185795"",""0""]",Mixed,40,3.913348435658519,0.33118224098508015,0.09720683094371753,0.4
feedforward,original,43,117,9f2316808439affb020d8d2382b50d0d5f2fa551c8451ed4228e82821cebbe18,52,"[""Mixed Baseline Exp 1"",""37465807"",""0""]",Mixed,40,4.274517379957598,0.31275080098188957,0.10604075238931558,0.375
feedforward,original,43,117,9f2316808439affb020d8d2382b50d0d5f2fa551c8451ed4228e82821cebbe18,57,"[""Mixed Baseline Exp 1"",""47841996"",""0""]",Mixed,10,2.5454826414344103,0.10074964121886046,0.14336569124747592,0.1
feedforward,original,43,117,9f2316808439affb020d8d2382b50d0d5f2fa551c8451ed4228e82821cebbe18,60,"[""Mixed Baseline Exp 1"",""50116627"",""0""]",Mixed,36,4.145505383031816,0.29254004808941214,0.30042751407902896,0.5555555555555556
feedforward,original,43,117,9f2316808439affb020d8d2382b50d0d5f2fa551c8451ed4228e82821cebbe18,64,"[""Mixed Baseline Exp 1"",""64291720"",""0""]",Mixed,40,3.7446924462821514,0.43861689839558926,0.0922967212464861,0.525
feedforward,original,43,117,9f2316808439affb020d8d2382b50d0d5f2fa551c8451ed4228e82821cebbe18,73,"[""Mixed Baseline Exp 1"",""85460730"",""0""]",Mixed,36,3.5478346377832923,0.22268111723574346,0.22341618911055974,0.3333333333333333
feedforward,original,43,117,9f2316808439affb020d8d2382b50d0d5f2fa551c8451ed4228e82821cebbe18,78,"[""Mixed Baseline Exp 1"",""95675568"",""0""]",Mixed,12,3.004936244121792,0.0761685855895603,0.1531766322518107,0.08333333333333333
feedforward,original,43,117,9f2316808439affb020d8d2382b50d0d5f2fa551c8451ed4228e82821cebbe18,80,"[""Proportional Baseline Exp 1"",""11095201"",""0""]",Proportional,40,3.4899411243274043,0.17189162524450502,0.5640361191842268,0.75
feedforward,original,43,117,9f2316808439affb020d8d2382b50d0d5f2fa551c8451ed4228e82821cebbe18,82,"[""Proportional Baseline Exp 1"",""14606420"",""0""]",Proportional,9,2.918561987956098,0.10469799617636867,0.30048261608479404,0.1111111111111111
feedforward,original,43,117,9f2316808439affb020d8d2382b50d0d5f2fa551c8451ed4228e82821cebbe18,89,"[""Proportional Baseline Exp 1"",""36303454"",""0""]",Proportional,40,4.5036089204858785,0.21602752410368292,0.7782758671221204,0.725
feedforward,original,43,117,9f2316808439affb020d8d2382b50d0d5f2fa551c8451ed4228e82821cebbe18,97,"[""Proportional Baseline Exp 1"",""45673270"",""0""]",Proportional,40,4.000165034774251,0.22235564453688497,0.6330196379489024,0.75
feedforward,original,43,117,9f2316808439affb020d8d2382b50d0d5f2fa551c8451ed4228e82821cebbe18,104,"[""Proportional Baseline Exp 1"",""63752993"",""0""]",Proportional,40,4.056547858226077,0.08217472959404475,0.7355593638916574,0.9
feedforward,original,43,117,9f2316808439affb020d8d2382b50d0d5f2fa551c8451ed4228e82821cebbe18,107,"[""Proportional Baseline Exp 1"",""69384851"",""0""]",Proportional,40,3.9729381971378857,0.10210666761707747,0.623160692764231,0.8
feedforward,original,43,117,9f2316808439affb020d8d2382b50d0d5f2fa551c8451ed4228e82821cebbe18,111,"[""Proportional Baseline Exp 1"",""76356479"",""0""]",Proportional,40,3.491790221983063,0.21502403881300697,0.5242202028349675,0.7
feedforward,original,43,117,9f2316808439affb020d8d2382b50d0d5f2fa551c8451ed4228e82821cebbe18,117,"[""Proportional Baseline Exp 1"",""85019022"",""0""]",Proportional,40,4.3597251799191925,0.11829779092819084,0.7198381486487136,0.825
recurrent,original,17,116,4146b729f335ff47d4f2e59c62a77fc77d8cdc8db568839126dcc5cf41f884a7,11,"[""Equal Baseline Exp 1"",""30843571"",""0""]",Equal,5,3.2389224379834176,0.0003740772287277701,0.01674496687875405,0.0
recurrent,original,17,116,4146b729f335ff47d4f2e59c62a77fc77d8cdc8db568839126dcc5cf41f884a7,13,"[""Equal Baseline Exp 1"",""35368456"",""0""]",Equal,10,2.241204895663002,0.13003015748042315,0.13647086572805517,0.2
recurrent,original,17,116,4146b729f335ff47d4f2e59c62a77fc77d8cdc8db568839126dcc5cf41f884a7,20,"[""Equal Baseline Exp 1"",""40800498"",""0""]",Equal,7,2.777472242430092,0.0010793099433238224,0.024804428126127542,0.0
recurrent,original,17,116,4146b729f335ff47d4f2e59c62a77fc77d8cdc8db568839126dcc5cf41f884a7,25,"[""Equal Baseline Exp 1"",""46096247"",""0""]",Equal,12,2.498429012846357,0.12492495054418891,0.1777104667663726,0.16666666666666666
recurrent,original,17,116,4146b729f335ff47d4f2e59c62a77fc77d8cdc8db568839126dcc5cf41f884a7,31,"[""Equal Baseline Exp 1"",""75670883"",""0""]",Equal,5,2.838508954002828,0.00043317094498364643,0.017429780393075345,0.0
recurrent,original,17,116,4146b729f335ff47d4f2e59c62a77fc77d8cdc8db568839126dcc5cf41f884a7,35,"[""Equal Baseline Exp 1"",""92291462"",""0""]",Equal,7,2.726386471746639,0.02049217497867378,0.07792334611079524,0.0
recurrent,original,17,116,4146b729f335ff47d4f2e59c62a77fc77d8cdc8db568839126dcc5cf41f884a7,36,"[""Equal Baseline Exp 1"",""92992435"",""0""]",Equal,13,3.0712685400166992,0.027245415483307032,0.14546077705067706,0.0
recurrent,original,17,116,4146b729f335ff47d4f2e59c62a77fc77d8cdc8db568839126dcc5cf41f884a7,38,"[""Equal Baseline Exp 1"",""94815040"",""0""]",Equal,4,3.6098802516549027,0.00028573664933709286,0.01557564562295663,0.0
recurrent,original,17,116,4146b729f335ff47d4f2e59c62a77fc77d8cdc8db568839126dcc5cf41f884a7,44,"[""Mixed Baseline Exp 1"",""18823620"",""0""]",Mixed,40,3.859111595401898,0.2451518004782285,0.4561945625701849,0.575
recurrent,original,17,116,4146b729f335ff47d4f2e59c62a77fc77d8cdc8db568839126dcc5cf41f884a7,47,"[""Mixed Baseline Exp 1"",""26185795"",""0""]",Mixed,40,3.214767407111245,0.2307255617025688,0.40735684657121907,0.4
recurrent,original,17,116,4146b729f335ff47d4f2e59c62a77fc77d8cdc8db568839126dcc5cf41f884a7,52,"[""Mixed Baseline Exp 1"",""37465807"",""0""]",Mixed,40,3.666401829654734,0.2341969319898037,0.44717361943669953,0.375
recurrent,original,17,116,4146b729f335ff47d4f2e59c62a77fc77d8cdc8db568839126dcc5cf41f884a7,57,"[""Mixed Baseline Exp 1"",""47841996"",""0""]",Mixed,10,2.475104899321879,0.09843382647545458,0.09208849821415843,0.1
recurrent,original,17,116,4146b729f335ff47d4f2e59c62a77fc77d8cdc8db568839126dcc5cf41f884a7,60,"[""Mixed Baseline Exp 1"",""50116627"",""0""]",Mixed,36,4.10058128998224,0.24427945434595225,0.3976701390408119,0.5555555555555556
recurrent,original,17,116,4146b729f335ff47d4f2e59c62a77fc77d8cdc8db568839126dcc5cf41f884a7,64,"[""Mixed Baseline Exp 1"",""64291720"",""0""]",Mixed,40,2.88582505859675,0.24430795852542725,0.39041697034048395,0.525
recurrent,original,17,116,4146b729f335ff47d4f2e59c62a77fc77d8cdc8db568839126dcc5cf41f884a7,73,"[""Mixed Baseline Exp 1"",""85460730"",""0""]",Mixed,36,3.5798697117930383,0.2838229333130123,0.4574626601237455,0.3333333333333333
recurrent,original,17,116,4146b729f335ff47d4f2e59c62a77fc77d8cdc8db568839126dcc5cf41f884a7,78,"[""Mixed Baseline Exp 1"",""95675568"",""0""]",Mixed,12,3.1143254736886106,0.0756183419600845,0.14486437165931917,0.08333333333333333
recurrent,original,17,116,4146b729f335ff47d4f2e59c62a77fc77d8cdc8db568839126dcc5cf41f884a7,80,"[""Proportional Baseline Exp 1"",""11095201"",""0""]",Proportional,40,3.4568986688908394,0.16508803542878883,0.56133544158022,0.75
recurrent,original,17,116,4146b729f335ff47d4f2e59c62a77fc77d8cdc8db568839126dcc5cf41f884a7,82,"[""Proportional Baseline Exp 1"",""14606420"",""0""]",Proportional,9,2.724942361101688,0.07503479964453279,0.21464921798281425,0.1111111111111111
recurrent,original,17,116,4146b729f335ff47d4f2e59c62a77fc77d8cdc8db568839126dcc5cf41f884a7,89,"[""Proportional Baseline Exp 1"",""36303454"",""0""]",Proportional,40,4.474257955917162,0.19848479007401534,0.7218247153940687,0.725
recurrent,original,17,116,4146b729f335ff47d4f2e59c62a77fc77d8cdc8db568839126dcc5cf41f884a7,97,"[""Proportional Baseline Exp 1"",""45673270"",""0""]",Proportional,40,4.0164059002006915,0.1889495529956265,0.6308757973351458,0.75
recurrent,original,17,116,4146b729f335ff47d4f2e59c62a77fc77d8cdc8db568839126dcc5cf41f884a7,104,"[""Proportional Baseline Exp 1"",""63752993"",""0""]",Proportional,40,4.104062233586168,0.10129275289168597,0.6759117035982758,0.9
recurrent,original,17,116,4146b729f335ff47d4f2e59c62a77fc77d8cdc8db568839126dcc5cf41f884a7,107,"[""Proportional Baseline Exp 1"",""69384851"",""0""]",Proportional,40,3.9854433016692346,0.09237128290718134,0.6148913547585654,0.8
recurrent,original,17,116,4146b729f335ff47d4f2e59c62a77fc77d8cdc8db568839126dcc5cf41f884a7,111,"[""Proportional Baseline Exp 1"",""76356479"",""0""]",Proportional,40,3.5006778978050788,0.206826025662393,0.5619067734636983,0.7
recurrent,original,17,116,4146b729f335ff47d4f2e59c62a77fc77d8cdc8db568839126dcc5cf41f884a7,117,"[""Proportional Baseline Exp 1"",""85019022"",""0""]",Proportional,40,4.4575701222054995,0.12844397273699157,0.6988580447833591,0.825
recurrent,original,29,117,25143274613b933909fde59f9c7829f73581c5edb821787fdf4efeb1c2169091,11,"[""Equal Baseline Exp 1"",""30843571"",""0""]",Equal,5,3.2816366574759392,0.00039826239672774747,0.01740682453380761,0.0
recurrent,original,29,117,25143274613b933909fde59f9c7829f73581c5edb821787fdf4efeb1c2169091,13,"[""Equal Baseline Exp 1"",""35368456"",""0""]",Equal,10,2.232895785247057,0.12928971824317284,0.1396916707608527,0.2
recurrent,original,29,117,25143274613b933909fde59f9c7829f73581c5edb821787fdf4efeb1c2169091,20,"[""Equal Baseline Exp 1"",""40800498"",""0""]",Equal,7,2.772662368748778,0.001174824957589351,0.026451991584957837,0.0
recurrent,original,29,117,25143274613b933909fde59f9c7829f73581c5edb821787fdf4efeb1c2169091,25,"[""Equal Baseline Exp 1"",""46096247"",""0""]",Equal,12,2.4987165090904404,0.12633813830048954,0.18077927754726178,0.16666666666666666
recurrent,original,29,117,25143274613b933909fde59f9c7829f73581c5edb821787fdf4efeb1c2169091,31,"[""Equal Baseline Exp 1"",""75670883"",""0""]",Equal,5,2.862960344511044,0.0004660370509492067,0.018161218589788967,0.0
recurrent,original,29,117,25143274613b933909fde59f9c7829f73581c5edb821787fdf4efeb1c2169091,35,"[""Equal Baseline Exp 1"",""92291462"",""0""]",Equal,7,2.7218750130375526,0.02057312828009687,0.07895099779871484,0.0
recurrent,original,29,117,25143274613b933909fde59f9c7829f73581c5edb821787fdf4efeb1c2169091,36,"[""Equal Baseline Exp 1"",""92992435"",""0""]",Equal,13,3.0913465208616597,0.03208912774533493,0.15615752043060133,0.0
recurrent,original,29,117,25143274613b933909fde59f9c7829f73581c5edb821787fdf4efeb1c2169091,38,"[""Equal Baseline Exp 1"",""94815040"",""0""]",Equal,4,3.630749807538181,0.00032238472330749056,0.016702917267158897,0.0
recurrent,original,29,117,25143274613b933909fde59f9c7829f73581c5edb821787fdf4efeb1c2169091,44,"[""Mixed Baseline Exp 1"",""18823620"",""0""]",Mixed,40,3.847905346541426,0.23540225661562486,0.5011058857736478,0.575
recurrent,original,29,117,25143274613b933909fde59f9c7829f73581c5edb821787fdf4efeb1c2169091,47,"[""Mixed Baseline Exp 1"",""26185795"",""0""]",Mixed,40,3.2110019677070967,0.23644029656477433,0.4580470587448344,0.4
recurrent,original,29,117,25143274613b933909fde59f9c7829f73581c5edb821787fdf4efeb1c2169091,52,"[""Mixed Baseline Exp 1"",""37465807"",""0""]",Mixed,40,3.6817398820377347,0.24697657612606033,0.4953476222542695,0.375
recurrent,original,29,117,25143274613b933909fde59f9c7829f73581c5edb821787fdf4efeb1c2169091,57,"[""Mixed Baseline Exp 1"",""47841996"",""0""]",Mixed,10,2.469559883062,0.0987811340398742,0.09479692735391601,0.1
recurrent,original,29,117,25143274613b933909fde59f9c7829f73581c5edb821787fdf4efeb1c2169091,60,"[""Mixed Baseline Exp 1"",""50116627"",""0""]",Mixed,36,4.11245811090544,0.24293238386611538,0.405592900230106,0.5555555555555556
recurrent,original,29,117,25143274613b933909fde59f9c7829f73581c5edb821787fdf4efeb1c2169091,64,"[""Mixed Baseline Exp 1"",""64291720"",""0""]",Mixed,40,2.8686916853188817,0.23918770132488923,0.4395316334128524,0.525
recurrent,original,29,117,25143274613b933909fde59f9c7829f73581c5edb821787fdf4efeb1c2169091,73,"[""Mixed Baseline Exp 1"",""85460730"",""0""]",Mixed,36,3.622582476984407,0.3018045590813891,0.4802335130580395,0.3333333333333333
recurrent,original,29,117,25143274613b933909fde59f9c7829f73581c5edb821787fdf4efeb1c2169091,78,"[""Mixed Baseline Exp 1"",""95675568"",""0""]",Mixed,12,3.102334199894452,0.07811509654326905,0.15425566499003074,0.08333333333333333
recurrent,original,29,117,25143274613b933909fde59f9c7829f73581c5edb821787fdf4efeb1c2169091,80,"[""Proportional Baseline Exp 1"",""11095201"",""0""]",Proportional,40,3.466254260442976,0.15604745482376728,0.5876615242412699,0.75
recurrent,original,29,117,25143274613b933909fde59f9c7829f73581c5edb821787fdf4efeb1c2169091,82,"[""Proportional Baseline Exp 1"",""14606420"",""0""]",Proportional,9,2.7623322904887693,0.07544712701182352,0.21645312602098082,0.1111111111111111
recurrent,original,29,117,25143274613b933909fde59f9c7829f73581c5edb821787fdf4efeb1c2169091,89,"[""Proportional Baseline Exp 1"",""36303454"",""0""]",Proportional,40,4.4998095070109185,0.1989968144607169,0.7147698930685878,0.725
recurrent,original,29,117,25143274613b933909fde59f9c7829f73581c5edb821787fdf4efeb1c2169091,97,"[""Proportional Baseline Exp 1"",""45673270"",""0""]",Proportional,40,4.014379712652563,0.18527392735286105,0.6386890341698745,0.75
recurrent,original,29,117,25143274613b933909fde59f9c7829f73581c5edb821787fdf4efeb1c2169091,104,"[""Proportional Baseline Exp 1"",""63752993"",""0""]",Proportional,40,4.095183342307827,0.09141240579558496,0.6917536717934647,0.9
recurrent,original,29,117,25143274613b933909fde59f9c7829f73581c5edb821787fdf4efeb1c2169091,107,"[""Proportional Baseline Exp 1"",""69384851"",""0""]",Proportional,40,3.9375051901777574,0.08274595671956411,0.6396523672351746,0.8
recurrent,original,29,117,25143274613b933909fde59f9c7829f73581c5edb821787fdf4efeb1c2169091,111,"[""Proportional Baseline Exp 1"",""76356479"",""0""]",Proportional,40,3.524775759490352,0.2030001070801192,0.5857921379674433,0.7
recurrent,original,29,117,25143274613b933909fde59f9c7829f73581c5edb821787fdf4efeb1c2169091,117,"[""Proportional Baseline Exp 1"",""85019022"",""0""]",Proportional,40,4.538282132690488,0.12352347129654392,0.7329740180239297,0.825
recurrent,original,43,113,83ea46a7c1f7b5874d32f28d7a0a26cb3f07d77bf57f1682801d3ac26bed14d2,11,"[""Equal Baseline Exp 1"",""30843571"",""0""]",Equal,5,3.2487433798579404,0.0003361848306403689,0.01592707517378724,0.0
recurrent,original,43,113,83ea46a7c1f7b5874d32f28d7a0a26cb3f07d77bf57f1682801d3ac26bed14d2,13,"[""Equal Baseline Exp 1"",""35368456"",""0""]",Equal,10,2.2431289957228566,0.13203571399367586,0.13681886920119424,0.2
recurrent,original,43,113,83ea46a7c1f7b5874d32f28d7a0a26cb3f07d77bf57f1682801d3ac26bed14d2,20,"[""Equal Baseline Exp 1"",""40800498"",""0""]",Equal,7,2.7717761045045566,0.0009740408382591712,0.023161688494249735,0.0
recurrent,original,43,113,83ea46a7c1f7b5874d32f28d7a0a26cb3f07d77bf57f1682801d3ac26bed14d2,25,"[""Equal Baseline Exp 1"",""46096247"",""0""]",Equal,12,2.5034728532311323,0.12640369337668092,0.1775528301268842,0.16666666666666666
recurrent,original,43,113,83ea46a7c1f7b5874d32f28d7a0a26cb3f07d77bf57f1682801d3ac26bed14d2,31,"[""Equal Baseline Exp 1"",""75670883"",""0""]",Equal,5,2.820640116230623,0.0003741996892883015,0.016053540950822908,0.0
recurrent,original,43,113,83ea46a7c1f7b5874d32f28d7a0a26cb3f07d77bf57f1682801d3ac26bed14d2,35,"[""Equal Baseline Exp 1"",""92291462"",""0""]",Equal,7,2.7236958572680696,0.019155141012141077,0.07455018725316198,0.0
recurrent,original,43,113,83ea46a7c1f7b5874d32f28d7a0a26cb3f07d77bf57f1682801d3ac26bed14d2,36,"[""Equal Baseline Exp 1"",""92992435"",""0""]",Equal,13,3.085527583681428,0.028146833362713328,0.149717841000463,0.0
recurrent,original,43,113,83ea46a7c1f7b5874d32f28d7a0a26cb3f07d77bf57f1682801d3ac26bed14d2,38,"[""Equal Baseline Exp 1"",""94815040"",""0""]",Equal,4,3.5776814404051063,0.0002490502060268359,0.01413478379380054,0.0
recurrent,original,43,113,83ea46a7c1f7b5874d32f28d7a0a26cb3f07d77bf57f1682801d3ac26bed14d2,44,"[""Mixed Baseline Exp 1"",""18823620"",""0""]",Mixed,40,3.826357360143117,0.24092025594174746,0.4696975420478685,0.575
recurrent,original,43,113,83ea46a7c1f7b5874d32f28d7a0a26cb3f07d77bf57f1682801d3ac26bed14d2,47,"[""Mixed Baseline Exp 1"",""26185795"",""0""]",Mixed,40,3.234857736612196,0.23374446207769023,0.4357822599337897,0.4
recurrent,original,43,113,83ea46a7c1f7b5874d32f28d7a0a26cb3f07d77bf57f1682801d3ac26bed14d2,52,"[""Mixed Baseline Exp 1"",""37465807"",""0""]",Mixed,40,3.6673509641550313,0.22854848495977897,0.41450443073517745,0.375
recurrent,original,43,113,83ea46a7c1f7b5874d32f28d7a0a26cb3f07d77bf57f1682801d3ac26bed14d2,57,"[""Mixed Baseline Exp 1"",""47841996"",""0""]",Mixed,10,2.4730846702516756,0.09903204129622886,0.0901317315054552,0.1
recurrent,original,43,113,83ea46a7c1f7b5874d32f28d7a0a26cb3f07d77bf57f1682801d3ac26bed14d2,60,"[""Mixed Baseline Exp 1"",""50116627"",""0""]",Mixed,36,4.09996433713745,0.24884131917222163,0.379641615003727,0.5555555555555556
recurrent,original,43,113,83ea46a7c1f7b5874d32f28d7a0a26cb3f07d77bf57f1682801d3ac26bed14d2,64,"[""Mixed Baseline Exp 1"",""64291720"",""0""]",Mixed,40,2.8981264974654906,0.24110590758378284,0.4406087197288276,0.525
recurrent,original,43,113,83ea46a7c1f7b5874d32f28d7a0a26cb3f07d77bf57f1682801d3ac26bed14d2,73,"[""Mixed Baseline Exp 1"",""85460730"",""0""]",Mixed,36,3.5558049713420936,0.2719741593774007,0.44438378843242776,0.3333333333333333
recurrent,original,43,113,83ea46a7c1f7b5874d32f28d7a0a26cb3f07d77bf57f1682801d3ac26bed14d2,78,"[""Mixed Baseline Exp 1"",""95675568"",""0""]",Mixed,12,3.124816103165557,0.07494242046388132,0.14773344321228105,0.08333333333333333
recurrent,original,43,113,83ea46a7c1f7b5874d32f28d7a0a26cb3f07d77bf57f1682801d3ac26bed14d2,80,"[""Proportional Baseline Exp 1"",""11095201"",""0""]",Proportional,40,3.511762336212713,0.15548347564306667,0.587839616659045,0.75
recurrent,original,43,113,83ea46a7c1f7b5874d32f28d7a0a26cb3f07d77bf57f1682801d3ac26bed14d2,82,"[""Proportional Baseline Exp 1"",""14606420"",""0""]",Proportional,9,2.7406940461422873,0.0747158273116305,0.21350089836272299,0.1111111111111111
recurrent,original,43,113,83ea46a7c1f7b5874d32f28d7a0a26cb3f07d77bf57f1682801d3ac26bed14d2,89,"[""Proportional Baseline Exp 1"",""36303454"",""0""]",Proportional,40,4.497935415311005,0.1994577648788612,0.7359418534970263,0.725
recurrent,original,43,113,83ea46a7c1f7b5874d32f28d7a0a26cb3f07d77bf57f1682801d3ac26bed14d2,97,"[""Proportional Baseline Exp 1"",""45673270"",""0""]",Proportional,40,3.972949712682356,0.19918229532233975,0.6271545292324522,0.75
recurrent,original,43,113,83ea46a7c1f7b5874d32f28d7a0a26cb3f07d77bf57f1682801d3ac26bed14d2,104,"[""Proportional Baseline Exp 1"",""63752993"",""0""]",Proportional,40,4.156587374426213,0.10114101278896581,0.6808950752769718,0.9
recurrent,original,43,113,83ea46a7c1f7b5874d32f28d7a0a26cb3f07d77bf57f1682801d3ac26bed14d2,107,"[""Proportional Baseline Exp 1"",""69384851"",""0""]",Proportional,40,3.950890789512992,0.08898253563261833,0.6246664724632958,0.8
recurrent,original,43,113,83ea46a7c1f7b5874d32f28d7a0a26cb3f07d77bf57f1682801d3ac26bed14d2,111,"[""Proportional Baseline Exp 1"",""76356479"",""0""]",Proportional,40,3.5333540779910955,0.1964309283870469,0.5966170636129228,0.7
recurrent,original,43,113,83ea46a7c1f7b5874d32f28d7a0a26cb3f07d77bf57f1682801d3ac26bed14d2,117,"[""Proportional Baseline Exp 1"",""85019022"",""0""]",Proportional,40,4.55108257414314,0.12283115088059275,0.7257417950522176,0.825
feedforward,continued,17,478,63ddc8400f53191767bb69890a743442f8c8cae9f18a70771b29a8a50b53710c,11,"[""Equal Baseline Exp 1"",""30843571"",""0""]",Equal,5,3.660133689022728,0.001289828609328109,0.030790469036658042,0.0
feedforward,continued,17,478,63ddc8400f53191767bb69890a743442f8c8cae9f18a70771b29a8a50b53710c,13,"[""Equal Baseline Exp 1"",""35368456"",""0""]",Equal,10,2.1128392161390757,0.10755388281366138,0.21195404160831824,0.2
feedforward,continued,17,478,63ddc8400f53191767bb69890a743442f8c8cae9f18a70771b29a8a50b53710c,20,"[""Equal Baseline Exp 1"",""40800498"",""0""]",Equal,7,2.8792236374414606,0.00827512087723816,0.07226554579065687,0.0
feedforward,continued,17,478,63ddc8400f53191767bb69890a743442f8c8cae9f18a70771b29a8a50b53710c,25,"[""Equal Baseline Exp 1"",""46096247"",""0""]",Equal,12,2.5282449821757713,0.12203481692669128,0.22401059199041207,0.16666666666666666
feedforward,continued,17,478,63ddc8400f53191767bb69890a743442f8c8cae9f18a70771b29a8a50b53710c,31,"[""Equal Baseline Exp 1"",""75670883"",""0""]",Equal,5,3.7208255632929985,0.009474981674645855,0.07709801540066519,0.0
feedforward,continued,17,478,63ddc8400f53191767bb69890a743442f8c8cae9f18a70771b29a8a50b53710c,35,"[""Equal Baseline Exp 1"",""92291462"",""0""]",Equal,7,3.1717497410615727,0.0632953967058071,0.15571035641750522,0.0
feedforward,continued,17,478,63ddc8400f53191767bb69890a743442f8c8cae9f18a70771b29a8a50b53710c,36,"[""Equal Baseline Exp 1"",""92992435"",""0""]",Equal,13,2.9495823248988557,0.012339175563392622,0.09553514546665885,0.0
feedforward,continued,17,478,63ddc8400f53191767bb69890a743442f8c8cae9f18a70771b29a8a50b53710c,38,"[""Equal Baseline Exp 1"",""94815040"",""0""]",Equal,4,4.112145513613279,0.0038784129452733383,0.05596532837058652,0.0
feedforward,continued,17,478,63ddc8400f53191767bb69890a743442f8c8cae9f18a70771b29a8a50b53710c,44,"[""Mixed Baseline Exp 1"",""18823620"",""0""]",Mixed,40,4.478995240476811,0.4365762426592152,0.1727360915228919,0.575
feedforward,continued,17,478,63ddc8400f53191767bb69890a743442f8c8cae9f18a70771b29a8a50b53710c,47,"[""Mixed Baseline Exp 1"",""26185795"",""0""]",Mixed,40,3.675518904402631,0.3132313756045086,0.12813230874840345,0.4
feedforward,continued,17,478,63ddc8400f53191767bb69890a743442f8c8cae9f18a70771b29a8a50b53710c,52,"[""Mixed Baseline Exp 1"",""37465807"",""0""]",Mixed,40,4.047521333061496,0.2995955287227436,0.12010091100117534,0.375
feedforward,continued,17,478,63ddc8400f53191767bb69890a743442f8c8cae9f18a70771b29a8a50b53710c,57,"[""Mixed Baseline Exp 1"",""47841996"",""0""]",Mixed,10,2.573718171514482,0.10462800617624432,0.1571844446103057,0.1
feedforward,continued,17,478,63ddc8400f53191767bb69890a743442f8c8cae9f18a70771b29a8a50b53710c,60,"[""Mixed Baseline Exp 1"",""50116627"",""0""]",Mixed,36,4.323804320929187,0.34794944941598854,0.2377671121383923,0.5555555555555556
feedforward,continued,17,478,63ddc8400f53191767bb69890a743442f8c8cae9f18a70771b29a8a50b53710c,64,"[""Mixed Baseline Exp 1"",""64291720"",""0""]",Mixed,40,3.5371910751546016,0.4177156421412036,0.11709853378436468,0.525
feedforward,continued,17,478,63ddc8400f53191767bb69890a743442f8c8cae9f18a70771b29a8a50b53710c,73,"[""Mixed Baseline Exp 1"",""85460730"",""0""]",Mixed,36,3.5533284412528063,0.22742985306145128,0.21793984961400134,0.3333333333333333
feedforward,continued,17,478,63ddc8400f53191767bb69890a743442f8c8cae9f18a70771b29a8a50b53710c,78,"[""Mixed Baseline Exp 1"",""95675568"",""0""]",Mixed,12,3.0166128141971886,0.07629675143246131,0.1546857907396891,0.08333333333333333
feedforward,continued,17,478,63ddc8400f53191767bb69890a743442f8c8cae9f18a70771b29a8a50b53710c,80,"[""Proportional Baseline Exp 1"",""11095201"",""0""]",Proportional,40,3.5462358085327494,0.15776242709588698,0.5905058588238926,0.75
feedforward,continued,17,478,63ddc8400f53191767bb69890a743442f8c8cae9f18a70771b29a8a50b53710c,82,"[""Proportional Baseline Exp 1"",""14606420"",""0""]",Proportional,9,3.038211810577584,0.12537791644904459,0.3340055883734079,0.1111111111111111
feedforward,continued,17,478,63ddc8400f53191767bb69890a743442f8c8cae9f18a70771b29a8a50b53710c,89,"[""Proportional Baseline Exp 1"",""36303454"",""0""]",Proportional,40,4.403108963154755,0.20587435865286113,0.7797710800544866,0.725
feedforward,continued,17,478,63ddc8400f53191767bb69890a743442f8c8cae9f18a70771b29a8a50b53710c,97,"[""Proportional Baseline Exp 1"",""45673270"",""0""]",Proportional,40,4.076934032109011,0.21540847969216106,0.6373730271443975,0.75
feedforward,continued,17,478,63ddc8400f53191767bb69890a743442f8c8cae9f18a70771b29a8a50b53710c,104,"[""Proportional Baseline Exp 1"",""63752993"",""0""]",Proportional,40,3.9547665872523035,0.07178213523611408,0.7553185582185286,0.9
feedforward,continued,17,478,63ddc8400f53191767bb69890a743442f8c8cae9f18a70771b29a8a50b53710c,107,"[""Proportional Baseline Exp 1"",""69384851"",""0""]",Proportional,40,3.8915751664915645,0.09702606620281444,0.6260546722278642,0.8
feedforward,continued,17,478,63ddc8400f53191767bb69890a743442f8c8cae9f18a70771b29a8a50b53710c,111,"[""Proportional Baseline Exp 1"",""76356479"",""0""]",Proportional,40,3.504078860806261,0.19982554152097184,0.5675721277677116,0.7
feedforward,continued,17,478,63ddc8400f53191767bb69890a743442f8c8cae9f18a70771b29a8a50b53710c,117,"[""Proportional Baseline Exp 1"",""85019022"",""0""]",Proportional,40,4.3115825243153125,0.1451031685936306,0.65219758589305,0.825
feedforward,continued,29,444,e64f1d4048b4f9b830d3cd5f6d31465f65e9ac4843161dded476ca275e53e946,11,"[""Equal Baseline Exp 1"",""30843571"",""0""]",Equal,5,3.5755528219401604,0.0008856354954565684,0.025506132215202027,0.0
feedforward,continued,29,444,e64f1d4048b4f9b830d3cd5f6d31465f65e9ac4843161dded476ca275e53e946,13,"[""Equal Baseline Exp 1"",""35368456"",""0""]",Equal,10,2.1291537103625924,0.10573849041300024,0.2104496421233339,0.2
feedforward,continued,29,444,e64f1d4048b4f9b830d3cd5f6d31465f65e9ac4843161dded476ca275e53e946,20,"[""Equal Baseline Exp 1"",""40800498"",""0""]",Equal,7,2.8578413975298362,0.006790067955354273,0.06458663653549501,0.0
feedforward,continued,29,444,e64f1d4048b4f9b830d3cd5f6d31465f65e9ac4843161dded476ca275e53e946,25,"[""Equal Baseline Exp 1"",""46096247"",""0""]",Equal,12,2.5138582985635383,0.12350631838622785,0.2185494002130531,0.16666666666666666
feedforward,continued,29,444,e64f1d4048b4f9b830d3cd5f6d31465f65e9ac4843161dded476ca275e53e946,31,"[""Equal Baseline Exp 1"",""75670883"",""0""]",Equal,5,3.6038717330431957,0.008183549237747362,0.0703025812679515,0.0
feedforward,continued,29,444,e64f1d4048b4f9b830d3cd5f6d31465f65e9ac4843161dded476ca275e53e946,35,"[""Equal Baseline Exp 1"",""92291462"",""0""]",Equal,7,3.180930248562735,0.06338425246916453,0.16118647462124258,0.0
feedforward,continued,29,444,e64f1d4048b4f9b830d3cd5f6d31465f65e9ac4843161dded476ca275e53e946,36,"[""Equal Baseline Exp 1"",""92992435"",""0""]",Equal,13,2.969894717313506,0.010737541218856133,0.08732852824000661,0.0
feedforward,continued,29,444,e64f1d4048b4f9b830d3cd5f6d31465f65e9ac4843161dded476ca275e53e946,38,"[""Equal Baseline Exp 1"",""94815040"",""0""]",Equal,4,4.022390087156619,0.0026138091723845614,0.046975034084003275,0.0
feedforward,continued,29,444,e64f1d4048b4f9b830d3cd5f6d31465f65e9ac4843161dded476ca275e53e946,44,"[""Mixed Baseline Exp 1"",""18823620"",""0""]",Mixed,40,4.615971195173298,0.4573570783005696,0.15111453934835595,0.575
feedforward,continued,29,444,e64f1d4048b4f9b830d3cd5f6d31465f65e9ac4843161dded476ca275e53e946,47,"[""Mixed Baseline Exp 1"",""26185795"",""0""]",Mixed,40,3.8192985746626436,0.3271585866711092,0.1034332303865734,0.4
feedforward,continued,29,444,e64f1d4048b4f9b830d3cd5f6d31465f65e9ac4843161dded476ca275e53e946,52,"[""Mixed Baseline Exp 1"",""37465807"",""0""]",Mixed,40,4.0667901871546075,0.301789066665982,0.1176707519260938,0.375
feedforward,continued,29,444,e64f1d4048b4f9b830d3cd5f6d31465f65e9ac4843161dded476ca275e53e946,57,"[""Mixed Baseline Exp 1"",""47841996"",""0""]",Mixed,10,2.572417122336351,0.10182039313092513,0.14876837127048334,0.1
feedforward,continued,29,444,e64f1d4048b4f9b830d3cd5f6d31465f65e9ac4843161dded476ca275e53e946,60,"[""Mixed Baseline Exp 1"",""50116627"",""0""]",Mixed,36,4.350307498779419,0.3552448693272862,0.23513302372037803,0.5555555555555556
feedforward,continued,29,444,e64f1d4048b4f9b830d3cd5f6d31465f65e9ac4843161dded476ca275e53e946,64,"[""Mixed Baseline Exp 1"",""64291720"",""0""]",Mixed,40,3.714286094988475,0.4395751059909621,0.0929225822306926,0.525
feedforward,continued,29,444,e64f1d4048b4f9b830d3cd5f6d31465f65e9ac4843161dded476ca275e53e946,73,"[""Mixed Baseline Exp 1"",""85460730"",""0""]",Mixed,36,3.542006121986131,0.22239949581223176,0.21814752852307973,0.3333333333333333
feedforward,continued,29,444,e64f1d4048b4f9b830d3cd5f6d31465f65e9ac4843161dded476ca275e53e946,78,"[""Mixed Baseline Exp 1"",""95675568"",""0""]",Mixed,12,3.0097885393206263,0.07505609530136258,0.15625364484045343,0.08333333333333333
feedforward,continued,29,444,e64f1d4048b4f9b830d3cd5f6d31465f65e9ac4843161dded476ca275e53e946,80,"[""Proportional Baseline Exp 1"",""11095201"",""0""]",Proportional,40,3.562499808517754,0.15974442313318019,0.5872374144662141,0.75
feedforward,continued,29,444,e64f1d4048b4f9b830d3cd5f6d31465f65e9ac4843161dded476ca275e53e946,82,"[""Proportional Baseline Exp 1"",""14606420"",""0""]",Proportional,9,3.0155030472720994,0.11840541715101491,0.3247953608080581,0.1111111111111111
feedforward,continued,29,444,e64f1d4048b4f9b830d3cd5f6d31465f65e9ac4843161dded476ca275e53e946,89,"[""Proportional Baseline Exp 1"",""36303454"",""0""]",Proportional,40,4.423198459224963,0.2166364565200889,0.7901460247355104,0.725
feedforward,continued,29,444,e64f1d4048b4f9b830d3cd5f6d31465f65e9ac4843161dded476ca275e53e946,97,"[""Proportional Baseline Exp 1"",""45673270"",""0""]",Proportional,40,3.977207927318937,0.21059678064814444,0.6516538793202801,0.75
feedforward,continued,29,444,e64f1d4048b4f9b830d3cd5f6d31465f65e9ac4843161dded476ca275e53e946,104,"[""Proportional Baseline Exp 1"",""63752993"",""0""]",Proportional,40,3.911197454811531,0.07101072836686173,0.7488654581526465,0.9
feedforward,continued,29,444,e64f1d4048b4f9b830d3cd5f6d31465f65e9ac4843161dded476ca275e53e946,107,"[""Proportional Baseline Exp 1"",""69384851"",""0""]",Proportional,40,3.8790171624100354,0.1010480379121453,0.6284320473380166,0.8
feedforward,continued,29,444,e64f1d4048b4f9b830d3cd5f6d31465f65e9ac4843161dded476ca275e53e946,111,"[""Proportional Baseline Exp 1"",""76356479"",""0""]",Proportional,40,3.5406481081585,0.20490568869862016,0.5580785742443959,0.7
feedforward,continued,29,444,e64f1d4048b4f9b830d3cd5f6d31465f65e9ac4843161dded476ca275e53e946,117,"[""Proportional Baseline Exp 1"",""85019022"",""0""]",Proportional,40,4.3234123450466155,0.1311055762249155,0.6817419405342295,0.825
feedforward,continued,43,473,6a1e6a7ef5770e5cb77a129d7c941aabd21f8b4fcac17e8b615fb4d61cd9b0e1,11,"[""Equal Baseline Exp 1"",""30843571"",""0""]",Equal,5,3.6126536153782682,0.0008477714056985542,0.02546314485905956,0.0
feedforward,continued,43,473,6a1e6a7ef5770e5cb77a129d7c941aabd21f8b4fcac17e8b615fb4d61cd9b0e1,13,"[""Equal Baseline Exp 1"",""35368456"",""0""]",Equal,10,2.1076079142150093,0.1109343455554475,0.21715059472016546,0.2
feedforward,continued,43,473,6a1e6a7ef5770e5cb77a129d7c941aabd21f8b4fcac17e8b615fb4d61cd9b0e1,20,"[""Equal Baseline Exp 1"",""40800498"",""0""]",Equal,7,2.868384191545014,0.007999327726426593,0.06665934148663812,0.0
feedforward,continued,43,473,6a1e6a7ef5770e5cb77a129d7c941aabd21f8b4fcac17e8b615fb4d61cd9b0e1,25,"[""Equal Baseline Exp 1"",""46096247"",""0""]",Equal,12,2.516550287416145,0.12153334800029557,0.23144360943849285,0.16666666666666666
feedforward,continued,43,473,6a1e6a7ef5770e5cb77a129d7c941aabd21f8b4fcac17e8b615fb4d61cd9b0e1,31,"[""Equal Baseline Exp 1"",""75670883"",""0""]",Equal,5,3.713788707311681,0.010467064197054005,0.07826451380581825,0.0
feedforward,continued,43,473,6a1e6a7ef5770e5cb77a129d7c941aabd21f8b4fcac17e8b615fb4d61cd9b0e1,35,"[""Equal Baseline Exp 1"",""92291462"",""0""]",Equal,7,3.1953971843000146,0.07105505730916446,0.16325666112486287,0.0
feedforward,continued,43,473,6a1e6a7ef5770e5cb77a129d7c941aabd21f8b4fcac17e8b615fb4d61cd9b0e1,36,"[""Equal Baseline Exp 1"",""92992435"",""0""]",Equal,13,2.961473725209298,0.014089693345113417,0.09850336254101032,0.0
feedforward,continued,43,473,6a1e6a7ef5770e5cb77a129d7c941aabd21f8b4fcac17e8b615fb4d61cd9b0e1,38,"[""Equal Baseline Exp 1"",""94815040"",""0""]",Equal,4,4.069680021173249,0.0027176410003886386,0.047426758418191335,0.0
feedforward,continued,43,473,6a1e6a7ef5770e5cb77a129d7c941aabd21f8b4fcac17e8b615fb4d61cd9b0e1,44,"[""Mixed Baseline Exp 1"",""18823620"",""0""]",Mixed,40,4.531609465062466,0.4447581571400758,0.15897921076932647,0.575
feedforward,continued,43,473,6a1e6a7ef5770e5cb77a129d7c941aabd21f8b4fcac17e8b615fb4d61cd9b0e1,47,"[""Mixed Baseline Exp 1"",""26185795"",""0""]",Mixed,40,3.7557965704095557,0.32337488751875265,0.11481960505368412,0.4
feedforward,continued,43,473,6a1e6a7ef5770e5cb77a129d7c941aabd21f8b4fcac17e8b615fb4d61cd9b0e1,52,"[""Mixed Baseline Exp 1"",""37465807"",""0""]",Mixed,40,4.014233046916308,0.2943089319561977,0.1297559893927775,0.375
feedforward,continued,43,473,6a1e6a7ef5770e5cb77a129d7c941aabd21f8b4fcac17e8b615fb4d61cd9b0e1,57,"[""Mixed Baseline Exp 1"",""47841996"",""0""]",Mixed,10,2.5832733838186743,0.10790637896071523,0.16489141715476868,0.1
feedforward,continued,43,473,6a1e6a7ef5770e5cb77a129d7c941aabd21f8b4fcac17e8b615fb4d61cd9b0e1,60,"[""Mixed Baseline Exp 1"",""50116627"",""0""]",Mixed,36,4.317987477683597,0.3482280706520996,0.230838063290942,0.5555555555555556
feedforward,continued,43,473,6a1e6a7ef5770e5cb77a129d7c941aabd21f8b4fcac17e8b615fb4d61cd9b0e1,64,"[""Mixed Baseline Exp 1"",""64291720"",""0""]",Mixed,40,3.6337423211853106,0.4306625556571708,0.10322474697203816,0.525
feedforward,continued,43,473,6a1e6a7ef5770e5cb77a129d7c941aabd21f8b4fcac17e8b615fb4d61cd9b0e1,73,"[""Mixed Baseline Exp 1"",""85460730"",""0""]",Mixed,36,3.5114166783795637,0.21992897896230884,0.22661644453721358,0.3333333333333333
feedforward,continued,43,473,6a1e6a7ef5770e5cb77a129d7c941aabd21f8b4fcac17e8b615fb4d61cd9b0e1,78,"[""Mixed Baseline Exp 1"",""95675568"",""0""]",Mixed,12,3.0313632737851415,0.07900420971528029,0.15182036636552768,0.08333333333333333
feedforward,continued,43,473,6a1e6a7ef5770e5cb77a129d7c941aabd21f8b4fcac17e8b615fb4d61cd9b0e1,80,"[""Proportional Baseline Exp 1"",""11095201"",""0""]",Proportional,40,3.575741193012692,0.1638618545185333,0.5769952479633342,0.75
feedforward,continued,43,473,6a1e6a7ef5770e5cb77a129d7c941aabd21f8b4fcac17e8b615fb4d61cd9b0e1,82,"[""Proportional Baseline Exp 1"",""14606420"",""0""]",Proportional,9,3.0684557712563505,0.13097662825685036,0.34781595377468516,0.1111111111111111
feedforward,continued,43,473,6a1e6a7ef5770e5cb77a129d7c941aabd21f8b4fcac17e8b615fb4d61cd9b0e1,89,"[""Proportional Baseline Exp 1"",""36303454"",""0""]",Proportional,40,4.416421435864651,0.20968784732116644,0.7719666223674617,0.725
feedforward,continued,43,473,6a1e6a7ef5770e5cb77a129d7c941aabd21f8b4fcac17e8b615fb4d61cd9b0e1,97,"[""Proportional Baseline Exp 1"",""45673270"",""0""]",Proportional,40,3.946900278498684,0.2104295757842932,0.6466818722896915,0.75
feedforward,continued,43,473,6a1e6a7ef5770e5cb77a129d7c941aabd21f8b4fcac17e8b615fb4d61cd9b0e1,104,"[""Proportional Baseline Exp 1"",""63752993"",""0""]",Proportional,40,3.899299840105281,0.07733471707904901,0.7380384352265278,0.9
feedforward,continued,43,473,6a1e6a7ef5770e5cb77a129d7c941aabd21f8b4fcac17e8b615fb4d61cd9b0e1,107,"[""Proportional Baseline Exp 1"",""69384851"",""0""]",Proportional,40,3.875233018650873,0.09989576171591188,0.6311254582400989,0.8
feedforward,continued,43,473,6a1e6a7ef5770e5cb77a129d7c941aabd21f8b4fcac17e8b615fb4d61cd9b0e1,111,"[""Proportional Baseline Exp 1"",""76356479"",""0""]",Proportional,40,3.5261337814698797,0.20686213283861524,0.550316544368471,0.7
feedforward,continued,43,473,6a1e6a7ef5770e5cb77a129d7c941aabd21f8b4fcac17e8b615fb4d61cd9b0e1,117,"[""Proportional Baseline Exp 1"",""85019022"",""0""]",Proportional,40,4.326499537697822,0.13448870343300282,0.6741670636192525,0.825
recurrent,continued,17,476,a8f92a9c4693f2c4efb1175208ad11230ff2b9c74c26ab466d117ec36676b61e,11,"[""Equal Baseline Exp 1"",""30843571"",""0""]",Equal,5,3.1336386154862312,0.00010384670111770775,0.007478440386621409,0.0
recurrent,continued,17,476,a8f92a9c4693f2c4efb1175208ad11230ff2b9c74c26ab466d117ec36676b61e,13,"[""Equal Baseline Exp 1"",""35368456"",""0""]",Equal,10,2.1227630582723274,0.13834791414437514,0.18464417885215184,0.2
recurrent,continued,17,476,a8f92a9c4693f2c4efb1175208ad11230ff2b9c74c26ab466d117ec36676b61e,20,"[""Equal Baseline Exp 1"",""40800498"",""0""]",Equal,7,2.8138316216492028,0.002106667134570708,0.02666734448183902,0.0
recurrent,continued,17,476,a8f92a9c4693f2c4efb1175208ad11230ff2b9c74c26ab466d117ec36676b61e,25,"[""Equal Baseline Exp 1"",""46096247"",""0""]",Equal,12,2.4577205761509746,0.12512622550631397,0.19011028114065476,0.16666666666666666
recurrent,continued,17,476,a8f92a9c4693f2c4efb1175208ad11230ff2b9c74c26ab466d117ec36676b61e,31,"[""Equal Baseline Exp 1"",""75670883"",""0""]",Equal,5,2.7471017176681984,0.000352771253525815,0.013015723004939528,0.0
recurrent,continued,17,476,a8f92a9c4693f2c4efb1175208ad11230ff2b9c74c26ab466d117ec36676b61e,35,"[""Equal Baseline Exp 1"",""92291462"",""0""]",Equal,7,2.7766829848762375,0.04024174171277455,0.09896091278354725,0.0
recurrent,continued,17,476,a8f92a9c4693f2c4efb1175208ad11230ff2b9c74c26ab466d117ec36676b61e,36,"[""Equal Baseline Exp 1"",""92992435"",""0""]",Equal,13,2.9400471127675156,0.012116633257420278,0.0932102519062715,0.0
recurrent,continued,17,476,a8f92a9c4693f2c4efb1175208ad11230ff2b9c74c26ab466d117ec36676b61e,38,"[""Equal Baseline Exp 1"",""94815040"",""0""]",Equal,4,3.5984718964801923,0.00011727147303977186,0.008182876649711863,0.0
recurrent,continued,17,476,a8f92a9c4693f2c4efb1175208ad11230ff2b9c74c26ab466d117ec36676b61e,44,"[""Mixed Baseline Exp 1"",""18823620"",""0""]",Mixed,40,3.975040953136854,0.31366898412578725,0.38325380155794475,0.575
recurrent,continued,17,476,a8f92a9c4693f2c4efb1175208ad11230ff2b9c74c26ab466d117ec36676b61e,47,"[""Mixed Baseline Exp 1"",""26185795"",""0""]",Mixed,40,3.2858991423176276,0.25948670751439956,0.2414831490643218,0.4
recurrent,continued,17,476,a8f92a9c4693f2c4efb1175208ad11230ff2b9c74c26ab466d117ec36676b61e,52,"[""Mixed Baseline Exp 1"",""37465807"",""0""]",Mixed,40,3.546551485741047,0.23886020154754953,0.26973456971306975,0.375
recurrent,continued,17,476,a8f92a9c4693f2c4efb1175208ad11230ff2b9c74c26ab466d117ec36676b61e,57,"[""Mixed Baseline Exp 1"",""47841996"",""0""]",Mixed,10,2.4223090300441315,0.09690276814195842,0.10092729258801605,0.1
recurrent,continued,17,476,a8f92a9c4693f2c4efb1175208ad11230ff2b9c74c26ab466d117ec36676b61e,60,"[""Mixed Baseline Exp 1"",""50116627"",""0""]",Mixed,36,4.233764036222286,0.28855912360287383,0.45171636469535,0.5555555555555556
recurrent,continued,17,476,a8f92a9c4693f2c4efb1175208ad11230ff2b9c74c26ab466d117ec36676b61e,64,"[""Mixed Baseline Exp 1"",""64291720"",""0""]",Mixed,40,2.977893010751936,0.30995079497464706,0.2413614500443919,0.525
recurrent,continued,17,476,a8f92a9c4693f2c4efb1175208ad11230ff2b9c74c26ab466d117ec36676b61e,73,"[""Mixed Baseline Exp 1"",""85460730"",""0""]",Mixed,36,3.4933293762281896,0.25467371742649597,0.4361462498842762,0.3333333333333333
recurrent,continued,17,476,a8f92a9c4693f2c4efb1175208ad11230ff2b9c74c26ab466d117ec36676b61e,78,"[""Mixed Baseline Exp 1"",""95675568"",""0""]",Mixed,12,3.117431322827608,0.07939797213705305,0.15095424731392307,0.08333333333333333
recurrent,continued,17,476,a8f92a9c4693f2c4efb1175208ad11230ff2b9c74c26ab466d117ec36676b61e,80,"[""Proportional Baseline Exp 1"",""11095201"",""0""]",Proportional,40,3.2503370223904198,0.16310092425069767,0.5397628958373304,0.75
recurrent,continued,17,476,a8f92a9c4693f2c4efb1175208ad11230ff2b9c74c26ab466d117ec36676b61e,82,"[""Proportional Baseline Exp 1"",""14606420"",""0""]",Proportional,9,2.7262502813521103,0.07241702607550912,0.20599129478167447,0.1111111111111111
recurrent,continued,17,476,a8f92a9c4693f2c4efb1175208ad11230ff2b9c74c26ab466d117ec36676b61e,89,"[""Proportional Baseline Exp 1"",""36303454"",""0""]",Proportional,40,4.363330800034673,0.18517940895219828,0.7299311939838052,0.725
recurrent,continued,17,476,a8f92a9c4693f2c4efb1175208ad11230ff2b9c74c26ab466d117ec36676b61e,97,"[""Proportional Baseline Exp 1"",""45673270"",""0""]",Proportional,40,3.7629497280715976,0.18896944828598908,0.6822281028139231,0.75
recurrent,continued,17,476,a8f92a9c4693f2c4efb1175208ad11230ff2b9c74c26ab466d117ec36676b61e,104,"[""Proportional Baseline Exp 1"",""63752993"",""0""]",Proportional,40,3.9211209543710623,0.08016536073171578,0.712108808048623,0.9
recurrent,continued,17,476,a8f92a9c4693f2c4efb1175208ad11230ff2b9c74c26ab466d117ec36676b61e,107,"[""Proportional Baseline Exp 1"",""69384851"",""0""]",Proportional,40,3.8281358677721373,0.09255319782742351,0.6365947315387224,0.8
recurrent,continued,17,476,a8f92a9c4693f2c4efb1175208ad11230ff2b9c74c26ab466d117ec36676b61e,111,"[""Proportional Baseline Exp 1"",""76356479"",""0""]",Proportional,40,3.324246811335106,0.22692342426754247,0.5500749012182473,0.7
recurrent,continued,17,476,a8f92a9c4693f2c4efb1175208ad11230ff2b9c74c26ab466d117ec36676b61e,117,"[""Proportional Baseline Exp 1"",""85019022"",""0""]",Proportional,40,4.295081498218742,0.11959425209598576,0.6621023192426465,0.825
recurrent,continued,29,460,d85aae54aeba7cf9de9a453c743dbaac3af05ae43385c8592b54f6d40694fc4f,11,"[""Equal Baseline Exp 1"",""30843571"",""0""]",Equal,5,3.1258594676026306,0.00012263659297325467,0.008095732200154032,0.0
recurrent,continued,29,460,d85aae54aeba7cf9de9a453c743dbaac3af05ae43385c8592b54f6d40694fc4f,13,"[""Equal Baseline Exp 1"",""35368456"",""0""]",Equal,10,2.1068505205454238,0.1328079958991206,0.1847414136840456,0.2
recurrent,continued,29,460,d85aae54aeba7cf9de9a453c743dbaac3af05ae43385c8592b54f6d40694fc4f,20,"[""Equal Baseline Exp 1"",""40800498"",""0""]",Equal,7,2.845642608307928,0.0021327981924397564,0.028174716275846744,0.0
recurrent,continued,29,460,d85aae54aeba7cf9de9a453c743dbaac3af05ae43385c8592b54f6d40694fc4f,25,"[""Equal Baseline Exp 1"",""46096247"",""0""]",Equal,12,2.4651568113124847,0.1262815576402853,0.19042905819665454,0.16666666666666666
recurrent,continued,29,460,d85aae54aeba7cf9de9a453c743dbaac3af05ae43385c8592b54f6d40694fc4f,31,"[""Equal Baseline Exp 1"",""75670883"",""0""]",Equal,5,2.7568768150967053,0.0004434346938974932,0.014417380057811518,0.0
recurrent,continued,29,460,d85aae54aeba7cf9de9a453c743dbaac3af05ae43385c8592b54f6d40694fc4f,35,"[""Equal Baseline Exp 1"",""92291462"",""0""]",Equal,7,2.774641502681777,0.036003860397428644,0.09406191816076785,0.0
recurrent,continued,29,460,d85aae54aeba7cf9de9a453c743dbaac3af05ae43385c8592b54f6d40694fc4f,36,"[""Equal Baseline Exp 1"",""92992435"",""0""]",Equal,13,2.9555422419167914,0.013899003539902545,0.10274079739937413,0.0
recurrent,continued,29,460,d85aae54aeba7cf9de9a453c743dbaac3af05ae43385c8592b54f6d40694fc4f,38,"[""Equal Baseline Exp 1"",""94815040"",""0""]",Equal,4,3.6404992661881503,0.00014370730352733876,0.00912863459699469,0.0
recurrent,continued,29,460,d85aae54aeba7cf9de9a453c743dbaac3af05ae43385c8592b54f6d40694fc4f,44,"[""Mixed Baseline Exp 1"",""18823620"",""0""]",Mixed,40,3.9666964114475056,0.306900027347168,0.39206664098058114,0.575
recurrent,continued,29,460,d85aae54aeba7cf9de9a453c743dbaac3af05ae43385c8592b54f6d40694fc4f,47,"[""Mixed Baseline Exp 1"",""26185795"",""0""]",Mixed,40,3.275643658357042,0.2525397978047678,0.2561759882639425,0.4
recurrent,continued,29,460,d85aae54aeba7cf9de9a453c743dbaac3af05ae43385c8592b54f6d40694fc4f,52,"[""Mixed Baseline Exp 1"",""37465807"",""0""]",Mixed,40,3.5773103166992852,0.24144901225894316,0.2730476602232339,0.375
recurrent,continued,29,460,d85aae54aeba7cf9de9a453c743dbaac3af05ae43385c8592b54f6d40694fc4f,57,"[""Mixed Baseline Exp 1"",""47841996"",""0""]",Mixed,10,2.434537743069809,0.09836525182806585,0.10249050318875227,0.1
recurrent,continued,29,460,d85aae54aeba7cf9de9a453c743dbaac3af05ae43385c8592b54f6d40694fc4f,60,"[""Mixed Baseline Exp 1"",""50116627"",""0""]",Mixed,36,4.36662165822124,0.3231031974271792,0.4199841094894273,0.5555555555555556
recurrent,continued,29,460,d85aae54aeba7cf9de9a453c743dbaac3af05ae43385c8592b54f6d40694fc4f,64,"[""Mixed Baseline Exp 1"",""64291720"",""0""]",Mixed,40,2.9455446446085913,0.2932207255269946,0.2740902508379987,0.525
recurrent,continued,29,460,d85aae54aeba7cf9de9a453c743dbaac3af05ae43385c8592b54f6d40694fc4f,73,"[""Mixed Baseline Exp 1"",""85460730"",""0""]",Mixed,36,3.479492906821262,0.25119611584530344,0.4206576991133004,0.3333333333333333
recurrent,continued,29,460,d85aae54aeba7cf9de9a453c743dbaac3af05ae43385c8592b54f6d40694fc4f,78,"[""Mixed Baseline Exp 1"",""95675568"",""0""]",Mixed,12,3.116784414493004,0.07766117103063923,0.15741597823992728,0.08333333333333333
recurrent,continued,29,460,d85aae54aeba7cf9de9a453c743dbaac3af05ae43385c8592b54f6d40694fc4f,80,"[""Proportional Baseline Exp 1"",""11095201"",""0""]",Proportional,40,3.3094621716622816,0.16275881319203775,0.5328530689716906,0.75
recurrent,continued,29,460,d85aae54aeba7cf9de9a453c743dbaac3af05ae43385c8592b54f6d40694fc4f,82,"[""Proportional Baseline Exp 1"",""14606420"",""0""]",Proportional,9,2.7080355587084344,0.07438664530764275,0.21122577658962666,0.1111111111111111
recurrent,continued,29,460,d85aae54aeba7cf9de9a453c743dbaac3af05ae43385c8592b54f6d40694fc4f,89,"[""Proportional Baseline Exp 1"",""36303454"",""0""]",Proportional,40,4.371404977362415,0.18581483473624588,0.7346701814302004,0.725
recurrent,continued,29,460,d85aae54aeba7cf9de9a453c743dbaac3af05ae43385c8592b54f6d40694fc4f,97,"[""Proportional Baseline Exp 1"",""45673270"",""0""]",Proportional,40,3.805730640428193,0.186389975108114,0.6824496965454924,0.75
recurrent,continued,29,460,d85aae54aeba7cf9de9a453c743dbaac3af05ae43385c8592b54f6d40694fc4f,104,"[""Proportional Baseline Exp 1"",""63752993"",""0""]",Proportional,40,3.916127433388412,0.08458730255180909,0.7046467139010749,0.9
recurrent,continued,29,460,d85aae54aeba7cf9de9a453c743dbaac3af05ae43385c8592b54f6d40694fc4f,107,"[""Proportional Baseline Exp 1"",""69384851"",""0""]",Proportional,40,3.8653328302019387,0.09343949368080827,0.6319814183425729,0.8
recurrent,continued,29,460,d85aae54aeba7cf9de9a453c743dbaac3af05ae43385c8592b54f6d40694fc4f,111,"[""Proportional Baseline Exp 1"",""76356479"",""0""]",Proportional,40,3.421602645905628,0.24303914267927026,0.54806131594176,0.7
recurrent,continued,29,460,d85aae54aeba7cf9de9a453c743dbaac3af05ae43385c8592b54f6d40694fc4f,117,"[""Proportional Baseline Exp 1"",""85019022"",""0""]",Proportional,40,4.201329720646161,0.12547876361693128,0.6647148774352132,0.825
recurrent,continued,43,470,3bcb6bb2871153c8c95f34d6759c69fb18b7702b90f72633e8e8172973e52241,11,"[""Equal Baseline Exp 1"",""30843571"",""0""]",Equal,5,3.1680434154590094,0.00011432716609355305,0.00803356969708546,0.0
recurrent,continued,43,470,3bcb6bb2871153c8c95f34d6759c69fb18b7702b90f72633e8e8172973e52241,13,"[""Equal Baseline Exp 1"",""35368456"",""0""]",Equal,10,2.083055994766408,0.13256458928807863,0.1879078319694926,0.2
recurrent,continued,43,470,3bcb6bb2871153c8c95f34d6759c69fb18b7702b90f72633e8e8172973e52241,20,"[""Equal Baseline Exp 1"",""40800498"",""0""]",Equal,7,2.8289896276165187,0.0022514015088738377,0.02752857098104438,0.0
recurrent,continued,43,470,3bcb6bb2871153c8c95f34d6759c69fb18b7702b90f72633e8e8172973e52241,25,"[""Equal Baseline Exp 1"",""46096247"",""0""]",Equal,12,2.459717680235548,0.12833138554175505,0.2088347935758319,0.16666666666666666
recurrent,continued,43,470,3bcb6bb2871153c8c95f34d6759c69fb18b7702b90f72633e8e8172973e52241,31,"[""Equal Baseline Exp 1"",""75670883"",""0""]",Equal,5,2.778255345275678,0.0005345255823671735,0.015436381137890157,0.0
recurrent,continued,43,470,3bcb6bb2871153c8c95f34d6759c69fb18b7702b90f72633e8e8172973e52241,35,"[""Equal Baseline Exp 1"",""92291462"",""0""]",Equal,7,2.793709511446933,0.042572246674688057,0.10485010915561062,0.0
recurrent,continued,43,470,3bcb6bb2871153c8c95f34d6759c69fb18b7702b90f72633e8e8172973e52241,36,"[""Equal Baseline Exp 1"",""92992435"",""0""]",Equal,13,2.964737544711077,0.01732575760609947,0.11465563507887189,0.0
recurrent,continued,43,470,3bcb6bb2871153c8c95f34d6759c69fb18b7702b90f72633e8e8172973e52241,38,"[""Equal Baseline Exp 1"",""94815040"",""0""]",Equal,4,3.6099141638437824,0.00012047793839342604,0.008109393755744335,0.0
recurrent,continued,43,470,3bcb6bb2871153c8c95f34d6759c69fb18b7702b90f72633e8e8172973e52241,44,"[""Mixed Baseline Exp 1"",""18823620"",""0""]",Mixed,40,4.024912532457225,0.3245055835799549,0.31670875964242406,0.575
recurrent,continued,43,470,3bcb6bb2871153c8c95f34d6759c69fb18b7702b90f72633e8e8172973e52241,47,"[""Mixed Baseline Exp 1"",""26185795"",""0""]",Mixed,40,3.3046459521036886,0.2554666579725697,0.2502711901027089,0.4
recurrent,continued,43,470,3bcb6bb2871153c8c95f34d6759c69fb18b7702b90f72633e8e8172973e52241,52,"[""Mixed Baseline Exp 1"",""37465807"",""0""]",Mixed,40,3.60247184168684,0.24049910487432777,0.25559777030960507,0.375
recurrent,continued,43,470,3bcb6bb2871153c8c95f34d6759c69fb18b7702b90f72633e8e8172973e52241,57,"[""Mixed Baseline Exp 1"",""47841996"",""0""]",Mixed,10,2.4279589543032047,0.09715356434828096,0.11066258860317699,0.1
recurrent,continued,43,470,3bcb6bb2871153c8c95f34d6759c69fb18b7702b90f72633e8e8172973e52241,60,"[""Mixed Baseline Exp 1"",""50116627"",""0""]",Mixed,36,4.232493642330051,0.3002502029787962,0.30562307706745934,0.5555555555555556
recurrent,continued,43,470,3bcb6bb2871153c8c95f34d6759c69fb18b7702b90f72633e8e8172973e52241,64,"[""Mixed Baseline Exp 1"",""64291720"",""0""]",Mixed,40,2.974756196737805,0.2894452365740571,0.2602678709170719,0.525
recurrent,continued,43,470,3bcb6bb2871153c8c95f34d6759c69fb18b7702b90f72633e8e8172973e52241,73,"[""Mixed Baseline Exp 1"",""85460730"",""0""]",Mixed,36,3.4446734273934814,0.23931576796838927,0.3838837920518878,0.3333333333333333
recurrent,continued,43,470,3bcb6bb2871153c8c95f34d6759c69fb18b7702b90f72633e8e8172973e52241,78,"[""Mixed Baseline Exp 1"",""95675568"",""0""]",Mixed,12,3.106907737518711,0.08046998098217581,0.16314488874776664,0.08333333333333333
recurrent,continued,43,470,3bcb6bb2871153c8c95f34d6759c69fb18b7702b90f72633e8e8172973e52241,80,"[""Proportional Baseline Exp 1"",""11095201"",""0""]",Proportional,40,3.324162645617759,0.1757481281525128,0.5099292699590512,0.75
recurrent,continued,43,470,3bcb6bb2871153c8c95f34d6759c69fb18b7702b90f72633e8e8172973e52241,82,"[""Proportional Baseline Exp 1"",""14606420"",""0""]",Proportional,9,2.750857187017934,0.08077620209027041,0.22874241061804648,0.1111111111111111
recurrent,continued,43,470,3bcb6bb2871153c8c95f34d6759c69fb18b7702b90f72633e8e8172973e52241,89,"[""Proportional Baseline Exp 1"",""36303454"",""0""]",Proportional,40,4.351626343628547,0.1830115139426358,0.7073578817120811,0.725
recurrent,continued,43,470,3bcb6bb2871153c8c95f34d6759c69fb18b7702b90f72633e8e8172973e52241,97,"[""Proportional Baseline Exp 1"",""45673270"",""0""]",Proportional,40,3.9065326922714347,0.20027980547734087,0.6555025469925295,0.75
recurrent,continued,43,470,3bcb6bb2871153c8c95f34d6759c69fb18b7702b90f72633e8e8172973e52241,104,"[""Proportional Baseline Exp 1"",""63752993"",""0""]",Proportional,40,3.9601065829463282,0.09587516435730875,0.6891253333389394,0.9
recurrent,continued,43,470,3bcb6bb2871153c8c95f34d6759c69fb18b7702b90f72633e8e8172973e52241,107,"[""Proportional Baseline Exp 1"",""69384851"",""0""]",Proportional,40,3.8708297674937824,0.09512362203609319,0.6289807164415899,0.8
recurrent,continued,43,470,3bcb6bb2871153c8c95f34d6759c69fb18b7702b90f72633e8e8172973e52241,111,"[""Proportional Baseline Exp 1"",""76356479"",""0""]",Proportional,40,3.390921454166778,0.23341678449850417,0.5019083939375486,0.7
recurrent,continued,43,470,3bcb6bb2871153c8c95f34d6759c69fb18b7702b90f72633e8e8172973e52241,117,"[""Proportional Baseline Exp 1"",""85019022"",""0""]",Proportional,40,4.30107651376254,0.12066412046814974,0.6753337595862573,0.825
