family,budget,seed,selected_epoch,checkpoint_sha256,group_index,group_key,mechanism,nonforced_choices,nll
P0,conditional,17,480,2a32c5df362e28a7968ed071e518312fb34e7ee610149942050165cd367b68a9,11,"[""Equal Baseline Exp 1"",""30843571"",""0""]",Equal,20,2.408627499055192
P0,conditional,17,480,2a32c5df362e28a7968ed071e518312fb34e7ee610149942050165cd367b68a9,13,"[""Equal Baseline Exp 1"",""35368456"",""0""]",Equal,40,1.2392928159942134
P0,conditional,17,480,2a32c5df362e28a7968ed071e518312fb34e7ee610149942050165cd367b68a9,20,"[""Equal Baseline Exp 1"",""40800498"",""0""]",Equal,28,1.8876719059466744
P0,conditional,17,480,2a32c5df362e28a7968ed071e518312fb34e7ee610149942050165cd367b68a9,25,"[""Equal Baseline Exp 1"",""46096247"",""0""]",Equal,48,1.8277262387973205
P0,conditional,17,480,2a32c5df362e28a7968ed071e518312fb34e7ee610149942050165cd367b68a9,31,"[""Equal Baseline Exp 1"",""75670883"",""0""]",Equal,20,2.110296306676326
P0,conditional,17,480,2a32c5df362e28a7968ed071e518312fb34e7ee610149942050165cd367b68a9,35,"[""Equal Baseline Exp 1"",""92291462"",""0""]",Equal,28,2.0729176902814523
P0,conditional,17,480,2a32c5df362e28a7968ed071e518312fb34e7ee610149942050165cd367b68a9,36,"[""Equal Baseline Exp 1"",""92992435"",""0""]",Equal,52,2.356160862921627
P0,conditional,17,480,2a32c5df362e28a7968ed071e518312fb34e7ee610149942050165cd367b68a9,38,"[""Equal Baseline Exp 1"",""94815040"",""0""]",Equal,16,2.558558022925564
P0,conditional,17,480,2a32c5df362e28a7968ed071e518312fb34e7ee610149942050165cd367b68a9,44,"[""Mixed Baseline Exp 1"",""18823620"",""0""]",Mixed,160,2.681805258461196
P0,conditional,17,480,2a32c5df362e28a7968ed071e518312fb34e7ee610149942050165cd367b68a9,47,"[""Mixed Baseline Exp 1"",""26185795"",""0""]",Mixed,160,2.4142293027385584
P0,conditional,17,480,2a32c5df362e28a7968ed071e518312fb34e7ee610149942050165cd367b68a9,52,"[""Mixed Baseline Exp 1"",""37465807"",""0""]",Mixed,160,2.895195376212725
P0,conditional,17,480,2a32c5df362e28a7968ed071e518312fb34e7ee610149942050165cd367b68a9,57,"[""Mixed Baseline Exp 1"",""47841996"",""0""]",Mixed,38,1.956407845114446
P0,conditional,17,480,2a32c5df362e28a7968ed071e518312fb34e7ee610149942050165cd367b68a9,60,"[""Mixed Baseline Exp 1"",""50116627"",""0""]",Mixed,144,2.6599001948749392
P0,conditional,17,480,2a32c5df362e28a7968ed071e518312fb34e7ee610149942050165cd367b68a9,64,"[""Mixed Baseline Exp 1"",""64291720"",""0""]",Mixed,160,2.150762960007266
P0,conditional,17,480,2a32c5df362e28a7968ed071e518312fb34e7ee610149942050165cd367b68a9,73,"[""Mixed Baseline Exp 1"",""85460730"",""0""]",Mixed,138,2.5099442843895785
P0,conditional,17,480,2a32c5df362e28a7968ed071e518312fb34e7ee610149942050165cd367b68a9,78,"[""Mixed Baseline Exp 1"",""95675568"",""0""]",Mixed,47,2.0951462777458465
P0,conditional,17,480,2a32c5df362e28a7968ed071e518312fb34e7ee610149942050165cd367b68a9,80,"[""Proportional Baseline Exp 1"",""11095201"",""0""]",Proportional,57,3.0127859531175667
P0,conditional,17,480,2a32c5df362e28a7968ed071e518312fb34e7ee610149942050165cd367b68a9,82,"[""Proportional Baseline Exp 1"",""14606420"",""0""]",Proportional,26,2.5781170843724985
P0,conditional,17,480,2a32c5df362e28a7968ed071e518312fb34e7ee610149942050165cd367b68a9,89,"[""Proportional Baseline Exp 1"",""36303454"",""0""]",Proportional,104,3.262614878400849
P0,conditional,17,480,2a32c5df362e28a7968ed071e518312fb34e7ee610149942050165cd367b68a9,97,"[""Proportional Baseline Exp 1"",""45673270"",""0""]",Proportional,89,2.723807253057833
P0,conditional,17,480,2a32c5df362e28a7968ed071e518312fb34e7ee610149942050165cd367b68a9,104,"[""Proportional Baseline Exp 1"",""63752993"",""0""]",Proportional,88,3.166645538014272
P0,conditional,17,480,2a32c5df362e28a7968ed071e518312fb34e7ee610149942050165cd367b68a9,107,"[""Proportional Baseline Exp 1"",""69384851"",""0""]",Proportional,83,3.1432461633560114
P0,conditional,17,480,2a32c5df362e28a7968ed071e518312fb34e7ee610149942050165cd367b68a9,111,"[""Proportional Baseline Exp 1"",""76356479"",""0""]",Proportional,88,2.3380191988877295
P0,conditional,17,480,2a32c5df362e28a7968ed071e518312fb34e7ee610149942050165cd367b68a9,117,"[""Proportional Baseline Exp 1"",""85019022"",""0""]",Proportional,52,3.9898867708549806
P0,conditional,17,480,2a32c5df362e28a7968ed071e518312fb34e7ee610149942050165cd367b68a9,122,"[""RL Agent (M1) Exp 1"",""20532812"",""0""]",M1,136,2.891527508513168
P0,conditional,17,480,2a32c5df362e28a7968ed071e518312fb34e7ee610149942050165cd367b68a9,124,"[""RL Agent (M1) Exp 1"",""22263006"",""0""]",M1,22,2.619757489915259
P0,conditional,17,480,2a32c5df362e28a7968ed071e518312fb34e7ee610149942050165cd367b68a9,129,"[""RL Agent (M1) Exp 1"",""39583963"",""0""]",M1,92,2.826400655598293
P0,conditional,17,480,2a32c5df362e28a7968ed071e518312fb34e7ee610149942050165cd367b68a9,130,"[""RL Agent (M1) Exp 1"",""47817874"",""0""]",M1,46,3.588502644192695
P0,conditional,17,480,2a32c5df362e28a7968ed071e518312fb34e7ee610149942050165cd367b68a9,132,"[""RL Agent (M1) Exp 1"",""49408957"",""0""]",M1,27,2.7131259047878036
P0,conditional,17,480,2a32c5df362e28a7968ed071e518312fb34e7ee610149942050165cd367b68a9,138,"[""RL Agent (M1) Exp 1"",""57404481"",""0""]",M1,95,2.834940144698377
P0,conditional,17,480,2a32c5df362e28a7968ed071e518312fb34e7ee610149942050165cd367b68a9,140,"[""RL Agent (M1) Exp 1"",""63504480"",""0""]",M1,150,2.8100220074076834
P0,conditional,17,480,2a32c5df362e28a7968ed071e518312fb34e7ee610149942050165cd367b68a9,159,"[""RL Agent (M1) Exp 1"",""96535892"",""0""]",M1,25,3.740876112177377
P0,conditional,29,480,2fdd756d345c2013996866284f7792835fdb659a3c5df2690b00800af5d89642,11,"[""Equal Baseline Exp 1"",""30843571"",""0""]",Equal,20,2.3990482778577347
P0,conditional,29,480,2fdd756d345c2013996866284f7792835fdb659a3c5df2690b00800af5d89642,13,"[""Equal Baseline Exp 1"",""35368456"",""0""]",Equal,40,1.236928120480333
P0,conditional,29,480,2fdd756d345c2013996866284f7792835fdb659a3c5df2690b00800af5d89642,20,"[""Equal Baseline Exp 1"",""40800498"",""0""]",Equal,28,1.8845177020649242
P0,conditional,29,480,2fdd756d345c2013996866284f7792835fdb659a3c5df2690b00800af5d89642,25,"[""Equal Baseline Exp 1"",""46096247"",""0""]",Equal,48,1.828490327313555
P0,conditional,29,480,2fdd756d345c2013996866284f7792835fdb659a3c5df2690b00800af5d89642,31,"[""Equal Baseline Exp 1"",""75670883"",""0""]",Equal,20,2.0991504141622683
P0,conditional,29,480,2fdd756d345c2013996866284f7792835fdb659a3c5df2690b00800af5d89642,35,"[""Equal Baseline Exp 1"",""92291462"",""0""]",Equal,28,2.0644875635340108
P0,conditional,29,480,2fdd756d345c2013996866284f7792835fdb659a3c5df2690b00800af5d89642,36,"[""Equal Baseline Exp 1"",""92992435"",""0""]",Equal,52,2.3469706834769632
P0,conditional,29,480,2fdd756d345c2013996866284f7792835fdb659a3c5df2690b00800af5d89642,38,"[""Equal Baseline Exp 1"",""94815040"",""0""]",Equal,16,2.5483836585261406
P0,conditional,29,480,2fdd756d345c2013996866284f7792835fdb659a3c5df2690b00800af5d89642,44,"[""Mixed Baseline Exp 1"",""18823620"",""0""]",Mixed,160,2.6930659414102074
P0,conditional,29,480,2fdd756d345c2013996866284f7792835fdb659a3c5df2690b00800af5d89642,47,"[""Mixed Baseline Exp 1"",""26185795"",""0""]",Mixed,160,2.411547452918405
P0,conditional,29,480,2fdd756d345c2013996866284f7792835fdb659a3c5df2690b00800af5d89642,52,"[""Mixed Baseline Exp 1"",""37465807"",""0""]",Mixed,160,2.899125979476762
P0,conditional,29,480,2fdd756d345c2013996866284f7792835fdb659a3c5df2690b00800af5d89642,57,"[""Mixed Baseline Exp 1"",""47841996"",""0""]",Mixed,38,1.9471650588988347
P0,conditional,29,480,2fdd756d345c2013996866284f7792835fdb659a3c5df2690b00800af5d89642,60,"[""Mixed Baseline Exp 1"",""50116627"",""0""]",Mixed,144,2.690366958689343
P0,conditional,29,480,2fdd756d345c2013996866284f7792835fdb659a3c5df2690b00800af5d89642,64,"[""Mixed Baseline Exp 1"",""64291720"",""0""]",Mixed,160,2.173519819961715
P0,conditional,29,480,2fdd756d345c2013996866284f7792835fdb659a3c5df2690b00800af5d89642,73,"[""Mixed Baseline Exp 1"",""85460730"",""0""]",Mixed,138,2.500374376138987
P0,conditional,29,480,2fdd756d345c2013996866284f7792835fdb659a3c5df2690b00800af5d89642,78,"[""Mixed Baseline Exp 1"",""95675568"",""0""]",Mixed,47,2.0986444504030257
P0,conditional,29,480,2fdd756d345c2013996866284f7792835fdb659a3c5df2690b00800af5d89642,80,"[""Proportional Baseline Exp 1"",""11095201"",""0""]",Proportional,57,3.005925681160514
P0,conditional,29,480,2fdd756d345c2013996866284f7792835fdb659a3c5df2690b00800af5d89642,82,"[""Proportional Baseline Exp 1"",""14606420"",""0""]",Proportional,26,2.5772760472132843
P0,conditional,29,480,2fdd756d345c2013996866284f7792835fdb659a3c5df2690b00800af5d89642,89,"[""Proportional Baseline Exp 1"",""36303454"",""0""]",Proportional,104,3.2579825857701583
P0,conditional,29,480,2fdd756d345c2013996866284f7792835fdb659a3c5df2690b00800af5d89642,97,"[""Proportional Baseline Exp 1"",""45673270"",""0""]",Proportional,89,2.708842940416868
P0,conditional,29,480,2fdd756d345c2013996866284f7792835fdb659a3c5df2690b00800af5d89642,104,"[""Proportional Baseline Exp 1"",""63752993"",""0""]",Proportional,88,3.1743729131399774
P0,conditional,29,480,2fdd756d345c2013996866284f7792835fdb659a3c5df2690b00800af5d89642,107,"[""Proportional Baseline Exp 1"",""69384851"",""0""]",Proportional,83,3.1382435195453326
P0,conditional,29,480,2fdd756d345c2013996866284f7792835fdb659a3c5df2690b00800af5d89642,111,"[""Proportional Baseline Exp 1"",""76356479"",""0""]",Proportional,88,2.346397762199791
P0,conditional,29,480,2fdd756d345c2013996866284f7792835fdb659a3c5df2690b00800af5d89642,117,"[""Proportional Baseline Exp 1"",""85019022"",""0""]",Proportional,52,3.9977308270146406
P0,conditional,29,480,2fdd756d345c2013996866284f7792835fdb659a3c5df2690b00800af5d89642,122,"[""RL Agent (M1) Exp 1"",""20532812"",""0""]",M1,136,2.8751136644365904
P0,conditional,29,480,2fdd756d345c2013996866284f7792835fdb659a3c5df2690b00800af5d89642,124,"[""RL Agent (M1) Exp 1"",""22263006"",""0""]",M1,22,2.6072247314194104
P0,conditional,29,480,2fdd756d345c2013996866284f7792835fdb659a3c5df2690b00800af5d89642,129,"[""RL Agent (M1) Exp 1"",""39583963"",""0""]",M1,92,2.8001811599150987
P0,conditional,29,480,2fdd756d345c2013996866284f7792835fdb659a3c5df2690b00800af5d89642,130,"[""RL Agent (M1) Exp 1"",""47817874"",""0""]",M1,46,3.57145373423915
P0,conditional,29,480,2fdd756d345c2013996866284f7792835fdb659a3c5df2690b00800af5d89642,132,"[""RL Agent (M1) Exp 1"",""49408957"",""0""]",M1,27,2.7068722808524224
P0,conditional,29,480,2fdd756d345c2013996866284f7792835fdb659a3c5df2690b00800af5d89642,138,"[""RL Agent (M1) Exp 1"",""57404481"",""0""]",M1,95,2.8044037218449644
P0,conditional,29,480,2fdd756d345c2013996866284f7792835fdb659a3c5df2690b00800af5d89642,140,"[""RL Agent (M1) Exp 1"",""63504480"",""0""]",M1,150,2.80350615657142
P0,conditional,29,480,2fdd756d345c2013996866284f7792835fdb659a3c5df2690b00800af5d89642,159,"[""RL Agent (M1) Exp 1"",""96535892"",""0""]",M1,25,3.7745441337065784
P0,conditional,43,480,56f691d06b0452d030688fb9a09ff57445ec796c118db8e2dc5aa9166d73a662,11,"[""Equal Baseline Exp 1"",""30843571"",""0""]",Equal,20,2.4027507246190187
P0,conditional,43,480,56f691d06b0452d030688fb9a09ff57445ec796c118db8e2dc5aa9166d73a662,13,"[""Equal Baseline Exp 1"",""35368456"",""0""]",Equal,40,1.2352887704519109
P0,conditional,43,480,56f691d06b0452d030688fb9a09ff57445ec796c118db8e2dc5aa9166d73a662,20,"[""Equal Baseline Exp 1"",""40800498"",""0""]",Equal,28,1.8886185440511156
P0,conditional,43,480,56f691d06b0452d030688fb9a09ff57445ec796c118db8e2dc5aa9166d73a662,25,"[""Equal Baseline Exp 1"",""46096247"",""0""]",Equal,48,1.8285852579625697
P0,conditional,43,480,56f691d06b0452d030688fb9a09ff57445ec796c118db8e2dc5aa9166d73a662,31,"[""Equal Baseline Exp 1"",""75670883"",""0""]",Equal,20,2.1005311331995795
P0,conditional,43,480,56f691d06b0452d030688fb9a09ff57445ec796c118db8e2dc5aa9166d73a662,35,"[""Equal Baseline Exp 1"",""92291462"",""0""]",Equal,28,2.062133590589204
P0,conditional,43,480,56f691d06b0452d030688fb9a09ff57445ec796c118db8e2dc5aa9166d73a662,36,"[""Equal Baseline Exp 1"",""92992435"",""0""]",Equal,52,2.345212669786522
P0,conditional,43,480,56f691d06b0452d030688fb9a09ff57445ec796c118db8e2dc5aa9166d73a662,38,"[""Equal Baseline Exp 1"",""94815040"",""0""]",Equal,16,2.5525031545667853
P0,conditional,43,480,56f691d06b0452d030688fb9a09ff57445ec796c118db8e2dc5aa9166d73a662,44,"[""Mixed Baseline Exp 1"",""18823620"",""0""]",Mixed,160,2.6919837296711897
P0,conditional,43,480,56f691d06b0452d030688fb9a09ff57445ec796c118db8e2dc5aa9166d73a662,47,"[""Mixed Baseline Exp 1"",""26185795"",""0""]",Mixed,160,2.4074180242536825
P0,conditional,43,480,56f691d06b0452d030688fb9a09ff57445ec796c118db8e2dc5aa9166d73a662,52,"[""Mixed Baseline Exp 1"",""37465807"",""0""]",Mixed,160,2.9013509327240063
P0,conditional,43,480,56f691d06b0452d030688fb9a09ff57445ec796c118db8e2dc5aa9166d73a662,57,"[""Mixed Baseline Exp 1"",""47841996"",""0""]",Mixed,38,1.9458059703501434
P0,conditional,43,480,56f691d06b0452d030688fb9a09ff57445ec796c118db8e2dc5aa9166d73a662,60,"[""Mixed Baseline Exp 1"",""50116627"",""0""]",Mixed,144,2.6931024203370972
P0,conditional,43,480,56f691d06b0452d030688fb9a09ff57445ec796c118db8e2dc5aa9166d73a662,64,"[""Mixed Baseline Exp 1"",""64291720"",""0""]",Mixed,160,2.1639982702238747
P0,conditional,43,480,56f691d06b0452d030688fb9a09ff57445ec796c118db8e2dc5aa9166d73a662,73,"[""Mixed Baseline Exp 1"",""85460730"",""0""]",Mixed,138,2.4994033738969725
P0,conditional,43,480,56f691d06b0452d030688fb9a09ff57445ec796c118db8e2dc5aa9166d73a662,78,"[""Mixed Baseline Exp 1"",""95675568"",""0""]",Mixed,47,2.1005119238945205
P0,conditional,43,480,56f691d06b0452d030688fb9a09ff57445ec796c118db8e2dc5aa9166d73a662,80,"[""Proportional Baseline Exp 1"",""11095201"",""0""]",Proportional,57,2.986474102387612
P0,conditional,43,480,56f691d06b0452d030688fb9a09ff57445ec796c118db8e2dc5aa9166d73a662,82,"[""Proportional Baseline Exp 1"",""14606420"",""0""]",Proportional,26,2.574252406672863
P0,conditional,43,480,56f691d06b0452d030688fb9a09ff57445ec796c118db8e2dc5aa9166d73a662,89,"[""Proportional Baseline Exp 1"",""36303454"",""0""]",Proportional,104,3.2569454975691055
P0,conditional,43,480,56f691d06b0452d030688fb9a09ff57445ec796c118db8e2dc5aa9166d73a662,97,"[""Proportional Baseline Exp 1"",""45673270"",""0""]",Proportional,89,2.707009884152152
P0,conditional,43,480,56f691d06b0452d030688fb9a09ff57445ec796c118db8e2dc5aa9166d73a662,104,"[""Proportional Baseline Exp 1"",""63752993"",""0""]",Proportional,88,3.1602729672330607
P0,conditional,43,480,56f691d06b0452d030688fb9a09ff57445ec796c118db8e2dc5aa9166d73a662,107,"[""Proportional Baseline Exp 1"",""69384851"",""0""]",Proportional,83,3.139561265979955
P0,conditional,43,480,56f691d06b0452d030688fb9a09ff57445ec796c118db8e2dc5aa9166d73a662,111,"[""Proportional Baseline Exp 1"",""76356479"",""0""]",Proportional,88,2.337984718548134
P0,conditional,43,480,56f691d06b0452d030688fb9a09ff57445ec796c118db8e2dc5aa9166d73a662,117,"[""Proportional Baseline Exp 1"",""85019022"",""0""]",Proportional,52,4.000599660435835
P0,conditional,43,480,56f691d06b0452d030688fb9a09ff57445ec796c118db8e2dc5aa9166d73a662,122,"[""RL Agent (M1) Exp 1"",""20532812"",""0""]",M1,136,2.873363272904518
P0,conditional,43,480,56f691d06b0452d030688fb9a09ff57445ec796c118db8e2dc5aa9166d73a662,124,"[""RL Agent (M1) Exp 1"",""22263006"",""0""]",M1,22,2.617070264217321
P0,conditional,43,480,56f691d06b0452d030688fb9a09ff57445ec796c118db8e2dc5aa9166d73a662,129,"[""RL Agent (M1) Exp 1"",""39583963"",""0""]",M1,92,2.8034816903534425
P0,conditional,43,480,56f691d06b0452d030688fb9a09ff57445ec796c118db8e2dc5aa9166d73a662,130,"[""RL Agent (M1) Exp 1"",""47817874"",""0""]",M1,46,3.573206401390508
P0,conditional,43,480,56f691d06b0452d030688fb9a09ff57445ec796c118db8e2dc5aa9166d73a662,132,"[""RL Agent (M1) Exp 1"",""49408957"",""0""]",M1,27,2.709484687879414
P0,conditional,43,480,56f691d06b0452d030688fb9a09ff57445ec796c118db8e2dc5aa9166d73a662,138,"[""RL Agent (M1) Exp 1"",""57404481"",""0""]",M1,95,2.814494461898346
P0,conditional,43,480,56f691d06b0452d030688fb9a09ff57445ec796c118db8e2dc5aa9166d73a662,140,"[""RL Agent (M1) Exp 1"",""63504480"",""0""]",M1,150,2.8022635755602496
P0,conditional,43,480,56f691d06b0452d030688fb9a09ff57445ec796c118db8e2dc5aa9166d73a662,159,"[""RL Agent (M1) Exp 1"",""96535892"",""0""]",M1,25,3.7705037043939664
P1,conditional,17,480,019662b85c044462d5d4b319ab65b2ab52128d7a7c3091fc3dd9df5daaf9a19e,11,"[""Equal Baseline Exp 1"",""30843571"",""0""]",Equal,20,2.398022467299308
P1,conditional,17,480,019662b85c044462d5d4b319ab65b2ab52128d7a7c3091fc3dd9df5daaf9a19e,13,"[""Equal Baseline Exp 1"",""35368456"",""0""]",Equal,40,1.2664172109493286
P1,conditional,17,480,019662b85c044462d5d4b319ab65b2ab52128d7a7c3091fc3dd9df5daaf9a19e,20,"[""Equal Baseline Exp 1"",""40800498"",""0""]",Equal,28,1.8886435503978638
P1,conditional,17,480,019662b85c044462d5d4b319ab65b2ab52128d7a7c3091fc3dd9df5daaf9a19e,25,"[""Equal Baseline Exp 1"",""46096247"",""0""]",Equal,48,1.8305004237435405
P1,conditional,17,480,019662b85c044462d5d4b319ab65b2ab52128d7a7c3091fc3dd9df5daaf9a19e,31,"[""Equal Baseline Exp 1"",""75670883"",""0""]",Equal,20,2.094808470747691
P1,conditional,17,480,019662b85c044462d5d4b319ab65b2ab52128d7a7c3091fc3dd9df5daaf9a19e,35,"[""Equal Baseline Exp 1"",""92291462"",""0""]",Equal,28,2.0674088293417308
P1,conditional,17,480,019662b85c044462d5d4b319ab65b2ab52128d7a7c3091fc3dd9df5daaf9a19e,36,"[""Equal Baseline Exp 1"",""92992435"",""0""]",Equal,52,2.3560354835709827
P1,conditional,17,480,019662b85c044462d5d4b319ab65b2ab52128d7a7c3091fc3dd9df5daaf9a19e,38,"[""Equal Baseline Exp 1"",""94815040"",""0""]",Equal,16,2.5336358848378073
P1,conditional,17,480,019662b85c044462d5d4b319ab65b2ab52128d7a7c3091fc3dd9df5daaf9a19e,44,"[""Mixed Baseline Exp 1"",""18823620"",""0""]",Mixed,160,2.670015785684189
P1,conditional,17,480,019662b85c044462d5d4b319ab65b2ab52128d7a7c3091fc3dd9df5daaf9a19e,47,"[""Mixed Baseline Exp 1"",""26185795"",""0""]",Mixed,160,2.4104120527780863
P1,conditional,17,480,019662b85c044462d5d4b319ab65b2ab52128d7a7c3091fc3dd9df5daaf9a19e,52,"[""Mixed Baseline Exp 1"",""37465807"",""0""]",Mixed,160,2.8825052645569174
P1,conditional,17,480,019662b85c044462d5d4b319ab65b2ab52128d7a7c3091fc3dd9df5daaf9a19e,57,"[""Mixed Baseline Exp 1"",""47841996"",""0""]",Mixed,38,1.9553827756391255
P1,conditional,17,480,019662b85c044462d5d4b319ab65b2ab52128d7a7c3091fc3dd9df5daaf9a19e,60,"[""Mixed Baseline Exp 1"",""50116627"",""0""]",Mixed,144,2.6821111045308403
P1,conditional,17,480,019662b85c044462d5d4b319ab65b2ab52128d7a7c3091fc3dd9df5daaf9a19e,64,"[""Mixed Baseline Exp 1"",""64291720"",""0""]",Mixed,160,2.1430861157397554
P1,conditional,17,480,019662b85c044462d5d4b319ab65b2ab52128d7a7c3091fc3dd9df5daaf9a19e,73,"[""Mixed Baseline Exp 1"",""85460730"",""0""]",Mixed,138,2.5168785922620516
P1,conditional,17,480,019662b85c044462d5d4b319ab65b2ab52128d7a7c3091fc3dd9df5daaf9a19e,78,"[""Mixed Baseline Exp 1"",""95675568"",""0""]",Mixed,47,2.1049106923330734
P1,conditional,17,480,019662b85c044462d5d4b319ab65b2ab52128d7a7c3091fc3dd9df5daaf9a19e,80,"[""Proportional Baseline Exp 1"",""11095201"",""0""]",Proportional,57,3.017406190674396
P1,conditional,17,480,019662b85c044462d5d4b319ab65b2ab52128d7a7c3091fc3dd9df5daaf9a19e,82,"[""Proportional Baseline Exp 1"",""14606420"",""0""]",Proportional,26,2.5663917508044567
P1,conditional,17,480,019662b85c044462d5d4b319ab65b2ab52128d7a7c3091fc3dd9df5daaf9a19e,89,"[""Proportional Baseline Exp 1"",""36303454"",""0""]",Proportional,104,3.2556210766620066
P1,conditional,17,480,019662b85c044462d5d4b319ab65b2ab52128d7a7c3091fc3dd9df5daaf9a19e,97,"[""Proportional Baseline Exp 1"",""45673270"",""0""]",Proportional,89,2.7151842795865075
P1,conditional,17,480,019662b85c044462d5d4b319ab65b2ab52128d7a7c3091fc3dd9df5daaf9a19e,104,"[""Proportional Baseline Exp 1"",""63752993"",""0""]",Proportional,88,3.145505893368262
P1,conditional,17,480,019662b85c044462d5d4b319ab65b2ab52128d7a7c3091fc3dd9df5daaf9a19e,107,"[""Proportional Baseline Exp 1"",""69384851"",""0""]",Proportional,83,3.1522056726408043
P1,conditional,17,480,019662b85c044462d5d4b319ab65b2ab52128d7a7c3091fc3dd9df5daaf9a19e,111,"[""Proportional Baseline Exp 1"",""76356479"",""0""]",Proportional,88,2.3309971335469903
P1,conditional,17,480,019662b85c044462d5d4b319ab65b2ab52128d7a7c3091fc3dd9df5daaf9a19e,117,"[""Proportional Baseline Exp 1"",""85019022"",""0""]",Proportional,52,3.992120464867999
P1,conditional,17,480,019662b85c044462d5d4b319ab65b2ab52128d7a7c3091fc3dd9df5daaf9a19e,122,"[""RL Agent (M1) Exp 1"",""20532812"",""0""]",M1,136,2.885901828964496
P1,conditional,17,480,019662b85c044462d5d4b319ab65b2ab52128d7a7c3091fc3dd9df5daaf9a19e,124,"[""RL Agent (M1) Exp 1"",""22263006"",""0""]",M1,22,2.598330707372446
P1,conditional,17,480,019662b85c044462d5d4b319ab65b2ab52128d7a7c3091fc3dd9df5daaf9a19e,129,"[""RL Agent (M1) Exp 1"",""39583963"",""0""]",M1,92,2.8363691432788842
P1,conditional,17,480,019662b85c044462d5d4b319ab65b2ab52128d7a7c3091fc3dd9df5daaf9a19e,130,"[""RL Agent (M1) Exp 1"",""47817874"",""0""]",M1,46,3.5986152789894525
P1,conditional,17,480,019662b85c044462d5d4b319ab65b2ab52128d7a7c3091fc3dd9df5daaf9a19e,132,"[""RL Agent (M1) Exp 1"",""49408957"",""0""]",M1,27,2.741839260342723
P1,conditional,17,480,019662b85c044462d5d4b319ab65b2ab52128d7a7c3091fc3dd9df5daaf9a19e,138,"[""RL Agent (M1) Exp 1"",""57404481"",""0""]",M1,95,2.837220554729485
P1,conditional,17,480,019662b85c044462d5d4b319ab65b2ab52128d7a7c3091fc3dd9df5daaf9a19e,140,"[""RL Agent (M1) Exp 1"",""63504480"",""0""]",M1,150,2.8244012398452174
P1,conditional,17,480,019662b85c044462d5d4b319ab65b2ab52128d7a7c3091fc3dd9df5daaf9a19e,159,"[""RL Agent (M1) Exp 1"",""96535892"",""0""]",M1,25,3.7622015936506648
P1,conditional,29,480,deda3db37265ccd7344a0aef229ce761bfbfae8f29b44fe12a07d6b993a09087,11,"[""Equal Baseline Exp 1"",""30843571"",""0""]",Equal,20,2.389713499507314
P1,conditional,29,480,deda3db37265ccd7344a0aef229ce761bfbfae8f29b44fe12a07d6b993a09087,13,"[""Equal Baseline Exp 1"",""35368456"",""0""]",Equal,40,1.2629307789386066
P1,conditional,29,480,deda3db37265ccd7344a0aef229ce761bfbfae8f29b44fe12a07d6b993a09087,20,"[""Equal Baseline Exp 1"",""40800498"",""0""]",Equal,28,1.8869526197604662
P1,conditional,29,480,deda3db37265ccd7344a0aef229ce761bfbfae8f29b44fe12a07d6b993a09087,25,"[""Equal Baseline Exp 1"",""46096247"",""0""]",Equal,48,1.8311246065897446
P1,conditional,29,480,deda3db37265ccd7344a0aef229ce761bfbfae8f29b44fe12a07d6b993a09087,31,"[""Equal Baseline Exp 1"",""75670883"",""0""]",Equal,20,2.08511446663886
P1,conditional,29,480,deda3db37265ccd7344a0aef229ce761bfbfae8f29b44fe12a07d6b993a09087,35,"[""Equal Baseline Exp 1"",""92291462"",""0""]",Equal,28,2.0606617312003777
P1,conditional,29,480,deda3db37265ccd7344a0aef229ce761bfbfae8f29b44fe12a07d6b993a09087,36,"[""Equal Baseline Exp 1"",""92992435"",""0""]",Equal,52,2.3471389864068533
P1,conditional,29,480,deda3db37265ccd7344a0aef229ce761bfbfae8f29b44fe12a07d6b993a09087,38,"[""Equal Baseline Exp 1"",""94815040"",""0""]",Equal,16,2.5254132748264038
P1,conditional,29,480,deda3db37265ccd7344a0aef229ce761bfbfae8f29b44fe12a07d6b993a09087,44,"[""Mixed Baseline Exp 1"",""18823620"",""0""]",Mixed,160,2.6801972426258787
P1,conditional,29,480,deda3db37265ccd7344a0aef229ce761bfbfae8f29b44fe12a07d6b993a09087,47,"[""Mixed Baseline Exp 1"",""26185795"",""0""]",Mixed,160,2.4066904751923066
P1,conditional,29,480,deda3db37265ccd7344a0aef229ce761bfbfae8f29b44fe12a07d6b993a09087,52,"[""Mixed Baseline Exp 1"",""37465807"",""0""]",Mixed,160,2.884557493079062
P1,conditional,29,480,deda3db37265ccd7344a0aef229ce761bfbfae8f29b44fe12a07d6b993a09087,57,"[""Mixed Baseline Exp 1"",""47841996"",""0""]",Mixed,38,1.9470722040356159
P1,conditional,29,480,deda3db37265ccd7344a0aef229ce761bfbfae8f29b44fe12a07d6b993a09087,60,"[""Mixed Baseline Exp 1"",""50116627"",""0""]",Mixed,144,2.709918377372974
P1,conditional,29,480,deda3db37265ccd7344a0aef229ce761bfbfae8f29b44fe12a07d6b993a09087,64,"[""Mixed Baseline Exp 1"",""64291720"",""0""]",Mixed,160,2.161049743990259
P1,conditional,29,480,deda3db37265ccd7344a0aef229ce761bfbfae8f29b44fe12a07d6b993a09087,73,"[""Mixed Baseline Exp 1"",""85460730"",""0""]",Mixed,138,2.509183245080231
P1,conditional,29,480,deda3db37265ccd7344a0aef229ce761bfbfae8f29b44fe12a07d6b993a09087,78,"[""Mixed Baseline Exp 1"",""95675568"",""0""]",Mixed,47,2.1085254462136196
P1,conditional,29,480,deda3db37265ccd7344a0aef229ce761bfbfae8f29b44fe12a07d6b993a09087,80,"[""Proportional Baseline Exp 1"",""11095201"",""0""]",Proportional,57,3.0125766469497606
P1,conditional,29,480,deda3db37265ccd7344a0aef229ce761bfbfae8f29b44fe12a07d6b993a09087,82,"[""Proportional Baseline Exp 1"",""14606420"",""0""]",Proportional,26,2.566034143679126
P1,conditional,29,480,deda3db37265ccd7344a0aef229ce761bfbfae8f29b44fe12a07d6b993a09087,89,"[""Proportional Baseline Exp 1"",""36303454"",""0""]",Proportional,104,3.251467749594597
P1,conditional,29,480,deda3db37265ccd7344a0aef229ce761bfbfae8f29b44fe12a07d6b993a09087,97,"[""Proportional Baseline Exp 1"",""45673270"",""0""]",Proportional,89,2.7017924643143236
P1,conditional,29,480,deda3db37265ccd7344a0aef229ce761bfbfae8f29b44fe12a07d6b993a09087,104,"[""Proportional Baseline Exp 1"",""63752993"",""0""]",Proportional,88,3.1527335218218906
P1,conditional,29,480,deda3db37265ccd7344a0aef229ce761bfbfae8f29b44fe12a07d6b993a09087,107,"[""Proportional Baseline Exp 1"",""69384851"",""0""]",Proportional,83,3.148691641795052
P1,conditional,29,480,deda3db37265ccd7344a0aef229ce761bfbfae8f29b44fe12a07d6b993a09087,111,"[""Proportional Baseline Exp 1"",""76356479"",""0""]",Proportional,88,2.338678106045695
P1,conditional,29,480,deda3db37265ccd7344a0aef229ce761bfbfae8f29b44fe12a07d6b993a09087,117,"[""Proportional Baseline Exp 1"",""85019022"",""0""]",Proportional,52,3.9962356824202563
P1,conditional,29,480,deda3db37265ccd7344a0aef229ce761bfbfae8f29b44fe12a07d6b993a09087,122,"[""RL Agent (M1) Exp 1"",""20532812"",""0""]",M1,136,2.870637088250888
P1,conditional,29,480,deda3db37265ccd7344a0aef229ce761bfbfae8f29b44fe12a07d6b993a09087,124,"[""RL Agent (M1) Exp 1"",""22263006"",""0""]",M1,22,2.587408684262298
P1,conditional,29,480,deda3db37265ccd7344a0aef229ce761bfbfae8f29b44fe12a07d6b993a09087,129,"[""RL Agent (M1) Exp 1"",""39583963"",""0""]",M1,92,2.8130762019801425
P1,conditional,29,480,deda3db37265ccd7344a0aef229ce761bfbfae8f29b44fe12a07d6b993a09087,130,"[""RL Agent (M1) Exp 1"",""47817874"",""0""]",M1,46,3.582897648141868
P1,conditional,29,480,deda3db37265ccd7344a0aef229ce761bfbfae8f29b44fe12a07d6b993a09087,132,"[""RL Agent (M1) Exp 1"",""49408957"",""0""]",M1,27,2.736770542726482
P1,conditional,29,480,deda3db37265ccd7344a0aef229ce761bfbfae8f29b44fe12a07d6b993a09087,138,"[""RL Agent (M1) Exp 1"",""57404481"",""0""]",M1,95,2.8089180509779874
P1,conditional,29,480,deda3db37265ccd7344a0aef229ce761bfbfae8f29b44fe12a07d6b993a09087,140,"[""RL Agent (M1) Exp 1"",""63504480"",""0""]",M1,150,2.8197675648300105
P1,conditional,29,480,deda3db37265ccd7344a0aef229ce761bfbfae8f29b44fe12a07d6b993a09087,159,"[""RL Agent (M1) Exp 1"",""96535892"",""0""]",M1,25,3.7948418011313745
P1,conditional,43,480,940393c41c87f14644bfb449765c900f06cf92bcc858839f5814aeafbaa2b354,11,"[""Equal Baseline Exp 1"",""30843571"",""0""]",Equal,20,2.393804682344703
P1,conditional,43,480,940393c41c87f14644bfb449765c900f06cf92bcc858839f5814aeafbaa2b354,13,"[""Equal Baseline Exp 1"",""35368456"",""0""]",Equal,40,1.2606586742808592
P1,conditional,43,480,940393c41c87f14644bfb449765c900f06cf92bcc858839f5814aeafbaa2b354,20,"[""Equal Baseline Exp 1"",""40800498"",""0""]",Equal,28,1.8902181249031365
P1,conditional,43,480,940393c41c87f14644bfb449765c900f06cf92bcc858839f5814aeafbaa2b354,25,"[""Equal Baseline Exp 1"",""46096247"",""0""]",Equal,48,1.8317476222270621
P1,conditional,43,480,940393c41c87f14644bfb449765c900f06cf92bcc858839f5814aeafbaa2b354,31,"[""Equal Baseline Exp 1"",""75670883"",""0""]",Equal,20,2.086738883864066
P1,conditional,43,480,940393c41c87f14644bfb449765c900f06cf92bcc858839f5814aeafbaa2b354,35,"[""Equal Baseline Exp 1"",""92291462"",""0""]",Equal,28,2.058404616653745
P1,conditional,43,480,940393c41c87f14644bfb449765c900f06cf92bcc858839f5814aeafbaa2b354,36,"[""Equal Baseline Exp 1"",""92992435"",""0""]",Equal,52,2.345026448094461
P1,conditional,43,480,940393c41c87f14644bfb449765c900f06cf92bcc858839f5814aeafbaa2b354,38,"[""Equal Baseline Exp 1"",""94815040"",""0""]",Equal,16,2.5290755876919384
P1,conditional,43,480,940393c41c87f14644bfb449765c900f06cf92bcc858839f5814aeafbaa2b354,44,"[""Mixed Baseline Exp 1"",""18823620"",""0""]",Mixed,160,2.679605911389185
P1,conditional,43,480,940393c41c87f14644bfb449765c900f06cf92bcc858839f5814aeafbaa2b354,47,"[""Mixed Baseline Exp 1"",""26185795"",""0""]",Mixed,160,2.4026178087072365
P1,conditional,43,480,940393c41c87f14644bfb449765c900f06cf92bcc858839f5814aeafbaa2b354,52,"[""Mixed Baseline Exp 1"",""37465807"",""0""]",Mixed,160,2.8865380741002427
P1,conditional,43,480,940393c41c87f14644bfb449765c900f06cf92bcc858839f5814aeafbaa2b354,57,"[""Mixed Baseline Exp 1"",""47841996"",""0""]",Mixed,38,1.9460508284506337
P1,conditional,43,480,940393c41c87f14644bfb449765c900f06cf92bcc858839f5814aeafbaa2b354,60,"[""Mixed Baseline Exp 1"",""50116627"",""0""]",Mixed,144,2.7125454521365624
P1,conditional,43,480,940393c41c87f14644bfb449765c900f06cf92bcc858839f5814aeafbaa2b354,64,"[""Mixed Baseline Exp 1"",""64291720"",""0""]",Mixed,160,2.151550160612807
P1,conditional,43,480,940393c41c87f14644bfb449765c900f06cf92bcc858839f5814aeafbaa2b354,73,"[""Mixed Baseline Exp 1"",""85460730"",""0""]",Mixed,138,2.5082471686604157
P1,conditional,43,480,940393c41c87f14644bfb449765c900f06cf92bcc858839f5814aeafbaa2b354,78,"[""Mixed Baseline Exp 1"",""95675568"",""0""]",Mixed,47,2.1088047825250293
P1,conditional,43,480,940393c41c87f14644bfb449765c900f06cf92bcc858839f5814aeafbaa2b354,80,"[""Proportional Baseline Exp 1"",""11095201"",""0""]",Proportional,57,2.9917134730092685
P1,conditional,43,480,940393c41c87f14644bfb449765c900f06cf92bcc858839f5814aeafbaa2b354,82,"[""Proportional Baseline Exp 1"",""14606420"",""0""]",Proportional,26,2.5632386599405406
P1,conditional,43,480,940393c41c87f14644bfb449765c900f06cf92bcc858839f5814aeafbaa2b354,89,"[""Proportional Baseline Exp 1"",""36303454"",""0""]",Proportional,104,3.250779639130212
P1,conditional,43,480,940393c41c87f14644bfb449765c900f06cf92bcc858839f5814aeafbaa2b354,97,"[""Proportional Baseline Exp 1"",""45673270"",""0""]",Proportional,89,2.699923963729793
P1,conditional,43,480,940393c41c87f14644bfb449765c900f06cf92bcc858839f5814aeafbaa2b354,104,"[""Proportional Baseline Exp 1"",""63752993"",""0""]",Proportional,88,3.139128850286419
P1,conditional,43,480,940393c41c87f14644bfb449765c900f06cf92bcc858839f5814aeafbaa2b354,107,"[""Proportional Baseline Exp 1"",""69384851"",""0""]",Proportional,83,3.1497599636521487
P1,conditional,43,480,940393c41c87f14644bfb449765c900f06cf92bcc858839f5814aeafbaa2b354,111,"[""Proportional Baseline Exp 1"",""76356479"",""0""]",Proportional,88,2.3298993395678353
P1,conditional,43,480,940393c41c87f14644bfb449765c900f06cf92bcc858839f5814aeafbaa2b354,117,"[""Proportional Baseline Exp 1"",""85019022"",""0""]",Proportional,52,3.9995019214285508
P1,conditional,43,480,940393c41c87f14644bfb449765c900f06cf92bcc858839f5814aeafbaa2b354,122,"[""RL Agent (M1) Exp 1"",""20532812"",""0""]",M1,136,2.8684936753893644
P1,conditional,43,480,940393c41c87f14644bfb449765c900f06cf92bcc858839f5814aeafbaa2b354,124,"[""RL Agent (M1) Exp 1"",""22263006"",""0""]",M1,22,2.5977469396881165
P1,conditional,43,480,940393c41c87f14644bfb449765c900f06cf92bcc858839f5814aeafbaa2b354,129,"[""RL Agent (M1) Exp 1"",""39583963"",""0""]",M1,92,2.8149301488735743
P1,conditional,43,480,940393c41c87f14644bfb449765c900f06cf92bcc858839f5814aeafbaa2b354,130,"[""RL Agent (M1) Exp 1"",""47817874"",""0""]",M1,46,3.5825437596713288
P1,conditional,43,480,940393c41c87f14644bfb449765c900f06cf92bcc858839f5814aeafbaa2b354,132,"[""RL Agent (M1) Exp 1"",""49408957"",""0""]",M1,27,2.7391308740501867
P1,conditional,43,480,940393c41c87f14644bfb449765c900f06cf92bcc858839f5814aeafbaa2b354,138,"[""RL Agent (M1) Exp 1"",""57404481"",""0""]",M1,95,2.8193266071450065
P1,conditional,43,480,940393c41c87f14644bfb449765c900f06cf92bcc858839f5814aeafbaa2b354,140,"[""RL Agent (M1) Exp 1"",""63504480"",""0""]",M1,150,2.8194220457384103
P1,conditional,43,480,940393c41c87f14644bfb449765c900f06cf92bcc858839f5814aeafbaa2b354,159,"[""RL Agent (M1) Exp 1"",""96535892"",""0""]",M1,25,3.7903978386576687
H0,conditional,17,480,7d6fc5c3d04529b68cb0425df74ed5b246e7aaad2fc64e4dd871c41437a87349,11,"[""Equal Baseline Exp 1"",""30843571"",""0""]",Equal,20,2.3865636335554266
H0,conditional,17,480,7d6fc5c3d04529b68cb0425df74ed5b246e7aaad2fc64e4dd871c41437a87349,13,"[""Equal Baseline Exp 1"",""35368456"",""0""]",Equal,40,1.2530412431550393
H0,conditional,17,480,7d6fc5c3d04529b68cb0425df74ed5b246e7aaad2fc64e4dd871c41437a87349,20,"[""Equal Baseline Exp 1"",""40800498"",""0""]",Equal,28,1.8681957319159994
H0,conditional,17,480,7d6fc5c3d04529b68cb0425df74ed5b246e7aaad2fc64e4dd871c41437a87349,25,"[""Equal Baseline Exp 1"",""46096247"",""0""]",Equal,48,1.8498368294689531
H0,conditional,17,480,7d6fc5c3d04529b68cb0425df74ed5b246e7aaad2fc64e4dd871c41437a87349,31,"[""Equal Baseline Exp 1"",""75670883"",""0""]",Equal,20,2.065181768634475
H0,conditional,17,480,7d6fc5c3d04529b68cb0425df74ed5b246e7aaad2fc64e4dd871c41437a87349,35,"[""Equal Baseline Exp 1"",""92291462"",""0""]",Equal,28,2.0607398293061103
H0,conditional,17,480,7d6fc5c3d04529b68cb0425df74ed5b246e7aaad2fc64e4dd871c41437a87349,36,"[""Equal Baseline Exp 1"",""92992435"",""0""]",Equal,52,2.353139951595265
H0,conditional,17,480,7d6fc5c3d04529b68cb0425df74ed5b246e7aaad2fc64e4dd871c41437a87349,38,"[""Equal Baseline Exp 1"",""94815040"",""0""]",Equal,16,2.5113958360190214
H0,conditional,17,480,7d6fc5c3d04529b68cb0425df74ed5b246e7aaad2fc64e4dd871c41437a87349,44,"[""Mixed Baseline Exp 1"",""18823620"",""0""]",Mixed,160,2.6460219882200913
H0,conditional,17,480,7d6fc5c3d04529b68cb0425df74ed5b246e7aaad2fc64e4dd871c41437a87349,47,"[""Mixed Baseline Exp 1"",""26185795"",""0""]",Mixed,160,2.387182791928477
H0,conditional,17,480,7d6fc5c3d04529b68cb0425df74ed5b246e7aaad2fc64e4dd871c41437a87349,52,"[""Mixed Baseline Exp 1"",""37465807"",""0""]",Mixed,160,2.8630634150487815
H0,conditional,17,480,7d6fc5c3d04529b68cb0425df74ed5b246e7aaad2fc64e4dd871c41437a87349,57,"[""Mixed Baseline Exp 1"",""47841996"",""0""]",Mixed,38,1.9659639412292838
H0,conditional,17,480,7d6fc5c3d04529b68cb0425df74ed5b246e7aaad2fc64e4dd871c41437a87349,60,"[""Mixed Baseline Exp 1"",""50116627"",""0""]",Mixed,144,2.761412520681233
H0,conditional,17,480,7d6fc5c3d04529b68cb0425df74ed5b246e7aaad2fc64e4dd871c41437a87349,64,"[""Mixed Baseline Exp 1"",""64291720"",""0""]",Mixed,160,2.130345776110239
H0,conditional,17,480,7d6fc5c3d04529b68cb0425df74ed5b246e7aaad2fc64e4dd871c41437a87349,73,"[""Mixed Baseline Exp 1"",""85460730"",""0""]",Mixed,138,2.5067253743123445
H0,conditional,17,480,7d6fc5c3d04529b68cb0425df74ed5b246e7aaad2fc64e4dd871c41437a87349,78,"[""Mixed Baseline Exp 1"",""95675568"",""0""]",Mixed,47,2.126970125594501
H0,conditional,17,480,7d6fc5c3d04529b68cb0425df74ed5b246e7aaad2fc64e4dd871c41437a87349,80,"[""Proportional Baseline Exp 1"",""11095201"",""0""]",Proportional,57,2.9794375998745903
H0,conditional,17,480,7d6fc5c3d04529b68cb0425df74ed5b246e7aaad2fc64e4dd871c41437a87349,82,"[""Proportional Baseline Exp 1"",""14606420"",""0""]",Proportional,26,2.5679683542909464
H0,conditional,17,480,7d6fc5c3d04529b68cb0425df74ed5b246e7aaad2fc64e4dd871c41437a87349,89,"[""Proportional Baseline Exp 1"",""36303454"",""0""]",Proportional,104,3.254181933178802
H0,conditional,17,480,7d6fc5c3d04529b68cb0425df74ed5b246e7aaad2fc64e4dd871c41437a87349,97,"[""Proportional Baseline Exp 1"",""45673270"",""0""]",Proportional,89,2.7899819969101376
H0,conditional,17,480,7d6fc5c3d04529b68cb0425df74ed5b246e7aaad2fc64e4dd871c41437a87349,104,"[""Proportional Baseline Exp 1"",""63752993"",""0""]",Proportional,88,3.154224556686911
H0,conditional,17,480,7d6fc5c3d04529b68cb0425df74ed5b246e7aaad2fc64e4dd871c41437a87349,107,"[""Proportional Baseline Exp 1"",""69384851"",""0""]",Proportional,83,3.138247933656425
H0,conditional,17,480,7d6fc5c3d04529b68cb0425df74ed5b246e7aaad2fc64e4dd871c41437a87349,111,"[""Proportional Baseline Exp 1"",""76356479"",""0""]",Proportional,88,2.266493945890463
H0,conditional,17,480,7d6fc5c3d04529b68cb0425df74ed5b246e7aaad2fc64e4dd871c41437a87349,117,"[""Proportional Baseline Exp 1"",""85019022"",""0""]",Proportional,52,3.9764321200299837
H0,conditional,17,480,7d6fc5c3d04529b68cb0425df74ed5b246e7aaad2fc64e4dd871c41437a87349,122,"[""RL Agent (M1) Exp 1"",""20532812"",""0""]",M1,136,2.8696701942039273
H0,conditional,17,480,7d6fc5c3d04529b68cb0425df74ed5b246e7aaad2fc64e4dd871c41437a87349,124,"[""RL Agent (M1) Exp 1"",""22263006"",""0""]",M1,22,2.583618518422308
H0,conditional,17,480,7d6fc5c3d04529b68cb0425df74ed5b246e7aaad2fc64e4dd871c41437a87349,129,"[""RL Agent (M1) Exp 1"",""39583963"",""0""]",M1,92,2.8275888876806934
H0,conditional,17,480,7d6fc5c3d04529b68cb0425df74ed5b246e7aaad2fc64e4dd871c41437a87349,130,"[""RL Agent (M1) Exp 1"",""47817874"",""0""]",M1,46,3.5585410520970746
H0,conditional,17,480,7d6fc5c3d04529b68cb0425df74ed5b246e7aaad2fc64e4dd871c41437a87349,132,"[""RL Agent (M1) Exp 1"",""49408957"",""0""]",M1,27,2.688324781933974
H0,conditional,17,480,7d6fc5c3d04529b68cb0425df74ed5b246e7aaad2fc64e4dd871c41437a87349,138,"[""RL Agent (M1) Exp 1"",""57404481"",""0""]",M1,95,2.8308116726337977
H0,conditional,17,480,7d6fc5c3d04529b68cb0425df74ed5b246e7aaad2fc64e4dd871c41437a87349,140,"[""RL Agent (M1) Exp 1"",""63504480"",""0""]",M1,150,2.7427288166524666
H0,conditional,17,480,7d6fc5c3d04529b68cb0425df74ed5b246e7aaad2fc64e4dd871c41437a87349,159,"[""RL Agent (M1) Exp 1"",""96535892"",""0""]",M1,25,3.7470161368305264
H0,conditional,29,479,9c6cade561becf4363b269f5db19158a0a5c4dc9895ce7f7edae5e1253718aa4,11,"[""Equal Baseline Exp 1"",""30843571"",""0""]",Equal,20,2.3819229820560865
H0,conditional,29,479,9c6cade561becf4363b269f5db19158a0a5c4dc9895ce7f7edae5e1253718aa4,13,"[""Equal Baseline Exp 1"",""35368456"",""0""]",Equal,40,1.2440760906697559
H0,conditional,29,479,9c6cade561becf4363b269f5db19158a0a5c4dc9895ce7f7edae5e1253718aa4,20,"[""Equal Baseline Exp 1"",""40800498"",""0""]",Equal,28,1.8723424408839464
H0,conditional,29,479,9c6cade561becf4363b269f5db19158a0a5c4dc9895ce7f7edae5e1253718aa4,25,"[""Equal Baseline Exp 1"",""46096247"",""0""]",Equal,48,1.8514788413680627
H0,conditional,29,479,9c6cade561becf4363b269f5db19158a0a5c4dc9895ce7f7edae5e1253718aa4,31,"[""Equal Baseline Exp 1"",""75670883"",""0""]",Equal,20,2.0578410287830162
H0,conditional,29,479,9c6cade561becf4363b269f5db19158a0a5c4dc9895ce7f7edae5e1253718aa4,35,"[""Equal Baseline Exp 1"",""92291462"",""0""]",Equal,28,2.0573034042047023
H0,conditional,29,479,9c6cade561becf4363b269f5db19158a0a5c4dc9895ce7f7edae5e1253718aa4,36,"[""Equal Baseline Exp 1"",""92992435"",""0""]",Equal,52,2.344075576416077
H0,conditional,29,479,9c6cade561becf4363b269f5db19158a0a5c4dc9895ce7f7edae5e1253718aa4,38,"[""Equal Baseline Exp 1"",""94815040"",""0""]",Equal,16,2.5131846374913316
H0,conditional,29,479,9c6cade561becf4363b269f5db19158a0a5c4dc9895ce7f7edae5e1253718aa4,44,"[""Mixed Baseline Exp 1"",""18823620"",""0""]",Mixed,160,2.656688401167357
H0,conditional,29,479,9c6cade561becf4363b269f5db19158a0a5c4dc9895ce7f7edae5e1253718aa4,47,"[""Mixed Baseline Exp 1"",""26185795"",""0""]",Mixed,160,2.3832364118112013
H0,conditional,29,479,9c6cade561becf4363b269f5db19158a0a5c4dc9895ce7f7edae5e1253718aa4,52,"[""Mixed Baseline Exp 1"",""37465807"",""0""]",Mixed,160,2.8612480321855616
H0,conditional,29,479,9c6cade561becf4363b269f5db19158a0a5c4dc9895ce7f7edae5e1253718aa4,57,"[""Mixed Baseline Exp 1"",""47841996"",""0""]",Mixed,38,1.9591210570145858
H0,conditional,29,479,9c6cade561becf4363b269f5db19158a0a5c4dc9895ce7f7edae5e1253718aa4,60,"[""Mixed Baseline Exp 1"",""50116627"",""0""]",Mixed,144,2.7761400501728426
H0,conditional,29,479,9c6cade561becf4363b269f5db19158a0a5c4dc9895ce7f7edae5e1253718aa4,64,"[""Mixed Baseline Exp 1"",""64291720"",""0""]",Mixed,160,2.138902716200114
H0,conditional,29,479,9c6cade561becf4363b269f5db19158a0a5c4dc9895ce7f7edae5e1253718aa4,73,"[""Mixed Baseline Exp 1"",""85460730"",""0""]",Mixed,138,2.4989070474995696
H0,conditional,29,479,9c6cade561becf4363b269f5db19158a0a5c4dc9895ce7f7edae5e1253718aa4,78,"[""Mixed Baseline Exp 1"",""95675568"",""0""]",Mixed,47,2.130419119034004
H0,conditional,29,479,9c6cade561becf4363b269f5db19158a0a5c4dc9895ce7f7edae5e1253718aa4,80,"[""Proportional Baseline Exp 1"",""11095201"",""0""]",Proportional,57,2.9826666782911504
H0,conditional,29,479,9c6cade561becf4363b269f5db19158a0a5c4dc9895ce7f7edae5e1253718aa4,82,"[""Proportional Baseline Exp 1"",""14606420"",""0""]",Proportional,26,2.568394365627128
H0,conditional,29,479,9c6cade561becf4363b269f5db19158a0a5c4dc9895ce7f7edae5e1253718aa4,89,"[""Proportional Baseline Exp 1"",""36303454"",""0""]",Proportional,104,3.252348192576465
H0,conditional,29,479,9c6cade561becf4363b269f5db19158a0a5c4dc9895ce7f7edae5e1253718aa4,97,"[""Proportional Baseline Exp 1"",""45673270"",""0""]",Proportional,89,2.7760414969229212
H0,conditional,29,479,9c6cade561becf4363b269f5db19158a0a5c4dc9895ce7f7edae5e1253718aa4,104,"[""Proportional Baseline Exp 1"",""63752993"",""0""]",Proportional,88,3.160844037356249
H0,conditional,29,479,9c6cade561becf4363b269f5db19158a0a5c4dc9895ce7f7edae5e1253718aa4,107,"[""Proportional Baseline Exp 1"",""69384851"",""0""]",Proportional,83,3.1384576079787827
H0,conditional,29,479,9c6cade561becf4363b269f5db19158a0a5c4dc9895ce7f7edae5e1253718aa4,111,"[""Proportional Baseline Exp 1"",""76356479"",""0""]",Proportional,88,2.278510234349483
H0,conditional,29,479,9c6cade561becf4363b269f5db19158a0a5c4dc9895ce7f7edae5e1253718aa4,117,"[""Proportional Baseline Exp 1"",""85019022"",""0""]",Proportional,52,3.9877439965518318
H0,conditional,29,479,9c6cade561becf4363b269f5db19158a0a5c4dc9895ce7f7edae5e1253718aa4,122,"[""RL Agent (M1) Exp 1"",""20532812"",""0""]",M1,136,2.856688188999779
H0,conditional,29,479,9c6cade561becf4363b269f5db19158a0a5c4dc9895ce7f7edae5e1253718aa4,124,"[""RL Agent (M1) Exp 1"",""22263006"",""0""]",M1,22,2.57745943344965
H0,conditional,29,479,9c6cade561becf4363b269f5db19158a0a5c4dc9895ce7f7edae5e1253718aa4,129,"[""RL Agent (M1) Exp 1"",""39583963"",""0""]",M1,92,2.813456473299384
H0,conditional,29,479,9c6cade561becf4363b269f5db19158a0a5c4dc9895ce7f7edae5e1253718aa4,130,"[""RL Agent (M1) Exp 1"",""47817874"",""0""]",M1,46,3.5532456885419004
H0,conditional,29,479,9c6cade561becf4363b269f5db19158a0a5c4dc9895ce7f7edae5e1253718aa4,132,"[""RL Agent (M1) Exp 1"",""49408957"",""0""]",M1,27,2.689485859917834
H0,conditional,29,479,9c6cade561becf4363b269f5db19158a0a5c4dc9895ce7f7edae5e1253718aa4,138,"[""RL Agent (M1) Exp 1"",""57404481"",""0""]",M1,95,2.8045458102176055
H0,conditional,29,479,9c6cade561becf4363b269f5db19158a0a5c4dc9895ce7f7edae5e1253718aa4,140,"[""RL Agent (M1) Exp 1"",""63504480"",""0""]",M1,150,2.738918275976936
H0,conditional,29,479,9c6cade561becf4363b269f5db19158a0a5c4dc9895ce7f7edae5e1253718aa4,159,"[""RL Agent (M1) Exp 1"",""96535892"",""0""]",M1,25,3.7851556682417056
H0,conditional,43,480,4606995065f47f7e6aded0b67ffbe1074066ada14798652153d70e8ee4df7b19,11,"[""Equal Baseline Exp 1"",""30843571"",""0""]",Equal,20,2.383661160612943
H0,conditional,43,480,4606995065f47f7e6aded0b67ffbe1074066ada14798652153d70e8ee4df7b19,13,"[""Equal Baseline Exp 1"",""35368456"",""0""]",Equal,40,1.2407355768833015
H0,conditional,43,480,4606995065f47f7e6aded0b67ffbe1074066ada14798652153d70e8ee4df7b19,20,"[""Equal Baseline Exp 1"",""40800498"",""0""]",Equal,28,1.8754874876807814
H0,conditional,43,480,4606995065f47f7e6aded0b67ffbe1074066ada14798652153d70e8ee4df7b19,25,"[""Equal Baseline Exp 1"",""46096247"",""0""]",Equal,48,1.8499110519150754
H0,conditional,43,480,4606995065f47f7e6aded0b67ffbe1074066ada14798652153d70e8ee4df7b19,31,"[""Equal Baseline Exp 1"",""75670883"",""0""]",Equal,20,2.0600425984845696
H0,conditional,43,480,4606995065f47f7e6aded0b67ffbe1074066ada14798652153d70e8ee4df7b19,35,"[""Equal Baseline Exp 1"",""92291462"",""0""]",Equal,28,2.0577711015883375
H0,conditional,43,480,4606995065f47f7e6aded0b67ffbe1074066ada14798652153d70e8ee4df7b19,36,"[""Equal Baseline Exp 1"",""92992435"",""0""]",Equal,52,2.3444308472561506
H0,conditional,43,480,4606995065f47f7e6aded0b67ffbe1074066ada14798652153d70e8ee4df7b19,38,"[""Equal Baseline Exp 1"",""94815040"",""0""]",Equal,16,2.514804677940332
H0,conditional,43,480,4606995065f47f7e6aded0b67ffbe1074066ada14798652153d70e8ee4df7b19,44,"[""Mixed Baseline Exp 1"",""18823620"",""0""]",Mixed,160,2.657010316008816
H0,conditional,43,480,4606995065f47f7e6aded0b67ffbe1074066ada14798652153d70e8ee4df7b19,47,"[""Mixed Baseline Exp 1"",""26185795"",""0""]",Mixed,160,2.3819776987600187
H0,conditional,43,480,4606995065f47f7e6aded0b67ffbe1074066ada14798652153d70e8ee4df7b19,52,"[""Mixed Baseline Exp 1"",""37465807"",""0""]",Mixed,160,2.866652612861665
H0,conditional,43,480,4606995065f47f7e6aded0b67ffbe1074066ada14798652153d70e8ee4df7b19,57,"[""Mixed Baseline Exp 1"",""47841996"",""0""]",Mixed,38,1.9592066376997026
H0,conditional,43,480,4606995065f47f7e6aded0b67ffbe1074066ada14798652153d70e8ee4df7b19,60,"[""Mixed Baseline Exp 1"",""50116627"",""0""]",Mixed,144,2.7749148915063944
H0,conditional,43,480,4606995065f47f7e6aded0b67ffbe1074066ada14798652153d70e8ee4df7b19,64,"[""Mixed Baseline Exp 1"",""64291720"",""0""]",Mixed,160,2.1339419012602034
H0,conditional,43,480,4606995065f47f7e6aded0b67ffbe1074066ada14798652153d70e8ee4df7b19,73,"[""Mixed Baseline Exp 1"",""85460730"",""0""]",Mixed,138,2.4990158313168984
H0,conditional,43,480,4606995065f47f7e6aded0b67ffbe1074066ada14798652153d70e8ee4df7b19,78,"[""Mixed Baseline Exp 1"",""95675568"",""0""]",Mixed,47,2.1299328129926827
H0,conditional,43,480,4606995065f47f7e6aded0b67ffbe1074066ada14798652153d70e8ee4df7b19,80,"[""Proportional Baseline Exp 1"",""11095201"",""0""]",Proportional,57,2.968248144912504
H0,conditional,43,480,4606995065f47f7e6aded0b67ffbe1074066ada14798652153d70e8ee4df7b19,82,"[""Proportional Baseline Exp 1"",""14606420"",""0""]",Proportional,26,2.5674645589286325
H0,conditional,43,480,4606995065f47f7e6aded0b67ffbe1074066ada14798652153d70e8ee4df7b19,89,"[""Proportional Baseline Exp 1"",""36303454"",""0""]",Proportional,104,3.2529034991865013
H0,conditional,43,480,4606995065f47f7e6aded0b67ffbe1074066ada14798652153d70e8ee4df7b19,97,"[""Proportional Baseline Exp 1"",""45673270"",""0""]",Proportional,89,2.769909919060255
H0,conditional,43,480,4606995065f47f7e6aded0b67ffbe1074066ada14798652153d70e8ee4df7b19,104,"[""Proportional Baseline Exp 1"",""63752993"",""0""]",Proportional,88,3.14630467054867
H0,conditional,43,480,4606995065f47f7e6aded0b67ffbe1074066ada14798652153d70e8ee4df7b19,107,"[""Proportional Baseline Exp 1"",""69384851"",""0""]",Proportional,83,3.1397258173143063
H0,conditional,43,480,4606995065f47f7e6aded0b67ffbe1074066ada14798652153d70e8ee4df7b19,111,"[""Proportional Baseline Exp 1"",""76356479"",""0""]",Proportional,88,2.2730986357062033
H0,conditional,43,480,4606995065f47f7e6aded0b67ffbe1074066ada14798652153d70e8ee4df7b19,117,"[""Proportional Baseline Exp 1"",""85019022"",""0""]",Proportional,52,3.9901377975118204
H0,conditional,43,480,4606995065f47f7e6aded0b67ffbe1074066ada14798652153d70e8ee4df7b19,122,"[""RL Agent (M1) Exp 1"",""20532812"",""0""]",M1,136,2.8556353180242824
H0,conditional,43,480,4606995065f47f7e6aded0b67ffbe1074066ada14798652153d70e8ee4df7b19,124,"[""RL Agent (M1) Exp 1"",""22263006"",""0""]",M1,22,2.5866907596621074
H0,conditional,43,480,4606995065f47f7e6aded0b67ffbe1074066ada14798652153d70e8ee4df7b19,129,"[""RL Agent (M1) Exp 1"",""39583963"",""0""]",M1,92,2.813138068260615
H0,conditional,43,480,4606995065f47f7e6aded0b67ffbe1074066ada14798652153d70e8ee4df7b19,130,"[""RL Agent (M1) Exp 1"",""47817874"",""0""]",M1,46,3.5508507423711237
H0,conditional,43,480,4606995065f47f7e6aded0b67ffbe1074066ada14798652153d70e8ee4df7b19,132,"[""RL Agent (M1) Exp 1"",""49408957"",""0""]",M1,27,2.68976148184557
H0,conditional,43,480,4606995065f47f7e6aded0b67ffbe1074066ada14798652153d70e8ee4df7b19,138,"[""RL Agent (M1) Exp 1"",""57404481"",""0""]",M1,95,2.8123750765467763
H0,conditional,43,480,4606995065f47f7e6aded0b67ffbe1074066ada14798652153d70e8ee4df7b19,140,"[""RL Agent (M1) Exp 1"",""63504480"",""0""]",M1,150,2.741003687795376
H0,conditional,43,480,4606995065f47f7e6aded0b67ffbe1074066ada14798652153d70e8ee4df7b19,159,"[""RL Agent (M1) Exp 1"",""96535892"",""0""]",M1,25,3.777128212857266
H1,conditional,17,480,0ce02615f56b7851dfb95f26cf20d12849e454da4d5b7e1462530a74cb7ada1d,11,"[""Equal Baseline Exp 1"",""30843571"",""0""]",Equal,20,2.3835548965647986
H1,conditional,17,480,0ce02615f56b7851dfb95f26cf20d12849e454da4d5b7e1462530a74cb7ada1d,13,"[""Equal Baseline Exp 1"",""35368456"",""0""]",Equal,40,1.2715599185312327
H1,conditional,17,480,0ce02615f56b7851dfb95f26cf20d12849e454da4d5b7e1462530a74cb7ada1d,20,"[""Equal Baseline Exp 1"",""40800498"",""0""]",Equal,28,1.8727666027325394
H1,conditional,17,480,0ce02615f56b7851dfb95f26cf20d12849e454da4d5b7e1462530a74cb7ada1d,25,"[""Equal Baseline Exp 1"",""46096247"",""0""]",Equal,48,1.8466136086848106
H1,conditional,17,480,0ce02615f56b7851dfb95f26cf20d12849e454da4d5b7e1462530a74cb7ada1d,31,"[""Equal Baseline Exp 1"",""75670883"",""0""]",Equal,20,2.0595265758376184
H1,conditional,17,480,0ce02615f56b7851dfb95f26cf20d12849e454da4d5b7e1462530a74cb7ada1d,35,"[""Equal Baseline Exp 1"",""92291462"",""0""]",Equal,28,2.0625470651214064
H1,conditional,17,480,0ce02615f56b7851dfb95f26cf20d12849e454da4d5b7e1462530a74cb7ada1d,36,"[""Equal Baseline Exp 1"",""92992435"",""0""]",Equal,52,2.352584822251843
H1,conditional,17,480,0ce02615f56b7851dfb95f26cf20d12849e454da4d5b7e1462530a74cb7ada1d,38,"[""Equal Baseline Exp 1"",""94815040"",""0""]",Equal,16,2.501254875692407
H1,conditional,17,480,0ce02615f56b7851dfb95f26cf20d12849e454da4d5b7e1462530a74cb7ada1d,44,"[""Mixed Baseline Exp 1"",""18823620"",""0""]",Mixed,160,2.644157049574602
H1,conditional,17,480,0ce02615f56b7851dfb95f26cf20d12849e454da4d5b7e1462530a74cb7ada1d,47,"[""Mixed Baseline Exp 1"",""26185795"",""0""]",Mixed,160,2.3868472992848333
H1,conditional,17,480,0ce02615f56b7851dfb95f26cf20d12849e454da4d5b7e1462530a74cb7ada1d,52,"[""Mixed Baseline Exp 1"",""37465807"",""0""]",Mixed,160,2.8572108632446445
H1,conditional,17,480,0ce02615f56b7851dfb95f26cf20d12849e454da4d5b7e1462530a74cb7ada1d,57,"[""Mixed Baseline Exp 1"",""47841996"",""0""]",Mixed,38,1.9648111025320554
H1,conditional,17,480,0ce02615f56b7851dfb95f26cf20d12849e454da4d5b7e1462530a74cb7ada1d,60,"[""Mixed Baseline Exp 1"",""50116627"",""0""]",Mixed,144,2.7706152580950456
H1,conditional,17,480,0ce02615f56b7851dfb95f26cf20d12849e454da4d5b7e1462530a74cb7ada1d,64,"[""Mixed Baseline Exp 1"",""64291720"",""0""]",Mixed,160,2.1277035068769097
H1,conditional,17,480,0ce02615f56b7851dfb95f26cf20d12849e454da4d5b7e1462530a74cb7ada1d,73,"[""Mixed Baseline Exp 1"",""85460730"",""0""]",Mixed,138,2.5067406036670214
H1,conditional,17,480,0ce02615f56b7851dfb95f26cf20d12849e454da4d5b7e1462530a74cb7ada1d,78,"[""Mixed Baseline Exp 1"",""95675568"",""0""]",Mixed,47,2.142074117520082
H1,conditional,17,480,0ce02615f56b7851dfb95f26cf20d12849e454da4d5b7e1462530a74cb7ada1d,80,"[""Proportional Baseline Exp 1"",""11095201"",""0""]",Proportional,57,2.9878154893547975
H1,conditional,17,480,0ce02615f56b7851dfb95f26cf20d12849e454da4d5b7e1462530a74cb7ada1d,82,"[""Proportional Baseline Exp 1"",""14606420"",""0""]",Proportional,26,2.562694770073048
H1,conditional,17,480,0ce02615f56b7851dfb95f26cf20d12849e454da4d5b7e1462530a74cb7ada1d,89,"[""Proportional Baseline Exp 1"",""36303454"",""0""]",Proportional,104,3.252595169320612
H1,conditional,17,480,0ce02615f56b7851dfb95f26cf20d12849e454da4d5b7e1462530a74cb7ada1d,97,"[""Proportional Baseline Exp 1"",""45673270"",""0""]",Proportional,89,2.784869412184159
H1,conditional,17,480,0ce02615f56b7851dfb95f26cf20d12849e454da4d5b7e1462530a74cb7ada1d,104,"[""Proportional Baseline Exp 1"",""63752993"",""0""]",Proportional,88,3.1466403506394713
H1,conditional,17,480,0ce02615f56b7851dfb95f26cf20d12849e454da4d5b7e1462530a74cb7ada1d,107,"[""Proportional Baseline Exp 1"",""69384851"",""0""]",Proportional,83,3.1452825850016097
H1,conditional,17,480,0ce02615f56b7851dfb95f26cf20d12849e454da4d5b7e1462530a74cb7ada1d,111,"[""Proportional Baseline Exp 1"",""76356479"",""0""]",Proportional,88,2.271905999363943
H1,conditional,17,480,0ce02615f56b7851dfb95f26cf20d12849e454da4d5b7e1462530a74cb7ada1d,117,"[""Proportional Baseline Exp 1"",""85019022"",""0""]",Proportional,52,3.979781271650147
H1,conditional,17,480,0ce02615f56b7851dfb95f26cf20d12849e454da4d5b7e1462530a74cb7ada1d,122,"[""RL Agent (M1) Exp 1"",""20532812"",""0""]",M1,136,2.8678530071138657
H1,conditional,17,480,0ce02615f56b7851dfb95f26cf20d12849e454da4d5b7e1462530a74cb7ada1d,124,"[""RL Agent (M1) Exp 1"",""22263006"",""0""]",M1,22,2.5701235310590724
H1,conditional,17,480,0ce02615f56b7851dfb95f26cf20d12849e454da4d5b7e1462530a74cb7ada1d,129,"[""RL Agent (M1) Exp 1"",""39583963"",""0""]",M1,92,2.8429407076312385
H1,conditional,17,480,0ce02615f56b7851dfb95f26cf20d12849e454da4d5b7e1462530a74cb7ada1d,130,"[""RL Agent (M1) Exp 1"",""47817874"",""0""]",M1,46,3.570964933500125
H1,conditional,17,480,0ce02615f56b7851dfb95f26cf20d12849e454da4d5b7e1462530a74cb7ada1d,132,"[""RL Agent (M1) Exp 1"",""49408957"",""0""]",M1,27,2.7134269416917367
H1,conditional,17,480,0ce02615f56b7851dfb95f26cf20d12849e454da4d5b7e1462530a74cb7ada1d,138,"[""RL Agent (M1) Exp 1"",""57404481"",""0""]",M1,95,2.834803546925665
H1,conditional,17,480,0ce02615f56b7851dfb95f26cf20d12849e454da4d5b7e1462530a74cb7ada1d,140,"[""RL Agent (M1) Exp 1"",""63504480"",""0""]",M1,150,2.750095688793377
H1,conditional,17,480,0ce02615f56b7851dfb95f26cf20d12849e454da4d5b7e1462530a74cb7ada1d,159,"[""RL Agent (M1) Exp 1"",""96535892"",""0""]",M1,25,3.765725239725224
H1,conditional,29,479,2ab1b391d4a2f416d83303dcb3d6f62da00f43cad1a8db76b1ccdab82faf37e9,11,"[""Equal Baseline Exp 1"",""30843571"",""0""]",Equal,20,2.3794874969753392
H1,conditional,29,479,2ab1b391d4a2f416d83303dcb3d6f62da00f43cad1a8db76b1ccdab82faf37e9,13,"[""Equal Baseline Exp 1"",""35368456"",""0""]",Equal,40,1.2626597097993617
H1,conditional,29,479,2ab1b391d4a2f416d83303dcb3d6f62da00f43cad1a8db76b1ccdab82faf37e9,20,"[""Equal Baseline Exp 1"",""40800498"",""0""]",Equal,28,1.877403859422855
H1,conditional,29,479,2ab1b391d4a2f416d83303dcb3d6f62da00f43cad1a8db76b1ccdab82faf37e9,25,"[""Equal Baseline Exp 1"",""46096247"",""0""]",Equal,48,1.84738431887465
H1,conditional,29,479,2ab1b391d4a2f416d83303dcb3d6f62da00f43cad1a8db76b1ccdab82faf37e9,31,"[""Equal Baseline Exp 1"",""75670883"",""0""]",Equal,20,2.0527594897884085
H1,conditional,29,479,2ab1b391d4a2f416d83303dcb3d6f62da00f43cad1a8db76b1ccdab82faf37e9,35,"[""Equal Baseline Exp 1"",""92291462"",""0""]",Equal,28,2.0595504184604123
H1,conditional,29,479,2ab1b391d4a2f416d83303dcb3d6f62da00f43cad1a8db76b1ccdab82faf37e9,36,"[""Equal Baseline Exp 1"",""92992435"",""0""]",Equal,52,2.3435373026958466
H1,conditional,29,479,2ab1b391d4a2f416d83303dcb3d6f62da00f43cad1a8db76b1ccdab82faf37e9,38,"[""Equal Baseline Exp 1"",""94815040"",""0""]",Equal,16,2.50377860642093
H1,conditional,29,479,2ab1b391d4a2f416d83303dcb3d6f62da00f43cad1a8db76b1ccdab82faf37e9,44,"[""Mixed Baseline Exp 1"",""18823620"",""0""]",Mixed,160,2.654511090279205
H1,conditional,29,479,2ab1b391d4a2f416d83303dcb3d6f62da00f43cad1a8db76b1ccdab82faf37e9,47,"[""Mixed Baseline Exp 1"",""26185795"",""0""]",Mixed,160,2.3826046950955395
H1,conditional,29,479,2ab1b391d4a2f416d83303dcb3d6f62da00f43cad1a8db76b1ccdab82faf37e9,52,"[""Mixed Baseline Exp 1"",""37465807"",""0""]",Mixed,160,2.854875687224605
H1,conditional,29,479,2ab1b391d4a2f416d83303dcb3d6f62da00f43cad1a8db76b1ccdab82faf37e9,57,"[""Mixed Baseline Exp 1"",""47841996"",""0""]",Mixed,38,1.9579408818882216
H1,conditional,29,479,2ab1b391d4a2f416d83303dcb3d6f62da00f43cad1a8db76b1ccdab82faf37e9,60,"[""Mixed Baseline Exp 1"",""50116627"",""0""]",Mixed,144,2.7836184271068998
H1,conditional,29,479,2ab1b391d4a2f416d83303dcb3d6f62da00f43cad1a8db76b1ccdab82faf37e9,64,"[""Mixed Baseline Exp 1"",""64291720"",""0""]",Mixed,160,2.134992425373734
H1,conditional,29,479,2ab1b391d4a2f416d83303dcb3d6f62da00f43cad1a8db76b1ccdab82faf37e9,73,"[""Mixed Baseline Exp 1"",""85460730"",""0""]",Mixed,138,2.499340218463638
H1,conditional,29,479,2ab1b391d4a2f416d83303dcb3d6f62da00f43cad1a8db76b1ccdab82faf37e9,78,"[""Mixed Baseline Exp 1"",""95675568"",""0""]",Mixed,47,2.146437084641329
H1,conditional,29,479,2ab1b391d4a2f416d83303dcb3d6f62da00f43cad1a8db76b1ccdab82faf37e9,80,"[""Proportional Baseline Exp 1"",""11095201"",""0""]",Proportional,57,2.990364643583049
H1,conditional,29,479,2ab1b391d4a2f416d83303dcb3d6f62da00f43cad1a8db76b1ccdab82faf37e9,82,"[""Proportional Baseline Exp 1"",""14606420"",""0""]",Proportional,26,2.563222905771196
H1,conditional,29,479,2ab1b391d4a2f416d83303dcb3d6f62da00f43cad1a8db76b1ccdab82faf37e9,89,"[""Proportional Baseline Exp 1"",""36303454"",""0""]",Proportional,104,3.2510262098363345
H1,conditional,29,479,2ab1b391d4a2f416d83303dcb3d6f62da00f43cad1a8db76b1ccdab82faf37e9,97,"[""Proportional Baseline Exp 1"",""45673270"",""0""]",Proportional,89,2.771395486199329
H1,conditional,29,479,2ab1b391d4a2f416d83303dcb3d6f62da00f43cad1a8db76b1ccdab82faf37e9,104,"[""Proportional Baseline Exp 1"",""63752993"",""0""]",Proportional,88,3.1532446812930712
H1,conditional,29,479,2ab1b391d4a2f416d83303dcb3d6f62da00f43cad1a8db76b1ccdab82faf37e9,107,"[""Proportional Baseline Exp 1"",""69384851"",""0""]",Proportional,83,3.145497850975519
H1,conditional,29,479,2ab1b391d4a2f416d83303dcb3d6f62da00f43cad1a8db76b1ccdab82faf37e9,111,"[""Proportional Baseline Exp 1"",""76356479"",""0""]",Proportional,88,2.2833650366445664
H1,conditional,29,479,2ab1b391d4a2f416d83303dcb3d6f62da00f43cad1a8db76b1ccdab82faf37e9,117,"[""Proportional Baseline Exp 1"",""85019022"",""0""]",Proportional,52,3.9893826102079286
H1,conditional,29,479,2ab1b391d4a2f416d83303dcb3d6f62da00f43cad1a8db76b1ccdab82faf37e9,122,"[""RL Agent (M1) Exp 1"",""20532812"",""0""]",M1,136,2.855296171218682
H1,conditional,29,479,2ab1b391d4a2f416d83303dcb3d6f62da00f43cad1a8db76b1ccdab82faf37e9,124,"[""RL Agent (M1) Exp 1"",""22263006"",""0""]",M1,22,2.5644862198573195
H1,conditional,29,479,2ab1b391d4a2f416d83303dcb3d6f62da00f43cad1a8db76b1ccdab82faf37e9,129,"[""RL Agent (M1) Exp 1"",""39583963"",""0""]",M1,92,2.8298774762836687
H1,conditional,29,479,2ab1b391d4a2f416d83303dcb3d6f62da00f43cad1a8db76b1ccdab82faf37e9,130,"[""RL Agent (M1) Exp 1"",""47817874"",""0""]",M1,46,3.5663713992448014
H1,conditional,29,479,2ab1b391d4a2f416d83303dcb3d6f62da00f43cad1a8db76b1ccdab82faf37e9,132,"[""RL Agent (M1) Exp 1"",""49408957"",""0""]",M1,27,2.7144475666988703
H1,conditional,29,479,2ab1b391d4a2f416d83303dcb3d6f62da00f43cad1a8db76b1ccdab82faf37e9,138,"[""RL Agent (M1) Exp 1"",""57404481"",""0""]",M1,95,2.8096036031860163
H1,conditional,29,479,2ab1b391d4a2f416d83303dcb3d6f62da00f43cad1a8db76b1ccdab82faf37e9,140,"[""RL Agent (M1) Exp 1"",""63504480"",""0""]",M1,150,2.7466941883569165
H1,conditional,29,479,2ab1b391d4a2f416d83303dcb3d6f62da00f43cad1a8db76b1ccdab82faf37e9,159,"[""RL Agent (M1) Exp 1"",""96535892"",""0""]",M1,25,3.8022868245674966
H1,conditional,43,480,8db1ae16acc2a45e47b63d73d19b64849a67d78319bffa949269b6d8298094f1,11,"[""Equal Baseline Exp 1"",""30843571"",""0""]",Equal,20,2.381423318578138
H1,conditional,43,480,8db1ae16acc2a45e47b63d73d19b64849a67d78319bffa949269b6d8298094f1,13,"[""Equal Baseline Exp 1"",""35368456"",""0""]",Equal,40,1.25950821658452
H1,conditional,43,480,8db1ae16acc2a45e47b63d73d19b64849a67d78319bffa949269b6d8298094f1,20,"[""Equal Baseline Exp 1"",""40800498"",""0""]",Equal,28,1.8805933041065104
H1,conditional,43,480,8db1ae16acc2a45e47b63d73d19b64849a67d78319bffa949269b6d8298094f1,25,"[""Equal Baseline Exp 1"",""46096247"",""0""]",Equal,48,1.846770081451428
H1,conditional,43,480,8db1ae16acc2a45e47b63d73d19b64849a67d78319bffa949269b6d8298094f1,31,"[""Equal Baseline Exp 1"",""75670883"",""0""]",Equal,20,2.0548282922007446
H1,conditional,43,480,8db1ae16acc2a45e47b63d73d19b64849a67d78319bffa949269b6d8298094f1,35,"[""Equal Baseline Exp 1"",""92291462"",""0""]",Equal,28,2.0596873880863558
H1,conditional,43,480,8db1ae16acc2a45e47b63d73d19b64849a67d78319bffa949269b6d8298094f1,36,"[""Equal Baseline Exp 1"",""92992435"",""0""]",Equal,52,2.343765999747605
H1,conditional,43,480,8db1ae16acc2a45e47b63d73d19b64849a67d78319bffa949269b6d8298094f1,38,"[""Equal Baseline Exp 1"",""94815040"",""0""]",Equal,16,2.5050895912692575
H1,conditional,43,480,8db1ae16acc2a45e47b63d73d19b64849a67d78319bffa949269b6d8298094f1,44,"[""Mixed Baseline Exp 1"",""18823620"",""0""]",Mixed,160,2.6548879728382078
H1,conditional,43,480,8db1ae16acc2a45e47b63d73d19b64849a67d78319bffa949269b6d8298094f1,47,"[""Mixed Baseline Exp 1"",""26185795"",""0""]",Mixed,160,2.381242754721697
H1,conditional,43,480,8db1ae16acc2a45e47b63d73d19b64849a67d78319bffa949269b6d8298094f1,52,"[""Mixed Baseline Exp 1"",""37465807"",""0""]",Mixed,160,2.8598858597767736
H1,conditional,43,480,8db1ae16acc2a45e47b63d73d19b64849a67d78319bffa949269b6d8298094f1,57,"[""Mixed Baseline Exp 1"",""47841996"",""0""]",Mixed,38,1.958220122647039
H1,conditional,43,480,8db1ae16acc2a45e47b63d73d19b64849a67d78319bffa949269b6d8298094f1,60,"[""Mixed Baseline Exp 1"",""50116627"",""0""]",Mixed,144,2.7829322701165
H1,conditional,43,480,8db1ae16acc2a45e47b63d73d19b64849a67d78319bffa949269b6d8298094f1,64,"[""Mixed Baseline Exp 1"",""64291720"",""0""]",Mixed,160,2.129695837888968
H1,conditional,43,480,8db1ae16acc2a45e47b63d73d19b64849a67d78319bffa949269b6d8298094f1,73,"[""Mixed Baseline Exp 1"",""85460730"",""0""]",Mixed,138,2.499826191227175
H1,conditional,43,480,8db1ae16acc2a45e47b63d73d19b64849a67d78319bffa949269b6d8298094f1,78,"[""Mixed Baseline Exp 1"",""95675568"",""0""]",Mixed,47,2.145198518336948
H1,conditional,43,480,8db1ae16acc2a45e47b63d73d19b64849a67d78319bffa949269b6d8298094f1,80,"[""Proportional Baseline Exp 1"",""11095201"",""0""]",Proportional,57,2.9758266211283693
H1,conditional,43,480,8db1ae16acc2a45e47b63d73d19b64849a67d78319bffa949269b6d8298094f1,82,"[""Proportional Baseline Exp 1"",""14606420"",""0""]",Proportional,26,2.561956514445929
H1,conditional,43,480,8db1ae16acc2a45e47b63d73d19b64849a67d78319bffa949269b6d8298094f1,89,"[""Proportional Baseline Exp 1"",""36303454"",""0""]",Proportional,104,3.2520055422267875
H1,conditional,43,480,8db1ae16acc2a45e47b63d73d19b64849a67d78319bffa949269b6d8298094f1,97,"[""Proportional Baseline Exp 1"",""45673270"",""0""]",Proportional,89,2.764897981535485
H1,conditional,43,480,8db1ae16acc2a45e47b63d73d19b64849a67d78319bffa949269b6d8298094f1,104,"[""Proportional Baseline Exp 1"",""63752993"",""0""]",Proportional,88,3.139272350772909
H1,conditional,43,480,8db1ae16acc2a45e47b63d73d19b64849a67d78319bffa949269b6d8298094f1,107,"[""Proportional Baseline Exp 1"",""69384851"",""0""]",Proportional,83,3.1471074763859592
H1,conditional,43,480,8db1ae16acc2a45e47b63d73d19b64849a67d78319bffa949269b6d8298094f1,111,"[""Proportional Baseline Exp 1"",""76356479"",""0""]",Proportional,88,2.2778411068498077
H1,conditional,43,480,8db1ae16acc2a45e47b63d73d19b64849a67d78319bffa949269b6d8298094f1,117,"[""Proportional Baseline Exp 1"",""85019022"",""0""]",Proportional,52,3.991950645373211
H1,conditional,43,480,8db1ae16acc2a45e47b63d73d19b64849a67d78319bffa949269b6d8298094f1,122,"[""RL Agent (M1) Exp 1"",""20532812"",""0""]",M1,136,2.8539577323481486
H1,conditional,43,480,8db1ae16acc2a45e47b63d73d19b64849a67d78319bffa949269b6d8298094f1,124,"[""RL Agent (M1) Exp 1"",""22263006"",""0""]",M1,22,2.573172916396852
H1,conditional,43,480,8db1ae16acc2a45e47b63d73d19b64849a67d78319bffa949269b6d8298094f1,129,"[""RL Agent (M1) Exp 1"",""39583963"",""0""]",M1,92,2.8296319685949274
H1,conditional,43,480,8db1ae16acc2a45e47b63d73d19b64849a67d78319bffa949269b6d8298094f1,130,"[""RL Agent (M1) Exp 1"",""47817874"",""0""]",M1,46,3.564115288716434
H1,conditional,43,480,8db1ae16acc2a45e47b63d73d19b64849a67d78319bffa949269b6d8298094f1,132,"[""RL Agent (M1) Exp 1"",""49408957"",""0""]",M1,27,2.716124117320009
H1,conditional,43,480,8db1ae16acc2a45e47b63d73d19b64849a67d78319bffa949269b6d8298094f1,138,"[""RL Agent (M1) Exp 1"",""57404481"",""0""]",M1,95,2.817037770130695
H1,conditional,43,480,8db1ae16acc2a45e47b63d73d19b64849a67d78319bffa949269b6d8298094f1,140,"[""RL Agent (M1) Exp 1"",""63504480"",""0""]",M1,150,2.7494808109981608
H1,conditional,43,480,8db1ae16acc2a45e47b63d73d19b64849a67d78319bffa949269b6d8298094f1,159,"[""RL Agent (M1) Exp 1"",""96535892"",""0""]",M1,25,3.7966996408393006
feedforward,original,17,109,be65c3cf7720e5805db3f1eeb285d832d662e8b54d5684fc51e051e9ce4032a2,11,"[""Equal Baseline Exp 1"",""30843571"",""0""]",Equal,20,2.5476381506591426
feedforward,original,17,109,be65c3cf7720e5805db3f1eeb285d832d662e8b54d5684fc51e051e9ce4032a2,13,"[""Equal Baseline Exp 1"",""35368456"",""0""]",Equal,40,1.5086068169204436
feedforward,original,17,109,be65c3cf7720e5805db3f1eeb285d832d662e8b54d5684fc51e051e9ce4032a2,20,"[""Equal Baseline Exp 1"",""40800498"",""0""]",Equal,28,2.0864795952364195
feedforward,original,17,109,be65c3cf7720e5805db3f1eeb285d832d662e8b54d5684fc51e051e9ce4032a2,25,"[""Equal Baseline Exp 1"",""46096247"",""0""]",Equal,48,1.7956616299228554
feedforward,original,17,109,be65c3cf7720e5805db3f1eeb285d832d662e8b54d5684fc51e051e9ce4032a2,31,"[""Equal Baseline Exp 1"",""75670883"",""0""]",Equal,20,2.3767366850972875
feedforward,original,17,109,be65c3cf7720e5805db3f1eeb285d832d662e8b54d5684fc51e051e9ce4032a2,35,"[""Equal Baseline Exp 1"",""92291462"",""0""]",Equal,28,2.112037421015409
feedforward,original,17,109,be65c3cf7720e5805db3f1eeb285d832d662e8b54d5684fc51e051e9ce4032a2,36,"[""Equal Baseline Exp 1"",""92992435"",""0""]",Equal,52,2.430953915319754
feedforward,original,17,109,be65c3cf7720e5805db3f1eeb285d832d662e8b54d5684fc51e051e9ce4032a2,38,"[""Equal Baseline Exp 1"",""94815040"",""0""]",Equal,16,2.6337425945728996
feedforward,original,17,109,be65c3cf7720e5805db3f1eeb285d832d662e8b54d5684fc51e051e9ce4032a2,44,"[""Mixed Baseline Exp 1"",""18823620"",""0""]",Mixed,160,2.916265726725567
feedforward,original,17,109,be65c3cf7720e5805db3f1eeb285d832d662e8b54d5684fc51e051e9ce4032a2,47,"[""Mixed Baseline Exp 1"",""26185795"",""0""]",Mixed,160,2.599431324810298
feedforward,original,17,109,be65c3cf7720e5805db3f1eeb285d832d662e8b54d5684fc51e051e9ce4032a2,52,"[""Mixed Baseline Exp 1"",""37465807"",""0""]",Mixed,160,3.1594959769147395
feedforward,original,17,109,be65c3cf7720e5805db3f1eeb285d832d662e8b54d5684fc51e051e9ce4032a2,57,"[""Mixed Baseline Exp 1"",""47841996"",""0""]",Mixed,38,1.9460405838901433
feedforward,original,17,109,be65c3cf7720e5805db3f1eeb285d832d662e8b54d5684fc51e051e9ce4032a2,60,"[""Mixed Baseline Exp 1"",""50116627"",""0""]",Mixed,144,3.05941509357957
feedforward,original,17,109,be65c3cf7720e5805db3f1eeb285d832d662e8b54d5684fc51e051e9ce4032a2,64,"[""Mixed Baseline Exp 1"",""64291720"",""0""]",Mixed,160,2.431180290153393
feedforward,original,17,109,be65c3cf7720e5805db3f1eeb285d832d662e8b54d5684fc51e051e9ce4032a2,73,"[""Mixed Baseline Exp 1"",""85460730"",""0""]",Mixed,138,2.641003063723416
feedforward,original,17,109,be65c3cf7720e5805db3f1eeb285d832d662e8b54d5684fc51e051e9ce4032a2,78,"[""Mixed Baseline Exp 1"",""95675568"",""0""]",Mixed,47,2.0681565890133635
feedforward,original,17,109,be65c3cf7720e5805db3f1eeb285d832d662e8b54d5684fc51e051e9ce4032a2,80,"[""Proportional Baseline Exp 1"",""11095201"",""0""]",Proportional,57,3.0562274294012535
feedforward,original,17,109,be65c3cf7720e5805db3f1eeb285d832d662e8b54d5684fc51e051e9ce4032a2,82,"[""Proportional Baseline Exp 1"",""14606420"",""0""]",Proportional,26,2.603424157526132
feedforward,original,17,109,be65c3cf7720e5805db3f1eeb285d832d662e8b54d5684fc51e051e9ce4032a2,89,"[""Proportional Baseline Exp 1"",""36303454"",""0""]",Proportional,104,3.3670533177742006
feedforward,original,17,109,be65c3cf7720e5805db3f1eeb285d832d662e8b54d5684fc51e051e9ce4032a2,97,"[""Proportional Baseline Exp 1"",""45673270"",""0""]",Proportional,89,2.891385800137791
feedforward,original,17,109,be65c3cf7720e5805db3f1eeb285d832d662e8b54d5684fc51e051e9ce4032a2,104,"[""Proportional Baseline Exp 1"",""63752993"",""0""]",Proportional,88,3.215439403594552
feedforward,original,17,109,be65c3cf7720e5805db3f1eeb285d832d662e8b54d5684fc51e051e9ce4032a2,107,"[""Proportional Baseline Exp 1"",""69384851"",""0""]",Proportional,83,3.21332762886829
feedforward,original,17,109,be65c3cf7720e5805db3f1eeb285d832d662e8b54d5684fc51e051e9ce4032a2,111,"[""Proportional Baseline Exp 1"",""76356479"",""0""]",Proportional,88,2.4823961149197316
feedforward,original,17,109,be65c3cf7720e5805db3f1eeb285d832d662e8b54d5684fc51e051e9ce4032a2,117,"[""Proportional Baseline Exp 1"",""85019022"",""0""]",Proportional,52,4.027333104421565
feedforward,original,17,109,be65c3cf7720e5805db3f1eeb285d832d662e8b54d5684fc51e051e9ce4032a2,122,"[""RL Agent (M1) Exp 1"",""20532812"",""0""]",M1,136,2.9306469749337034
feedforward,original,17,109,be65c3cf7720e5805db3f1eeb285d832d662e8b54d5684fc51e051e9ce4032a2,124,"[""RL Agent (M1) Exp 1"",""22263006"",""0""]",M1,22,2.723353845818723
feedforward,original,17,109,be65c3cf7720e5805db3f1eeb285d832d662e8b54d5684fc51e051e9ce4032a2,129,"[""RL Agent (M1) Exp 1"",""39583963"",""0""]",M1,92,2.8706302856767207
feedforward,original,17,109,be65c3cf7720e5805db3f1eeb285d832d662e8b54d5684fc51e051e9ce4032a2,130,"[""RL Agent (M1) Exp 1"",""47817874"",""0""]",M1,46,3.4716464175994592
feedforward,original,17,109,be65c3cf7720e5805db3f1eeb285d832d662e8b54d5684fc51e051e9ce4032a2,132,"[""RL Agent (M1) Exp 1"",""49408957"",""0""]",M1,27,2.6412329016211196
feedforward,original,17,109,be65c3cf7720e5805db3f1eeb285d832d662e8b54d5684fc51e051e9ce4032a2,138,"[""RL Agent (M1) Exp 1"",""57404481"",""0""]",M1,95,2.8924043272501447
feedforward,original,17,109,be65c3cf7720e5805db3f1eeb285d832d662e8b54d5684fc51e051e9ce4032a2,140,"[""RL Agent (M1) Exp 1"",""63504480"",""0""]",M1,150,2.9230046447477807
feedforward,original,17,109,be65c3cf7720e5805db3f1eeb285d832d662e8b54d5684fc51e051e9ce4032a2,159,"[""RL Agent (M1) Exp 1"",""96535892"",""0""]",M1,25,3.521977676484366
feedforward,original,29,116,72769aecba837a6103debf4e06eb9657c7c975953a6c9238c6f38ec4da84fe6f,11,"[""Equal Baseline Exp 1"",""30843571"",""0""]",Equal,20,2.5714000770580885
feedforward,original,29,116,72769aecba837a6103debf4e06eb9657c7c975953a6c9238c6f38ec4da84fe6f,13,"[""Equal Baseline Exp 1"",""35368456"",""0""]",Equal,40,1.5213883113585065
feedforward,original,29,116,72769aecba837a6103debf4e06eb9657c7c975953a6c9238c6f38ec4da84fe6f,20,"[""Equal Baseline Exp 1"",""40800498"",""0""]",Equal,28,2.0985394685925476
feedforward,original,29,116,72769aecba837a6103debf4e06eb9657c7c975953a6c9238c6f38ec4da84fe6f,25,"[""Equal Baseline Exp 1"",""46096247"",""0""]",Equal,48,1.7980315263997861
feedforward,original,29,116,72769aecba837a6103debf4e06eb9657c7c975953a6c9238c6f38ec4da84fe6f,31,"[""Equal Baseline Exp 1"",""75670883"",""0""]",Equal,20,2.3927422754964547
feedforward,original,29,116,72769aecba837a6103debf4e06eb9657c7c975953a6c9238c6f38ec4da84fe6f,35,"[""Equal Baseline Exp 1"",""92291462"",""0""]",Equal,28,2.1218634274718817
feedforward,original,29,116,72769aecba837a6103debf4e06eb9657c7c975953a6c9238c6f38ec4da84fe6f,36,"[""Equal Baseline Exp 1"",""92992435"",""0""]",Equal,52,2.4178422668168578
feedforward,original,29,116,72769aecba837a6103debf4e06eb9657c7c975953a6c9238c6f38ec4da84fe6f,38,"[""Equal Baseline Exp 1"",""94815040"",""0""]",Equal,16,2.661241432224531
feedforward,original,29,116,72769aecba837a6103debf4e06eb9657c7c975953a6c9238c6f38ec4da84fe6f,44,"[""Mixed Baseline Exp 1"",""18823620"",""0""]",Mixed,160,2.8918762777759293
feedforward,original,29,116,72769aecba837a6103debf4e06eb9657c7c975953a6c9238c6f38ec4da84fe6f,47,"[""Mixed Baseline Exp 1"",""26185795"",""0""]",Mixed,160,2.5725140424036432
feedforward,original,29,116,72769aecba837a6103debf4e06eb9657c7c975953a6c9238c6f38ec4da84fe6f,52,"[""Mixed Baseline Exp 1"",""37465807"",""0""]",Mixed,160,3.1153622811103174
feedforward,original,29,116,72769aecba837a6103debf4e06eb9657c7c975953a6c9238c6f38ec4da84fe6f,57,"[""Mixed Baseline Exp 1"",""47841996"",""0""]",Mixed,38,1.9517247014968035
feedforward,original,29,116,72769aecba837a6103debf4e06eb9657c7c975953a6c9238c6f38ec4da84fe6f,60,"[""Mixed Baseline Exp 1"",""50116627"",""0""]",Mixed,144,3.075579778997329
feedforward,original,29,116,72769aecba837a6103debf4e06eb9657c7c975953a6c9238c6f38ec4da84fe6f,64,"[""Mixed Baseline Exp 1"",""64291720"",""0""]",Mixed,160,2.3931616313077155
feedforward,original,29,116,72769aecba837a6103debf4e06eb9657c7c975953a6c9238c6f38ec4da84fe6f,73,"[""Mixed Baseline Exp 1"",""85460730"",""0""]",Mixed,138,2.6397489549452553
feedforward,original,29,116,72769aecba837a6103debf4e06eb9657c7c975953a6c9238c6f38ec4da84fe6f,78,"[""Mixed Baseline Exp 1"",""95675568"",""0""]",Mixed,47,2.077471666024833
feedforward,original,29,116,72769aecba837a6103debf4e06eb9657c7c975953a6c9238c6f38ec4da84fe6f,80,"[""Proportional Baseline Exp 1"",""11095201"",""0""]",Proportional,57,3.049596711213849
feedforward,original,29,116,72769aecba837a6103debf4e06eb9657c7c975953a6c9238c6f38ec4da84fe6f,82,"[""Proportional Baseline Exp 1"",""14606420"",""0""]",Proportional,26,2.601569458887999
feedforward,original,29,116,72769aecba837a6103debf4e06eb9657c7c975953a6c9238c6f38ec4da84fe6f,89,"[""Proportional Baseline Exp 1"",""36303454"",""0""]",Proportional,104,3.362518613672367
feedforward,original,29,116,72769aecba837a6103debf4e06eb9657c7c975953a6c9238c6f38ec4da84fe6f,97,"[""Proportional Baseline Exp 1"",""45673270"",""0""]",Proportional,89,2.8911403058503624
feedforward,original,29,116,72769aecba837a6103debf4e06eb9657c7c975953a6c9238c6f38ec4da84fe6f,104,"[""Proportional Baseline Exp 1"",""63752993"",""0""]",Proportional,88,3.2187332464040277
feedforward,original,29,116,72769aecba837a6103debf4e06eb9657c7c975953a6c9238c6f38ec4da84fe6f,107,"[""Proportional Baseline Exp 1"",""69384851"",""0""]",Proportional,83,3.1939576623769046
feedforward,original,29,116,72769aecba837a6103debf4e06eb9657c7c975953a6c9238c6f38ec4da84fe6f,111,"[""Proportional Baseline Exp 1"",""76356479"",""0""]",Proportional,88,2.50112448502197
feedforward,original,29,116,72769aecba837a6103debf4e06eb9657c7c975953a6c9238c6f38ec4da84fe6f,117,"[""Proportional Baseline Exp 1"",""85019022"",""0""]",Proportional,52,4.052559974775322
feedforward,original,29,116,72769aecba837a6103debf4e06eb9657c7c975953a6c9238c6f38ec4da84fe6f,122,"[""RL Agent (M1) Exp 1"",""20532812"",""0""]",M1,136,2.9284060358941004
feedforward,original,29,116,72769aecba837a6103debf4e06eb9657c7c975953a6c9238c6f38ec4da84fe6f,124,"[""RL Agent (M1) Exp 1"",""22263006"",""0""]",M1,22,2.720137290933059
feedforward,original,29,116,72769aecba837a6103debf4e06eb9657c7c975953a6c9238c6f38ec4da84fe6f,129,"[""RL Agent (M1) Exp 1"",""39583963"",""0""]",M1,92,2.865399663371445
feedforward,original,29,116,72769aecba837a6103debf4e06eb9657c7c975953a6c9238c6f38ec4da84fe6f,130,"[""RL Agent (M1) Exp 1"",""47817874"",""0""]",M1,46,3.4794941133089843
feedforward,original,29,116,72769aecba837a6103debf4e06eb9657c7c975953a6c9238c6f38ec4da84fe6f,132,"[""RL Agent (M1) Exp 1"",""49408957"",""0""]",M1,27,2.6399164700814812
feedforward,original,29,116,72769aecba837a6103debf4e06eb9657c7c975953a6c9238c6f38ec4da84fe6f,138,"[""RL Agent (M1) Exp 1"",""57404481"",""0""]",M1,95,2.942323531799608
feedforward,original,29,116,72769aecba837a6103debf4e06eb9657c7c975953a6c9238c6f38ec4da84fe6f,140,"[""RL Agent (M1) Exp 1"",""63504480"",""0""]",M1,150,2.92909952021242
feedforward,original,29,116,72769aecba837a6103debf4e06eb9657c7c975953a6c9238c6f38ec4da84fe6f,159,"[""RL Agent (M1) Exp 1"",""96535892"",""0""]",M1,25,3.5038642825170854
feedforward,original,43,117,9f2316808439affb020d8d2382b50d0d5f2fa551c8451ed4228e82821cebbe18,11,"[""Equal Baseline Exp 1"",""30843571"",""0""]",Equal,20,2.541905178098255
feedforward,original,43,117,9f2316808439affb020d8d2382b50d0d5f2fa551c8451ed4228e82821cebbe18,13,"[""Equal Baseline Exp 1"",""35368456"",""0""]",Equal,40,1.4821539542571753
feedforward,original,43,117,9f2316808439affb020d8d2382b50d0d5f2fa551c8451ed4228e82821cebbe18,20,"[""Equal Baseline Exp 1"",""40800498"",""0""]",Equal,28,2.0807974608378443
feedforward,original,43,117,9f2316808439affb020d8d2382b50d0d5f2fa551c8451ed4228e82821cebbe18,25,"[""Equal Baseline Exp 1"",""46096247"",""0""]",Equal,48,1.8023388078159381
feedforward,original,43,117,9f2316808439affb020d8d2382b50d0d5f2fa551c8451ed4228e82821cebbe18,31,"[""Equal Baseline Exp 1"",""75670883"",""0""]",Equal,20,2.3914642848959877
feedforward,original,43,117,9f2316808439affb020d8d2382b50d0d5f2fa551c8451ed4228e82821cebbe18,35,"[""Equal Baseline Exp 1"",""92291462"",""0""]",Equal,28,2.1151395159445308
feedforward,original,43,117,9f2316808439affb020d8d2382b50d0d5f2fa551c8451ed4228e82821cebbe18,36,"[""Equal Baseline Exp 1"",""92992435"",""0""]",Equal,52,2.436837578977317
feedforward,original,43,117,9f2316808439affb020d8d2382b50d0d5f2fa551c8451ed4228e82821cebbe18,38,"[""Equal Baseline Exp 1"",""94815040"",""0""]",Equal,16,2.621710955682932
feedforward,original,43,117,9f2316808439affb020d8d2382b50d0d5f2fa551c8451ed4228e82821cebbe18,44,"[""Mixed Baseline Exp 1"",""18823620"",""0""]",Mixed,160,2.90850953883098
feedforward,original,43,117,9f2316808439affb020d8d2382b50d0d5f2fa551c8451ed4228e82821cebbe18,47,"[""Mixed Baseline Exp 1"",""26185795"",""0""]",Mixed,160,2.611723975758866
feedforward,original,43,117,9f2316808439affb020d8d2382b50d0d5f2fa551c8451ed4228e82821cebbe18,52,"[""Mixed Baseline Exp 1"",""37465807"",""0""]",Mixed,160,3.1598970977535195
feedforward,original,43,117,9f2316808439affb020d8d2382b50d0d5f2fa551c8451ed4228e82821cebbe18,57,"[""Mixed Baseline Exp 1"",""47841996"",""0""]",Mixed,38,1.9505153328368627
feedforward,original,43,117,9f2316808439affb020d8d2382b50d0d5f2fa551c8451ed4228e82821cebbe18,60,"[""Mixed Baseline Exp 1"",""50116627"",""0""]",Mixed,144,3.0097654672321346
feedforward,original,43,117,9f2316808439affb020d8d2382b50d0d5f2fa551c8451ed4228e82821cebbe18,64,"[""Mixed Baseline Exp 1"",""64291720"",""0""]",Mixed,160,2.454685365554745
feedforward,original,43,117,9f2316808439affb020d8d2382b50d0d5f2fa551c8451ed4228e82821cebbe18,73,"[""Mixed Baseline Exp 1"",""85460730"",""0""]",Mixed,138,2.625329266426749
feedforward,original,43,117,9f2316808439affb020d8d2382b50d0d5f2fa551c8451ed4228e82821cebbe18,78,"[""Mixed Baseline Exp 1"",""95675568"",""0""]",Mixed,47,2.06299563429298
feedforward,original,43,117,9f2316808439affb020d8d2382b50d0d5f2fa551c8451ed4228e82821cebbe18,80,"[""Proportional Baseline Exp 1"",""11095201"",""0""]",Proportional,57,3.0370376988901797
feedforward,original,43,117,9f2316808439affb020d8d2382b50d0d5f2fa551c8451ed4228e82821cebbe18,82,"[""Proportional Baseline Exp 1"",""14606420"",""0""]",Proportional,26,2.616968792843073
feedforward,original,43,117,9f2316808439affb020d8d2382b50d0d5f2fa551c8451ed4228e82821cebbe18,89,"[""Proportional Baseline Exp 1"",""36303454"",""0""]",Proportional,104,3.3846503627971547
feedforward,original,43,117,9f2316808439affb020d8d2382b50d0d5f2fa551c8451ed4228e82821cebbe18,97,"[""Proportional Baseline Exp 1"",""45673270"",""0""]",Proportional,89,2.8664794321019977
feedforward,original,43,117,9f2316808439affb020d8d2382b50d0d5f2fa551c8451ed4228e82821cebbe18,104,"[""Proportional Baseline Exp 1"",""63752993"",""0""]",Proportional,88,3.2220833312374526
feedforward,original,43,117,9f2316808439affb020d8d2382b50d0d5f2fa551c8451ed4228e82821cebbe18,107,"[""Proportional Baseline Exp 1"",""69384851"",""0""]",Proportional,83,3.1980241963664984
feedforward,original,43,117,9f2316808439affb020d8d2382b50d0d5f2fa551c8451ed4228e82821cebbe18,111,"[""Proportional Baseline Exp 1"",""76356479"",""0""]",Proportional,88,2.4689461573913114
feedforward,original,43,117,9f2316808439affb020d8d2382b50d0d5f2fa551c8451ed4228e82821cebbe18,117,"[""Proportional Baseline Exp 1"",""85019022"",""0""]",Proportional,52,4.059792728592216
feedforward,original,43,117,9f2316808439affb020d8d2382b50d0d5f2fa551c8451ed4228e82821cebbe18,122,"[""RL Agent (M1) Exp 1"",""20532812"",""0""]",M1,136,2.943904207335853
feedforward,original,43,117,9f2316808439affb020d8d2382b50d0d5f2fa551c8451ed4228e82821cebbe18,124,"[""RL Agent (M1) Exp 1"",""22263006"",""0""]",M1,22,2.7334908665932565
feedforward,original,43,117,9f2316808439affb020d8d2382b50d0d5f2fa551c8451ed4228e82821cebbe18,129,"[""RL Agent (M1) Exp 1"",""39583963"",""0""]",M1,92,2.873604104869617
feedforward,original,43,117,9f2316808439affb020d8d2382b50d0d5f2fa551c8451ed4228e82821cebbe18,130,"[""RL Agent (M1) Exp 1"",""47817874"",""0""]",M1,46,3.4934210294243306
feedforward,original,43,117,9f2316808439affb020d8d2382b50d0d5f2fa551c8451ed4228e82821cebbe18,132,"[""RL Agent (M1) Exp 1"",""49408957"",""0""]",M1,27,2.664773197434705
feedforward,original,43,117,9f2316808439affb020d8d2382b50d0d5f2fa551c8451ed4228e82821cebbe18,138,"[""RL Agent (M1) Exp 1"",""57404481"",""0""]",M1,95,2.876222783525577
feedforward,original,43,117,9f2316808439affb020d8d2382b50d0d5f2fa551c8451ed4228e82821cebbe18,140,"[""RL Agent (M1) Exp 1"",""63504480"",""0""]",M1,150,2.9308400922649467
feedforward,original,43,117,9f2316808439affb020d8d2382b50d0d5f2fa551c8451ed4228e82821cebbe18,159,"[""RL Agent (M1) Exp 1"",""96535892"",""0""]",M1,25,3.533135426696368
recurrent,original,17,116,4146b729f335ff47d4f2e59c62a77fc77d8cdc8db568839126dcc5cf41f884a7,11,"[""Equal Baseline Exp 1"",""30843571"",""0""]",Equal,20,2.4505379096543227
recurrent,original,17,116,4146b729f335ff47d4f2e59c62a77fc77d8cdc8db568839126dcc5cf41f884a7,13,"[""Equal Baseline Exp 1"",""35368456"",""0""]",Equal,40,1.538131584687779
recurrent,original,17,116,4146b729f335ff47d4f2e59c62a77fc77d8cdc8db568839126dcc5cf41f884a7,20,"[""Equal Baseline Exp 1"",""40800498"",""0""]",Equal,28,2.0739717308136227
recurrent,original,17,116,4146b729f335ff47d4f2e59c62a77fc77d8cdc8db568839126dcc5cf41f884a7,25,"[""Equal Baseline Exp 1"",""46096247"",""0""]",Equal,48,1.7909567603529604
recurrent,original,17,116,4146b729f335ff47d4f2e59c62a77fc77d8cdc8db568839126dcc5cf41f884a7,31,"[""Equal Baseline Exp 1"",""75670883"",""0""]",Equal,20,2.2184036035223405
recurrent,original,17,116,4146b729f335ff47d4f2e59c62a77fc77d8cdc8db568839126dcc5cf41f884a7,35,"[""Equal Baseline Exp 1"",""92291462"",""0""]",Equal,28,2.037733456064012
recurrent,original,17,116,4146b729f335ff47d4f2e59c62a77fc77d8cdc8db568839126dcc5cf41f884a7,36,"[""Equal Baseline Exp 1"",""92992435"",""0""]",Equal,52,2.411614101710356
recurrent,original,17,116,4146b729f335ff47d4f2e59c62a77fc77d8cdc8db568839126dcc5cf41f884a7,38,"[""Equal Baseline Exp 1"",""94815040"",""0""]",Equal,16,2.4923972196957203
recurrent,original,17,116,4146b729f335ff47d4f2e59c62a77fc77d8cdc8db568839126dcc5cf41f884a7,44,"[""Mixed Baseline Exp 1"",""18823620"",""0""]",Mixed,160,2.6443216293955034
recurrent,original,17,116,4146b729f335ff47d4f2e59c62a77fc77d8cdc8db568839126dcc5cf41f884a7,47,"[""Mixed Baseline Exp 1"",""26185795"",""0""]",Mixed,160,2.39725150094986
recurrent,original,17,116,4146b729f335ff47d4f2e59c62a77fc77d8cdc8db568839126dcc5cf41f884a7,52,"[""Mixed Baseline Exp 1"",""37465807"",""0""]",Mixed,160,2.946614978683221
recurrent,original,17,116,4146b729f335ff47d4f2e59c62a77fc77d8cdc8db568839126dcc5cf41f884a7,57,"[""Mixed Baseline Exp 1"",""47841996"",""0""]",Mixed,38,1.9286493764893375
recurrent,original,17,116,4146b729f335ff47d4f2e59c62a77fc77d8cdc8db568839126dcc5cf41f884a7,60,"[""Mixed Baseline Exp 1"",""50116627"",""0""]",Mixed,144,3.1215705703560745
recurrent,original,17,116,4146b729f335ff47d4f2e59c62a77fc77d8cdc8db568839126dcc5cf41f884a7,64,"[""Mixed Baseline Exp 1"",""64291720"",""0""]",Mixed,160,2.1883264692767392
recurrent,original,17,116,4146b729f335ff47d4f2e59c62a77fc77d8cdc8db568839126dcc5cf41f884a7,73,"[""Mixed Baseline Exp 1"",""85460730"",""0""]",Mixed,138,2.757151542916468
recurrent,original,17,116,4146b729f335ff47d4f2e59c62a77fc77d8cdc8db568839126dcc5cf41f884a7,78,"[""Mixed Baseline Exp 1"",""95675568"",""0""]",Mixed,47,2.1977142491455015
recurrent,original,17,116,4146b729f335ff47d4f2e59c62a77fc77d8cdc8db568839126dcc5cf41f884a7,80,"[""Proportional Baseline Exp 1"",""11095201"",""0""]",Proportional,57,3.0145919505422016
recurrent,original,17,116,4146b729f335ff47d4f2e59c62a77fc77d8cdc8db568839126dcc5cf41f884a7,82,"[""Proportional Baseline Exp 1"",""14606420"",""0""]",Proportional,26,2.5494227933921354
recurrent,original,17,116,4146b729f335ff47d4f2e59c62a77fc77d8cdc8db568839126dcc5cf41f884a7,89,"[""Proportional Baseline Exp 1"",""36303454"",""0""]",Proportional,104,3.3757334545722655
recurrent,original,17,116,4146b729f335ff47d4f2e59c62a77fc77d8cdc8db568839126dcc5cf41f884a7,97,"[""Proportional Baseline Exp 1"",""45673270"",""0""]",Proportional,89,2.858206407726929
recurrent,original,17,116,4146b729f335ff47d4f2e59c62a77fc77d8cdc8db568839126dcc5cf41f884a7,104,"[""Proportional Baseline Exp 1"",""63752993"",""0""]",Proportional,88,3.2134979924592453
recurrent,original,17,116,4146b729f335ff47d4f2e59c62a77fc77d8cdc8db568839126dcc5cf41f884a7,107,"[""Proportional Baseline Exp 1"",""69384851"",""0""]",Proportional,83,3.2145731045064303
recurrent,original,17,116,4146b729f335ff47d4f2e59c62a77fc77d8cdc8db568839126dcc5cf41f884a7,111,"[""Proportional Baseline Exp 1"",""76356479"",""0""]",Proportional,88,2.3802147326565364
recurrent,original,17,116,4146b729f335ff47d4f2e59c62a77fc77d8cdc8db568839126dcc5cf41f884a7,117,"[""Proportional Baseline Exp 1"",""85019022"",""0""]",Proportional,52,4.13132069853382
recurrent,original,17,116,4146b729f335ff47d4f2e59c62a77fc77d8cdc8db568839126dcc5cf41f884a7,122,"[""RL Agent (M1) Exp 1"",""20532812"",""0""]",M1,136,2.9527401447056523
recurrent,original,17,116,4146b729f335ff47d4f2e59c62a77fc77d8cdc8db568839126dcc5cf41f884a7,124,"[""RL Agent (M1) Exp 1"",""22263006"",""0""]",M1,22,2.6835980141827687
recurrent,original,17,116,4146b729f335ff47d4f2e59c62a77fc77d8cdc8db568839126dcc5cf41f884a7,129,"[""RL Agent (M1) Exp 1"",""39583963"",""0""]",M1,92,3.0264017489455064
recurrent,original,17,116,4146b729f335ff47d4f2e59c62a77fc77d8cdc8db568839126dcc5cf41f884a7,130,"[""RL Agent (M1) Exp 1"",""47817874"",""0""]",M1,46,3.518229465803902
recurrent,original,17,116,4146b729f335ff47d4f2e59c62a77fc77d8cdc8db568839126dcc5cf41f884a7,132,"[""RL Agent (M1) Exp 1"",""49408957"",""0""]",M1,27,2.7483279645356786
recurrent,original,17,116,4146b729f335ff47d4f2e59c62a77fc77d8cdc8db568839126dcc5cf41f884a7,138,"[""RL Agent (M1) Exp 1"",""57404481"",""0""]",M1,95,2.8398814043704137
recurrent,original,17,116,4146b729f335ff47d4f2e59c62a77fc77d8cdc8db568839126dcc5cf41f884a7,140,"[""RL Agent (M1) Exp 1"",""63504480"",""0""]",M1,150,2.993247275750883
recurrent,original,17,116,4146b729f335ff47d4f2e59c62a77fc77d8cdc8db568839126dcc5cf41f884a7,159,"[""RL Agent (M1) Exp 1"",""96535892"",""0""]",M1,25,3.425066686422389
recurrent,original,29,117,25143274613b933909fde59f9c7829f73581c5edb821787fdf4efeb1c2169091,11,"[""Equal Baseline Exp 1"",""30843571"",""0""]",Equal,20,2.457730970682652
recurrent,original,29,117,25143274613b933909fde59f9c7829f73581c5edb821787fdf4efeb1c2169091,13,"[""Equal Baseline Exp 1"",""35368456"",""0""]",Equal,40,1.5374341802733877
recurrent,original,29,117,25143274613b933909fde59f9c7829f73581c5edb821787fdf4efeb1c2169091,20,"[""Equal Baseline Exp 1"",""40800498"",""0""]",Equal,28,2.061271511933401
recurrent,original,29,117,25143274613b933909fde59f9c7829f73581c5edb821787fdf4efeb1c2169091,25,"[""Equal Baseline Exp 1"",""46096247"",""0""]",Equal,48,1.7888952602679637
recurrent,original,29,117,25143274613b933909fde59f9c7829f73581c5edb821787fdf4efeb1c2169091,31,"[""Equal Baseline Exp 1"",""75670883"",""0""]",Equal,20,2.216795953919146
recurrent,original,29,117,25143274613b933909fde59f9c7829f73581c5edb821787fdf4efeb1c2169091,35,"[""Equal Baseline Exp 1"",""92291462"",""0""]",Equal,28,2.0324914342406215
recurrent,original,29,117,25143274613b933909fde59f9c7829f73581c5edb821787fdf4efeb1c2169091,36,"[""Equal Baseline Exp 1"",""92992435"",""0""]",Equal,52,2.4149523430544804
recurrent,original,29,117,25143274613b933909fde59f9c7829f73581c5edb821787fdf4efeb1c2169091,38,"[""Equal Baseline Exp 1"",""94815040"",""0""]",Equal,16,2.4968241786168486
recurrent,original,29,117,25143274613b933909fde59f9c7829f73581c5edb821787fdf4efeb1c2169091,44,"[""Mixed Baseline Exp 1"",""18823620"",""0""]",Mixed,160,2.646559180929996
recurrent,original,29,117,25143274613b933909fde59f9c7829f73581c5edb821787fdf4efeb1c2169091,47,"[""Mixed Baseline Exp 1"",""26185795"",""0""]",Mixed,160,2.3970353322836426
recurrent,original,29,117,25143274613b933909fde59f9c7829f73581c5edb821787fdf4efeb1c2169091,52,"[""Mixed Baseline Exp 1"",""37465807"",""0""]",Mixed,160,2.9371441211549354
recurrent,original,29,117,25143274613b933909fde59f9c7829f73581c5edb821787fdf4efeb1c2169091,57,"[""Mixed Baseline Exp 1"",""47841996"",""0""]",Mixed,38,1.925543622043773
recurrent,original,29,117,25143274613b933909fde59f9c7829f73581c5edb821787fdf4efeb1c2169091,60,"[""Mixed Baseline Exp 1"",""50116627"",""0""]",Mixed,144,3.1618609545953356
recurrent,original,29,117,25143274613b933909fde59f9c7829f73581c5edb821787fdf4efeb1c2169091,64,"[""Mixed Baseline Exp 1"",""64291720"",""0""]",Mixed,160,2.1945583105064386
recurrent,original,29,117,25143274613b933909fde59f9c7829f73581c5edb821787fdf4efeb1c2169091,73,"[""Mixed Baseline Exp 1"",""85460730"",""0""]",Mixed,138,2.790596450657268
recurrent,original,29,117,25143274613b933909fde59f9c7829f73581c5edb821787fdf4efeb1c2169091,78,"[""Mixed Baseline Exp 1"",""95675568"",""0""]",Mixed,47,2.189810575670465
recurrent,original,29,117,25143274613b933909fde59f9c7829f73581c5edb821787fdf4efeb1c2169091,80,"[""Proportional Baseline Exp 1"",""11095201"",""0""]",Proportional,57,3.0179236439524804
recurrent,original,29,117,25143274613b933909fde59f9c7829f73581c5edb821787fdf4efeb1c2169091,82,"[""Proportional Baseline Exp 1"",""14606420"",""0""]",Proportional,26,2.566578187585036
recurrent,original,29,117,25143274613b933909fde59f9c7829f73581c5edb821787fdf4efeb1c2169091,89,"[""Proportional Baseline Exp 1"",""36303454"",""0""]",Proportional,104,3.3598498479871135
recurrent,original,29,117,25143274613b933909fde59f9c7829f73581c5edb821787fdf4efeb1c2169091,97,"[""Proportional Baseline Exp 1"",""45673270"",""0""]",Proportional,89,2.85740715020703
recurrent,original,29,117,25143274613b933909fde59f9c7829f73581c5edb821787fdf4efeb1c2169091,104,"[""Proportional Baseline Exp 1"",""63752993"",""0""]",Proportional,88,3.2045487104594303
recurrent,original,29,117,25143274613b933909fde59f9c7829f73581c5edb821787fdf4efeb1c2169091,107,"[""Proportional Baseline Exp 1"",""69384851"",""0""]",Proportional,83,3.1808708262454455
recurrent,original,29,117,25143274613b933909fde59f9c7829f73581c5edb821787fdf4efeb1c2169091,111,"[""Proportional Baseline Exp 1"",""76356479"",""0""]",Proportional,88,2.387503954729788
recurrent,original,29,117,25143274613b933909fde59f9c7829f73581c5edb821787fdf4efeb1c2169091,117,"[""Proportional Baseline Exp 1"",""85019022"",""0""]",Proportional,52,4.196644635371023
recurrent,original,29,117,25143274613b933909fde59f9c7829f73581c5edb821787fdf4efeb1c2169091,122,"[""RL Agent (M1) Exp 1"",""20532812"",""0""]",M1,136,2.961017235066857
recurrent,original,29,117,25143274613b933909fde59f9c7829f73581c5edb821787fdf4efeb1c2169091,124,"[""RL Agent (M1) Exp 1"",""22263006"",""0""]",M1,22,2.693276932795976
recurrent,original,29,117,25143274613b933909fde59f9c7829f73581c5edb821787fdf4efeb1c2169091,129,"[""RL Agent (M1) Exp 1"",""39583963"",""0""]",M1,92,3.0586951443983077
recurrent,original,29,117,25143274613b933909fde59f9c7829f73581c5edb821787fdf4efeb1c2169091,130,"[""RL Agent (M1) Exp 1"",""47817874"",""0""]",M1,46,3.558101020243708
recurrent,original,29,117,25143274613b933909fde59f9c7829f73581c5edb821787fdf4efeb1c2169091,132,"[""RL Agent (M1) Exp 1"",""49408957"",""0""]",M1,27,2.774557004775576
recurrent,original,29,117,25143274613b933909fde59f9c7829f73581c5edb821787fdf4efeb1c2169091,138,"[""RL Agent (M1) Exp 1"",""57404481"",""0""]",M1,95,2.830902087002281
recurrent,original,29,117,25143274613b933909fde59f9c7829f73581c5edb821787fdf4efeb1c2169091,140,"[""RL Agent (M1) Exp 1"",""63504480"",""0""]",M1,150,3.0111891680594156
recurrent,original,29,117,25143274613b933909fde59f9c7829f73581c5edb821787fdf4efeb1c2169091,159,"[""RL Agent (M1) Exp 1"",""96535892"",""0""]",M1,25,3.41668001764614
recurrent,original,43,113,83ea46a7c1f7b5874d32f28d7a0a26cb3f07d77bf57f1682801d3ac26bed14d2,11,"[""Equal Baseline Exp 1"",""30843571"",""0""]",Equal,20,2.4489954717824607
recurrent,original,43,113,83ea46a7c1f7b5874d32f28d7a0a26cb3f07d77bf57f1682801d3ac26bed14d2,13,"[""Equal Baseline Exp 1"",""35368456"",""0""]",Equal,40,1.5394529153393475
recurrent,original,43,113,83ea46a7c1f7b5874d32f28d7a0a26cb3f07d77bf57f1682801d3ac26bed14d2,20,"[""Equal Baseline Exp 1"",""40800498"",""0""]",Equal,28,2.0652398035720108
recurrent,original,43,113,83ea46a7c1f7b5874d32f28d7a0a26cb3f07d77bf57f1682801d3ac26bed14d2,25,"[""Equal Baseline Exp 1"",""46096247"",""0""]",Equal,48,1.7937360089837
recurrent,original,43,113,83ea46a7c1f7b5874d32f28d7a0a26cb3f07d77bf57f1682801d3ac26bed14d2,31,"[""Equal Baseline Exp 1"",""75670883"",""0""]",Equal,20,2.206567998753404
recurrent,original,43,113,83ea46a7c1f7b5874d32f28d7a0a26cb3f07d77bf57f1682801d3ac26bed14d2,35,"[""Equal Baseline Exp 1"",""92291462"",""0""]",Equal,28,2.0319399860926333
recurrent,original,43,113,83ea46a7c1f7b5874d32f28d7a0a26cb3f07d77bf57f1682801d3ac26bed14d2,36,"[""Equal Baseline Exp 1"",""92992435"",""0""]",Equal,52,2.4199655652480123
recurrent,original,43,113,83ea46a7c1f7b5874d32f28d7a0a26cb3f07d77bf57f1682801d3ac26bed14d2,38,"[""Equal Baseline Exp 1"",""94815040"",""0""]",Equal,16,2.472954997397527
recurrent,original,43,113,83ea46a7c1f7b5874d32f28d7a0a26cb3f07d77bf57f1682801d3ac26bed14d2,44,"[""Mixed Baseline Exp 1"",""18823620"",""0""]",Mixed,160,2.6348638953690404
recurrent,original,43,113,83ea46a7c1f7b5874d32f28d7a0a26cb3f07d77bf57f1682801d3ac26bed14d2,47,"[""Mixed Baseline Exp 1"",""26185795"",""0""]",Mixed,160,2.411625037870459
recurrent,original,43,113,83ea46a7c1f7b5874d32f28d7a0a26cb3f07d77bf57f1682801d3ac26bed14d2,52,"[""Mixed Baseline Exp 1"",""37465807"",""0""]",Mixed,160,2.9606762949045367
recurrent,original,43,113,83ea46a7c1f7b5874d32f28d7a0a26cb3f07d77bf57f1682801d3ac26bed14d2,57,"[""Mixed Baseline Exp 1"",""47841996"",""0""]",Mixed,38,1.9270051269041226
recurrent,original,43,113,83ea46a7c1f7b5874d32f28d7a0a26cb3f07d77bf57f1682801d3ac26bed14d2,60,"[""Mixed Baseline Exp 1"",""50116627"",""0""]",Mixed,144,3.153276825993226
recurrent,original,43,113,83ea46a7c1f7b5874d32f28d7a0a26cb3f07d77bf57f1682801d3ac26bed14d2,64,"[""Mixed Baseline Exp 1"",""64291720"",""0""]",Mixed,160,2.2137535506687946
recurrent,original,43,113,83ea46a7c1f7b5874d32f28d7a0a26cb3f07d77bf57f1682801d3ac26bed14d2,73,"[""Mixed Baseline Exp 1"",""85460730"",""0""]",Mixed,138,2.7315127730437054
recurrent,original,43,113,83ea46a7c1f7b5874d32f28d7a0a26cb3f07d77bf57f1682801d3ac26bed14d2,78,"[""Mixed Baseline Exp 1"",""95675568"",""0""]",Mixed,47,2.1882955547591467
recurrent,original,43,113,83ea46a7c1f7b5874d32f28d7a0a26cb3f07d77bf57f1682801d3ac26bed14d2,80,"[""Proportional Baseline Exp 1"",""11095201"",""0""]",Proportional,57,3.0566777615905476
recurrent,original,43,113,83ea46a7c1f7b5874d32f28d7a0a26cb3f07d77bf57f1682801d3ac26bed14d2,82,"[""Proportional Baseline Exp 1"",""14606420"",""0""]",Proportional,26,2.5582368208591215
recurrent,original,43,113,83ea46a7c1f7b5874d32f28d7a0a26cb3f07d77bf57f1682801d3ac26bed14d2,89,"[""Proportional Baseline Exp 1"",""36303454"",""0""]",Proportional,104,3.3688295862080744
recurrent,original,43,113,83ea46a7c1f7b5874d32f28d7a0a26cb3f07d77bf57f1682801d3ac26bed14d2,97,"[""Proportional Baseline Exp 1"",""45673270"",""0""]",Proportional,89,2.8379256343476498
recurrent,original,43,113,83ea46a7c1f7b5874d32f28d7a0a26cb3f07d77bf57f1682801d3ac26bed14d2,104,"[""Proportional Baseline Exp 1"",""63752993"",""0""]",Proportional,88,3.241708618979726
recurrent,original,43,113,83ea46a7c1f7b5874d32f28d7a0a26cb3f07d77bf57f1682801d3ac26bed14d2,107,"[""Proportional Baseline Exp 1"",""69384851"",""0""]",Proportional,83,3.2040146417840183
recurrent,original,43,113,83ea46a7c1f7b5874d32f28d7a0a26cb3f07d77bf57f1682801d3ac26bed14d2,111,"[""Proportional Baseline Exp 1"",""76356479"",""0""]",Proportional,88,2.385775732360041
recurrent,original,43,113,83ea46a7c1f7b5874d32f28d7a0a26cb3f07d77bf57f1682801d3ac26bed14d2,117,"[""Proportional Baseline Exp 1"",""85019022"",""0""]",Proportional,52,4.201797781973875
recurrent,original,43,113,83ea46a7c1f7b5874d32f28d7a0a26cb3f07d77bf57f1682801d3ac26bed14d2,122,"[""RL Agent (M1) Exp 1"",""20532812"",""0""]",M1,136,2.9488018513719036
recurrent,original,43,113,83ea46a7c1f7b5874d32f28d7a0a26cb3f07d77bf57f1682801d3ac26bed14d2,124,"[""RL Agent (M1) Exp 1"",""22263006"",""0""]",M1,22,2.6746486123431223
recurrent,original,43,113,83ea46a7c1f7b5874d32f28d7a0a26cb3f07d77bf57f1682801d3ac26bed14d2,129,"[""RL Agent (M1) Exp 1"",""39583963"",""0""]",M1,92,3.002987748381206
recurrent,original,43,113,83ea46a7c1f7b5874d32f28d7a0a26cb3f07d77bf57f1682801d3ac26bed14d2,130,"[""RL Agent (M1) Exp 1"",""47817874"",""0""]",M1,46,3.560174785427327
recurrent,original,43,113,83ea46a7c1f7b5874d32f28d7a0a26cb3f07d77bf57f1682801d3ac26bed14d2,132,"[""RL Agent (M1) Exp 1"",""49408957"",""0""]",M1,27,2.739952203471556
recurrent,original,43,113,83ea46a7c1f7b5874d32f28d7a0a26cb3f07d77bf57f1682801d3ac26bed14d2,138,"[""RL Agent (M1) Exp 1"",""57404481"",""0""]",M1,95,2.8176669619501515
recurrent,original,43,113,83ea46a7c1f7b5874d32f28d7a0a26cb3f07d77bf57f1682801d3ac26bed14d2,140,"[""RL Agent (M1) Exp 1"",""63504480"",""0""]",M1,150,2.974969949364347
recurrent,original,43,113,83ea46a7c1f7b5874d32f28d7a0a26cb3f07d77bf57f1682801d3ac26bed14d2,159,"[""RL Agent (M1) Exp 1"",""96535892"",""0""]",M1,25,3.441942197828155
feedforward,continued,17,478,63ddc8400f53191767bb69890a743442f8c8cae9f18a70771b29a8a50b53710c,11,"[""Equal Baseline Exp 1"",""30843571"",""0""]",Equal,20,2.5028899555814115
feedforward,continued,17,478,63ddc8400f53191767bb69890a743442f8c8cae9f18a70771b29a8a50b53710c,13,"[""Equal Baseline Exp 1"",""35368456"",""0""]",Equal,40,1.3011542508914302
feedforward,continued,17,478,63ddc8400f53191767bb69890a743442f8c8cae9f18a70771b29a8a50b53710c,20,"[""Equal Baseline Exp 1"",""40800498"",""0""]",Equal,28,2.0349982803788342
feedforward,continued,17,478,63ddc8400f53191767bb69890a743442f8c8cae9f18a70771b29a8a50b53710c,25,"[""Equal Baseline Exp 1"",""46096247"",""0""]",Equal,48,1.7811663263983728
feedforward,continued,17,478,63ddc8400f53191767bb69890a743442f8c8cae9f18a70771b29a8a50b53710c,31,"[""Equal Baseline Exp 1"",""75670883"",""0""]",Equal,20,2.3720078964642166
feedforward,continued,17,478,63ddc8400f53191767bb69890a743442f8c8cae9f18a70771b29a8a50b53710c,35,"[""Equal Baseline Exp 1"",""92291462"",""0""]",Equal,28,2.149434383355405
feedforward,continued,17,478,63ddc8400f53191767bb69890a743442f8c8cae9f18a70771b29a8a50b53710c,36,"[""Equal Baseline Exp 1"",""92992435"",""0""]",Equal,52,2.361461261887802
feedforward,continued,17,478,63ddc8400f53191767bb69890a743442f8c8cae9f18a70771b29a8a50b53710c,38,"[""Equal Baseline Exp 1"",""94815040"",""0""]",Equal,16,2.6518520159487986
feedforward,continued,17,478,63ddc8400f53191767bb69890a743442f8c8cae9f18a70771b29a8a50b53710c,44,"[""Mixed Baseline Exp 1"",""18823620"",""0""]",Mixed,160,2.9027687854057063
feedforward,continued,17,478,63ddc8400f53191767bb69890a743442f8c8cae9f18a70771b29a8a50b53710c,47,"[""Mixed Baseline Exp 1"",""26185795"",""0""]",Mixed,160,2.522678273562504
feedforward,continued,17,478,63ddc8400f53191767bb69890a743442f8c8cae9f18a70771b29a8a50b53710c,52,"[""Mixed Baseline Exp 1"",""37465807"",""0""]",Mixed,160,3.0156646205984217
feedforward,continued,17,478,63ddc8400f53191767bb69890a743442f8c8cae9f18a70771b29a8a50b53710c,57,"[""Mixed Baseline Exp 1"",""47841996"",""0""]",Mixed,38,1.9219606018583235
feedforward,continued,17,478,63ddc8400f53191767bb69890a743442f8c8cae9f18a70771b29a8a50b53710c,60,"[""Mixed Baseline Exp 1"",""50116627"",""0""]",Mixed,144,2.919015098661135
feedforward,continued,17,478,63ddc8400f53191767bb69890a743442f8c8cae9f18a70771b29a8a50b53710c,64,"[""Mixed Baseline Exp 1"",""64291720"",""0""]",Mixed,160,2.3568913027614293
feedforward,continued,17,478,63ddc8400f53191767bb69890a743442f8c8cae9f18a70771b29a8a50b53710c,73,"[""Mixed Baseline Exp 1"",""85460730"",""0""]",Mixed,138,2.58661602127546
feedforward,continued,17,478,63ddc8400f53191767bb69890a743442f8c8cae9f18a70771b29a8a50b53710c,78,"[""Mixed Baseline Exp 1"",""95675568"",""0""]",Mixed,47,2.024412015732943
feedforward,continued,17,478,63ddc8400f53191767bb69890a743442f8c8cae9f18a70771b29a8a50b53710c,80,"[""Proportional Baseline Exp 1"",""11095201"",""0""]",Proportional,57,3.085611448055391
feedforward,continued,17,478,63ddc8400f53191767bb69890a743442f8c8cae9f18a70771b29a8a50b53710c,82,"[""Proportional Baseline Exp 1"",""14606420"",""0""]",Proportional,26,2.639177861944134
feedforward,continued,17,478,63ddc8400f53191767bb69890a743442f8c8cae9f18a70771b29a8a50b53710c,89,"[""Proportional Baseline Exp 1"",""36303454"",""0""]",Proportional,104,3.277918480693839
feedforward,continued,17,478,63ddc8400f53191767bb69890a743442f8c8cae9f18a70771b29a8a50b53710c,97,"[""Proportional Baseline Exp 1"",""45673270"",""0""]",Proportional,89,2.872010589464431
feedforward,continued,17,478,63ddc8400f53191767bb69890a743442f8c8cae9f18a70771b29a8a50b53710c,104,"[""Proportional Baseline Exp 1"",""63752993"",""0""]",Proportional,88,3.1757932560848876
feedforward,continued,17,478,63ddc8400f53191767bb69890a743442f8c8cae9f18a70771b29a8a50b53710c,107,"[""Proportional Baseline Exp 1"",""69384851"",""0""]",Proportional,83,3.1346220838274714
feedforward,continued,17,478,63ddc8400f53191767bb69890a743442f8c8cae9f18a70771b29a8a50b53710c,111,"[""Proportional Baseline Exp 1"",""76356479"",""0""]",Proportional,88,2.4949076144364564
feedforward,continued,17,478,63ddc8400f53191767bb69890a743442f8c8cae9f18a70771b29a8a50b53710c,117,"[""Proportional Baseline Exp 1"",""85019022"",""0""]",Proportional,52,4.0415202272744475
feedforward,continued,17,478,63ddc8400f53191767bb69890a743442f8c8cae9f18a70771b29a8a50b53710c,122,"[""RL Agent (M1) Exp 1"",""20532812"",""0""]",M1,136,2.848424644072542
feedforward,continued,17,478,63ddc8400f53191767bb69890a743442f8c8cae9f18a70771b29a8a50b53710c,124,"[""RL Agent (M1) Exp 1"",""22263006"",""0""]",M1,22,2.7295377459681665
feedforward,continued,17,478,63ddc8400f53191767bb69890a743442f8c8cae9f18a70771b29a8a50b53710c,129,"[""RL Agent (M1) Exp 1"",""39583963"",""0""]",M1,92,2.7956932659642035
feedforward,continued,17,478,63ddc8400f53191767bb69890a743442f8c8cae9f18a70771b29a8a50b53710c,130,"[""RL Agent (M1) Exp 1"",""47817874"",""0""]",M1,46,3.54312362688506
feedforward,continued,17,478,63ddc8400f53191767bb69890a743442f8c8cae9f18a70771b29a8a50b53710c,132,"[""RL Agent (M1) Exp 1"",""49408957"",""0""]",M1,27,2.6869928568752903
feedforward,continued,17,478,63ddc8400f53191767bb69890a743442f8c8cae9f18a70771b29a8a50b53710c,138,"[""RL Agent (M1) Exp 1"",""57404481"",""0""]",M1,95,2.8460282616087618
feedforward,continued,17,478,63ddc8400f53191767bb69890a743442f8c8cae9f18a70771b29a8a50b53710c,140,"[""RL Agent (M1) Exp 1"",""63504480"",""0""]",M1,150,2.867735907049174
feedforward,continued,17,478,63ddc8400f53191767bb69890a743442f8c8cae9f18a70771b29a8a50b53710c,159,"[""RL Agent (M1) Exp 1"",""96535892"",""0""]",M1,25,3.6083508383277474
feedforward,continued,29,444,e64f1d4048b4f9b830d3cd5f6d31465f65e9ac4843161dded476ca275e53e946,11,"[""Equal Baseline Exp 1"",""30843571"",""0""]",Equal,20,2.470696780969481
feedforward,continued,29,444,e64f1d4048b4f9b830d3cd5f6d31465f65e9ac4843161dded476ca275e53e946,13,"[""Equal Baseline Exp 1"",""35368456"",""0""]",Equal,40,1.3361010960007367
feedforward,continued,29,444,e64f1d4048b4f9b830d3cd5f6d31465f65e9ac4843161dded476ca275e53e946,20,"[""Equal Baseline Exp 1"",""40800498"",""0""]",Equal,28,2.033819068040455
feedforward,continued,29,444,e64f1d4048b4f9b830d3cd5f6d31465f65e9ac4843161dded476ca275e53e946,25,"[""Equal Baseline Exp 1"",""46096247"",""0""]",Equal,48,1.7844196042460094
feedforward,continued,29,444,e64f1d4048b4f9b830d3cd5f6d31465f65e9ac4843161dded476ca275e53e946,31,"[""Equal Baseline Exp 1"",""75670883"",""0""]",Equal,20,2.3605240164694328
feedforward,continued,29,444,e64f1d4048b4f9b830d3cd5f6d31465f65e9ac4843161dded476ca275e53e946,35,"[""Equal Baseline Exp 1"",""92291462"",""0""]",Equal,28,2.1362719780116306
feedforward,continued,29,444,e64f1d4048b4f9b830d3cd5f6d31465f65e9ac4843161dded476ca275e53e946,36,"[""Equal Baseline Exp 1"",""92992435"",""0""]",Equal,52,2.3749672685176453
feedforward,continued,29,444,e64f1d4048b4f9b830d3cd5f6d31465f65e9ac4843161dded476ca275e53e946,38,"[""Equal Baseline Exp 1"",""94815040"",""0""]",Equal,16,2.6176542335210007
feedforward,continued,29,444,e64f1d4048b4f9b830d3cd5f6d31465f65e9ac4843161dded476ca275e53e946,44,"[""Mixed Baseline Exp 1"",""18823620"",""0""]",Mixed,160,2.9416425814037686
feedforward,continued,29,444,e64f1d4048b4f9b830d3cd5f6d31465f65e9ac4843161dded476ca275e53e946,47,"[""Mixed Baseline Exp 1"",""26185795"",""0""]",Mixed,160,2.5626555914718194
feedforward,continued,29,444,e64f1d4048b4f9b830d3cd5f6d31465f65e9ac4843161dded476ca275e53e946,52,"[""Mixed Baseline Exp 1"",""37465807"",""0""]",Mixed,160,3.013621990510264
feedforward,continued,29,444,e64f1d4048b4f9b830d3cd5f6d31465f65e9ac4843161dded476ca275e53e946,57,"[""Mixed Baseline Exp 1"",""47841996"",""0""]",Mixed,38,1.9323495610423962
feedforward,continued,29,444,e64f1d4048b4f9b830d3cd5f6d31465f65e9ac4843161dded476ca275e53e946,60,"[""Mixed Baseline Exp 1"",""50116627"",""0""]",Mixed,144,2.9779530758187374
feedforward,continued,29,444,e64f1d4048b4f9b830d3cd5f6d31465f65e9ac4843161dded476ca275e53e946,64,"[""Mixed Baseline Exp 1"",""64291720"",""0""]",Mixed,160,2.399216281964923
feedforward,continued,29,444,e64f1d4048b4f9b830d3cd5f6d31465f65e9ac4843161dded476ca275e53e946,73,"[""Mixed Baseline Exp 1"",""85460730"",""0""]",Mixed,138,2.584443160727275
feedforward,continued,29,444,e64f1d4048b4f9b830d3cd5f6d31465f65e9ac4843161dded476ca275e53e946,78,"[""Mixed Baseline Exp 1"",""95675568"",""0""]",Mixed,47,2.0154951747209378
feedforward,continued,29,444,e64f1d4048b4f9b830d3cd5f6d31465f65e9ac4843161dded476ca275e53e946,80,"[""Proportional Baseline Exp 1"",""11095201"",""0""]",Proportional,57,3.097747844081166
feedforward,continued,29,444,e64f1d4048b4f9b830d3cd5f6d31465f65e9ac4843161dded476ca275e53e946,82,"[""Proportional Baseline Exp 1"",""14606420"",""0""]",Proportional,26,2.619947990450732
feedforward,continued,29,444,e64f1d4048b4f9b830d3cd5f6d31465f65e9ac4843161dded476ca275e53e946,89,"[""Proportional Baseline Exp 1"",""36303454"",""0""]",Proportional,104,3.2811884866463856
feedforward,continued,29,444,e64f1d4048b4f9b830d3cd5f6d31465f65e9ac4843161dded476ca275e53e946,97,"[""Proportional Baseline Exp 1"",""45673270"",""0""]",Proportional,89,2.826413981482245
feedforward,continued,29,444,e64f1d4048b4f9b830d3cd5f6d31465f65e9ac4843161dded476ca275e53e946,104,"[""Proportional Baseline Exp 1"",""63752993"",""0""]",Proportional,88,3.1445885536433944
feedforward,continued,29,444,e64f1d4048b4f9b830d3cd5f6d31465f65e9ac4843161dded476ca275e53e946,107,"[""Proportional Baseline Exp 1"",""69384851"",""0""]",Proportional,83,3.124999375854342
feedforward,continued,29,444,e64f1d4048b4f9b830d3cd5f6d31465f65e9ac4843161dded476ca275e53e946,111,"[""Proportional Baseline Exp 1"",""76356479"",""0""]",Proportional,88,2.520447869923386
feedforward,continued,29,444,e64f1d4048b4f9b830d3cd5f6d31465f65e9ac4843161dded476ca275e53e946,117,"[""Proportional Baseline Exp 1"",""85019022"",""0""]",Proportional,52,4.076151838097274
feedforward,continued,29,444,e64f1d4048b4f9b830d3cd5f6d31465f65e9ac4843161dded476ca275e53e946,122,"[""RL Agent (M1) Exp 1"",""20532812"",""0""]",M1,136,2.852352544914727
feedforward,continued,29,444,e64f1d4048b4f9b830d3cd5f6d31465f65e9ac4843161dded476ca275e53e946,124,"[""RL Agent (M1) Exp 1"",""22263006"",""0""]",M1,22,2.737910412485554
feedforward,continued,29,444,e64f1d4048b4f9b830d3cd5f6d31465f65e9ac4843161dded476ca275e53e946,129,"[""RL Agent (M1) Exp 1"",""39583963"",""0""]",M1,92,2.8145422968304974
feedforward,continued,29,444,e64f1d4048b4f9b830d3cd5f6d31465f65e9ac4843161dded476ca275e53e946,130,"[""RL Agent (M1) Exp 1"",""47817874"",""0""]",M1,46,3.538419177977507
feedforward,continued,29,444,e64f1d4048b4f9b830d3cd5f6d31465f65e9ac4843161dded476ca275e53e946,132,"[""RL Agent (M1) Exp 1"",""49408957"",""0""]",M1,27,2.648873594760408
feedforward,continued,29,444,e64f1d4048b4f9b830d3cd5f6d31465f65e9ac4843161dded476ca275e53e946,138,"[""RL Agent (M1) Exp 1"",""57404481"",""0""]",M1,95,2.8552032678669765
feedforward,continued,29,444,e64f1d4048b4f9b830d3cd5f6d31465f65e9ac4843161dded476ca275e53e946,140,"[""RL Agent (M1) Exp 1"",""63504480"",""0""]",M1,150,2.838849110372299
feedforward,continued,29,444,e64f1d4048b4f9b830d3cd5f6d31465f65e9ac4843161dded476ca275e53e946,159,"[""RL Agent (M1) Exp 1"",""96535892"",""0""]",M1,25,3.534268679863723
feedforward,continued,43,473,6a1e6a7ef5770e5cb77a129d7c941aabd21f8b4fcac17e8b615fb4d61cd9b0e1,11,"[""Equal Baseline Exp 1"",""30843571"",""0""]",Equal,20,2.4909680317003597
feedforward,continued,43,473,6a1e6a7ef5770e5cb77a129d7c941aabd21f8b4fcac17e8b615fb4d61cd9b0e1,13,"[""Equal Baseline Exp 1"",""35368456"",""0""]",Equal,40,1.297863005769358
feedforward,continued,43,473,6a1e6a7ef5770e5cb77a129d7c941aabd21f8b4fcac17e8b615fb4d61cd9b0e1,20,"[""Equal Baseline Exp 1"",""40800498"",""0""]",Equal,28,2.036986738985405
feedforward,continued,43,473,6a1e6a7ef5770e5cb77a129d7c941aabd21f8b4fcac17e8b615fb4d61cd9b0e1,25,"[""Equal Baseline Exp 1"",""46096247"",""0""]",Equal,48,1.7824429756332705
feedforward,continued,43,473,6a1e6a7ef5770e5cb77a129d7c941aabd21f8b4fcac17e8b615fb4d61cd9b0e1,31,"[""Equal Baseline Exp 1"",""75670883"",""0""]",Equal,20,2.371420780259243
feedforward,continued,43,473,6a1e6a7ef5770e5cb77a129d7c941aabd21f8b4fcac17e8b615fb4d61cd9b0e1,35,"[""Equal Baseline Exp 1"",""92291462"",""0""]",Equal,28,2.1467294986443393
feedforward,continued,43,473,6a1e6a7ef5770e5cb77a129d7c941aabd21f8b4fcac17e8b615fb4d61cd9b0e1,36,"[""Equal Baseline Exp 1"",""92992435"",""0""]",Equal,52,2.3649657830574604
feedforward,continued,43,473,6a1e6a7ef5770e5cb77a129d7c941aabd21f8b4fcac17e8b615fb4d61cd9b0e1,38,"[""Equal Baseline Exp 1"",""94815040"",""0""]",Equal,16,2.651596322172151
feedforward,continued,43,473,6a1e6a7ef5770e5cb77a129d7c941aabd21f8b4fcac17e8b615fb4d61cd9b0e1,44,"[""Mixed Baseline Exp 1"",""18823620"",""0""]",Mixed,160,2.9143308442727345
feedforward,continued,43,473,6a1e6a7ef5770e5cb77a129d7c941aabd21f8b4fcac17e8b615fb4d61cd9b0e1,47,"[""Mixed Baseline Exp 1"",""26185795"",""0""]",Mixed,160,2.540584523829578
feedforward,continued,43,473,6a1e6a7ef5770e5cb77a129d7c941aabd21f8b4fcac17e8b615fb4d61cd9b0e1,52,"[""Mixed Baseline Exp 1"",""37465807"",""0""]",Mixed,160,3.017860529463495
feedforward,continued,43,473,6a1e6a7ef5770e5cb77a129d7c941aabd21f8b4fcac17e8b615fb4d61cd9b0e1,57,"[""Mixed Baseline Exp 1"",""47841996"",""0""]",Mixed,38,1.9304562347330858
feedforward,continued,43,473,6a1e6a7ef5770e5cb77a129d7c941aabd21f8b4fcac17e8b615fb4d61cd9b0e1,60,"[""Mixed Baseline Exp 1"",""50116627"",""0""]",Mixed,144,2.9368511631292216
feedforward,continued,43,473,6a1e6a7ef5770e5cb77a129d7c941aabd21f8b4fcac17e8b615fb4d61cd9b0e1,64,"[""Mixed Baseline Exp 1"",""64291720"",""0""]",Mixed,160,2.371767958512225
feedforward,continued,43,473,6a1e6a7ef5770e5cb77a129d7c941aabd21f8b4fcac17e8b615fb4d61cd9b0e1,73,"[""Mixed Baseline Exp 1"",""85460730"",""0""]",Mixed,138,2.5670275983615807
feedforward,continued,43,473,6a1e6a7ef5770e5cb77a129d7c941aabd21f8b4fcac17e8b615fb4d61cd9b0e1,78,"[""Mixed Baseline Exp 1"",""95675568"",""0""]",Mixed,47,2.029267777255552
feedforward,continued,43,473,6a1e6a7ef5770e5cb77a129d7c941aabd21f8b4fcac17e8b615fb4d61cd9b0e1,80,"[""Proportional Baseline Exp 1"",""11095201"",""0""]",Proportional,57,3.104894100986717
feedforward,continued,43,473,6a1e6a7ef5770e5cb77a129d7c941aabd21f8b4fcac17e8b615fb4d61cd9b0e1,82,"[""Proportional Baseline Exp 1"",""14606420"",""0""]",Proportional,26,2.645736072436653
feedforward,continued,43,473,6a1e6a7ef5770e5cb77a129d7c941aabd21f8b4fcac17e8b615fb4d61cd9b0e1,89,"[""Proportional Baseline Exp 1"",""36303454"",""0""]",Proportional,104,3.2831643543601885
feedforward,continued,43,473,6a1e6a7ef5770e5cb77a129d7c941aabd21f8b4fcac17e8b615fb4d61cd9b0e1,97,"[""Proportional Baseline Exp 1"",""45673270"",""0""]",Proportional,89,2.8099658350099777
feedforward,continued,43,473,6a1e6a7ef5770e5cb77a129d7c941aabd21f8b4fcac17e8b615fb4d61cd9b0e1,104,"[""Proportional Baseline Exp 1"",""63752993"",""0""]",Proportional,88,3.1436186779017095
feedforward,continued,43,473,6a1e6a7ef5770e5cb77a129d7c941aabd21f8b4fcac17e8b615fb4d61cd9b0e1,107,"[""Proportional Baseline Exp 1"",""69384851"",""0""]",Proportional,83,3.1240946421356535
feedforward,continued,43,473,6a1e6a7ef5770e5cb77a129d7c941aabd21f8b4fcac17e8b615fb4d61cd9b0e1,111,"[""Proportional Baseline Exp 1"",""76356479"",""0""]",Proportional,88,2.5117871413397705
feedforward,continued,43,473,6a1e6a7ef5770e5cb77a129d7c941aabd21f8b4fcac17e8b615fb4d61cd9b0e1,117,"[""Proportional Baseline Exp 1"",""85019022"",""0""]",Proportional,52,4.070593493265798
feedforward,continued,43,473,6a1e6a7ef5770e5cb77a129d7c941aabd21f8b4fcac17e8b615fb4d61cd9b0e1,122,"[""RL Agent (M1) Exp 1"",""20532812"",""0""]",M1,136,2.828630923067795
feedforward,continued,43,473,6a1e6a7ef5770e5cb77a129d7c941aabd21f8b4fcac17e8b615fb4d61cd9b0e1,124,"[""RL Agent (M1) Exp 1"",""22263006"",""0""]",M1,22,2.741506936542242
feedforward,continued,43,473,6a1e6a7ef5770e5cb77a129d7c941aabd21f8b4fcac17e8b615fb4d61cd9b0e1,129,"[""RL Agent (M1) Exp 1"",""39583963"",""0""]",M1,92,2.813463377838644
feedforward,continued,43,473,6a1e6a7ef5770e5cb77a129d7c941aabd21f8b4fcac17e8b615fb4d61cd9b0e1,130,"[""RL Agent (M1) Exp 1"",""47817874"",""0""]",M1,46,3.528962728689828
feedforward,continued,43,473,6a1e6a7ef5770e5cb77a129d7c941aabd21f8b4fcac17e8b615fb4d61cd9b0e1,132,"[""RL Agent (M1) Exp 1"",""49408957"",""0""]",M1,27,2.6824621793211367
feedforward,continued,43,473,6a1e6a7ef5770e5cb77a129d7c941aabd21f8b4fcac17e8b615fb4d61cd9b0e1,138,"[""RL Agent (M1) Exp 1"",""57404481"",""0""]",M1,95,2.8692048637364924
feedforward,continued,43,473,6a1e6a7ef5770e5cb77a129d7c941aabd21f8b4fcac17e8b615fb4d61cd9b0e1,140,"[""RL Agent (M1) Exp 1"",""63504480"",""0""]",M1,150,2.8517830395711767
feedforward,continued,43,473,6a1e6a7ef5770e5cb77a129d7c941aabd21f8b4fcac17e8b615fb4d61cd9b0e1,159,"[""RL Agent (M1) Exp 1"",""96535892"",""0""]",M1,25,3.5812752218154227
recurrent,continued,17,476,a8f92a9c4693f2c4efb1175208ad11230ff2b9c74c26ab466d117ec36676b61e,11,"[""Equal Baseline Exp 1"",""30843571"",""0""]",Equal,20,2.262728342212764
recurrent,continued,17,476,a8f92a9c4693f2c4efb1175208ad11230ff2b9c74c26ab466d117ec36676b61e,13,"[""Equal Baseline Exp 1"",""35368456"",""0""]",Equal,40,1.3840283927355073
recurrent,continued,17,476,a8f92a9c4693f2c4efb1175208ad11230ff2b9c74c26ab466d117ec36676b61e,20,"[""Equal Baseline Exp 1"",""40800498"",""0""]",Equal,28,1.9427926459082436
recurrent,continued,17,476,a8f92a9c4693f2c4efb1175208ad11230ff2b9c74c26ab466d117ec36676b61e,25,"[""Equal Baseline Exp 1"",""46096247"",""0""]",Equal,48,1.7474555037950585
recurrent,continued,17,476,a8f92a9c4693f2c4efb1175208ad11230ff2b9c74c26ab466d117ec36676b61e,31,"[""Equal Baseline Exp 1"",""75670883"",""0""]",Equal,20,2.0994495087584557
recurrent,continued,17,476,a8f92a9c4693f2c4efb1175208ad11230ff2b9c74c26ab466d117ec36676b61e,35,"[""Equal Baseline Exp 1"",""92291462"",""0""]",Equal,28,2.0134212617430025
recurrent,continued,17,476,a8f92a9c4693f2c4efb1175208ad11230ff2b9c74c26ab466d117ec36676b61e,36,"[""Equal Baseline Exp 1"",""92992435"",""0""]",Equal,52,2.299116969100811
recurrent,continued,17,476,a8f92a9c4693f2c4efb1175208ad11230ff2b9c74c26ab466d117ec36676b61e,38,"[""Equal Baseline Exp 1"",""94815040"",""0""]",Equal,16,2.467276756144799
recurrent,continued,17,476,a8f92a9c4693f2c4efb1175208ad11230ff2b9c74c26ab466d117ec36676b61e,44,"[""Mixed Baseline Exp 1"",""18823620"",""0""]",Mixed,160,2.705123823589827
recurrent,continued,17,476,a8f92a9c4693f2c4efb1175208ad11230ff2b9c74c26ab466d117ec36676b61e,47,"[""Mixed Baseline Exp 1"",""26185795"",""0""]",Mixed,160,2.3371805214455086
recurrent,continued,17,476,a8f92a9c4693f2c4efb1175208ad11230ff2b9c74c26ab466d117ec36676b61e,52,"[""Mixed Baseline Exp 1"",""37465807"",""0""]",Mixed,160,2.7837742640465786
recurrent,continued,17,476,a8f92a9c4693f2c4efb1175208ad11230ff2b9c74c26ab466d117ec36676b61e,57,"[""Mixed Baseline Exp 1"",""47841996"",""0""]",Mixed,38,1.8789028976677395
recurrent,continued,17,476,a8f92a9c4693f2c4efb1175208ad11230ff2b9c74c26ab466d117ec36676b61e,60,"[""Mixed Baseline Exp 1"",""50116627"",""0""]",Mixed,144,3.0127321218138556
recurrent,continued,17,476,a8f92a9c4693f2c4efb1175208ad11230ff2b9c74c26ab466d117ec36676b61e,64,"[""Mixed Baseline Exp 1"",""64291720"",""0""]",Mixed,160,2.0980782915087857
recurrent,continued,17,476,a8f92a9c4693f2c4efb1175208ad11230ff2b9c74c26ab466d117ec36676b61e,73,"[""Mixed Baseline Exp 1"",""85460730"",""0""]",Mixed,138,2.5622035765525495
recurrent,continued,17,476,a8f92a9c4693f2c4efb1175208ad11230ff2b9c74c26ab466d117ec36676b61e,78,"[""Mixed Baseline Exp 1"",""95675568"",""0""]",Mixed,47,2.21191883922732
recurrent,continued,17,476,a8f92a9c4693f2c4efb1175208ad11230ff2b9c74c26ab466d117ec36676b61e,80,"[""Proportional Baseline Exp 1"",""11095201"",""0""]",Proportional,57,2.8318212695820435
recurrent,continued,17,476,a8f92a9c4693f2c4efb1175208ad11230ff2b9c74c26ab466d117ec36676b61e,82,"[""Proportional Baseline Exp 1"",""14606420"",""0""]",Proportional,26,2.5390404366779498
recurrent,continued,17,476,a8f92a9c4693f2c4efb1175208ad11230ff2b9c74c26ab466d117ec36676b61e,89,"[""Proportional Baseline Exp 1"",""36303454"",""0""]",Proportional,104,3.3162741940441927
recurrent,continued,17,476,a8f92a9c4693f2c4efb1175208ad11230ff2b9c74c26ab466d117ec36676b61e,97,"[""Proportional Baseline Exp 1"",""45673270"",""0""]",Proportional,89,2.757508103558495
recurrent,continued,17,476,a8f92a9c4693f2c4efb1175208ad11230ff2b9c74c26ab466d117ec36676b61e,104,"[""Proportional Baseline Exp 1"",""63752993"",""0""]",Proportional,88,3.092397868373077
recurrent,continued,17,476,a8f92a9c4693f2c4efb1175208ad11230ff2b9c74c26ab466d117ec36676b61e,107,"[""Proportional Baseline Exp 1"",""69384851"",""0""]",Proportional,83,3.069136354304308
recurrent,continued,17,476,a8f92a9c4693f2c4efb1175208ad11230ff2b9c74c26ab466d117ec36676b61e,111,"[""Proportional Baseline Exp 1"",""76356479"",""0""]",Proportional,88,2.3287784631992703
recurrent,continued,17,476,a8f92a9c4693f2c4efb1175208ad11230ff2b9c74c26ab466d117ec36676b61e,117,"[""Proportional Baseline Exp 1"",""85019022"",""0""]",Proportional,52,4.040528601259665
recurrent,continued,17,476,a8f92a9c4693f2c4efb1175208ad11230ff2b9c74c26ab466d117ec36676b61e,122,"[""RL Agent (M1) Exp 1"",""20532812"",""0""]",M1,136,2.8797643837453
recurrent,continued,17,476,a8f92a9c4693f2c4efb1175208ad11230ff2b9c74c26ab466d117ec36676b61e,124,"[""RL Agent (M1) Exp 1"",""22263006"",""0""]",M1,22,2.623907100897117
recurrent,continued,17,476,a8f92a9c4693f2c4efb1175208ad11230ff2b9c74c26ab466d117ec36676b61e,129,"[""RL Agent (M1) Exp 1"",""39583963"",""0""]",M1,92,2.9193343521332697
recurrent,continued,17,476,a8f92a9c4693f2c4efb1175208ad11230ff2b9c74c26ab466d117ec36676b61e,130,"[""RL Agent (M1) Exp 1"",""47817874"",""0""]",M1,46,3.4472565151581183
recurrent,continued,17,476,a8f92a9c4693f2c4efb1175208ad11230ff2b9c74c26ab466d117ec36676b61e,132,"[""RL Agent (M1) Exp 1"",""49408957"",""0""]",M1,27,2.7744894572729386
recurrent,continued,17,476,a8f92a9c4693f2c4efb1175208ad11230ff2b9c74c26ab466d117ec36676b61e,138,"[""RL Agent (M1) Exp 1"",""57404481"",""0""]",M1,95,2.682370836673709
recurrent,continued,17,476,a8f92a9c4693f2c4efb1175208ad11230ff2b9c74c26ab466d117ec36676b61e,140,"[""RL Agent (M1) Exp 1"",""63504480"",""0""]",M1,150,2.7068016611166654
recurrent,continued,17,476,a8f92a9c4693f2c4efb1175208ad11230ff2b9c74c26ab466d117ec36676b61e,159,"[""RL Agent (M1) Exp 1"",""96535892"",""0""]",M1,25,3.8001207666754793
recurrent,continued,29,460,d85aae54aeba7cf9de9a453c743dbaac3af05ae43385c8592b54f6d40694fc4f,11,"[""Equal Baseline Exp 1"",""30843571"",""0""]",Equal,20,2.2646976490643427
recurrent,continued,29,460,d85aae54aeba7cf9de9a453c743dbaac3af05ae43385c8592b54f6d40694fc4f,13,"[""Equal Baseline Exp 1"",""35368456"",""0""]",Equal,40,1.4008432369611286
recurrent,continued,29,460,d85aae54aeba7cf9de9a453c743dbaac3af05ae43385c8592b54f6d40694fc4f,20,"[""Equal Baseline Exp 1"",""40800498"",""0""]",Equal,28,1.941547813410479
recurrent,continued,29,460,d85aae54aeba7cf9de9a453c743dbaac3af05ae43385c8592b54f6d40694fc4f,25,"[""Equal Baseline Exp 1"",""46096247"",""0""]",Equal,48,1.7496094014392423
recurrent,continued,29,460,d85aae54aeba7cf9de9a453c743dbaac3af05ae43385c8592b54f6d40694fc4f,31,"[""Equal Baseline Exp 1"",""75670883"",""0""]",Equal,20,2.112471392378784
recurrent,continued,29,460,d85aae54aeba7cf9de9a453c743dbaac3af05ae43385c8592b54f6d40694fc4f,35,"[""Equal Baseline Exp 1"",""92291462"",""0""]",Equal,28,2.016340381492158
recurrent,continued,29,460,d85aae54aeba7cf9de9a453c743dbaac3af05ae43385c8592b54f6d40694fc4f,36,"[""Equal Baseline Exp 1"",""92992435"",""0""]",Equal,52,2.3289619697367603
recurrent,continued,29,460,d85aae54aeba7cf9de9a453c743dbaac3af05ae43385c8592b54f6d40694fc4f,38,"[""Equal Baseline Exp 1"",""94815040"",""0""]",Equal,16,2.469969205016713
recurrent,continued,29,460,d85aae54aeba7cf9de9a453c743dbaac3af05ae43385c8592b54f6d40694fc4f,44,"[""Mixed Baseline Exp 1"",""18823620"",""0""]",Mixed,160,2.722693301482471
recurrent,continued,29,460,d85aae54aeba7cf9de9a453c743dbaac3af05ae43385c8592b54f6d40694fc4f,47,"[""Mixed Baseline Exp 1"",""26185795"",""0""]",Mixed,160,2.34026369397638
recurrent,continued,29,460,d85aae54aeba7cf9de9a453c743dbaac3af05ae43385c8592b54f6d40694fc4f,52,"[""Mixed Baseline Exp 1"",""37465807"",""0""]",Mixed,160,2.806831877263252
recurrent,continued,29,460,d85aae54aeba7cf9de9a453c743dbaac3af05ae43385c8592b54f6d40694fc4f,57,"[""Mixed Baseline Exp 1"",""47841996"",""0""]",Mixed,38,1.886941820599679
recurrent,continued,29,460,d85aae54aeba7cf9de9a453c743dbaac3af05ae43385c8592b54f6d40694fc4f,60,"[""Mixed Baseline Exp 1"",""50116627"",""0""]",Mixed,144,3.0638820280098775
recurrent,continued,29,460,d85aae54aeba7cf9de9a453c743dbaac3af05ae43385c8592b54f6d40694fc4f,64,"[""Mixed Baseline Exp 1"",""64291720"",""0""]",Mixed,160,2.137326287592536
recurrent,continued,29,460,d85aae54aeba7cf9de9a453c743dbaac3af05ae43385c8592b54f6d40694fc4f,73,"[""Mixed Baseline Exp 1"",""85460730"",""0""]",Mixed,138,2.543839522843921
recurrent,continued,29,460,d85aae54aeba7cf9de9a453c743dbaac3af05ae43385c8592b54f6d40694fc4f,78,"[""Mixed Baseline Exp 1"",""95675568"",""0""]",Mixed,47,2.2261937956418816
recurrent,continued,29,460,d85aae54aeba7cf9de9a453c743dbaac3af05ae43385c8592b54f6d40694fc4f,80,"[""Proportional Baseline Exp 1"",""11095201"",""0""]",Proportional,57,2.8736016669057003
recurrent,continued,29,460,d85aae54aeba7cf9de9a453c743dbaac3af05ae43385c8592b54f6d40694fc4f,82,"[""Proportional Baseline Exp 1"",""14606420"",""0""]",Proportional,26,2.538298509176751
recurrent,continued,29,460,d85aae54aeba7cf9de9a453c743dbaac3af05ae43385c8592b54f6d40694fc4f,89,"[""Proportional Baseline Exp 1"",""36303454"",""0""]",Proportional,104,3.2309590686430414
recurrent,continued,29,460,d85aae54aeba7cf9de9a453c743dbaac3af05ae43385c8592b54f6d40694fc4f,97,"[""Proportional Baseline Exp 1"",""45673270"",""0""]",Proportional,89,2.754752198034925
recurrent,continued,29,460,d85aae54aeba7cf9de9a453c743dbaac3af05ae43385c8592b54f6d40694fc4f,104,"[""Proportional Baseline Exp 1"",""63752993"",""0""]",Proportional,88,3.06460981163747
recurrent,continued,29,460,d85aae54aeba7cf9de9a453c743dbaac3af05ae43385c8592b54f6d40694fc4f,107,"[""Proportional Baseline Exp 1"",""69384851"",""0""]",Proportional,83,3.1005655575454827
recurrent,continued,29,460,d85aae54aeba7cf9de9a453c743dbaac3af05ae43385c8592b54f6d40694fc4f,111,"[""Proportional Baseline Exp 1"",""76356479"",""0""]",Proportional,88,2.3772657857283193
recurrent,continued,29,460,d85aae54aeba7cf9de9a453c743dbaac3af05ae43385c8592b54f6d40694fc4f,117,"[""Proportional Baseline Exp 1"",""85019022"",""0""]",Proportional,52,3.9436278116047236
recurrent,continued,29,460,d85aae54aeba7cf9de9a453c743dbaac3af05ae43385c8592b54f6d40694fc4f,122,"[""RL Agent (M1) Exp 1"",""20532812"",""0""]",M1,136,2.8748204937532407
recurrent,continued,29,460,d85aae54aeba7cf9de9a453c743dbaac3af05ae43385c8592b54f6d40694fc4f,124,"[""RL Agent (M1) Exp 1"",""22263006"",""0""]",M1,22,2.6231595419459888
recurrent,continued,29,460,d85aae54aeba7cf9de9a453c743dbaac3af05ae43385c8592b54f6d40694fc4f,129,"[""RL Agent (M1) Exp 1"",""39583963"",""0""]",M1,92,2.9922073079414404
recurrent,continued,29,460,d85aae54aeba7cf9de9a453c743dbaac3af05ae43385c8592b54f6d40694fc4f,130,"[""RL Agent (M1) Exp 1"",""47817874"",""0""]",M1,46,3.4686438497495637
recurrent,continued,29,460,d85aae54aeba7cf9de9a453c743dbaac3af05ae43385c8592b54f6d40694fc4f,132,"[""RL Agent (M1) Exp 1"",""49408957"",""0""]",M1,27,2.783710491481264
recurrent,continued,29,460,d85aae54aeba7cf9de9a453c743dbaac3af05ae43385c8592b54f6d40694fc4f,138,"[""RL Agent (M1) Exp 1"",""57404481"",""0""]",M1,95,2.7499030422604007
recurrent,continued,29,460,d85aae54aeba7cf9de9a453c743dbaac3af05ae43385c8592b54f6d40694fc4f,140,"[""RL Agent (M1) Exp 1"",""63504480"",""0""]",M1,150,2.721189886861941
recurrent,continued,29,460,d85aae54aeba7cf9de9a453c743dbaac3af05ae43385c8592b54f6d40694fc4f,159,"[""RL Agent (M1) Exp 1"",""96535892"",""0""]",M1,25,3.7294093770770633
recurrent,continued,43,470,3bcb6bb2871153c8c95f34d6759c69fb18b7702b90f72633e8e8172973e52241,11,"[""Equal Baseline Exp 1"",""30843571"",""0""]",Equal,20,2.283433137413973
recurrent,continued,43,470,3bcb6bb2871153c8c95f34d6759c69fb18b7702b90f72633e8e8172973e52241,13,"[""Equal Baseline Exp 1"",""35368456"",""0""]",Equal,40,1.3882305199695846
recurrent,continued,43,470,3bcb6bb2871153c8c95f34d6759c69fb18b7702b90f72633e8e8172973e52241,20,"[""Equal Baseline Exp 1"",""40800498"",""0""]",Equal,28,1.9474706925905318
recurrent,continued,43,470,3bcb6bb2871153c8c95f34d6759c69fb18b7702b90f72633e8e8172973e52241,25,"[""Equal Baseline Exp 1"",""46096247"",""0""]",Equal,48,1.7539953382758293
recurrent,continued,43,470,3bcb6bb2871153c8c95f34d6759c69fb18b7702b90f72633e8e8172973e52241,31,"[""Equal Baseline Exp 1"",""75670883"",""0""]",Equal,20,2.113327266870809
recurrent,continued,43,470,3bcb6bb2871153c8c95f34d6759c69fb18b7702b90f72633e8e8172973e52241,35,"[""Equal Baseline Exp 1"",""92291462"",""0""]",Equal,28,2.0107481611154427
recurrent,continued,43,470,3bcb6bb2871153c8c95f34d6759c69fb18b7702b90f72633e8e8172973e52241,36,"[""Equal Baseline Exp 1"",""92992435"",""0""]",Equal,52,2.3252105545990287
recurrent,continued,43,470,3bcb6bb2871153c8c95f34d6759c69fb18b7702b90f72633e8e8172973e52241,38,"[""Equal Baseline Exp 1"",""94815040"",""0""]",Equal,16,2.471852804987338
recurrent,continued,43,470,3bcb6bb2871153c8c95f34d6759c69fb18b7702b90f72633e8e8172973e52241,44,"[""Mixed Baseline Exp 1"",""18823620"",""0""]",Mixed,160,2.7152119088254856
recurrent,continued,43,470,3bcb6bb2871153c8c95f34d6759c69fb18b7702b90f72633e8e8172973e52241,47,"[""Mixed Baseline Exp 1"",""26185795"",""0""]",Mixed,160,2.378664864802269
recurrent,continued,43,470,3bcb6bb2871153c8c95f34d6759c69fb18b7702b90f72633e8e8172973e52241,52,"[""Mixed Baseline Exp 1"",""37465807"",""0""]",Mixed,160,2.8242287416539016
recurrent,continued,43,470,3bcb6bb2871153c8c95f34d6759c69fb18b7702b90f72633e8e8172973e52241,57,"[""Mixed Baseline Exp 1"",""47841996"",""0""]",Mixed,38,1.8876985980678196
recurrent,continued,43,470,3bcb6bb2871153c8c95f34d6759c69fb18b7702b90f72633e8e8172973e52241,60,"[""Mixed Baseline Exp 1"",""50116627"",""0""]",Mixed,144,3.022528579951263
recurrent,continued,43,470,3bcb6bb2871153c8c95f34d6759c69fb18b7702b90f72633e8e8172973e52241,64,"[""Mixed Baseline Exp 1"",""64291720"",""0""]",Mixed,160,2.169428267321932
recurrent,continued,43,470,3bcb6bb2871153c8c95f34d6759c69fb18b7702b90f72633e8e8172973e52241,73,"[""Mixed Baseline Exp 1"",""85460730"",""0""]",Mixed,138,2.566925365747449
recurrent,continued,43,470,3bcb6bb2871153c8c95f34d6759c69fb18b7702b90f72633e8e8172973e52241,78,"[""Mixed Baseline Exp 1"",""95675568"",""0""]",Mixed,47,2.200443779500858
recurrent,continued,43,470,3bcb6bb2871153c8c95f34d6759c69fb18b7702b90f72633e8e8172973e52241,80,"[""Proportional Baseline Exp 1"",""11095201"",""0""]",Proportional,57,2.884944899602796
recurrent,continued,43,470,3bcb6bb2871153c8c95f34d6759c69fb18b7702b90f72633e8e8172973e52241,82,"[""Proportional Baseline Exp 1"",""14606420"",""0""]",Proportional,26,2.545566247717902
recurrent,continued,43,470,3bcb6bb2871153c8c95f34d6759c69fb18b7702b90f72633e8e8172973e52241,89,"[""Proportional Baseline Exp 1"",""36303454"",""0""]",Proportional,104,3.2278585265724966
recurrent,continued,43,470,3bcb6bb2871153c8c95f34d6759c69fb18b7702b90f72633e8e8172973e52241,97,"[""Proportional Baseline Exp 1"",""45673270"",""0""]",Proportional,89,2.8081210480860936
recurrent,continued,43,470,3bcb6bb2871153c8c95f34d6759c69fb18b7702b90f72633e8e8172973e52241,104,"[""Proportional Baseline Exp 1"",""63752993"",""0""]",Proportional,88,3.1025305868896242
recurrent,continued,43,470,3bcb6bb2871153c8c95f34d6759c69fb18b7702b90f72633e8e8172973e52241,107,"[""Proportional Baseline Exp 1"",""69384851"",""0""]",Proportional,83,3.094398882073601
recurrent,continued,43,470,3bcb6bb2871153c8c95f34d6759c69fb18b7702b90f72633e8e8172973e52241,111,"[""Proportional Baseline Exp 1"",""76356479"",""0""]",Proportional,88,2.3419899515648828
recurrent,continued,43,470,3bcb6bb2871153c8c95f34d6759c69fb18b7702b90f72633e8e8172973e52241,117,"[""Proportional Baseline Exp 1"",""85019022"",""0""]",Proportional,52,4.042163572448086
recurrent,continued,43,470,3bcb6bb2871153c8c95f34d6759c69fb18b7702b90f72633e8e8172973e52241,122,"[""RL Agent (M1) Exp 1"",""20532812"",""0""]",M1,136,2.807667425191311
recurrent,continued,43,470,3bcb6bb2871153c8c95f34d6759c69fb18b7702b90f72633e8e8172973e52241,124,"[""RL Agent (M1) Exp 1"",""22263006"",""0""]",M1,22,2.6354275630647654
recurrent,continued,43,470,3bcb6bb2871153c8c95f34d6759c69fb18b7702b90f72633e8e8172973e52241,129,"[""RL Agent (M1) Exp 1"",""39583963"",""0""]",M1,92,2.82257026459156
recurrent,continued,43,470,3bcb6bb2871153c8c95f34d6759c69fb18b7702b90f72633e8e8172973e52241,130,"[""RL Agent (M1) Exp 1"",""47817874"",""0""]",M1,46,3.4760959544380383
recurrent,continued,43,470,3bcb6bb2871153c8c95f34d6759c69fb18b7702b90f72633e8e8172973e52241,132,"[""RL Agent (M1) Exp 1"",""49408957"",""0""]",M1,27,2.7263683684443984
recurrent,continued,43,470,3bcb6bb2871153c8c95f34d6759c69fb18b7702b90f72633e8e8172973e52241,138,"[""RL Agent (M1) Exp 1"",""57404481"",""0""]",M1,95,2.976091528293271
recurrent,continued,43,470,3bcb6bb2871153c8c95f34d6759c69fb18b7702b90f72633e8e8172973e52241,140,"[""RL Agent (M1) Exp 1"",""63504480"",""0""]",M1,150,2.7331651552717284
recurrent,continued,43,470,3bcb6bb2871153c8c95f34d6759c69fb18b7702b90f72633e8e8172973e52241,159,"[""RL Agent (M1) Exp 1"",""96535892"",""0""]",M1,25,3.6791763219924296
