cell_id,family,budget,seed,checkpoint_sha256,group_index,mechanism,origin,horizon,bank,convention,eligible_at_origin,branches,energy,pool_crps,surplus_crps,trajectory_pool_crps,observed_pool_scaled,observed_surplus_scaled,pool_coverage80,pool_lower80,pool_upper80,pool_mean,surplus_coverage80,surplus_lower80,surplus_upper80,surplus_mean,group_key,nll,nonforced_choices
task05-H0-17-g104-k5-main-recorded,H0,conditional,17,7d6fc5c3d04529b68cb0425df74ed5b246e7aaad2fc64e4dd871c41437a87349,104,Proportional,5,10,main,recorded,1,64,0.18698042072380663,0.18043749999999995,0.010869674332179734,0.11382924079062447,1.0,0.14079737854003907,1.0,0.03010000000000005,1.0,0.6012187499999999,1.0,0.08588045242309568,0.1775904524230957,0.1319879524230957,"[""Proportional Baseline Exp 1"",""63752993"",""0""]",3.442491387197072,20
task05-H0-17-g107-k5-main-recorded,H0,conditional,17,7d6fc5c3d04529b68cb0425df74ed5b246e7aaad2fc64e4dd871c41437a87349,107,Proportional,5,10,main,recorded,1,64,0.13326879492398153,0.13345937986979414,0.00705752979842207,0.0710046086639166,0.5740049362182618,0.10740003997087479,1.0,0.0,1.0,0.434625,1.0,0.07134054779052733,0.13949054779052733,0.10312867279052731,"[""Proportional Baseline Exp 1"",""69384851"",""0""]",2.492879612680471,38
task05-H0-17-g111-k5-main-recorded,H0,conditional,17,7d6fc5c3d04529b68cb0425df74ed5b246e7aaad2fc64e4dd871c41437a87349,111,Proportional,5,10,main,recorded,1,64,0.06875455958884796,0.06976151503125827,0.006048668631450049,0.05001680795539702,0.07000502109527589,0.04849999743700027,1.0,0.0,0.8435,0.223765625,1.0,0.03606049896240234,0.09956049896240234,0.06198487396240233,"[""Proportional Baseline Exp 1"",""76356479"",""0""]",1.5859841580207514,23
task05-H0-17-g117-k5-main-recorded,H0,conditional,17,7d6fc5c3d04529b68cb0425df74ed5b246e7aaad2fc64e4dd871c41437a87349,117,Proportional,5,10,main,recorded,1,64,0.18023046429555328,0.1733437500000001,0.014670569213988283,0.0958307015161666,1.0,0.16349546813964844,1.0,0.0,1.0,0.59203125,1.0,0.10604,0.2303403524780273,0.17379704022407533,"[""Proportional Baseline Exp 1"",""85019022"",""0""]",4.2673109909814615,10
task05-H0-17-g13-k5-main-recorded,H0,conditional,17,7d6fc5c3d04529b68cb0425df74ed5b246e7aaad2fc64e4dd871c41437a87349,13,Equal,5,10,main,recorded,1,64,0.0022288005831542844,4.9999998882412894e-05,0.0022277294653866974,0.0077781359719714,4.999999888241291e-05,0.008017599403858185,0.0,0.0,0.0,0.0,0.0,0.00460040225982666,0.006140402259826661,0.005522277259826659,"[""Equal Baseline Exp 1"",""35368456"",""0""]",0.6175543483353435,20
task05-H0-17-g20-k5-main-recorded,H0,conditional,17,7d6fc5c3d04529b68cb0425df74ed5b246e7aaad2fc64e4dd871c41437a87349,20,Equal,5,10,main,recorded,1,64,0.0001625904591336082,4.9999998882412894e-05,0.00015519054491398127,0.0006551752464722891,4.999999888241291e-05,0.005930800035595894,0.0,0.0,0.0,0.0,1.0,0.005160404453277589,0.006840404453277588,0.005919154453277588,"[""Equal Baseline Exp 1"",""40800498"",""0""]",0.7655460168984173,8
task05-H0-17-g25-k5-main-recorded,H0,conditional,17,7d6fc5c3d04529b68cb0425df74ed5b246e7aaad2fc64e4dd871c41437a87349,25,Equal,5,10,main,recorded,1,64,0.0016246556933438802,0.00019878472134910678,0.001352396948543925,0.006038193860965031,4.999999888241291e-05,0.015108798652887345,1.0,0.0,0.009800000000000038,0.0022968749999999994,1.0,0.010760404739379881,0.017800404739379883,0.013892592239379883,"[""Equal Baseline Exp 1"",""46096247"",""0""]",0.9870539261705865,28
task05-H0-17-g35-k5-main-recorded,H0,conditional,17,7d6fc5c3d04529b68cb0425df74ed5b246e7aaad2fc64e4dd871c41437a87349,35,Equal,5,10,main,recorded,1,64,0.00036896635289158995,5.381944339670659e-05,0.0003786605631193472,0.0014312608757036892,4.999999888241291e-05,0.005930799975991249,0.0,0.0,0.0,0.0005468749999999999,1.0,0.0055004025459289545,0.010150402545928952,0.007117590045928954,"[""Equal Baseline Exp 1"",""92291462"",""0""]",0.8125500783023258,8
task05-H0-17-g36-k5-main-recorded,H0,conditional,17,7d6fc5c3d04529b68cb0425df74ed5b246e7aaad2fc64e4dd871c41437a87349,36,Equal,5,10,main,recorded,1,64,0.006785858580260321,0.002216319443955502,0.004169999214433253,0.017739333519660998,4.999999888241291e-05,0.05590439735352993,1.0,0.0,0.04690000000000002,0.016734375,1.0,0.03936040473937988,0.06697040473937986,0.05178946723937988,"[""Equal Baseline Exp 1"",""92992435"",""0""]",1.7561046680779742,32
task05-H0-17-g44-k5-main-recorded,H0,conditional,17,7d6fc5c3d04529b68cb0425df74ed5b246e7aaad2fc64e4dd871c41437a87349,44,Mixed,5,10,main,recorded,1,64,0.11426986076279011,0.10494328287669585,0.03857399883319932,0.1950704682571547,0.2660055923461914,0.17819943594932555,1.0,0.182,0.8974000000000001,0.47340625,0.0,0.19619944686889648,0.2599098340606689,0.23085126864910122,"[""Mixed Baseline Exp 1"",""18823620"",""0""]",3.0470084979003005,40
task05-H0-17-g47-k5-main-recorded,H0,conditional,17,7d6fc5c3d04529b68cb0425df74ed5b246e7aaad2fc64e4dd871c41437a87349,47,Mixed,5,10,main,recorded,1,64,0.12650855946209383,0.1276005425585641,0.008784627150022796,0.07628869417640899,0.30100461959838865,0.1173999879360199,1.0,0.0,0.3409,0.13409375,1.0,0.0754504508972168,0.1518904508972168,0.10915357589721678,"[""Mixed Baseline Exp 1"",""26185795"",""0""]",2.508163632062945,40
task05-H0-17-g52-k5-main-recorded,H0,conditional,17,7d6fc5c3d04529b68cb0425df74ed5b246e7aaad2fc64e4dd871c41437a87349,52,Mixed,5,10,main,recorded,1,64,0.24382338233228115,0.24307405021455547,0.0219319963021884,0.1605605538394716,0.5460056686401367,0.18119998455047606,0.0,0.009100000000000004,0.497,0.220484375,1.0,0.1020905584716797,0.19864055847167966,0.14777399597167967,"[""Mixed Baseline Exp 1"",""37465807"",""0""]",2.9555862208654142,40
task05-H0-17-g57-k5-main-recorded,H0,conditional,17,7d6fc5c3d04529b68cb0425df74ed5b246e7aaad2fc64e4dd871c41437a87349,57,Mixed,5,10,main,recorded,1,64,0.0012357580759200038,0.00044947916593325067,0.0010362445340233125,0.00451653916617312,4.999999888241291e-05,0.0125175496712327,1.0,0.0,0.013999999999999999,0.006453125,1.0,0.010900454330444335,0.023930454330444335,0.015077016830444333,"[""Mixed Baseline Exp 1"",""47841996"",""0""]",1.071724135254986,18
task05-H0-17-g60-k5-main-recorded,H0,conditional,17,7d6fc5c3d04529b68cb0425df74ed5b246e7aaad2fc64e4dd871c41437a87349,60,Mixed,5,10,main,recorded,1,64,0.5809175007504072,0.5820520833333334,0.028616099356658885,0.3547131699065368,1.0,0.22289892768859862,0.0,0.0903,0.5824000000000001,0.30657812500000003,1.0,0.1477404943847656,0.2260804943847656,0.1805192366212606,"[""Mixed Baseline Exp 1"",""50116627"",""0""]",2.797099844228283,40
task05-H0-17-g64-k5-main-recorded,H0,conditional,17,7d6fc5c3d04529b68cb0425df74ed5b246e7aaad2fc64e4dd871c41437a87349,64,Mixed,5,10,main,recorded,1,64,0.14594465140370838,0.1470839032597012,0.006634114477038387,0.07449072004987134,0.23100461959838867,0.05709999346733093,0.0,0.0,0.1988,0.060156249999999994,1.0,0.035180456619262696,0.06363045661926268,0.04804108161926268,"[""Mixed Baseline Exp 1"",""64291720"",""0""]",1.9457158084161066,40
task05-H0-17-g73-k5-main-recorded,H0,conditional,17,7d6fc5c3d04529b68cb0425df74ed5b246e7aaad2fc64e4dd871c41437a87349,73,Mixed,5,10,main,recorded,1,64,0.18810310444377246,0.1876867561188955,0.019454195943522105,0.1421457984426665,0.6930049133300781,0.23549997711181642,1.0,0.1092,0.7987000000000001,0.40771874999999996,1.0,0.1634204989624023,0.23884049896240234,0.20022235828638074,"[""Mixed Baseline Exp 1"",""85460730"",""0""]",3.315666050160887,40
task05-H0-17-g78-k5-main-recorded,H0,conditional,17,7d6fc5c3d04529b68cb0425df74ed5b246e7aaad2fc64e4dd871c41437a87349,78,Mixed,5,10,main,recorded,1,64,0.007184207071562601,0.0052897569444095155,0.0027196906543891152,0.01265345689851739,4.999999888241291e-05,0.03320884764939547,1.0,0.0,0.08399999999999999,0.024718749999999998,1.0,0.02390055198669433,0.048120551986694335,0.03657242698669433,"[""Mixed Baseline Exp 1"",""95675568"",""0""]",1.3666837122346935,27
task05-H0-17-g80-k5-main-recorded,H0,conditional,17,7d6fc5c3d04529b68cb0425df74ed5b246e7aaad2fc64e4dd871c41437a87349,80,Proportional,5,10,main,recorded,1,64,0.151678938628385,0.1532774407598707,0.0028555603682640044,0.058576848168257215,0.2450050163269043,0.018699999153614043,1.0,0.0,0.37099999999999994,0.08946875,1.0,0.008260502586364744,0.03027050258636474,0.01708800258636474,"[""Proportional Baseline Exp 1"",""11095201"",""0""]",2.0785716504912832,14
task05-H0-17-g82-k5-main-recorded,H0,conditional,17,7d6fc5c3d04529b68cb0425df74ed5b246e7aaad2fc64e4dd871c41437a87349,82,Proportional,5,10,main,recorded,1,64,0.0006162531002706917,0.00031059027704436,0.0003939808138217482,0.0016469306109524844,4.999999888241291e-05,0.0045243997871875765,1.0,0.0,0.006999999999999999,0.0063437499999999996,1.0,0.0039,0.00892,0.005849999999999999,"[""Proportional Baseline Exp 1"",""14606420"",""0""]",1.0993711344615822,6
task05-H0-17-g89-k5-main-recorded,H0,conditional,17,7d6fc5c3d04529b68cb0425df74ed5b246e7aaad2fc64e4dd871c41437a87349,89,Proportional,5,10,main,recorded,1,64,0.12492399364999962,0.11996906280517577,0.03429706689285501,0.07581969893691795,0.8470050048828125,0.24539647912979126,1.0,0.07770000000000007,1.0,0.665,0.0,0.13860968402981758,0.23101999999999998,0.1895872460953891,"[""Proportional Baseline Exp 1"",""36303454"",""0""]",2.6966233409354157,31
task05-H0-17-g97-k5-main-recorded,H0,conditional,17,7d6fc5c3d04529b68cb0425df74ed5b246e7aaad2fc64e4dd871c41437a87349,97,Proportional,5,10,main,recorded,1,64,0.15582418538136372,0.15458311447264658,0.011267567061964013,0.16709764349839046,0.3850050354003906,0.1781989876627922,1.0,0.06860000000000008,1.0,0.6113593749999999,1.0,0.11093055084228513,0.21137055084228512,0.16162711334228513,"[""Proportional Baseline Exp 1"",""45673270"",""0""]",2.7018977595795697,32
task05-H0-29-g104-k5-main-recorded,H0,conditional,29,9c6cade561becf4363b269f5db19158a0a5c4dc9895ce7f7edae5e1253718aa4,104,Proportional,5,10,main,recorded,1,64,0.12885386269407637,0.12182589285714293,0.010935928435931136,0.10525567364352091,1.0,0.14079737854003907,1.0,0.024500000000000022,1.0,0.6733281249999999,1.0,0.08469045242309571,0.1875204524230957,0.13223482742309567,"[""Proportional Baseline Exp 1"",""63752993"",""0""]",3.4271851846566683,20
task05-H0-29-g107-k5-main-recorded,H0,conditional,29,9c6cade561becf4363b269f5db19158a0a5c4dc9895ce7f7edae5e1253718aa4,107,Proportional,5,10,main,recorded,1,64,0.13778358159623974,0.13836215764757184,0.007714605187944009,0.06839269314654291,0.5740049362182618,0.10740003997087479,1.0,0.0,0.9827999999999999,0.4328125,1.0,0.07026054779052734,0.12958054779052733,0.09958804779052732,"[""Proportional Baseline Exp 1"",""69384851"",""0""]",2.499129527151932,38
task05-H0-29-g111-k5-main-recorded,H0,conditional,29,9c6cade561becf4363b269f5db19158a0a5c4dc9895ce7f7edae5e1253718aa4,111,Proportional,5,10,main,recorded,1,64,0.08053095457374995,0.07955375364186276,0.009062124179268162,0.06550482659170788,0.07000502109527589,0.04849999743700027,1.0,0.0,0.9093000000000003,0.27335937499999996,1.0,0.03633049896240235,0.09434049896240235,0.06610362396240234,"[""Proportional Baseline Exp 1"",""76356479"",""0""]",1.6074047443132966,23
task05-H0-29-g117-k5-main-recorded,H0,conditional,29,9c6cade561becf4363b269f5db19158a0a5c4dc9895ce7f7edae5e1253718aa4,117,Proportional,5,10,main,recorded,1,64,0.18992577694832147,0.18599305555555556,0.010170868081895122,0.09497812215108721,1.0,0.16349546813964844,1.0,0.0,1.0,0.582078125,1.0,0.10705035247802734,0.2194801510620117,0.1691767277240753,"[""Proportional Baseline Exp 1"",""85019022"",""0""]",4.273415473070187,10
task05-H0-29-g13-k5-main-recorded,H0,conditional,29,9c6cade561becf4363b269f5db19158a0a5c4dc9895ce7f7edae5e1253718aa4,13,Equal,5,10,main,recorded,1,64,0.00232455517090236,4.9999998882412894e-05,0.0023240588304660626,0.008100010974206576,4.999999888241291e-05,0.008017599403858185,0.0,0.0,0.0,0.0,0.0,0.00460040225982666,0.00614040225982666,0.005412902259826659,"[""Equal Baseline Exp 1"",""35368456"",""0""]",0.6194473321548504,20
task05-H0-29-g20-k5-main-recorded,H0,conditional,29,9c6cade561becf4363b269f5db19158a0a5c4dc9895ce7f7edae5e1253718aa4,20,Equal,5,10,main,recorded,1,64,0.00013151382823660808,4.843749891733748e-05,0.00012408195280780402,0.000562094419292407,4.999999888241291e-05,0.005930800035595894,0.0,0.0,0.0,0.00032812499999999997,1.0,0.005300404453277588,0.006580404453277588,0.005942591953277588,"[""Equal Baseline Exp 1"",""40800498"",""0""]",0.7757887068758546,8
task05-H0-29-g25-k5-main-recorded,H0,conditional,29,9c6cade561becf4363b269f5db19158a0a5c4dc9895ce7f7edae5e1253718aa4,25,Equal,5,10,main,recorded,1,64,0.002348795724338963,8.54166656887778e-05,0.0021917339682431224,0.00885570008524228,4.999999888241291e-05,0.015108798652887345,0.0,0.0,0.0,0.000984375,0.0,0.009960404739379883,0.014640404739379881,0.012217592239379883,"[""Equal Baseline Exp 1"",""46096247"",""0""]",0.9885230401560234,28
task05-H0-29-g35-k5-main-recorded,H0,conditional,29,9c6cade561becf4363b269f5db19158a0a5c4dc9895ce7f7edae5e1253718aa4,35,Equal,5,10,main,recorded,1,64,0.0002888739901247073,4.843749891733759e-05,0.0002941863567701409,0.0011403832405993144,4.999999888241291e-05,0.005930799975991249,0.0,0.0,0.0,0.0007656249999999999,1.0,0.005300402545928956,0.009880402545928956,0.006833215045928955,"[""Equal Baseline Exp 1"",""92291462"",""0""]",0.8013184208661281,8
task05-H0-29-g36-k5-main-recorded,H0,conditional,29,9c6cade561becf4363b269f5db19158a0a5c4dc9895ce7f7edae5e1253718aa4,36,Equal,5,10,main,recorded,1,64,0.00809783123496587,0.003128298610726936,0.004366107648993946,0.018587249751524846,4.999999888241291e-05,0.05590439735352993,1.0,0.0,0.056700000000000056,0.023953125,1.0,0.03846040473937987,0.07641040473937988,0.05297071723937988,"[""Equal Baseline Exp 1"",""92992435"",""0""]",1.7451422305726845,32
task05-H0-29-g44-k5-main-recorded,H0,conditional,29,9c6cade561becf4363b269f5db19158a0a5c4dc9895ce7f7edae5e1253718aa4,44,Mixed,5,10,main,recorded,1,64,0.1437483327136924,0.1356274854152921,0.04049749894899033,0.21562450947875064,0.2660055923461914,0.17819943594932555,1.0,0.1561,0.9408,0.51478125,0.0,0.20172944686889643,0.2590496128082275,0.2312074581503868,"[""Mixed Baseline Exp 1"",""18823620"",""0""]",3.0778910125194203,40
task05-H0-29-g47-k5-main-recorded,H0,conditional,29,9c6cade561becf4363b269f5db19158a0a5c4dc9895ce7f7edae5e1253718aa4,47,Mixed,5,10,main,recorded,1,64,0.09577944461154392,0.09621107621987658,0.006900318287147414,0.06003905391825569,0.30100461959838865,0.1173999879360199,1.0,0.006999999999999999,0.45150000000000007,0.184296875,1.0,0.08442045089721678,0.15070045089721676,0.11713013839721678,"[""Mixed Baseline Exp 1"",""26185795"",""0""]",2.5106468151280463,40
task05-H0-29-g52-k5-main-recorded,H0,conditional,29,9c6cade561becf4363b269f5db19158a0a5c4dc9895ce7f7edae5e1253718aa4,52,Mixed,5,10,main,recorded,1,64,0.2202340338001305,0.21955339402622648,0.02288254613904727,0.15410588128301833,0.5460056686401367,0.18119998455047606,0.0,0.0021000000000000046,0.5117,0.23471874999999998,1.0,0.10883055847167968,0.19744055847167963,0.14805680847167965,"[""Mixed Baseline Exp 1"",""37465807"",""0""]",2.952062175917854,40
task05-H0-29-g57-k5-main-recorded,H0,conditional,29,9c6cade561becf4363b269f5db19158a0a5c4dc9895ce7f7edae5e1253718aa4,57,Mixed,5,10,main,recorded,1,64,0.0008848620455200835,0.0002685763880856235,0.0007941274576946083,0.003723673106645259,4.999999888241291e-05,0.0125175496712327,1.0,0.0,0.013999999999999999,0.003609375,1.0,0.010500454330444334,0.020100454330444335,0.014548891830444333,"[""Mixed Baseline Exp 1"",""47841996"",""0""]",1.0679462703497764,18
task05-H0-29-g60-k5-main-recorded,H0,conditional,29,9c6cade561becf4363b269f5db19158a0a5c4dc9895ce7f7edae5e1253718aa4,60,Mixed,5,10,main,recorded,1,64,0.6124991147739554,0.6144270833333334,0.028544906971000504,0.36679956651926043,1.0,0.22289892768859862,0.0,0.023100000000000002,0.5488,0.259,1.0,0.1313404943847656,0.22443049438476562,0.1774364318847656,"[""Mixed Baseline Exp 1"",""50116627"",""0""]",2.80312585797803,40
task05-H0-29-g64-k5-main-recorded,H0,conditional,29,9c6cade561becf4363b269f5db19158a0a5c4dc9895ce7f7edae5e1253718aa4,64,Mixed,5,10,main,recorded,1,64,0.14619055651340152,0.14767070881525673,0.004884385257226136,0.0669930385529995,0.23100461959838867,0.05709999346733093,0.0,0.0,0.18480000000000002,0.052171875,1.0,0.03506045661926269,0.07431045661926268,0.05253014411926269,"[""Mixed Baseline Exp 1"",""64291720"",""0""]",1.958836961882858,40
task05-H0-29-g73-k5-main-recorded,H0,conditional,29,9c6cade561becf4363b269f5db19158a0a5c4dc9895ce7f7edae5e1253718aa4,73,Mixed,5,10,main,recorded,1,64,0.17748409410815935,0.17696739195263572,0.014411272822296827,0.1255471486873097,0.6930049133300781,0.23549997711181642,1.0,0.046200000000000005,0.7938,0.4061875,1.0,0.15535049896240233,0.24436034847259516,0.20664420977234838,"[""Mixed Baseline Exp 1"",""85460730"",""0""]",3.3040821250153116,40
task05-H0-29-g78-k5-main-recorded,H0,conditional,29,9c6cade561becf4363b269f5db19158a0a5c4dc9895ce7f7edae5e1253718aa4,78,Mixed,5,10,main,recorded,1,64,0.005808338916578011,0.004214583333193633,0.001893589966889795,0.011056296825899172,4.999999888241291e-05,0.03320884764939547,1.0,0.0,0.06860000000000008,0.028546875,1.0,0.023560551986694336,0.047500551986694325,0.03533023948669433,"[""Mixed Baseline Exp 1"",""95675568"",""0""]",1.373717851390509,27
task05-H0-29-g80-k5-main-recorded,H0,conditional,29,9c6cade561becf4363b269f5db19158a0a5c4dc9895ce7f7edae5e1253718aa4,80,Proportional,5,10,main,recorded,1,64,0.17519237790558684,0.17785477021005414,0.0033960571037221048,0.06504614931436048,0.2450050163269043,0.018699999153614043,0.0,0.0,0.18340000000000012,0.059390625,1.0,0.008200502586364745,0.031230502586364735,0.017336440086364743,"[""Proportional Baseline Exp 1"",""11095201"",""0""]",2.14928527260336,14
task05-H0-29-g82-k5-main-recorded,H0,conditional,29,9c6cade561becf4363b269f5db19158a0a5c4dc9895ce7f7edae5e1253718aa4,82,Proportional,5,10,main,recorded,1,64,0.0005876675836130967,0.00024809027704436127,0.00043169193823363553,0.001641588579314217,4.999999888241291e-05,0.0045243997871875765,1.0,0.0,0.006999999999999999,0.0029531249999999996,1.0,0.0039,0.00717,0.0054515625,"[""Proportional Baseline Exp 1"",""14606420"",""0""]",1.0977140409811152,6
task05-H0-29-g89-k5-main-recorded,H0,conditional,29,9c6cade561becf4363b269f5db19158a0a5c4dc9895ce7f7edae5e1253718aa4,89,Proportional,5,10,main,recorded,1,64,0.09621129191186956,0.09057858306642566,0.03449184671896438,0.05519632989146288,0.8470050048828125,0.24539647912979126,1.0,0.23170000000000002,1.0,0.7518125,0.0,0.1477898645842075,0.24179986458420752,0.19367314833085983,"[""Proportional Baseline Exp 1"",""36303454"",""0""]",2.6957470464303857,31
task05-H0-29-g97-k5-main-recorded,H0,conditional,29,9c6cade561becf4363b269f5db19158a0a5c4dc9895ce7f7edae5e1253718aa4,97,Proportional,5,10,main,recorded,1,64,0.13780692250567292,0.13610935622926743,0.015116132338977777,0.17539718391970985,0.3850050354003906,0.1781989876627922,1.0,0.035,1.0,0.55334375,1.0,0.10229055084228515,0.1917605508422851,0.1510271133422851,"[""Proportional Baseline Exp 1"",""45673270"",""0""]",2.687162627259503,32
task05-H0-43-g104-k5-main-recorded,H0,conditional,43,4606995065f47f7e6aded0b67ffbe1074066ada14798652153d70e8ee4df7b19,104,Proportional,5,10,main,recorded,1,64,0.15909465885503918,0.15387152777777782,0.008566341476970257,0.10613836612928484,1.0,0.14079737854003907,1.0,0.0,1.0,0.633375,1.0,0.08673045242309571,0.17976045242309568,0.1317488899230957,"[""Proportional Baseline Exp 1"",""63752993"",""0""]",3.415646308196513,20
task05-H0-43-g107-k5-main-recorded,H0,conditional,43,4606995065f47f7e6aded0b67ffbe1074066ada14798652153d70e8ee4df7b19,107,Proportional,5,10,main,recorded,1,64,0.14048170299544183,0.13933865663740372,0.009540285758106483,0.08396194885060902,0.5740049362182618,0.10740003997087479,1.0,0.0,1.0,0.3940625,1.0,0.06172054779052733,0.13119054779052733,0.09530367279052732,"[""Proportional Baseline Exp 1"",""69384851"",""0""]",2.4970688011303834,38
task05-H0-43-g111-k5-main-recorded,H0,conditional,43,4606995065f47f7e6aded0b67ffbe1074066ada14798652153d70e8ee4df7b19,111,Proportional,5,10,main,recorded,1,64,0.14661543080068476,0.14692154598709134,0.009873961080161343,0.09456121502000661,0.07000502109527589,0.04849999743700027,1.0,0.0,0.9786,0.37528124999999996,1.0,0.04031049896240234,0.11739049896240232,0.07055674896240233,"[""Proportional Baseline Exp 1"",""76356479"",""0""]",1.6076763774345761,23
task05-H0-43-g117-k5-main-recorded,H0,conditional,43,4606995065f47f7e6aded0b67ffbe1074066ada14798652153d70e8ee4df7b19,117,Proportional,5,10,main,recorded,1,64,0.08230904833245678,0.07586805555555559,0.006595852986593095,0.04756352518172492,1.0,0.16349546813964844,1.0,0.0,1.0,0.725375,1.0,0.12680035247802734,0.20085,0.1660422819137573,"[""Proportional Baseline Exp 1"",""85019022"",""0""]",4.276090951789678,10
task05-H0-43-g13-k5-main-recorded,H0,conditional,43,4606995065f47f7e6aded0b67ffbe1074066ada14798652153d70e8ee4df7b19,13,Equal,5,10,main,recorded,1,64,0.002292955585259343,4.9999998882412894e-05,0.002291899524983906,0.008031971005722234,4.999999888241291e-05,0.008017599403858185,0.0,0.0,0.0,0.0,0.0,0.00460040225982666,0.00620040225982666,0.00537227725982666,"[""Equal Baseline Exp 1"",""35368456"",""0""]",0.6165100801882086,20
task05-H0-43-g20-k5-main-recorded,H0,conditional,43,4606995065f47f7e6aded0b67ffbe1074066ada14798652153d70e8ee4df7b19,20,Equal,5,10,main,recorded,1,64,0.00014726448817078524,4.9999998882412894e-05,0.00013788643860746013,0.0006801026138263599,4.999999888241291e-05,0.005930800035595894,0.0,0.0,0.0,0.0,1.0,0.005300404453277588,0.006640404453277587,0.005884779453277587,"[""Equal Baseline Exp 1"",""40800498"",""0""]",0.775876451402006,8
task05-H0-43-g25-k5-main-recorded,H0,conditional,43,4606995065f47f7e6aded0b67ffbe1074066ada14798652153d70e8ee4df7b19,25,Equal,5,10,main,recorded,1,64,0.0016098492962758385,8.00347212094087e-05,0.001475987044328617,0.006933123384511822,4.999999888241291e-05,0.015108798652887345,0.0,0.0,0.0,0.00196875,1.0,0.010300404739379885,0.01692040473937988,0.013047279739379882,"[""Equal Baseline Exp 1"",""46096247"",""0""]",0.9856437602791503,28
task05-H0-43-g35-k5-main-recorded,H0,conditional,43,4606995065f47f7e6aded0b67ffbe1074066ada14798652153d70e8ee4df7b19,35,Equal,5,10,main,recorded,1,64,0.0002477527768218095,5.381944339670681e-05,0.0002513292139129978,0.0010276036857769617,4.999999888241291e-05,0.005930799975991249,0.0,0.0,0.0,0.000765625,1.0,0.005360402545928956,0.008580402545928956,0.0067050900459289554,"[""Equal Baseline Exp 1"",""92291462"",""0""]",0.8082425884505635,8
task05-H0-43-g36-k5-main-recorded,H0,conditional,43,4606995065f47f7e6aded0b67ffbe1074066ada14798652153d70e8ee4df7b19,36,Equal,5,10,main,recorded,1,64,0.007070993992848849,0.0038401041662824986,0.002910568521213199,0.01361515085619693,4.999999888241291e-05,0.05590439735352993,1.0,0.0,0.09660000000000007,0.026249999999999996,1.0,0.040360404739379886,0.06896040473937987,0.05523790473937988,"[""Equal Baseline Exp 1"",""92992435"",""0""]",1.742524636490871,32
task05-H0-43-g44-k5-main-recorded,H0,conditional,43,4606995065f47f7e6aded0b67ffbe1074066ada14798652153d70e8ee4df7b19,44,Mixed,5,10,main,recorded,1,64,0.11313326271310342,0.10752448557293598,0.02919994521744193,0.1705266052796727,0.2660055923461914,0.17819943594932555,1.0,0.126,0.8568,0.45846875,0.0,0.18324999999999997,0.26200944686889643,0.22266534843444818,"[""Mixed Baseline Exp 1"",""18823620"",""0""]",3.072638911480792,40
task05-H0-43-g47-k5-main-recorded,H0,conditional,43,4606995065f47f7e6aded0b67ffbe1074066ada14798652153d70e8ee4df7b19,47,Mixed,5,10,main,recorded,1,64,0.07864419615456142,0.07739467091030544,0.0064104662698412675,0.05097110741204686,0.30100461959838865,0.1173999879360199,1.0,0.006999999999999999,0.4914000000000001,0.205078125,1.0,0.0862504508972168,0.15160045089721683,0.12003951339721677,"[""Mixed Baseline Exp 1"",""26185795"",""0""]",2.509125693474536,40
task05-H0-43-g52-k5-main-recorded,H0,conditional,43,4606995065f47f7e6aded0b67ffbe1074066ada14798652153d70e8ee4df7b19,52,Mixed,5,10,main,recorded,1,64,0.1754070919565938,0.17391744592454694,0.020194198683140777,0.13209076233969796,0.5460056686401367,0.18119998455047606,1.0,0.013999999999999999,0.5719,0.27135937499999996,1.0,0.11083055847167966,0.18857055847167967,0.14935993347167967,"[""Mixed Baseline Exp 1"",""37465807"",""0""]",2.9588082976525363,40
task05-H0-43-g57-k5-main-recorded,H0,conditional,43,4606995065f47f7e6aded0b67ffbe1074066ada14798652153d70e8ee4df7b19,57,Mixed,5,10,main,recorded,1,64,0.0009408000333838208,6.805555457766669e-05,0.0009652316179429548,0.0038874042355093266,4.999999888241291e-05,0.0125175496712327,0.0,0.0,0.0,0.0008749999999999999,1.0,0.010300454330444336,0.018250454330444334,0.014228579330444335,"[""Mixed Baseline Exp 1"",""47841996"",""0""]",1.0678314339485817,18
task05-H0-43-g60-k5-main-recorded,H0,conditional,43,4606995065f47f7e6aded0b67ffbe1074066ada14798652153d70e8ee4df7b19,60,Mixed,5,10,main,recorded,1,64,0.6067571552300061,0.6083090277777777,0.03125343871703225,0.3724144017846812,1.0,0.22289892768859862,0.0,0.027999999999999997,0.5404,0.27134375,1.0,0.1291904943847656,0.22296049438476556,0.1747254943847656,"[""Mixed Baseline Exp 1"",""50116627"",""0""]",2.808037097845606,40
task05-H0-43-g64-k5-main-recorded,H0,conditional,43,4606995065f47f7e6aded0b67ffbe1074066ada14798652153d70e8ee4df7b19,64,Mixed,5,10,main,recorded,1,64,0.14526452317694905,0.14639307539992863,0.004408883042799103,0.06468620887431833,0.23100461959838867,0.05709999346733093,0.0,0.0,0.15680000000000002,0.058515624999999995,1.0,0.035500456619262696,0.0656004566192627,0.05080201911926269,"[""Mixed Baseline Exp 1"",""64291720"",""0""]",1.952773526466394,40
task05-H0-43-g73-k5-main-recorded,H0,conditional,43,4606995065f47f7e6aded0b67ffbe1074066ada14798652153d70e8ee4df7b19,73,Mixed,5,10,main,recorded,1,64,0.19263915932097073,0.19083686478932693,0.024360002682890236,0.15812636554789922,0.6930049133300781,0.23549997711181642,1.0,0.07210000000000001,0.7616,0.38760937500000003,1.0,0.15323049896240232,0.24452049896240236,0.19577549112439152,"[""Mixed Baseline Exp 1"",""85460730"",""0""]",3.302663843041928,40
task05-H0-43-g78-k5-main-recorded,H0,conditional,43,4606995065f47f7e6aded0b67ffbe1074066ada14798652153d70e8ee4df7b19,78,Mixed,5,10,main,recorded,1,64,0.005013832396749428,0.0032432291663523453,0.0019701548213043084,0.010201122230649019,4.999999888241291e-05,0.03320884764939547,1.0,0.0,0.08680000000000004,0.020999999999999998,1.0,0.024320551986694333,0.04744055198669432,0.03486930198669433,"[""Mixed Baseline Exp 1"",""95675568"",""0""]",1.3758987703920769,27
task05-H0-43-g80-k5-main-recorded,H0,conditional,43,4606995065f47f7e6aded0b67ffbe1074066ada14798652153d70e8ee4df7b19,80,Proportional,5,10,main,recorded,1,64,0.1603199014116203,0.1618855499294069,0.0033071234243670627,0.06342855088975694,0.2450050163269043,0.018699999153614043,1.0,0.0,0.32760000000000006,0.08465624999999999,1.0,0.007320502586364746,0.026420502586364747,0.015056752586364743,"[""Proportional Baseline Exp 1"",""11095201"",""0""]",2.1144760087114087,14
task05-H0-43-g82-k5-main-recorded,H0,conditional,43,4606995065f47f7e6aded0b67ffbe1074066ada14798652153d70e8ee4df7b19,82,Proportional,5,10,main,recorded,1,64,0.0005783332232298533,0.00026701388812054756,0.0003841720969637944,0.0014792657090700219,4.999999888241291e-05,0.0045243997871875765,1.0,0.0,0.006999999999999999,0.0065625,1.0,0.0037600000000000003,0.007740000000000002,0.005474999999999999,"[""Proportional Baseline Exp 1"",""14606420"",""0""]",1.0936169479514553,6
task05-H0-43-g89-k5-main-recorded,H0,conditional,43,4606995065f47f7e6aded0b67ffbe1074066ada14798652153d70e8ee4df7b19,89,Proportional,5,10,main,recorded,1,64,0.09632700858162604,0.09201013068547323,0.03598059142670701,0.05777587289259667,0.8470050048828125,0.24539647912979126,1.0,0.3122,1.0,0.761515625,0.0,0.14502986458420752,0.2377395486140251,0.1912121826192364,"[""Proportional Baseline Exp 1"",""36303454"",""0""]",2.6978884097895754,31
task05-H0-43-g97-k5-main-recorded,H0,conditional,43,4606995065f47f7e6aded0b67ffbe1074066ada14798652153d70e8ee4df7b19,97,Proportional,5,10,main,recorded,1,64,0.1417742871381886,0.14030017109522744,0.014170199045479788,0.1589179316251997,0.3850050354003906,0.1781989876627922,1.0,0.11199999999999999,1.0,0.577578125,1.0,0.11736055084228514,0.20155055084228513,0.15562711334228513,"[""Proportional Baseline Exp 1"",""45673270"",""0""]",2.6853522899947118,32
task05-H1-17-g104-k5-main-recorded,H1,conditional,17,0ce02615f56b7851dfb95f26cf20d12849e454da4d5b7e1462530a74cb7ada1d,104,Proportional,5,10,main,recorded,1,64,0.13283405427356626,0.12513144841269844,0.011173090656219978,0.09780179261631436,1.0,0.14079737854003907,1.0,0.0,1.0,0.658015625,1.0,0.08267045242309569,0.1752704524230957,0.12871451492309569,"[""Proportional Baseline Exp 1"",""63752993"",""0""]",3.433034080505788,20
task05-H1-17-g107-k5-main-recorded,H1,conditional,17,0ce02615f56b7851dfb95f26cf20d12849e454da4d5b7e1462530a74cb7ada1d,107,Proportional,5,10,main,recorded,1,64,0.12292935403711538,0.12226447265488766,0.007431142904615365,0.07021044460293793,0.5740049362182618,0.10740003997087479,1.0,0.011200000000000009,1.0,0.514953125,1.0,0.06731054779052732,0.13681054779052731,0.10008648529052733,"[""Proportional Baseline Exp 1"",""69384851"",""0""]",2.4813816536235227,38
task05-H1-17-g111-k5-main-recorded,H1,conditional,17,0ce02615f56b7851dfb95f26cf20d12849e454da4d5b7e1462530a74cb7ada1d,111,Proportional,5,10,main,recorded,1,64,0.09836729183252454,0.09740593618154525,0.013348880131649112,0.08750013049516885,0.07000502109527589,0.04849999743700027,1.0,0.0,0.9688000000000002,0.29684374999999996,1.0,0.041770498962402335,0.12020049896240236,0.07603956146240233,"[""Proportional Baseline Exp 1"",""76356479"",""0""]",1.6013223897888684,23
task05-H1-17-g117-k5-main-recorded,H1,conditional,17,0ce02615f56b7851dfb95f26cf20d12849e454da4d5b7e1462530a74cb7ada1d,117,Proportional,5,10,main,recorded,1,64,0.2701558323900523,0.26662103174603174,0.013438464158678807,0.12335719725290935,1.0,0.16349546813964844,1.0,0.0,1.0,0.488375,1.0,0.0965,0.22574,0.17097209529876706,"[""Proportional Baseline Exp 1"",""85019022"",""0""]",4.28780252531293,10
task05-H1-17-g13-k5-main-recorded,H1,conditional,17,0ce02615f56b7851dfb95f26cf20d12849e454da4d5b7e1462530a74cb7ada1d,13,Equal,5,10,main,recorded,1,64,0.0022603820863847067,5.381944339670659e-05,0.002198711608243841,0.007601025723390437,4.999999888241291e-05,0.008017599403858185,0.0,0.0,0.0,0.0005468749999999999,0.0,0.00460040225982666,0.00634040225982666,0.00553946475982666,"[""Equal Baseline Exp 1"",""35368456"",""0""]",0.6303311245733172,20
task05-H1-17-g20-k5-main-recorded,H1,conditional,17,0ce02615f56b7851dfb95f26cf20d12849e454da4d5b7e1462530a74cb7ada1d,20,Equal,5,10,main,recorded,1,64,0.00018251492193124223,5.381944339670659e-05,0.00016786896095773792,0.0006510764856939205,4.999999888241291e-05,0.005930800035595894,0.0,0.0,0.0,0.0005468749999999999,1.0,0.005100404453277588,0.007240404453277587,0.0059519669532775875,"[""Equal Baseline Exp 1"",""40800498"",""0""]",0.7579800192564505,8
task05-H1-17-g25-k5-main-recorded,H1,conditional,17,0ce02615f56b7851dfb95f26cf20d12849e454da4d5b7e1462530a74cb7ada1d,25,Equal,5,10,main,recorded,1,64,0.0021240916892354194,0.0001078124989871876,0.001963147394628161,0.007822677024900783,4.999999888241291e-05,0.015108798652887345,0.0,0.0,0.0,0.00240625,1.0,0.010360404739379884,0.01630040473937988,0.012956654739379882,"[""Equal Baseline Exp 1"",""46096247"",""0""]",0.984213378688425,28
task05-H1-17-g35-k5-main-recorded,H1,conditional,17,0ce02615f56b7851dfb95f26cf20d12849e454da4d5b7e1462530a74cb7ada1d,35,Equal,5,10,main,recorded,1,64,0.00022592849318746832,6.26736100982978e-05,0.0002197170729468028,0.0011228449642949267,4.999999888241291e-05,0.005930799975991249,0.0,0.0,0.0,0.0008749999999999999,1.0,0.005560402545928955,0.008920402545928956,0.006750402545928955,"[""Equal Baseline Exp 1"",""92291462"",""0""]",0.8309752243065629,8
task05-H1-17-g36-k5-main-recorded,H1,conditional,17,0ce02615f56b7851dfb95f26cf20d12849e454da4d5b7e1462530a74cb7ada1d,36,Equal,5,10,main,recorded,1,64,0.01204026284549272,0.007525173610936492,0.004376815844662783,0.020137884999548425,4.999999888241291e-05,0.05590439735352993,1.0,0.0,0.14770000000000005,0.04724999999999999,1.0,0.03994040473937988,0.08145040473937987,0.05737540473937987,"[""Equal Baseline Exp 1"",""92992435"",""0""]",1.7573545794437768,32
task05-H1-17-g44-k5-main-recorded,H1,conditional,17,0ce02615f56b7851dfb95f26cf20d12849e454da4d5b7e1462530a74cb7ada1d,44,Mixed,5,10,main,recorded,1,64,0.11721974075215902,0.11036724350944396,0.03427137763902307,0.2121611767647758,0.2660055923461914,0.17819943594932555,1.0,0.1722,0.9498999999999999,0.4874375,0.0,0.18997983406066893,0.25898944686889647,0.22703711107969282,"[""Mixed Baseline Exp 1"",""18823620"",""0""]",3.0635976190766985,40
task05-H1-17-g47-k5-main-recorded,H1,conditional,17,0ce02615f56b7851dfb95f26cf20d12849e454da4d5b7e1462530a74cb7ada1d,47,Mixed,5,10,main,recorded,1,64,0.07272345977951769,0.07195254378848606,0.006792162698412695,0.050452948639127936,0.30100461959838865,0.1173999879360199,1.0,0.0,0.5145000000000002,0.231109375,1.0,0.08021045089721679,0.1477404508972168,0.11674263839721678,"[""Mixed Baseline Exp 1"",""26185795"",""0""]",2.5099194927152237,40
task05-H1-17-g52-k5-main-recorded,H1,conditional,17,0ce02615f56b7851dfb95f26cf20d12849e454da4d5b7e1462530a74cb7ada1d,52,Mixed,5,10,main,recorded,1,64,0.21964479807945234,0.22026381782501464,0.018765514315120763,0.14144949654132605,0.5460056686401367,0.18119998455047606,1.0,0.006999999999999999,0.6545000000000001,0.25525,1.0,0.10883055847167966,0.19607055847167967,0.15144743347167966,"[""Mixed Baseline Exp 1"",""37465807"",""0""]",2.9458361398956545,40
task05-H1-17-g57-k5-main-recorded,H1,conditional,17,0ce02615f56b7851dfb95f26cf20d12849e454da4d5b7e1462530a74cb7ada1d,57,Mixed,5,10,main,recorded,1,64,0.000783642091855101,8.541666568877802e-05,0.0007540600358870715,0.0035138255683103727,4.999999888241291e-05,0.0125175496712327,0.0,0.0,0.0,0.0010937499999999999,1.0,0.010300454330444336,0.018720454330444333,0.013937954330444334,"[""Mixed Baseline Exp 1"",""47841996"",""0""]",1.0692905242513198,18
task05-H1-17-g60-k5-main-recorded,H1,conditional,17,0ce02615f56b7851dfb95f26cf20d12849e454da4d5b7e1462530a74cb7ada1d,60,Mixed,5,10,main,recorded,1,64,0.6123181197490922,0.6136145833333333,0.028513705930255717,0.36635308501256836,1.0,0.22289892768859862,0.0,0.03920000000000001,0.5873000000000002,0.268953125,1.0,0.13304049438476562,0.2261304943847656,0.17861768188476562,"[""Mixed Baseline Exp 1"",""50116627"",""0""]",2.8149371289662333,40
task05-H1-17-g64-k5-main-recorded,H1,conditional,17,0ce02615f56b7851dfb95f26cf20d12849e454da4d5b7e1462530a74cb7ada1d,64,Mixed,5,10,main,recorded,1,64,0.13556862064295067,0.13648292009035745,0.0052697585033992,0.06601109388205739,0.23100461959838867,0.05709999346733093,0.0,0.0,0.20370000000000005,0.07175000000000001,1.0,0.0359804566192627,0.07759045661926267,0.051741081619262684,"[""Mixed Baseline Exp 1"",""64291720"",""0""]",1.934885848851981,40
task05-H1-17-g73-k5-main-recorded,H1,conditional,17,0ce02615f56b7851dfb95f26cf20d12849e454da4d5b7e1462530a74cb7ada1d,73,Mixed,5,10,main,recorded,1,64,0.20285019756238265,0.2024779621608674,0.019101125886705206,0.14043843737481135,0.6930049133300781,0.23549997711181642,1.0,0.046200000000000005,0.763,0.38409374999999996,1.0,0.1555304989624023,0.24668014781951905,0.20146608477234837,"[""Mixed Baseline Exp 1"",""85460730"",""0""]",3.312773639724912,40
task05-H1-17-g78-k5-main-recorded,H1,conditional,17,0ce02615f56b7851dfb95f26cf20d12849e454da4d5b7e1462530a74cb7ada1d,78,Mixed,5,10,main,recorded,1,64,0.0055210194128225,0.002602083332914241,0.002973804814980498,0.012542627143645785,4.999999888241291e-05,0.03320884764939547,1.0,0.0,0.05390000000000002,0.017281249999999998,1.0,0.021300551986694338,0.04992055198669433,0.03372867698669433,"[""Mixed Baseline Exp 1"",""95675568"",""0""]",1.3799342489561441,27
task05-H1-17-g80-k5-main-recorded,H1,conditional,17,0ce02615f56b7851dfb95f26cf20d12849e454da4d5b7e1462530a74cb7ada1d,80,Proportional,5,10,main,recorded,1,64,0.13290743542720063,0.13397867288854387,0.0023891465301788053,0.05188272134396765,0.2450050163269043,0.018699999153614043,1.0,0.0,0.3598,0.10379687499999998,1.0,0.008400502586364744,0.03254050258636474,0.017505190086364742,"[""Proportional Baseline Exp 1"",""11095201"",""0""]",2.1142039368573253,14
task05-H1-17-g82-k5-main-recorded,H1,conditional,17,0ce02615f56b7851dfb95f26cf20d12849e454da4d5b7e1462530a74cb7ada1d,82,Proportional,5,10,main,recorded,1,64,0.000496928364975857,0.00011545138801577384,0.0004286521891900706,0.0017042065860968752,4.999999888241291e-05,0.0045243997871875765,1.0,0.0,0.004900000000000019,0.000984375,1.0,0.0035,0.00892,0.0057578125,"[""Proportional Baseline Exp 1"",""14606420"",""0""]",1.0886358471710136,6
task05-H1-17-g89-k5-main-recorded,H1,conditional,17,0ce02615f56b7851dfb95f26cf20d12849e454da4d5b7e1462530a74cb7ada1d,89,Proportional,5,10,main,recorded,1,64,0.10347527840222828,0.09740807772439619,0.03304963414615228,0.07383440047861446,0.8470050048828125,0.24539647912979126,1.0,0.05040000000000002,1.0,0.69021875,0.0,0.15107986458420755,0.24414968402981757,0.19353248806633053,"[""Proportional Baseline Exp 1"",""36303454"",""0""]",2.697198304377019,31
task05-H1-17-g97-k5-main-recorded,H1,conditional,17,0ce02615f56b7851dfb95f26cf20d12849e454da4d5b7e1462530a74cb7ada1d,97,Proportional,5,10,main,recorded,1,64,0.1755104973770564,0.175261976650783,0.015730021227866663,0.16212446832429797,0.3850050354003906,0.1781989876627922,1.0,0.004200000000000009,1.0,0.5855625,1.0,0.10776055084228513,0.2057805508422851,0.1518739883422851,"[""Proportional Baseline Exp 1"",""45673270"",""0""]",2.7010129004372976,32
task05-H1-29-g104-k5-main-recorded,H1,conditional,29,2ab1b391d4a2f416d83303dcb3d6f62da00f43cad1a8db76b1ccdab82faf37e9,104,Proportional,5,10,main,recorded,1,64,0.1239078139211896,0.11675347222222224,0.00923796846109724,0.08607618754364196,1.0,0.14079737854003907,1.0,0.0021000000000000046,1.0,0.6768125,1.0,0.09076045242309569,0.1947504524230957,0.1386582649230957,"[""Proportional Baseline Exp 1"",""63752993"",""0""]",3.4177730366126995,20
task05-H1-29-g107-k5-main-recorded,H1,conditional,29,2ab1b391d4a2f416d83303dcb3d6f62da00f43cad1a8db76b1ccdab82faf37e9,107,Proportional,5,10,main,recorded,1,64,0.15211659438629635,0.15210396709896268,0.00618042660556024,0.06635159816500687,0.5740049362182618,0.10740003997087479,1.0,0.009100000000000004,0.8589,0.369734375,1.0,0.07289054779052734,0.1419505477905273,0.10489117279052733,"[""Proportional Baseline Exp 1"",""69384851"",""0""]",2.4863188530089135,38
task05-H1-29-g111-k5-main-recorded,H1,conditional,29,2ab1b391d4a2f416d83303dcb3d6f62da00f43cad1a8db76b1ccdab82faf37e9,111,Proportional,5,10,main,recorded,1,64,0.143487032513863,0.14382132227032898,0.007821783710815126,0.08671164596772618,0.07000502109527589,0.04849999743700027,1.0,0.0,1.0,0.38584375,1.0,0.03476049896240234,0.09891049896240232,0.06429737396240234,"[""Proportional Baseline Exp 1"",""76356479"",""0""]",1.6231699691430053,23
task05-H1-29-g117-k5-main-recorded,H1,conditional,29,2ab1b391d4a2f416d83303dcb3d6f62da00f43cad1a8db76b1ccdab82faf37e9,117,Proportional,5,10,main,recorded,1,64,0.1920073494450371,0.18438194444444445,0.013183184764498746,0.08327850249154228,1.0,0.16349546813964844,1.0,0.0,1.0,0.5908437499999999,1.0,0.11614015106201173,0.23137050354003907,0.17958143882751465,"[""Proportional Baseline Exp 1"",""85019022"",""0""]",4.29346896917089,10
task05-H1-29-g13-k5-main-recorded,H1,conditional,29,2ab1b391d4a2f416d83303dcb3d6f62da00f43cad1a8db76b1ccdab82faf37e9,13,Equal,5,10,main,recorded,1,64,0.0024388051303857175,4.843749891733743e-05,0.0023986620050692373,0.008389520067405992,4.999999888241291e-05,0.008017599403858185,0.0,0.0,0.0,0.00043749999999999995,0.0,0.00460040225982666,0.00560040225982666,0.00532852725982666,"[""Equal Baseline Exp 1"",""35368456"",""0""]",0.632033351451369,20
task05-H1-29-g20-k5-main-recorded,H1,conditional,29,2ab1b391d4a2f416d83303dcb3d6f62da00f43cad1a8db76b1ccdab82faf37e9,20,Equal,5,10,main,recorded,1,64,0.00016607620284948181,4.843749891733748e-05,0.00016061728760038345,0.0006685795703126739,4.999999888241291e-05,0.005930800035595894,0.0,0.0,0.0,0.00032812499999999997,1.0,0.005300404453277588,0.007100404453277588,0.006042591953277588,"[""Equal Baseline Exp 1"",""40800498"",""0""]",0.7688299573369949,8
task05-H1-29-g25-k5-main-recorded,H1,conditional,29,2ab1b391d4a2f416d83303dcb3d6f62da00f43cad1a8db76b1ccdab82faf37e9,25,Equal,5,10,main,recorded,1,64,0.0014937819387244545,5.381944339670659e-05,0.0014404072742140483,0.006417295816263909,4.999999888241291e-05,0.015108798652887345,0.0,0.0,0.0,0.0005468749999999999,1.0,0.010300404739379883,0.017980404739379886,0.013364467239379882,"[""Equal Baseline Exp 1"",""46096247"",""0""]",0.984321564120281,28
task05-H1-29-g35-k5-main-recorded,H1,conditional,29,2ab1b391d4a2f416d83303dcb3d6f62da00f43cad1a8db76b1ccdab82faf37e9,35,Equal,5,10,main,recorded,1,64,0.0001935291854085943,5.3819443396706484e-05,0.00019204857331951936,0.0009416440393478192,4.999999888241291e-05,0.005930799975991249,0.0,0.0,0.0,0.0006562499999999999,1.0,0.005360402545928956,0.008540402545928957,0.0065004025459289546,"[""Equal Baseline Exp 1"",""92291462"",""0""]",0.8210871475148325,8
task05-H1-29-g36-k5-main-recorded,H1,conditional,29,2ab1b391d4a2f416d83303dcb3d6f62da00f43cad1a8db76b1ccdab82faf37e9,36,Equal,5,10,main,recorded,1,64,0.014576990552682252,0.011208333333333334,0.003289705057502798,0.018830058229586576,4.999999888241291e-05,0.05590439735352993,1.0,0.0,0.16310000000000016,0.050640625,1.0,0.04050040473937988,0.07598040473937988,0.05933946723937987,"[""Equal Baseline Exp 1"",""92992435"",""0""]",1.7463109145781115,32
task05-H1-29-g44-k5-main-recorded,H1,conditional,29,2ab1b391d4a2f416d83303dcb3d6f62da00f43cad1a8db76b1ccdab82faf37e9,44,Mixed,5,10,main,recorded,1,64,0.15035630661779492,0.1440193222439478,0.03385914774518163,0.20812484453632715,0.2660055923461914,0.17819943594932555,1.0,0.13440000000000002,0.9156,0.518609375,0.0,0.18906999999999996,0.2578294468688964,0.2265965292930603,"[""Mixed Baseline Exp 1"",""18823620"",""0""]",3.0943922089021667,40
task05-H1-29-g47-k5-main-recorded,H1,conditional,29,2ab1b391d4a2f416d83303dcb3d6f62da00f43cad1a8db76b1ccdab82faf37e9,47,Mixed,5,10,main,recorded,1,64,0.10363415963321321,0.10458911535474986,0.006196376901841355,0.06567980497015848,0.30100461959838865,0.1173999879360199,1.0,0.0,0.5537000000000001,0.1999375,1.0,0.08038045089721679,0.13997045089721674,0.11226763839721679,"[""Mixed Baseline Exp 1"",""26185795"",""0""]",2.511969278255369,40
task05-H1-29-g52-k5-main-recorded,H1,conditional,29,2ab1b391d4a2f416d83303dcb3d6f62da00f43cad1a8db76b1ccdab82faf37e9,52,Mixed,5,10,main,recorded,1,64,0.15177368557993912,0.15178426146507257,0.014217385502656308,0.10622326421207853,0.5460056686401367,0.18119998455047606,1.0,0.013999999999999999,0.7385,0.328125,1.0,0.11252055847167967,0.19485055847167967,0.15523024597167967,"[""Mixed Baseline Exp 1"",""37465807"",""0""]",2.9418310936292187,40
task05-H1-29-g57-k5-main-recorded,H1,conditional,29,2ab1b391d4a2f416d83303dcb3d6f62da00f43cad1a8db76b1ccdab82faf37e9,57,Mixed,5,10,main,recorded,1,64,0.0011411325550559149,0.00039010416586340163,0.0009432003839887557,0.004422737012013871,4.999999888241291e-05,0.0125175496712327,1.0,0.0,0.006999999999999999,0.0056875,1.0,0.010560454330444335,0.020640454330444334,0.015266079330444333,"[""Mixed Baseline Exp 1"",""47841996"",""0""]",1.0651281884678119,18
task05-H1-29-g60-k5-main-recorded,H1,conditional,29,2ab1b391d4a2f416d83303dcb3d6f62da00f43cad1a8db76b1ccdab82faf37e9,60,Mixed,5,10,main,recorded,1,64,0.5749153550233058,0.5766701388888889,0.026885182817020122,0.34333801551858584,1.0,0.22289892768859862,0.0,0.030100000000000005,0.5768,0.29924999999999996,1.0,0.1308704943847656,0.2288304943847656,0.1784208068847656,"[""Mixed Baseline Exp 1"",""50116627"",""0""]",2.8192799838342166,40
task05-H1-29-g64-k5-main-recorded,H1,conditional,29,2ab1b391d4a2f416d83303dcb3d6f62da00f43cad1a8db76b1ccdab82faf37e9,64,Mixed,5,10,main,recorded,1,64,0.14176462882648858,0.14383057539992863,0.004693392378825047,0.06402949691315493,0.23100461959838867,0.05709999346733093,0.0,0.0,0.1799,0.05512499999999999,1.0,0.03446045661926269,0.07821045661926267,0.05277233161926269,"[""Mixed Baseline Exp 1"",""64291720"",""0""]",1.9463898329246139,40
task05-H1-29-g73-k5-main-recorded,H1,conditional,29,2ab1b391d4a2f416d83303dcb3d6f62da00f43cad1a8db76b1ccdab82faf37e9,73,Mixed,5,10,main,recorded,1,64,0.18574089774125058,0.18628130923377142,0.01450657902066672,0.12892778608515149,0.6930049133300781,0.23549997711181642,1.0,0.12109999999999999,0.7777000000000001,0.41112499999999996,1.0,0.16275049896240235,0.24658014781951904,0.20745203011035918,"[""Mixed Baseline Exp 1"",""85460730"",""0""]",3.3014758211627657,40
task05-H1-29-g78-k5-main-recorded,H1,conditional,29,2ab1b391d4a2f416d83303dcb3d6f62da00f43cad1a8db76b1ccdab82faf37e9,78,Mixed,5,10,main,recorded,1,64,0.007825115456213467,0.0056864583331237804,0.0025783009655256225,0.012300928297598792,4.999999888241291e-05,0.03320884764939547,1.0,0.0,0.08399999999999999,0.03128125,1.0,0.025160551986694334,0.04749055198669434,0.03570367698669433,"[""Mixed Baseline Exp 1"",""95675568"",""0""]",1.3885950155818223,27
task05-H1-29-g80-k5-main-recorded,H1,conditional,29,2ab1b391d4a2f416d83303dcb3d6f62da00f43cad1a8db76b1ccdab82faf37e9,80,Proportional,5,10,main,recorded,1,64,0.1704960552556424,0.17241742697026993,0.002923597785191876,0.06062279099383287,0.2450050163269043,0.018699999153614043,0.0,0.0,0.19460000000000005,0.0520625,1.0,0.008460502586364745,0.030150502586364744,0.01858175258636474,"[""Proportional Baseline Exp 1"",""11095201"",""0""]",2.181887602704841,14
task05-H1-29-g82-k5-main-recorded,H1,conditional,29,2ab1b391d4a2f416d83303dcb3d6f62da00f43cad1a8db76b1ccdab82faf37e9,82,Proportional,5,10,main,recorded,1,64,0.0012789895866328616,0.0009526041658634021,0.00040442166023606804,0.0018209392933627693,4.999999888241291e-05,0.0045243997871875765,1.0,0.0,0.011900000000000018,0.015203125,1.0,0.0037,0.0071,0.0054015625,"[""Proportional Baseline Exp 1"",""14606420"",""0""]",1.0856574598061473,6
task05-H1-29-g89-k5-main-recorded,H1,conditional,29,2ab1b391d4a2f416d83303dcb3d6f62da00f43cad1a8db76b1ccdab82faf37e9,89,Proportional,5,10,main,recorded,1,64,0.10896836744242788,0.10404085782974487,0.03432831545479832,0.06280976797706553,0.8470050048828125,0.24539647912979126,1.0,0.1736,1.0,0.7136406249999999,0.0,0.1445795486140251,0.2434095486140251,0.19174341146051882,"[""Proportional Baseline Exp 1"",""36303454"",""0""]",2.6971866498149213,31
task05-H1-29-g97-k5-main-recorded,H1,conditional,29,2ab1b391d4a2f416d83303dcb3d6f62da00f43cad1a8db76b1ccdab82faf37e9,97,Proportional,5,10,main,recorded,1,64,0.149731377717051,0.14874855983068067,0.015103482021823066,0.16803573230940197,0.3850050354003906,0.1781989876627922,1.0,0.0021000000000000046,1.0,0.545203125,1.0,0.10940055084228513,0.20257055084228515,0.15516148834228513,"[""Proportional Baseline Exp 1"",""45673270"",""0""]",2.687428792664461,32
task05-H1-43-g104-k5-main-recorded,H1,conditional,43,8db1ae16acc2a45e47b63d73d19b64849a67d78319bffa949269b6d8298094f1,104,Proportional,5,10,main,recorded,1,64,0.1778867390136171,0.1719449404761905,0.008766676109177727,0.12247407221377844,1.0,0.14079737854003907,1.0,0.0,1.0,0.605328125,1.0,0.08770045242309568,0.1784404524230957,0.1330754524230957,"[""Proportional Baseline Exp 1"",""63752993"",""0""]",3.4066268053759585,20
task05-H1-43-g107-k5-main-recorded,H1,conditional,43,8db1ae16acc2a45e47b63d73d19b64849a67d78319bffa949269b6d8298094f1,107,Proportional,5,10,main,recorded,1,64,0.15577031906095265,0.1557460196964325,0.008244085343022432,0.07942368534079622,0.5740049362182618,0.10740003997087479,1.0,0.0,0.8518999999999999,0.357921875,1.0,0.061990547790527345,0.14581054779052732,0.10122711029052732,"[""Proportional Baseline Exp 1"",""69384851"",""0""]",2.4845961264827903,38
task05-H1-43-g111-k5-main-recorded,H1,conditional,43,8db1ae16acc2a45e47b63d73d19b64849a67d78319bffa949269b6d8298094f1,111,Proportional,5,10,main,recorded,1,64,0.11704435191896961,0.11673911260565123,0.009085061688939963,0.0811158624875167,0.07000502109527589,0.04849999743700027,1.0,0.0,0.9982,0.33578125000000003,1.0,0.037610498962402344,0.10684049896240233,0.06742081146240234,"[""Proportional Baseline Exp 1"",""76356479"",""0""]",1.6224971569889097,23
task05-H1-43-g117-k5-main-recorded,H1,conditional,43,8db1ae16acc2a45e47b63d73d19b64849a67d78319bffa949269b6d8298094f1,117,Proportional,5,10,main,recorded,1,64,0.17769851376385823,0.17091617063492065,0.014385466065482477,0.0895851664497739,1.0,0.16349546813964844,1.0,0.0,1.0,0.596828125,1.0,0.10590035247802734,0.23330050354003903,0.17557366566658017,"[""Proportional Baseline Exp 1"",""85019022"",""0""]",4.296422359677443,10
task05-H1-43-g13-k5-main-recorded,H1,conditional,43,8db1ae16acc2a45e47b63d73d19b64849a67d78319bffa949269b6d8298094f1,13,Equal,5,10,main,recorded,1,64,0.0022473390748608303,7.65624989871865e-05,0.0021059205169006003,0.007641366920173945,4.999999888241291e-05,0.008017599403858185,0.0,0.0,0.0,0.000984375,0.0,0.00460040225982666,0.00634040225982666,0.005576964759826659,"[""Equal Baseline Exp 1"",""35368456"",""0""]",0.6292835206974399,20
task05-H1-43-g20-k5-main-recorded,H1,conditional,43,8db1ae16acc2a45e47b63d73d19b64849a67d78319bffa949269b6d8298094f1,20,Equal,5,10,main,recorded,1,64,0.00020646265643479273,4.8437498917337454e-05,0.00019845931642792304,0.0007695834226388899,4.999999888241291e-05,0.005930800035595894,0.0,0.0,0.0,0.00021874999999999998,1.0,0.005100404453277588,0.0064404044532775885,0.005756654453277588,"[""Equal Baseline Exp 1"",""40800498"",""0""]",0.7682726003071658,8
task05-H1-43-g25-k5-main-recorded,H1,conditional,43,8db1ae16acc2a45e47b63d73d19b64849a67d78319bffa949269b6d8298094f1,25,Equal,5,10,main,recorded,1,64,0.0014750157428516132,6.614583232052e-05,0.0014026735522651248,0.006190085834981356,4.999999888241291e-05,0.015108798652887345,0.0,0.0,0.0,0.0007656249999999999,1.0,0.010500404739379882,0.018240404739379885,0.01361134223937988,"[""Equal Baseline Exp 1"",""46096247"",""0""]",0.9828807669201567,28
task05-H1-43-g35-k5-main-recorded,H1,conditional,43,8db1ae16acc2a45e47b63d73d19b64849a67d78319bffa949269b6d8298094f1,35,Equal,5,10,main,recorded,1,64,0.00048166381119291906,0.00016909722131418226,0.0004311258031055329,0.0015502066183427812,4.999999888241291e-05,0.005930799975991249,0.0,0.0,0.0,0.0021875,1.0,0.005300402545928956,0.010180402545928955,0.007162902545928954,"[""Equal Baseline Exp 1"",""92291462"",""0""]",0.825990167778731,8
task05-H1-43-g36-k5-main-recorded,H1,conditional,43,8db1ae16acc2a45e47b63d73d19b64849a67d78319bffa949269b6d8298094f1,36,Equal,5,10,main,recorded,1,64,0.017163085417288906,0.01321267361093647,0.004382144379654219,0.022620161311290892,4.999999888241291e-05,0.05590439735352993,1.0,0.0,0.20370000000000005,0.061796874999999994,1.0,0.04022040473937988,0.08438040473937987,0.060289467239379876,"[""Equal Baseline Exp 1"",""92992435"",""0""]",1.7436153754986519,32
task05-H1-43-g44-k5-main-recorded,H1,conditional,43,8db1ae16acc2a45e47b63d73d19b64849a67d78319bffa949269b6d8298094f1,44,Mixed,5,10,main,recorded,1,64,0.1285527883732216,0.11902183065338737,0.04028482792235554,0.2217908531521994,0.2660055923461914,0.17819943594932555,1.0,0.1281,0.8834,0.47528125,0.0,0.19601961280822752,0.2689998340606689,0.23329501000642772,"[""Mixed Baseline Exp 1"",""18823620"",""0""]",3.089802563092424,40
task05-H1-43-g47-k5-main-recorded,H1,conditional,43,8db1ae16acc2a45e47b63d73d19b64849a67d78319bffa949269b6d8298094f1,47,Mixed,5,10,main,recorded,1,64,0.08624354527115477,0.08562065407964917,0.006738682209215467,0.05645931056340534,0.30100461959838865,0.1173999879360199,1.0,0.009100000000000004,0.4038999999999999,0.19270312499999998,1.0,0.0779104508972168,0.15873045089721677,0.1179942008972168,"[""Mixed Baseline Exp 1"",""26185795"",""0""]",2.5104384990422988,40
task05-H1-43-g52-k5-main-recorded,H1,conditional,43,8db1ae16acc2a45e47b63d73d19b64849a67d78319bffa949269b6d8298094f1,52,Mixed,5,10,main,recorded,1,64,0.1368607953249431,0.13661309510942488,0.014501552558796756,0.09596294041209752,0.5460056686401367,0.18119998455047606,1.0,0.0,0.8323,0.3633124999999999,1.0,0.12279055847167969,0.20634055847167965,0.15976305847167965,"[""Mixed Baseline Exp 1"",""37465807"",""0""]",2.947873103824546,40
task05-H1-43-g57-k5-main-recorded,H1,conditional,43,8db1ae16acc2a45e47b63d73d19b64849a67d78319bffa949269b6d8298094f1,57,Mixed,5,10,main,recorded,1,64,0.0010552930039221834,0.0002963541658634011,0.0008168343061418638,0.004110251240830014,4.999999888241291e-05,0.0125175496712327,1.0,0.0,0.013999999999999999,0.002953125,1.0,0.010420454330444336,0.020000454330444336,0.014517641830444334,"[""Mixed Baseline Exp 1"",""47841996"",""0""]",1.0656879593514883,18
task05-H1-43-g60-k5-main-recorded,H1,conditional,43,8db1ae16acc2a45e47b63d73d19b64849a67d78319bffa949269b6d8298094f1,60,Mixed,5,10,main,recorded,1,64,0.5755846886967346,0.577375,0.027791434104858893,0.348423726686788,1.0,0.22289892768859862,0.0,0.020999999999999998,0.5859,0.28775,1.0,0.1266504943847656,0.22725049438476563,0.1783645568847656,"[""Mixed Baseline Exp 1"",""50116627"",""0""]",2.825228103889774,40
task05-H1-43-g64-k5-main-recorded,H1,conditional,43,8db1ae16acc2a45e47b63d73d19b64849a67d78319bffa949269b6d8298094f1,64,Mixed,5,10,main,recorded,1,64,0.14518228724698642,0.14670571976237828,0.0061985428181669106,0.07181935331324736,0.23100461959838867,0.05709999346733093,0.0,0.0,0.16799999999999998,0.057203125,1.0,0.03280045661926269,0.07061045661926268,0.04967389411926269,"[""Mixed Baseline Exp 1"",""64291720"",""0""]",1.9397615832581234,40
task05-H1-43-g73-k5-main-recorded,H1,conditional,43,8db1ae16acc2a45e47b63d73d19b64849a67d78319bffa949269b6d8298094f1,73,Mixed,5,10,main,recorded,1,64,0.19377272591543399,0.19292504030560684,0.01999682834545774,0.14472130478261008,0.6930049133300781,0.23549997711181642,1.0,0.035,0.9002000000000001,0.40365625,1.0,0.14989049896240234,0.2486604989624023,0.1993863815963268,"[""Mixed Baseline Exp 1"",""85460730"",""0""]",3.3005028865169925,40
task05-H1-43-g78-k5-main-recorded,H1,conditional,43,8db1ae16acc2a45e47b63d73d19b64849a67d78319bffa949269b6d8298094f1,78,Mixed,5,10,main,recorded,1,64,0.006007964622543972,0.00376979166645712,0.0024162922884426296,0.011538910091051364,4.999999888241291e-05,0.03320884764939547,1.0,0.0,0.04690000000000002,0.023734375000000002,1.0,0.024060551986694333,0.049120551986694336,0.03455836448669433,"[""Mixed Baseline Exp 1"",""95675568"",""0""]",1.3894766464704364,27
task05-H1-43-g80-k5-main-recorded,H1,conditional,43,8db1ae16acc2a45e47b63d73d19b64849a67d78319bffa949269b6d8298094f1,80,Proportional,5,10,main,recorded,1,64,0.15953508605920438,0.16138270474804767,0.0030690233735633744,0.05980593609271777,0.2450050163269043,0.018699999153614043,0.0,0.0,0.20299999999999996,0.0735,1.0,0.008400502586364744,0.032010502586364745,0.018000502586364743,"[""Proportional Baseline Exp 1"",""11095201"",""0""]",2.1473514645903014,14
task05-H1-43-g82-k5-main-recorded,H1,conditional,43,8db1ae16acc2a45e47b63d73d19b64849a67d78319bffa949269b6d8298094f1,82,Proportional,5,10,main,recorded,1,64,0.001130261420377924,0.0007291666659681745,0.0005271144907773723,0.002348623286654603,4.999999888241291e-05,0.0045243997871875765,1.0,0.0,0.013999999999999999,0.010718749999999999,1.0,0.0037,0.010299999999999998,0.0062812499999999995,"[""Proportional Baseline Exp 1"",""14606420"",""0""]",1.0800976368993738,6
task05-H1-43-g89-k5-main-recorded,H1,conditional,43,8db1ae16acc2a45e47b63d73d19b64849a67d78319bffa949269b6d8298094f1,89,Proportional,5,10,main,recorded,1,64,0.09420319671272001,0.08998452026124981,0.03220166225253001,0.0403875862667071,0.8470050048828125,0.24539647912979126,1.0,0.27299999999999996,1.0,0.777015625,0.0,0.1399995486140251,0.2411895486140251,0.19273255154248325,"[""Proportional Baseline Exp 1"",""36303454"",""0""]",2.6998807966568545,31
task05-H1-43-g97-k5-main-recorded,H1,conditional,43,8db1ae16acc2a45e47b63d73d19b64849a67d78319bffa949269b6d8298094f1,97,Proportional,5,10,main,recorded,1,64,0.1766542046199154,0.1762451115714179,0.01849525392536254,0.19592404803680996,0.3850050354003906,0.1781989876627922,1.0,0.009100000000000004,1.0,0.5786875,1.0,0.10190055084228515,0.18568055084228513,0.14659586334228514,"[""Proportional Baseline Exp 1"",""45673270"",""0""]",2.685387824292061,32
task05-P0-17-g104-k5-main-recorded,P0,conditional,17,2a32c5df362e28a7968ed071e518312fb34e7ee610149942050165cd367b68a9,104,Proportional,5,10,main,recorded,1,64,0.14254269532075756,0.13650992063492068,0.008647662355786272,0.08211383616356623,1.0,0.14079737854003907,1.0,0.0,1.0,0.646640625,1.0,0.09244045242309569,0.18166045242309567,0.1405160774230957,"[""Proportional Baseline Exp 1"",""63752993"",""0""]",3.491933766726215,20
task05-P0-17-g107-k5-main-recorded,P0,conditional,17,2a32c5df362e28a7968ed071e518312fb34e7ee610149942050165cd367b68a9,107,Proportional,5,10,main,recorded,1,64,0.10347173282655417,0.10344429018762374,0.006023781775245594,0.06456433765415162,0.5740049362182618,0.10740003997087479,1.0,0.011200000000000009,1.0,0.5771562499999999,1.0,0.07012054779052733,0.13328054779052728,0.10143492279052732,"[""Proportional Baseline Exp 1"",""69384851"",""0""]",2.491194628592781,38
task05-P0-17-g111-k5-main-recorded,P0,conditional,17,2a32c5df362e28a7968ed071e518312fb34e7ee610149942050165cd367b68a9,111,Proportional,5,10,main,recorded,1,64,0.22539477369570948,0.22515402796675293,0.013215907108038653,0.14363826936371032,0.07000502109527589,0.04849999743700027,1.0,0.0,1.0,0.484328125,1.0,0.04114049896240235,0.11835049896240231,0.07439268646240232,"[""Proportional Baseline Exp 1"",""76356479"",""0""]",1.6612205844136947,23
task05-P0-17-g117-k5-main-recorded,P0,conditional,17,2a32c5df362e28a7968ed071e518312fb34e7ee610149942050165cd367b68a9,117,Proportional,5,10,main,recorded,1,64,0.1602977427650486,0.1549985119047619,0.010390864687117318,0.08155382633663359,1.0,0.16349546813964844,1.0,0.0,1.0,0.6096875,1.0,0.11395000000000001,0.2314601510620117,0.1702798369884491,"[""Proportional Baseline Exp 1"",""85019022"",""0""]",4.278100258186694,10
task05-P0-17-g13-k5-main-recorded,P0,conditional,17,2a32c5df362e28a7968ed071e518312fb34e7ee610149942050165cd367b68a9,13,Equal,5,10,main,recorded,1,64,0.0019478684736994305,4.843749891733747e-05,0.0019323921637993961,0.0067501181759722795,4.999999888241291e-05,0.008017599403858185,0.0,0.0,0.0,0.00010937499999999999,0.0,0.00460040225982666,0.00680040225982666,0.00568008975982666,"[""Equal Baseline Exp 1"",""35368456"",""0""]",0.5659890877461077,20
task05-P0-17-g20-k5-main-recorded,P0,conditional,17,2a32c5df362e28a7968ed071e518312fb34e7ee610149942050165cd367b68a9,20,Equal,5,10,main,recorded,1,64,0.0001452734092769878,4.9999998882412894e-05,0.000137711007723082,0.0006491744787787967,4.999999888241291e-05,0.005930800035595894,0.0,0.0,0.0,0.0,1.0,0.005300404453277588,0.007180404453277588,0.006197279453277587,"[""Equal Baseline Exp 1"",""40800498"",""0""]",0.7556709282727992,8
task05-P0-17-g25-k5-main-recorded,P0,conditional,17,2a32c5df362e28a7968ed071e518312fb34e7ee610149942050165cd367b68a9,25,Equal,5,10,main,recorded,1,64,0.0014395094830099465,5.381944339670659e-05,0.0013753279091346835,0.0061852945788194325,4.999999888241291e-05,0.015108798652887345,0.0,0.0,0.0,0.0006562499999999999,1.0,0.010500404739379882,0.017920404739379885,0.013394154739379882,"[""Equal Baseline Exp 1"",""46096247"",""0""]",0.9601339200474878,28
task05-P0-17-g35-k5-main-recorded,P0,conditional,17,2a32c5df362e28a7968ed071e518312fb34e7ee610149942050165cd367b68a9,35,Equal,5,10,main,recorded,1,64,0.0002572180483489026,4.843749891733743e-05,0.00025741063870253066,0.001023446577748594,4.999999888241291e-05,0.005930799975991249,0.0,0.0,0.0,0.00043749999999999995,1.0,0.005300402545928956,0.009260402545928957,0.0067535275459289544,"[""Equal Baseline Exp 1"",""92291462"",""0""]",0.8362406587321352,8
task05-P0-17-g36-k5-main-recorded,P0,conditional,17,2a32c5df362e28a7968ed071e518312fb34e7ee610149942050165cd367b68a9,36,Equal,5,10,main,recorded,1,64,0.009115143553084619,0.005783680555346015,0.0032999248339824153,0.015481555643702936,4.999999888241291e-05,0.05590439735352993,1.0,0.0,0.08890000000000002,0.035546875,1.0,0.04136040473937988,0.07615040473937988,0.057330092239379876,"[""Equal Baseline Exp 1"",""92992435"",""0""]",1.7578821742557285,32
task05-P0-17-g44-k5-main-recorded,P0,conditional,17,2a32c5df362e28a7968ed071e518312fb34e7ee610149942050165cd367b68a9,44,Mixed,5,10,main,recorded,1,64,0.06611888416863843,0.05488492063492062,0.03435608978330614,0.17569308566857897,0.2660055923461914,0.17819943594932555,1.0,0.053200000000000004,0.6377,0.31999999999999995,0.0,0.18575999999999998,0.2658898340606689,0.22823872543573376,"[""Mixed Baseline Exp 1"",""18823620"",""0""]",3.076973865970296,40
task05-P0-17-g47-k5-main-recorded,P0,conditional,17,2a32c5df362e28a7968ed071e518312fb34e7ee610149942050165cd367b68a9,47,Mixed,5,10,main,recorded,1,64,0.07826252417361934,0.07698813218540615,0.007311820023092958,0.05319141641855239,0.30100461959838865,0.1173999879360199,1.0,0.006999999999999999,0.4669,0.20978124999999997,1.0,0.08787045089721678,0.1610004508972168,0.12133482589721678,"[""Mixed Baseline Exp 1"",""26185795"",""0""]",2.5280970046675777,40
task05-P0-17-g52-k5-main-recorded,P0,conditional,17,2a32c5df362e28a7968ed071e518312fb34e7ee610149942050165cd367b68a9,52,Mixed,5,10,main,recorded,1,64,0.2310494915525521,0.23080998418066234,0.02123662313052587,0.15463602453867595,0.5460056686401367,0.18119998455047606,1.0,0.01540000000000002,0.5810000000000002,0.2331875,1.0,0.11527055847167968,0.18234055847167965,0.14824430847167966,"[""Mixed Baseline Exp 1"",""37465807"",""0""]",2.99737238864403,40
task05-P0-17-g57-k5-main-recorded,P0,conditional,17,2a32c5df362e28a7968ed071e518312fb34e7ee610149942050165cd367b68a9,57,Mixed,5,10,main,recorded,1,64,0.001608543941065058,0.0007152777770792866,0.0012470158473425912,0.005251490470581403,4.999999888241291e-05,0.0125175496712327,1.0,0.0,0.025900000000000017,0.0065625,1.0,0.010900454330444335,0.02454045433044433,0.015900454330444333,"[""Mixed Baseline Exp 1"",""47841996"",""0""]",1.0444257787694473,18
task05-P0-17-g60-k5-main-recorded,P0,conditional,17,2a32c5df362e28a7968ed071e518312fb34e7ee610149942050165cd367b68a9,60,Mixed,5,10,main,recorded,1,64,0.5959579500671032,0.5986597222222224,0.02344976550643407,0.32290789205167036,1.0,0.22289892768859862,0.0,0.006999999999999999,0.5726,0.26949999999999996,1.0,0.1374104943847656,0.24520049438476563,0.18616768188476562,"[""Mixed Baseline Exp 1"",""50116627"",""0""]",2.8291127974382144,40
task05-P0-17-g64-k5-main-recorded,P0,conditional,17,2a32c5df362e28a7968ed071e518312fb34e7ee610149942050165cd367b68a9,64,Mixed,5,10,main,recorded,1,64,0.10693362680988304,0.107697476055887,0.003677825272816515,0.05015531090630425,0.23100461959838867,0.05709999346733093,1.0,0.0,0.26670000000000005,0.09318749999999999,1.0,0.0366404566192627,0.0739804566192627,0.05425045661926269,"[""Mixed Baseline Exp 1"",""64291720"",""0""]",1.9414223323400819,40
task05-P0-17-g73-k5-main-recorded,P0,conditional,17,2a32c5df362e28a7968ed071e518312fb34e7ee610149942050165cd367b68a9,73,Mixed,5,10,main,recorded,1,64,0.33511820967439254,0.33623663096957734,0.027268729109234315,0.2129939131634576,0.6930049133300781,0.23549997711181642,0.0,0.009100000000000004,0.6454000000000003,0.25099999999999995,1.0,0.14348049896240234,0.24262034847259512,0.19220517078638072,"[""Mixed Baseline Exp 1"",""85460730"",""0""]",3.3331675946548387,40
task05-P0-17-g78-k5-main-recorded,P0,conditional,17,2a32c5df362e28a7968ed071e518312fb34e7ee610149942050165cd367b68a9,78,Mixed,5,10,main,recorded,1,64,0.015047956277137009,0.013166666666666674,0.0029198506874993178,0.016747941018734773,4.999999888241291e-05,0.03320884764939547,1.0,0.0,0.23099999999999998,0.060812500000000005,1.0,0.026260551986694334,0.054430551986694324,0.038475551986694334,"[""Mixed Baseline Exp 1"",""95675568"",""0""]",1.325000652270206,27
task05-P0-17-g80-k5-main-recorded,P0,conditional,17,2a32c5df362e28a7968ed071e518312fb34e7ee610149942050165cd367b68a9,80,Proportional,5,10,main,recorded,1,64,0.09840867670590805,0.09949793861971959,0.003139705491018676,0.03916858701904613,0.2450050163269043,0.018699999153614043,1.0,0.0,0.6566000000000001,0.2155625,1.0,0.008720502586364746,0.03745050258636475,0.01892081508636474,"[""Proportional Baseline Exp 1"",""11095201"",""0""]",2.0564970424807165,14
task05-P0-17-g82-k5-main-recorded,P0,conditional,17,2a32c5df362e28a7968ed071e518312fb34e7ee610149942050165cd367b68a9,82,Proportional,5,10,main,recorded,1,64,0.004502442169115883,0.003996006943990427,0.0007006969318030364,0.004624092102645791,4.999999888241291e-05,0.0045243997871875765,1.0,0.0,0.12390000000000001,0.03467187499999999,1.0,0.00396,0.010039999999999999,0.006401562499999998,"[""Proportional Baseline Exp 1"",""14606420"",""0""]",1.1070659162343122,6
task05-P0-17-g89-k5-main-recorded,P0,conditional,17,2a32c5df362e28a7968ed071e518312fb34e7ee610149942050165cd367b68a9,89,Proportional,5,10,main,recorded,1,64,0.14195346871379694,0.13745676476614818,0.027093324812182386,0.11502379687051809,0.8470050048828125,0.24539647912979126,1.0,0.03710000000000005,1.0,0.6033593749999999,1.0,0.15734954861402511,0.24593986458420752,0.2008450444895774,"[""Proportional Baseline Exp 1"",""36303454"",""0""]",2.6975305200926374,31
task05-P0-17-g97-k5-main-recorded,P0,conditional,17,2a32c5df362e28a7968ed071e518312fb34e7ee610149942050165cd367b68a9,97,Proportional,5,10,main,recorded,1,64,0.18124816827796886,0.179890000767178,0.018182947815168254,0.16513900155510222,0.3850050354003906,0.1781989876627922,1.0,0.021000000000000053,1.0,0.626828125,1.0,0.08938055084228516,0.20628055084228514,0.14902242584228514,"[""Proportional Baseline Exp 1"",""45673270"",""0""]",2.7040679417011253,32
task05-P0-29-g104-k5-main-recorded,P0,conditional,29,2fdd756d345c2013996866284f7792835fdb659a3c5df2690b00800af5d89642,104,Proportional,5,10,main,recorded,1,64,0.10419001337380238,0.09833184523809521,0.009019900315526932,0.06703503459975835,1.0,0.14079737854003907,1.0,0.15470000000000006,1.0,0.7278437499999999,1.0,0.0929304524230957,0.18651045242309572,0.1383817024230957,"[""Proportional Baseline Exp 1"",""63752993"",""0""]",3.469106301135711,20
task05-P0-29-g107-k5-main-recorded,P0,conditional,29,2fdd756d345c2013996866284f7792835fdb659a3c5df2690b00800af5d89642,107,Proportional,5,10,main,recorded,1,64,0.11907826110062184,0.11917896767646546,0.008077202399211034,0.07408029716322347,0.5740049362182618,0.10740003997087479,1.0,0.013300000000000013,1.0,0.4838125,1.0,0.06569054779052733,0.14225054779052734,0.10250836029052732,"[""Proportional Baseline Exp 1"",""69384851"",""0""]",2.4970814524071803,38
task05-P0-29-g111-k5-main-recorded,P0,conditional,29,2fdd756d345c2013996866284f7792835fdb659a3c5df2690b00800af5d89642,111,Proportional,5,10,main,recorded,1,64,0.20526417509566097,0.20559881153371598,0.009894165244893647,0.12177960441190572,0.07000502109527589,0.04849999743700027,1.0,0.0,1.0,0.46821875,1.0,0.04023049896240233,0.11066049896240235,0.06930987396240232,"[""Proportional Baseline Exp 1"",""76356479"",""0""]",1.6864471572391857,23
task05-P0-29-g117-k5-main-recorded,P0,conditional,29,2fdd756d345c2013996866284f7792835fdb659a3c5df2690b00800af5d89642,117,Proportional,5,10,main,recorded,1,64,0.16837653805941394,0.15999503968253967,0.011796927904704258,0.08517462744939895,1.0,0.16349546813964844,1.0,0.0,1.0,0.603125,1.0,0.09400035247802735,0.22250999999999999,0.16139082169532776,"[""Proportional Baseline Exp 1"",""85019022"",""0""]",4.26610491760873,10
task05-P0-29-g13-k5-main-recorded,P0,conditional,29,2fdd756d345c2013996866284f7792835fdb659a3c5df2690b00800af5d89642,13,Equal,5,10,main,recorded,1,64,0.0020623993538250087,4.9999998882412894e-05,0.00206121983241349,0.00750082216117363,4.999999888241291e-05,0.008017599403858185,0.0,0.0,0.0,0.0,0.0,0.00460040225982666,0.006540402259826659,0.005525402259826659,"[""Equal Baseline Exp 1"",""35368456"",""0""]",0.5732430094334938,20
task05-P0-29-g20-k5-main-recorded,P0,conditional,29,2fdd756d345c2013996866284f7792835fdb659a3c5df2690b00800af5d89642,20,Equal,5,10,main,recorded,1,64,0.00017165926725743532,4.9999998882412894e-05,0.00016639865413899455,0.0006264094329173932,4.999999888241291e-05,0.005930800035595894,0.0,0.0,0.0,0.0,1.0,0.005300404453277588,0.007180404453277588,0.006009779453277587,"[""Equal Baseline Exp 1"",""40800498"",""0""]",0.7610467731228453,8
task05-P0-29-g25-k5-main-recorded,P0,conditional,29,2fdd756d345c2013996866284f7792835fdb659a3c5df2690b00800af5d89642,25,Equal,5,10,main,recorded,1,64,0.0014775954744531304,6.770833228559605e-05,0.001419701735078106,0.006714495975165888,4.999999888241291e-05,0.015108798652887345,0.0,0.0,0.0,0.0015312499999999998,1.0,0.010300404739379883,0.01744040473937988,0.013572279739379883,"[""Equal Baseline Exp 1"",""46096247"",""0""]",0.9619171097433151,28
task05-P0-29-g35-k5-main-recorded,P0,conditional,29,2fdd756d345c2013996866284f7792835fdb659a3c5df2690b00800af5d89642,35,Equal,5,10,main,recorded,1,64,0.00030827784559190675,4.9999998882412894e-05,0.0003028146967217917,0.0011361345625100913,4.999999888241291e-05,0.005930799975991249,0.0,0.0,0.0,0.0,1.0,0.005700402545928955,0.008500402545928954,0.0066660275459289545,"[""Equal Baseline Exp 1"",""92291462"",""0""]",0.8256880706153997,8
task05-P0-29-g36-k5-main-recorded,P0,conditional,29,2fdd756d345c2013996866284f7792835fdb659a3c5df2690b00800af5d89642,36,Equal,5,10,main,recorded,1,64,0.007980132098788562,0.0033802083329840804,0.004143039127780747,0.017664219374531078,4.999999888241291e-05,0.05590439735352993,1.0,0.0,0.08190000000000001,0.022640624999999998,1.0,0.03916040473937988,0.07996040473937988,0.05509884223937987,"[""Equal Baseline Exp 1"",""92992435"",""0""]",1.7484983726200691,32
task05-P0-29-g44-k5-main-recorded,P0,conditional,29,2fdd756d345c2013996866284f7792835fdb659a3c5df2690b00800af5d89642,44,Mixed,5,10,main,recorded,1,64,0.06453875727795699,0.051458682854970295,0.03558518804690194,0.16472986364856598,0.2660055923461914,0.17819943594932555,1.0,0.03710000000000001,0.5985,0.30546874999999996,1.0,0.17131961280822755,0.27365944686889654,0.2296919282197952,"[""Mixed Baseline Exp 1"",""18823620"",""0""]",3.105410864559544,40
task05-P0-29-g47-k5-main-recorded,P0,conditional,29,2fdd756d345c2013996866284f7792835fdb659a3c5df2690b00800af5d89642,47,Mixed,5,10,main,recorded,1,64,0.09716498988822499,0.09713425424363877,0.006086507936507935,0.0573591107984384,0.30100461959838865,0.1173999879360199,1.0,0.016100000000000003,0.46550000000000025,0.18965624999999997,1.0,0.09005045089721678,0.1672004508972168,0.12301607589721679,"[""Mixed Baseline Exp 1"",""26185795"",""0""]",2.5305508476535135,40
task05-P0-29-g52-k5-main-recorded,P0,conditional,29,2fdd756d345c2013996866284f7792835fdb659a3c5df2690b00800af5d89642,52,Mixed,5,10,main,recorded,1,64,0.2523770618736292,0.2521369045045641,0.029287317574970318,0.18441148474708438,0.5460056686401367,0.18119998455047606,0.0,0.0021000000000000046,0.49840000000000007,0.21643749999999998,1.0,0.10078055847167969,0.19415055847167972,0.13913180847167966,"[""Mixed Baseline Exp 1"",""37465807"",""0""]",2.9995821864282193,40
task05-P0-29-g57-k5-main-recorded,P0,conditional,29,2fdd756d345c2013996866284f7792835fdb659a3c5df2690b00800af5d89642,57,Mixed,5,10,main,recorded,1,64,0.0016836886598843755,0.000597569443815801,0.0013121676266385556,0.00539591124248626,4.999999888241291e-05,0.0125175496712327,1.0,0.0,0.013999999999999999,0.007984375000000002,1.0,0.010360454330444337,0.020990454330444334,0.015655141830444336,"[""Mixed Baseline Exp 1"",""47841996"",""0""]",1.0383246000106543,18
task05-P0-29-g60-k5-main-recorded,P0,conditional,29,2fdd756d345c2013996866284f7792835fdb659a3c5df2690b00800af5d89642,60,Mixed,5,10,main,recorded,1,64,0.696760303167668,0.6986944444444444,0.034630176115982125,0.41582284308586803,1.0,0.22289892768859862,0.0,0.0021000000000000046,0.46060000000000006,0.19906249999999998,0.0,0.12993049438476562,0.20992049438476565,0.17243799438476562,"[""Mixed Baseline Exp 1"",""50116627"",""0""]",2.8487123675296258,40
task05-P0-29-g64-k5-main-recorded,P0,conditional,29,2fdd756d345c2013996866284f7792835fdb659a3c5df2690b00800af5d89642,64,Mixed,5,10,main,recorded,1,64,0.12392826112234907,0.12468806992636788,0.00399159429917733,0.0551441401683622,0.23100461959838867,0.05709999346733093,0.0,0.0,0.1988,0.072296875,1.0,0.0362304566192627,0.07073045661926268,0.053477019119262684,"[""Mixed Baseline Exp 1"",""64291720"",""0""]",1.9693828127234976,40
task05-P0-29-g73-k5-main-recorded,P0,conditional,29,2fdd756d345c2013996866284f7792835fdb659a3c5df2690b00800af5d89642,73,Mixed,5,10,main,recorded,1,64,0.3970655609465585,0.3989525229136148,0.029760605883409147,0.24307694068238855,0.6930049133300781,0.23549997711181642,0.0,0.020999999999999998,0.44870000000000004,0.20617187499999998,1.0,0.14687049896240234,0.24185034847259518,0.18983796761035915,"[""Mixed Baseline Exp 1"",""85460730"",""0""]",3.3192318785150006,40
task05-P0-29-g78-k5-main-recorded,P0,conditional,29,2fdd756d345c2013996866284f7792835fdb659a3c5df2690b00800af5d89642,78,Mixed,5,10,main,recorded,1,64,0.017226294861551764,0.015445486111320655,0.0035416471223945565,0.019525767191870054,4.999999888241291e-05,0.03320884764939547,1.0,0.0,0.14490000000000003,0.05960937499999999,1.0,0.025960551986694332,0.05064055198669433,0.03902086448669434,"[""Mixed Baseline Exp 1"",""95675568"",""0""]",1.3294309429193778,27
task05-P0-29-g80-k5-main-recorded,P0,conditional,29,2fdd756d345c2013996866284f7792835fdb659a3c5df2690b00800af5d89642,80,Proportional,5,10,main,recorded,1,64,0.1489836892374836,0.15197882964875958,0.0032979758952581713,0.056713041435099296,0.2450050163269043,0.018699999153614043,1.0,0.0,0.5145000000000002,0.11046874999999999,1.0,0.008720502586364746,0.028340502586364735,0.017994252586364744,"[""Proportional Baseline Exp 1"",""11095201"",""0""]",2.1326688395184656,14
task05-P0-29-g82-k5-main-recorded,P0,conditional,29,2fdd756d345c2013996866284f7792835fdb659a3c5df2690b00800af5d89642,82,Proportional,5,10,main,recorded,1,64,0.001937527125583172,0.0016017361106221688,0.0005542613826780799,0.0028834601213230692,4.999999888241291e-05,0.0045243997871875765,1.0,0.0,0.05950000000000011,0.016625,1.0,0.0039,0.009819999999999997,0.0060687499999999995,"[""Proportional Baseline Exp 1"",""14606420"",""0""]",1.1037147375131404,6
task05-P0-29-g89-k5-main-recorded,P0,conditional,29,2fdd756d345c2013996866284f7792835fdb659a3c5df2690b00800af5d89642,89,Proportional,5,10,main,recorded,1,64,0.09792538703866055,0.09441021825396825,0.025364662267184944,0.054130313209834566,0.8470050048828125,0.24539647912979126,1.0,0.063,1.0,0.69446875,0.0,0.1498795486140251,0.2434598645842075,0.20087154351342465,"[""Proportional Baseline Exp 1"",""36303454"",""0""]",2.7001468323745565,31
task05-P0-29-g97-k5-main-recorded,P0,conditional,29,2fdd756d345c2013996866284f7792835fdb659a3c5df2690b00800af5d89642,97,Proportional,5,10,main,recorded,1,64,0.1906711471412836,0.19229372268252898,0.013410972855003606,0.16592440157825986,0.3850050354003906,0.1781989876627922,1.0,0.1092,1.0,0.635890625,1.0,0.11928055084228514,0.21236055084228508,0.15880523834228513,"[""Proportional Baseline Exp 1"",""45673270"",""0""]",2.6730367884826,32
task05-P0-43-g104-k5-main-recorded,P0,conditional,43,56f691d06b0452d030688fb9a09ff57445ec796c118db8e2dc5aa9166d73a662,104,Proportional,5,10,main,recorded,1,64,0.05667398150487882,0.048510912698412706,0.008497318281067739,0.05159370882548984,1.0,0.14079737854003907,1.0,0.09940000000000007,1.0,0.8009999999999999,1.0,0.08537045242309568,0.17396045242309566,0.13721607742309566,"[""Proportional Baseline Exp 1"",""63752993"",""0""]",3.4545613055238045,20
task05-P0-43-g107-k5-main-recorded,P0,conditional,43,56f691d06b0452d030688fb9a09ff57445ec796c118db8e2dc5aa9166d73a662,107,Proportional,5,10,main,recorded,1,64,0.10742193239530495,0.10713848059139561,0.007575432554289465,0.06260302809864757,0.5740049362182618,0.10740003997087479,1.0,0.0,1.0,0.48535937500000004,1.0,0.06574054779052733,0.14763054779052734,0.10676617279052732,"[""Proportional Baseline Exp 1"",""69384851"",""0""]",2.497137651770895,38
task05-P0-43-g111-k5-main-recorded,P0,conditional,43,56f691d06b0452d030688fb9a09ff57445ec796c118db8e2dc5aa9166d73a662,111,Proportional,5,10,main,recorded,1,64,0.2037868137834626,0.20347895406446764,0.010406401556351816,0.12339218510262788,0.07000502109527589,0.04849999743700027,1.0,0.0,1.0,0.45995312499999996,1.0,0.03467049896240235,0.09844049896240231,0.06805362396240233,"[""Proportional Baseline Exp 1"",""76356479"",""0""]",1.6846009472136554,23
task05-P0-43-g117-k5-main-recorded,P0,conditional,43,56f691d06b0452d030688fb9a09ff57445ec796c118db8e2dc5aa9166d73a662,117,Proportional,5,10,main,recorded,1,64,0.12522797333783856,0.11852033730158729,0.010693746471405023,0.056112614840552924,1.0,0.16349546813964844,1.0,0.0,1.0,0.662171875,1.0,0.11295000000000001,0.21994015106201173,0.17033607125282285,"[""Proportional Baseline Exp 1"",""85019022"",""0""]",4.268990528495484,10
task05-P0-43-g13-k5-main-recorded,P0,conditional,43,56f691d06b0452d030688fb9a09ff57445ec796c118db8e2dc5aa9166d73a662,13,Equal,5,10,main,recorded,1,64,0.0019537041961368846,4.9999998882412894e-05,0.0019524482946783783,0.007017103888543918,4.999999888241291e-05,0.008017599403858185,0.0,0.0,0.0,0.0,0.0,0.00460040225982666,0.00708040225982666,0.00560040225982666,"[""Equal Baseline Exp 1"",""35368456"",""0""]",0.5733579438318837,20
task05-P0-43-g20-k5-main-recorded,P0,conditional,43,56f691d06b0452d030688fb9a09ff57445ec796c118db8e2dc5aa9166d73a662,20,Equal,5,10,main,recorded,1,64,0.0001698657643025433,4.9999998882412894e-05,0.00016336766709351843,0.000657102328318999,4.999999888241291e-05,0.005930800035595894,0.0,0.0,0.0,0.0,1.0,0.005100404453277588,0.0067004044532775866,0.0059660294532775885,"[""Equal Baseline Exp 1"",""40800498"",""0""]",0.7636762976294367,8
task05-P0-43-g25-k5-main-recorded,P0,conditional,43,56f691d06b0452d030688fb9a09ff57445ec796c118db8e2dc5aa9166d73a662,25,Equal,5,10,main,recorded,1,64,0.0016203130130566464,9.930555457766726e-05,0.0015032334811098526,0.00652120345624733,4.999999888241291e-05,0.015108798652887345,0.0,0.0,0.0,0.0017499999999999996,1.0,0.010300404739379883,0.019470404739379884,0.013847279739379884,"[""Equal Baseline Exp 1"",""46096247"",""0""]",0.9599923551632711,28
task05-P0-43-g35-k5-main-recorded,P0,conditional,43,56f691d06b0452d030688fb9a09ff57445ec796c118db8e2dc5aa9166d73a662,35,Equal,5,10,main,recorded,1,64,0.00041634333514199034,4.843749891733748e-05,0.00042455580594195474,0.0015507448246417977,4.999999888241291e-05,0.005930799975991249,0.0,0.0,0.0,0.00032812499999999997,1.0,0.005700402545928955,0.009500402545928955,0.007101965045928955,"[""Equal Baseline Exp 1"",""92291462"",""0""]",0.8307163811331806,8
task05-P0-43-g36-k5-main-recorded,P0,conditional,43,56f691d06b0452d030688fb9a09ff57445ec796c118db8e2dc5aa9166d73a662,36,Equal,5,10,main,recorded,1,64,0.007336673494625891,0.0038833333329142267,0.003409331486870844,0.01498320247397512,4.999999888241291e-05,0.05590439735352993,1.0,0.0,0.10780000000000003,0.035546875,1.0,0.04170040473937988,0.07601040473937988,0.05598009223937987,"[""Equal Baseline Exp 1"",""92992435"",""0""]",1.7438220064962802,32
task05-P0-43-g44-k5-main-recorded,P0,conditional,43,56f691d06b0452d030688fb9a09ff57445ec796c118db8e2dc5aa9166d73a662,44,Mixed,5,10,main,recorded,1,64,0.06040415284892406,0.048788543966081455,0.030226440736556788,0.15972130728505904,0.2660055923461914,0.17819943594932555,1.0,0.023100000000000002,0.6461000000000002,0.289296875,0.0,0.1782296128082275,0.2598696128082275,0.22458095614910123,"[""Mixed Baseline Exp 1"",""18823620"",""0""]",3.099764855254331,40
task05-P0-43-g47-k5-main-recorded,P0,conditional,43,56f691d06b0452d030688fb9a09ff57445ec796c118db8e2dc5aa9166d73a662,47,Mixed,5,10,main,recorded,1,64,0.09917257979200014,0.09833593185742692,0.006590920552635006,0.06402391698029307,0.30100461959838865,0.1173999879360199,1.0,0.0,0.3878,0.168109375,1.0,0.0854204508972168,0.1584204508972168,0.11683326339721678,"[""Mixed Baseline Exp 1"",""26185795"",""0""]",2.525288212779615,40
task05-P0-43-g52-k5-main-recorded,P0,conditional,43,56f691d06b0452d030688fb9a09ff57445ec796c118db8e2dc5aa9166d73a662,52,Mixed,5,10,main,recorded,1,64,0.30237974366735987,0.3012271822823419,0.0336407855952543,0.22029022188716468,0.5460056686401367,0.18119998455047606,0.0,0.0021000000000000046,0.43889999999999996,0.1640625,0.0,0.10586055847167967,0.17484055847167965,0.13575993347167967,"[""Mixed Baseline Exp 1"",""37465807"",""0""]",3.0029003367231026,40
task05-P0-43-g57-k5-main-recorded,P0,conditional,43,56f691d06b0452d030688fb9a09ff57445ec796c118db8e2dc5aa9166d73a662,57,Mixed,5,10,main,recorded,1,64,0.0014016986650084136,0.0002581597214189567,0.0013636785329186486,0.005298061139780071,4.999999888241291e-05,0.0125175496712327,1.0,0.0,0.011900000000000018,0.0033906249999999995,1.0,0.010620454330444336,0.020720454330444327,0.015430141830444333,"[""Mixed Baseline Exp 1"",""47841996"",""0""]",1.0371020023770556,18
task05-P0-43-g60-k5-main-recorded,P0,conditional,43,56f691d06b0452d030688fb9a09ff57445ec796c118db8e2dc5aa9166d73a662,60,Mixed,5,10,main,recorded,1,64,0.6715654795909265,0.6747118055555555,0.02266618415722773,0.35754293812976945,1.0,0.22289892768859862,0.0,0.0,0.5327000000000003,0.21109375,1.0,0.1348004943847656,0.23329049438476562,0.18349268188476558,"[""Mixed Baseline Exp 1"",""50116627"",""0""]",2.852252931069044,40
task05-P0-43-g64-k5-main-recorded,P0,conditional,43,56f691d06b0452d030688fb9a09ff57445ec796c118db8e2dc5aa9166d73a662,64,Mixed,5,10,main,recorded,1,64,0.12426385978488877,0.1246393144528071,0.004541019717260961,0.054373915445804596,0.23100461959838867,0.05709999346733093,0.0,0.0,0.2289,0.0713125,1.0,0.038120456619262694,0.08037045661926268,0.05618483161926269,"[""Mixed Baseline Exp 1"",""64291720"",""0""]",1.958080234514302,40
task05-P0-43-g73-k5-main-recorded,P0,conditional,43,56f691d06b0452d030688fb9a09ff57445ec796c118db8e2dc5aa9166d73a662,73,Mixed,5,10,main,recorded,1,64,0.334651875885584,0.3337579249276056,0.029270372014197122,0.22386115991236671,0.6930049133300781,0.23549997711181642,0.0,0.02520000000000001,0.5859,0.252546875,0.0,0.1488704989624023,0.23346999732971185,0.1886317019343376,"[""Mixed Baseline Exp 1"",""85460730"",""0""]",3.3168197346878996,40
task05-P0-43-g78-k5-main-recorded,P0,conditional,43,56f691d06b0452d030688fb9a09ff57445ec796c118db8e2dc5aa9166d73a662,78,Mixed,5,10,main,recorded,1,64,0.010764694682621583,0.00927361111097141,0.0027679049401034004,0.015116912246796224,4.999999888241291e-05,0.03320884764939547,1.0,0.0,0.126,0.03959375,1.0,0.02624055198669433,0.053130551986694335,0.038778676986694335,"[""Mixed Baseline Exp 1"",""95675568"",""0""]",1.334348624944204,27
task05-P0-43-g80-k5-main-recorded,P0,conditional,43,56f691d06b0452d030688fb9a09ff57445ec796c118db8e2dc5aa9166d73a662,80,Proportional,5,10,main,recorded,1,64,0.09127528518827449,0.09227634343836044,0.0023243466455193738,0.03540898857572013,0.2450050163269043,0.018699999153614043,1.0,0.0,0.5978,0.19479687499999998,1.0,0.010200502586364745,0.033460502586364745,0.01917394008636474,"[""Proportional Baseline Exp 1"",""11095201"",""0""]",2.0838622497429915,14
task05-P0-43-g82-k5-main-recorded,P0,conditional,43,56f691d06b0452d030688fb9a09ff57445ec796c118db8e2dc5aa9166d73a662,82,Proportional,5,10,main,recorded,1,64,0.005819574219622474,0.005447395832879315,0.0007146468919007078,0.0050506858036226026,4.999999888241291e-05,0.0045243997871875765,1.0,0.0,0.13930000000000015,0.0371875,1.0,0.0037,0.010699999999999998,0.006453124999999999,"[""Proportional Baseline Exp 1"",""14606420"",""0""]",1.0948775221557296,6
task05-P0-43-g89-k5-main-recorded,P0,conditional,43,56f691d06b0452d030688fb9a09ff57445ec796c118db8e2dc5aa9166d73a662,89,Proportional,5,10,main,recorded,1,64,0.14593156361571946,0.13986009222363663,0.03628839505160495,0.10323301701989793,0.8470050048828125,0.24539647912979126,1.0,0.0021000000000000046,1.0,0.618359375,0.0,0.1364898645842075,0.23620954861402513,0.18904184190761297,"[""Proportional Baseline Exp 1"",""36303454"",""0""]",2.7028923628707457,31
task05-P0-43-g97-k5-main-recorded,P0,conditional,43,56f691d06b0452d030688fb9a09ff57445ec796c118db8e2dc5aa9166d73a662,97,Proportional,5,10,main,recorded,1,64,0.14527326743570043,0.14424463950263125,0.013860925513275349,0.16217015075021324,0.3850050354003906,0.1781989876627922,1.0,0.1071,1.0,0.5882187499999999,1.0,0.10688055084228515,0.20588055084228515,0.1558489883422851,"[""Proportional Baseline Exp 1"",""45673270"",""0""]",2.6736108006211143,32
task05-P1-17-g104-k5-main-recorded,P1,conditional,17,019662b85c044462d5d4b319ab65b2ab52128d7a7c3091fc3dd9df5daaf9a19e,104,Proportional,5,10,main,recorded,1,64,0.07964289462967264,0.0692172619047619,0.011349770869149105,0.05731491876708139,1.0,0.14079737854003907,1.0,0.1414,1.0,0.7605156249999999,1.0,0.07922045242309568,0.18800045242309568,0.1315567024230957,"[""Proportional Baseline Exp 1"",""63752993"",""0""]",3.4791004162852857,20
task05-P1-17-g107-k5-main-recorded,P1,conditional,17,019662b85c044462d5d4b319ab65b2ab52128d7a7c3091fc3dd9df5daaf9a19e,107,Proportional,5,10,main,recorded,1,64,0.11036973265823397,0.11019124747457962,0.006927452410166228,0.06458845792100543,0.5740049362182618,0.10740003997087479,1.0,0.0,1.0,0.524359375,1.0,0.07324054779052734,0.15025054779052738,0.10481461029052733,"[""Proportional Baseline Exp 1"",""69384851"",""0""]",2.485391622655392,38
task05-P1-17-g111-k5-main-recorded,P1,conditional,17,019662b85c044462d5d4b319ab65b2ab52128d7a7c3091fc3dd9df5daaf9a19e,111,Proportional,5,10,main,recorded,1,64,0.2799975666623642,0.2787398920669442,0.015527989439636696,0.1737657129803702,0.07000502109527589,0.04849999743700027,1.0,0.0,1.0,0.551328125,1.0,0.04154049896240235,0.11479049896240233,0.07695831146240231,"[""Proportional Baseline Exp 1"",""76356479"",""0""]",1.6687804135556201,23
task05-P1-17-g117-k5-main-recorded,P1,conditional,17,019662b85c044462d5d4b319ab65b2ab52128d7a7c3091fc3dd9df5daaf9a19e,117,Proportional,5,10,main,recorded,1,64,0.26648492701756976,0.26454910714285707,0.00997962001013377,0.12031101879695102,1.0,0.16349546813964844,1.0,0.0,1.0,0.492015625,1.0,0.12715050354003907,0.23114035247802736,0.1726407744884491,"[""Proportional Baseline Exp 1"",""85019022"",""0""]",4.294440414346455,10
task05-P1-17-g13-k5-main-recorded,P1,conditional,17,019662b85c044462d5d4b319ab65b2ab52128d7a7c3091fc3dd9df5daaf9a19e,13,Equal,5,10,main,recorded,1,64,0.002146137575465037,4.843749891733743e-05,0.002109491945472029,0.007415377374814125,4.999999888241291e-05,0.008017599403858185,0.0,0.0,0.0,0.00043749999999999995,0.0,0.00460040225982666,0.00674040225982666,0.00560352725982666,"[""Equal Baseline Exp 1"",""35368456"",""0""]",0.598937504844119,20
task05-P1-17-g20-k5-main-recorded,P1,conditional,17,019662b85c044462d5d4b319ab65b2ab52128d7a7c3091fc3dd9df5daaf9a19e,20,Equal,5,10,main,recorded,1,64,0.00016014674910284053,4.843749891733748e-05,0.0001513214972949338,0.0006257860690678677,4.999999888241291e-05,0.005930800035595894,0.0,0.0,0.0,0.00032812499999999997,1.0,0.005160404453277589,0.0064404044532775885,0.005808216953277588,"[""Equal Baseline Exp 1"",""40800498"",""0""]",0.7485161697462269,8
task05-P1-17-g25-k5-main-recorded,P1,conditional,17,019662b85c044462d5d4b319ab65b2ab52128d7a7c3091fc3dd9df5daaf9a19e,25,Equal,5,10,main,recorded,1,64,0.0017946024467953552,0.0005722222213840316,0.0011720818363396184,0.005903606507244856,4.999999888241291e-05,0.015108798652887345,1.0,0.0,0.011900000000000018,0.012796875,1.0,0.011160404739379882,0.020270404739379886,0.014973842239379882,"[""Equal Baseline Exp 1"",""46096247"",""0""]",0.9674289280628651,28
task05-P1-17-g35-k5-main-recorded,P1,conditional,17,019662b85c044462d5d4b319ab65b2ab52128d7a7c3091fc3dd9df5daaf9a19e,35,Equal,5,10,main,recorded,1,64,0.00038351627618629647,5.034722117448428e-05,0.00038945167706687974,0.0014631945213018397,4.999999888241291e-05,0.005930799975991249,0.0,0.0,0.0,0.00043749999999999995,1.0,0.005560402545928955,0.009270402545928955,0.007041027545928955,"[""Equal Baseline Exp 1"",""92291462"",""0""]",0.8399126697410646,8
task05-P1-17-g36-k5-main-recorded,P1,conditional,17,019662b85c044462d5d4b319ab65b2ab52128d7a7c3091fc3dd9df5daaf9a19e,36,Equal,5,10,main,recorded,1,64,0.02377263653247491,0.0198538194443746,0.0050051316448043795,0.027404667016324425,4.999999888241291e-05,0.05590439735352993,1.0,0.0,0.3878000000000002,0.09253125,1.0,0.040760404739379884,0.09177040473937986,0.061909779739379875,"[""Equal Baseline Exp 1"",""92992435"",""0""]",1.7589860098687362,32
task05-P1-17-g44-k5-main-recorded,P1,conditional,17,019662b85c044462d5d4b319ab65b2ab52128d7a7c3091fc3dd9df5daaf9a19e,44,Mixed,5,10,main,recorded,1,64,0.07581519189629823,0.06626771063274808,0.037589099075278576,0.17330388220718929,0.2660055923461914,0.17819943594932555,1.0,0.016100000000000003,0.6257999999999999,0.31170312499999997,0.0,0.1945596128082275,0.26243983406066895,0.22959658114910123,"[""Mixed Baseline Exp 1"",""18823620"",""0""]",3.082510002259261,40
task05-P1-17-g47-k5-main-recorded,P1,conditional,17,019662b85c044462d5d4b319ab65b2ab52128d7a7c3091fc3dd9df5daaf9a19e,47,Mixed,5,10,main,recorded,1,64,0.06411694810641462,0.061168399016062414,0.01006714409672551,0.05636607316997316,0.30100461959838865,0.1173999879360199,1.0,0.027999999999999997,0.4879,0.23854687499999996,1.0,0.09382045089721677,0.18111045089721678,0.1336207633972168,"[""Mixed Baseline Exp 1"",""26185795"",""0""]",2.5289256575943995,40
task05-P1-17-g52-k5-main-recorded,P1,conditional,17,019662b85c044462d5d4b319ab65b2ab52128d7a7c3091fc3dd9df5daaf9a19e,52,Mixed,5,10,main,recorded,1,64,0.1740388190139251,0.17378844226731197,0.015504470742221874,0.11111989093394507,0.5460056686401367,0.18119998455047606,1.0,0.0,0.7048999999999999,0.300765625,1.0,0.11623055847167968,0.20952055847167964,0.1571755584716797,"[""Mixed Baseline Exp 1"",""37465807"",""0""]",2.979996884671359,40
task05-P1-17-g57-k5-main-recorded,P1,conditional,17,019662b85c044462d5d4b319ab65b2ab52128d7a7c3091fc3dd9df5daaf9a19e,57,Mixed,5,10,main,recorded,1,64,0.0020494432739164396,0.0008144097215586552,0.0016761061187020483,0.006840714339800047,4.999999888241291e-05,0.0125175496712327,1.0,0.0,0.023800000000000036,0.009624999999999998,1.0,0.010700454330444333,0.025640454330444328,0.016466079330444333,"[""Mixed Baseline Exp 1"",""47841996"",""0""]",1.0475022398690954,18
task05-P1-17-g60-k5-main-recorded,P1,conditional,17,019662b85c044462d5d4b319ab65b2ab52128d7a7c3091fc3dd9df5daaf9a19e,60,Mixed,5,10,main,recorded,1,64,0.5601202405756105,0.561673115079365,0.024190538632112853,0.327469272868217,1.0,0.22289892768859862,0.0,0.0,0.6825,0.2860937499999999,1.0,0.1347004943847656,0.2281704943847656,0.18142236162126063,"[""Mixed Baseline Exp 1"",""50116627"",""0""]",2.8557569051940277,40
task05-P1-17-g64-k5-main-recorded,P1,conditional,17,019662b85c044462d5d4b319ab65b2ab52128d7a7c3091fc3dd9df5daaf9a19e,64,Mixed,5,10,main,recorded,1,64,0.09501590568993643,0.09574898193942173,0.004921151608559819,0.04774322097831302,0.23100461959838867,0.05709999346733093,1.0,0.0,0.40460000000000007,0.14448437499999997,1.0,0.0353204566192627,0.07851045661926268,0.05651764411926269,"[""Mixed Baseline Exp 1"",""64291720"",""0""]",1.9317110551285808,40
task05-P1-17-g73-k5-main-recorded,P1,conditional,17,019662b85c044462d5d4b319ab65b2ab52128d7a7c3091fc3dd9df5daaf9a19e,73,Mixed,5,10,main,recorded,1,64,0.29310791634774147,0.29343470117780895,0.026279220826663695,0.1999808837084543,0.6930049133300781,0.23549997711181642,0.0,0.0021000000000000046,0.6328,0.28435937499999997,1.0,0.14311049896240233,0.23772049896240233,0.19251297544836996,"[""Mixed Baseline Exp 1"",""85460730"",""0""]",3.3267782497856615,40
task05-P1-17-g78-k5-main-recorded,P1,conditional,17,019662b85c044462d5d4b319ab65b2ab52128d7a7c3091fc3dd9df5daaf9a19e,78,Mixed,5,10,main,recorded,1,64,0.009933156776084147,0.007464236110901565,0.0029847540870530627,0.014770779633069308,4.999999888241291e-05,0.03320884764939547,1.0,0.0,0.09799999999999999,0.0485625,1.0,0.02386055198669433,0.054840551986694325,0.03679117698669433,"[""Mixed Baseline Exp 1"",""95675568"",""0""]",1.3302882010927364,27
task05-P1-17-g80-k5-main-recorded,P1,conditional,17,019662b85c044462d5d4b319ab65b2ab52128d7a7c3091fc3dd9df5daaf9a19e,80,Proportional,5,10,main,recorded,1,64,0.14023626290060442,0.14302396853764854,0.0026909455703837525,0.05328669958694114,0.2450050163269043,0.018699999153614043,1.0,0.0,0.4669,0.11309374999999999,1.0,0.009030502586364744,0.033700502586364735,0.019500502586364737,"[""Proportional Baseline Exp 1"",""11095201"",""0""]",2.094327897831823,14
task05-P1-17-g82-k5-main-recorded,P1,conditional,17,019662b85c044462d5d4b319ab65b2ab52128d7a7c3091fc3dd9df5daaf9a19e,82,Proportional,5,10,main,recorded,1,64,0.0015222661106501154,0.0011303819437808778,0.000577387930077338,0.00255802954891826,4.999999888241291e-05,0.0045243997871875765,1.0,0.0,0.016800000000000037,0.01640625,1.0,0.0037,0.010529999999999998,0.0061093749999999985,"[""Proportional Baseline Exp 1"",""14606420"",""0""]",1.0770019175474,6
task05-P1-17-g89-k5-main-recorded,P1,conditional,17,019662b85c044462d5d4b319ab65b2ab52128d7a7c3091fc3dd9df5daaf9a19e,89,Proportional,5,10,main,recorded,1,64,0.09338025536024835,0.08772658375331335,0.03310823979763286,0.048527567209309286,0.8470050048828125,0.24539647912979126,1.0,0.11340000000000001,1.0,0.7613125000000001,1.0,0.13978986458420756,0.24894968402981754,0.19195905761923637,"[""Proportional Baseline Exp 1"",""36303454"",""0""]",2.6918120160046133,31
task05-P1-17-g97-k5-main-recorded,P1,conditional,17,019662b85c044462d5d4b319ab65b2ab52128d7a7c3091fc3dd9df5daaf9a19e,97,Proportional,5,10,main,recorded,1,64,0.1955412488843119,0.1959284859611874,0.012029575553110683,0.1701690138587876,0.3850050354003906,0.1781989876627922,1.0,0.06650000000000002,1.0,0.6301874999999999,1.0,0.12037055084228514,0.19888055084228518,0.15950367584228514,"[""Proportional Baseline Exp 1"",""45673270"",""0""]",2.700645662751901,32
task05-P1-29-g104-k5-main-recorded,P1,conditional,29,deda3db37265ccd7344a0aef229ce761bfbfae8f29b44fe12a07d6b993a09087,104,Proportional,5,10,main,recorded,1,64,0.04613914629850313,0.03552083333333336,0.011220880545888646,0.05098896947512551,1.0,0.14079737854003907,1.0,0.03150000000000008,1.0,0.816921875,1.0,0.0869104524230957,0.16694045242309566,0.12343170242309567,"[""Proportional Baseline Exp 1"",""63752993"",""0""]",3.456804549928491,20
task05-P1-29-g107-k5-main-recorded,P1,conditional,29,deda3db37265ccd7344a0aef229ce761bfbfae8f29b44fe12a07d6b993a09087,107,Proportional,5,10,main,recorded,1,64,0.13410725830192793,0.13493477785019642,0.00649649803413167,0.07609926450735045,0.5740049362182618,0.10740003997087479,1.0,0.053200000000000004,1.0,0.6248125,1.0,0.07299054779052733,0.14311054779052731,0.10433961029052732,"[""Proportional Baseline Exp 1"",""69384851"",""0""]",2.4895222696354202,38
task05-P1-29-g111-k5-main-recorded,P1,conditional,29,deda3db37265ccd7344a0aef229ce761bfbfae8f29b44fe12a07d6b993a09087,111,Proportional,5,10,main,recorded,1,64,0.1392892578405558,0.13956834607985286,0.008785672599704015,0.08562353996392043,0.07000502109527589,0.04849999743700027,1.0,0.0,1.0,0.36792187499999995,1.0,0.03694049896240234,0.09887049896240231,0.06450362396240233,"[""Proportional Baseline Exp 1"",""76356479"",""0""]",1.6922079911197734,23
task05-P1-29-g117-k5-main-recorded,P1,conditional,29,deda3db37265ccd7344a0aef229ce761bfbfae8f29b44fe12a07d6b993a09087,117,Proportional,5,10,main,recorded,1,64,0.18706875883645213,0.18044791666666668,0.01118284634786939,0.08185200375753739,1.0,0.16349546813964844,1.0,0.0,1.0,0.5893124999999999,1.0,0.11073015106201173,0.22596,0.16956106338500976,"[""Proportional Baseline Exp 1"",""85019022"",""0""]",4.284745829864452,10
task05-P1-29-g13-k5-main-recorded,P1,conditional,29,deda3db37265ccd7344a0aef229ce761bfbfae8f29b44fe12a07d6b993a09087,13,Equal,5,10,main,recorded,1,64,0.0022696308431232534,5.3819443396706484e-05,0.0021895100902765995,0.007926210679104163,4.999999888241291e-05,0.008017599403858185,0.0,0.0,0.0,0.0006562499999999999,0.0,0.00460040225982666,0.00648040225982666,0.0054879022598266596,"[""Equal Baseline Exp 1"",""35368456"",""0""]",0.6045989776274061,20
task05-P1-29-g20-k5-main-recorded,P1,conditional,29,deda3db37265ccd7344a0aef229ce761bfbfae8f29b44fe12a07d6b993a09087,20,Equal,5,10,main,recorded,1,64,0.00013621340288821166,4.9999998882412894e-05,0.00012721435443779092,0.000566355806512163,4.999999888241291e-05,0.005930800035595894,0.0,0.0,0.0,0.0,1.0,0.005160404453277589,0.006900404453277588,0.006009779453277588,"[""Equal Baseline Exp 1"",""40800498"",""0""]",0.754065300255606,8
task05-P1-29-g25-k5-main-recorded,P1,conditional,29,deda3db37265ccd7344a0aef229ce761bfbfae8f29b44fe12a07d6b993a09087,25,Equal,5,10,main,recorded,1,64,0.0018377243789066498,0.00010781249898718674,0.0017081870771678434,0.0070333270022354556,4.999999888241291e-05,0.015108798652887345,0.0,0.0,0.0,0.002296875,1.0,0.010900404739379881,0.01752040473937988,0.013451967239379883,"[""Equal Baseline Exp 1"",""46096247"",""0""]",0.9689495786938338,28
task05-P1-29-g35-k5-main-recorded,P1,conditional,29,deda3db37265ccd7344a0aef229ce761bfbfae8f29b44fe12a07d6b993a09087,35,Equal,5,10,main,recorded,1,64,0.0002591567026466392,4.8437498917337454e-05,0.0002594369094892746,0.0011213554746865864,4.999999888241291e-05,0.005930799975991249,0.0,0.0,0.0,0.00021874999999999998,1.0,0.005700402545928955,0.008640402545928955,0.006794152545928954,"[""Equal Baseline Exp 1"",""92291462"",""0""]",0.8303538765219065,8
task05-P1-29-g36-k5-main-recorded,P1,conditional,29,deda3db37265ccd7344a0aef229ce761bfbfae8f29b44fe12a07d6b993a09087,36,Equal,5,10,main,recorded,1,64,0.014424957065070507,0.010765972221942838,0.0034642151158022147,0.01934053874455341,4.999999888241291e-05,0.05590439735352993,1.0,0.0,0.1939,0.0660625,1.0,0.04256040473937988,0.07604040473937987,0.057612904739379876,"[""Equal Baseline Exp 1"",""92992435"",""0""]",1.7493937725951065,32
task05-P1-29-g44-k5-main-recorded,P1,conditional,29,deda3db37265ccd7344a0aef229ce761bfbfae8f29b44fe12a07d6b993a09087,44,Mixed,5,10,main,recorded,1,64,0.06988798841070726,0.06060521523157755,0.02767119379074327,0.157399173888706,0.2660055923461914,0.17819943594932555,1.0,0.013999999999999999,0.6944,0.300453125,1.0,0.17462,0.26857944686889645,0.22190749272108076,"[""Mixed Baseline Exp 1"",""18823620"",""0""]",3.110361857607624,40
task05-P1-29-g47-k5-main-recorded,P1,conditional,29,deda3db37265ccd7344a0aef229ce761bfbfae8f29b44fe12a07d6b993a09087,47,Mixed,5,10,main,recorded,1,64,0.08172190946473487,0.0807102100451787,0.006520473709986319,0.05413372748096783,0.30100461959838865,0.1173999879360199,1.0,0.0,0.5397000000000002,0.22290624999999997,1.0,0.08079045089721679,0.1651604508972168,0.12284576339721678,"[""Mixed Baseline Exp 1"",""26185795"",""0""]",2.5308359218807617,40
task05-P1-29-g52-k5-main-recorded,P1,conditional,29,deda3db37265ccd7344a0aef229ce761bfbfae8f29b44fe12a07d6b993a09087,52,Mixed,5,10,main,recorded,1,64,0.27640803031994965,0.27802182513948465,0.017442678919765694,0.1523999711971434,0.5460056686401367,0.18119998455047606,0.0,0.0021000000000000046,0.4767,0.19695312499999998,1.0,0.11558055847167965,0.1897005584716797,0.15318337097167967,"[""Mixed Baseline Exp 1"",""37465807"",""0""]",2.980053085753925,40
task05-P1-29-g57-k5-main-recorded,P1,conditional,29,deda3db37265ccd7344a0aef229ce761bfbfae8f29b44fe12a07d6b993a09087,57,Mixed,5,10,main,recorded,1,64,0.0017378751383006555,0.0008182291660729472,0.001209141832987762,0.005284195823360158,4.999999888241291e-05,0.0125175496712327,1.0,0.0,0.013999999999999999,0.009734375,1.0,0.010700454330444335,0.022370454330444333,0.015255141830444335,"[""Mixed Baseline Exp 1"",""47841996"",""0""]",1.0424129959374453,18
task05-P1-29-g60-k5-main-recorded,P1,conditional,29,deda3db37265ccd7344a0aef229ce761bfbfae8f29b44fe12a07d6b993a09087,60,Mixed,5,10,main,recorded,1,64,0.6537814146573048,0.6553090277777778,0.03629882497787477,0.40670675590974953,1.0,0.22289892768859862,0.0,0.0,0.5348,0.224328125,1.0,0.12985049438476562,0.22440049438476564,0.1695489318847656,"[""Mixed Baseline Exp 1"",""50116627"",""0""]",2.8734395780790734,40
task05-P1-29-g64-k5-main-recorded,P1,conditional,29,deda3db37265ccd7344a0aef229ce761bfbfae8f29b44fe12a07d6b993a09087,64,Mixed,5,10,main,recorded,1,64,0.09139324808946743,0.09182551519076032,0.004175925878683725,0.047218060026566186,0.23100461959838867,0.05709999346733093,1.0,0.0,0.3941000000000002,0.13201562499999997,1.0,0.0387204566192627,0.07514045661926268,0.05561920661926269,"[""Mixed Baseline Exp 1"",""64291720"",""0""]",1.9544774477201503,40
task05-P1-29-g73-k5-main-recorded,P1,conditional,29,deda3db37265ccd7344a0aef229ce761bfbfae8f29b44fe12a07d6b993a09087,73,Mixed,5,10,main,recorded,1,64,0.35509898187273353,0.35677891180250376,0.02273455225361721,0.2134967467393194,0.6930049133300781,0.23549997711181642,0.0,0.013999999999999999,0.45220000000000016,0.24128124999999995,1.0,0.15528049896240234,0.23791049896240232,0.1960738894343376,"[""Mixed Baseline Exp 1"",""85460730"",""0""]",3.314607303465529,40
task05-P1-29-g78-k5-main-recorded,P1,conditional,29,deda3db37265ccd7344a0aef229ce761bfbfae8f29b44fe12a07d6b993a09087,78,Mixed,5,10,main,recorded,1,64,0.01161244622168045,0.009294444444304738,0.00282251984126984,0.015293240232953878,4.999999888241291e-05,0.03320884764939547,1.0,0.0,0.147,0.051078125,1.0,0.024060551986694333,0.05366055198669434,0.03661148948669433,"[""Mixed Baseline Exp 1"",""95675568"",""0""]",1.3356261916136845,27
task05-P1-29-g80-k5-main-recorded,P1,conditional,29,deda3db37265ccd7344a0aef229ce761bfbfae8f29b44fe12a07d6b993a09087,80,Proportional,5,10,main,recorded,1,64,0.13241813001900604,0.13402049631542629,0.0030183446613923906,0.05221198413413432,0.2450050163269043,0.018699999153614043,1.0,0.0,0.4718,0.11615625,1.0,0.008460502586364747,0.03899050258636474,0.01858800258636474,"[""Proportional Baseline Exp 1"",""11095201"",""0""]",2.168475912387695,14
task05-P1-29-g82-k5-main-recorded,P1,conditional,29,deda3db37265ccd7344a0aef229ce761bfbfae8f29b44fe12a07d6b993a09087,82,Proportional,5,10,main,recorded,1,64,0.0011391371348012484,0.0006871527770094307,0.0005673070175987146,0.0024634184764432965,4.999999888241291e-05,0.0045243997871875765,1.0,0.0,0.006999999999999999,0.016078125,1.0,0.0037,0.01027,0.005982812499999999,"[""Proportional Baseline Exp 1"",""14606420"",""0""]",1.0724552505153062,6
task05-P1-29-g89-k5-main-recorded,P1,conditional,29,deda3db37265ccd7344a0aef229ce761bfbfae8f29b44fe12a07d6b993a09087,89,Proportional,5,10,main,recorded,1,64,0.08365657228501094,0.0785881640721881,0.030190734057571937,0.052566827425987464,0.8470050048828125,0.24539647912979126,1.0,0.16590000000000005,1.0,0.757671875,0.0,0.13089954861402514,0.24253954861402513,0.19412312717214225,"[""Proportional Baseline Exp 1"",""36303454"",""0""]",2.6944422002949375,31
task05-P1-29-g97-k5-main-recorded,P1,conditional,29,deda3db37265ccd7344a0aef229ce761bfbfae8f29b44fe12a07d6b993a09087,97,Proportional,5,10,main,recorded,1,64,0.17576000409939482,0.17605432066841728,0.009765184601952172,0.15208268092321972,0.3850050354003906,0.1781989876627922,1.0,0.019600000000000027,1.0,0.61878125,1.0,0.11076055084228512,0.20366055084228513,0.1622146133422851,"[""Proportional Baseline Exp 1"",""45673270"",""0""]",2.6737731889576213,32
task05-P1-43-g104-k5-main-recorded,P1,conditional,43,940393c41c87f14644bfb449765c900f06cf92bcc858839f5814aeafbaa2b354,104,Proportional,5,10,main,recorded,1,64,0.08239545634739648,0.07150000000000001,0.011139013275267586,0.059525083614909456,1.0,0.14079737854003907,1.0,0.08260000000000003,1.0,0.753046875,1.0,0.08698045242309567,0.18613045242309573,0.1315332649230957,"[""Proportional Baseline Exp 1"",""63752993"",""0""]",3.442863211645561,20
task05-P1-43-g107-k5-main-recorded,P1,conditional,43,940393c41c87f14644bfb449765c900f06cf92bcc858839f5814aeafbaa2b354,107,Proportional,5,10,main,recorded,1,64,0.11075297549845448,0.11148641962475245,0.008305498063345521,0.062428016781948856,0.5740049362182618,0.10740003997087479,1.0,0.06720000000000001,1.0,0.55715625,1.0,0.06826054779052734,0.1293305477905273,0.09861304779052732,"[""Proportional Baseline Exp 1"",""69384851"",""0""]",2.489976177370426,38
task05-P1-43-g111-k5-main-recorded,P1,conditional,43,940393c41c87f14644bfb449765c900f06cf92bcc858839f5814aeafbaa2b354,111,Proportional,5,10,main,recorded,1,64,0.20636373557958013,0.2063833768467108,0.011699224768703175,0.13051002425661398,0.07000502109527589,0.04849999743700027,1.0,0.0,1.0,0.4715,1.0,0.03990049896240233,0.11106049896240232,0.07130674896240233,"[""Proportional Baseline Exp 1"",""76356479"",""0""]",1.6900209354440905,23
task05-P1-43-g117-k5-main-recorded,P1,conditional,43,940393c41c87f14644bfb449765c900f06cf92bcc858839f5814aeafbaa2b354,117,Proportional,5,10,main,recorded,1,64,0.28743247562631047,0.2845054563492063,0.011543571099780853,0.12091849913521417,1.0,0.16349546813964844,1.0,0.0,1.0,0.47209375,1.0,0.10743035247802735,0.21919035247802732,0.1687439152240753,"[""Proportional Baseline Exp 1"",""85019022"",""0""]",4.286501385072092,10
task05-P1-43-g13-k5-main-recorded,P1,conditional,43,940393c41c87f14644bfb449765c900f06cf92bcc858839f5814aeafbaa2b354,13,Equal,5,10,main,recorded,1,64,0.002020703745547741,4.9999998882412894e-05,0.0020200656458321553,0.007149501516023238,4.999999888241291e-05,0.008017599403858185,0.0,0.0,0.0,0.0,0.0,0.00460040225982666,0.00694040225982666,0.00557540225982666,"[""Equal Baseline Exp 1"",""35368456"",""0""]",0.6041272546831432,20
task05-P1-43-g20-k5-main-recorded,P1,conditional,43,940393c41c87f14644bfb449765c900f06cf92bcc858839f5814aeafbaa2b354,20,Equal,5,10,main,recorded,1,64,0.00019955185994952377,4.9999998882412894e-05,0.00019344199416301572,0.0008508791325529781,4.999999888241291e-05,0.005930800035595894,0.0,0.0,0.0,0.0,1.0,0.005100404453277588,0.006840404453277588,0.005791029453277588,"[""Equal Baseline Exp 1"",""40800498"",""0""]",0.7559216429196927,8
task05-P1-43-g25-k5-main-recorded,P1,conditional,43,940393c41c87f14644bfb449765c900f06cf92bcc858839f5814aeafbaa2b354,25,Equal,5,10,main,recorded,1,64,0.0018636460944706388,0.00012361111013322202,0.0016733017514977198,0.007100751450359691,4.999999888241291e-05,0.015108798652887345,0.0,0.0,0.0,0.0029531249999999996,1.0,0.010300404739379883,0.016780404739379882,0.01318634223937988,"[""Equal Baseline Exp 1"",""46096247"",""0""]",0.9679962886203926,28
task05-P1-43-g35-k5-main-recorded,P1,conditional,43,940393c41c87f14644bfb449765c900f06cf92bcc858839f5814aeafbaa2b354,35,Equal,5,10,main,recorded,1,64,0.0002227585983491996,4.843749891733743e-05,0.0002229140542373652,0.0008508753622060694,4.999999888241291e-05,0.005930799975991249,0.0,0.0,0.0,0.00043749999999999995,1.0,0.005300402545928956,0.008660402545928956,0.006553527545928955,"[""Equal Baseline Exp 1"",""92291462"",""0""]",0.8343397696657676,8
task05-P1-43-g36-k5-main-recorded,P1,conditional,43,940393c41c87f14644bfb449765c900f06cf92bcc858839f5814aeafbaa2b354,36,Equal,5,10,main,recorded,1,64,0.011274094552804488,0.006625173610796786,0.004583933138962656,0.02085519230871772,4.999999888241291e-05,0.05590439735352993,1.0,0.0,0.1659,0.042874999999999996,1.0,0.03876040473937988,0.08026040473937988,0.057866029739379876,"[""Equal Baseline Exp 1"",""92992435"",""0""]",1.7442391920660802,32
task05-P1-43-g44-k5-main-recorded,P1,conditional,43,940393c41c87f14644bfb449765c900f06cf92bcc858839f5814aeafbaa2b354,44,Mixed,5,10,main,recorded,1,64,0.0906306292630745,0.08520106761796131,0.030225045878380995,0.17285687396393878,0.2660055923461914,0.17819943594932555,1.0,0.006999999999999999,0.7727999999999999,0.36199999999999993,0.0,0.18148961280822754,0.26384961280822755,0.22414031386375424,"[""Mixed Baseline Exp 1"",""18823620"",""0""]",3.1049469272208166,40
task05-P1-43-g47-k5-main-recorded,P1,conditional,43,940393c41c87f14644bfb449765c900f06cf92bcc858839f5814aeafbaa2b354,47,Mixed,5,10,main,recorded,1,64,0.0995784778516373,0.10029701560073427,0.00763791749349662,0.05799572422305742,0.30100461959838865,0.1173999879360199,1.0,0.0,0.5516000000000001,0.21053125,1.0,0.08365045089721679,0.16187045089721677,0.11831763839721679,"[""Mixed Baseline Exp 1"",""26185795"",""0""]",2.5254348654727856,40
task05-P1-43-g52-k5-main-recorded,P1,conditional,43,940393c41c87f14644bfb449765c900f06cf92bcc858839f5814aeafbaa2b354,52,Mixed,5,10,main,recorded,1,64,0.1652127036927343,0.16539884479840597,0.014678234864795026,0.1016131380728313,0.5460056686401367,0.18119998455047606,1.0,0.023100000000000002,0.6727,0.3126875,1.0,0.11610055847167967,0.20598055847167968,0.15986774597167966,"[""Mixed Baseline Exp 1"",""37465807"",""0""]",2.9826816624735555,40
task05-P1-43-g57-k5-main-recorded,P1,conditional,43,940393c41c87f14644bfb449765c900f06cf92bcc858839f5814aeafbaa2b354,57,Mixed,5,10,main,recorded,1,64,0.0011250554071225343,0.00038697916593324975,0.0009294335124910708,0.004032107405787488,4.999999888241291e-05,0.0125175496712327,1.0,0.0,0.013999999999999999,0.006453125,1.0,0.010500454330444334,0.020260454330444332,0.014536391830444334,"[""Mixed Baseline Exp 1"",""47841996"",""0""]",1.0421048107813944,18
task05-P1-43-g60-k5-main-recorded,P1,conditional,43,940393c41c87f14644bfb449765c900f06cf92bcc858839f5814aeafbaa2b354,60,Mixed,5,10,main,recorded,1,64,0.6021800871025036,0.6035625,0.031414895818063206,0.3743487514700209,1.0,0.22289892768859862,0.0,0.0,0.6349,0.2620625,0.0,0.12233049438476563,0.22194049438476557,0.1734754866212606,"[""Mixed Baseline Exp 1"",""50116627"",""0""]",2.877425294989519,40
task05-P1-43-g64-k5-main-recorded,P1,conditional,43,940393c41c87f14644bfb449765c900f06cf92bcc858839f5814aeafbaa2b354,64,Mixed,5,10,main,recorded,1,64,0.10123563482058304,0.10183983716699811,0.0035043691539102147,0.04686988016102049,0.23100461959838867,0.05709999346733093,1.0,0.0,0.2905000000000001,0.10871875,1.0,0.039460456619262695,0.07172045661926267,0.05407701911926269,"[""Mixed Baseline Exp 1"",""64291720"",""0""]",1.9430443212195563,40
task05-P1-43-g73-k5-main-recorded,P1,conditional,43,940393c41c87f14644bfb449765c900f06cf92bcc858839f5814aeafbaa2b354,73,Mixed,5,10,main,recorded,1,64,0.3282210723735671,0.32928852535429454,0.022149669412393443,0.2024984030984697,0.6930049133300781,0.23549997711181642,0.0,0.006999999999999999,0.5866,0.25601562499999997,1.0,0.13373049896240233,0.2394503484725952,0.19414734261035915,"[""Mixed Baseline Exp 1"",""85460730"",""0""]",3.3123053185456683,40
task05-P1-43-g78-k5-main-recorded,P1,conditional,43,940393c41c87f14644bfb449765c900f06cf92bcc858839f5814aeafbaa2b354,78,Mixed,5,10,main,recorded,1,64,0.007614773216405468,0.005334201388714266,0.002820689232638547,0.014054880016502767,4.999999888241291e-05,0.03320884764939547,1.0,0.0,0.08399999999999999,0.036640624999999996,1.0,0.023120551986694333,0.05262055198669434,0.03656773948669433,"[""Mixed Baseline Exp 1"",""95675568"",""0""]",1.3387155701532891,27
task05-P1-43-g80-k5-main-recorded,P1,conditional,43,940393c41c87f14644bfb449765c900f06cf92bcc858839f5814aeafbaa2b354,80,Proportional,5,10,main,recorded,1,64,0.10203008622259635,0.10287040695879196,0.0023977932148332177,0.04023495181906554,0.2450050163269043,0.018699999153614043,1.0,0.0,0.6272000000000001,0.18493749999999998,1.0,0.00951050258636474,0.03512050258636474,0.019217690086364744,"[""Proportional Baseline Exp 1"",""11095201"",""0""]",2.117515967548417,14
task05-P1-43-g82-k5-main-recorded,P1,conditional,43,940393c41c87f14644bfb449765c900f06cf92bcc858839f5814aeafbaa2b354,82,Proportional,5,10,main,recorded,1,64,0.0005553275070441493,0.00024357638794592334,0.0004060585649979728,0.0016536389167433492,4.999999888241291e-05,0.0045243997871875765,0.0,0.0,0.0,0.00765625,1.0,0.0037,0.00861,0.0056906249999999995,"[""Proportional Baseline Exp 1"",""14606420"",""0""]",1.0624453533174865,6
task05-P1-43-g89-k5-main-recorded,P1,conditional,43,940393c41c87f14644bfb449765c900f06cf92bcc858839f5814aeafbaa2b354,89,Proportional,5,10,main,recorded,1,64,0.07766868629107404,0.0703234931703598,0.035006845611883795,0.045078010508926625,0.8470050048828125,0.24539647912979126,1.0,0.3584,1.0,0.805796875,0.0,0.1611195486140251,0.23987,0.1949418842250481,"[""Proportional Baseline Exp 1"",""36303454"",""0""]",2.6973059684823495,31
task05-P1-43-g97-k5-main-recorded,P1,conditional,43,940393c41c87f14644bfb449765c900f06cf92bcc858839f5814aeafbaa2b354,97,Proportional,5,10,main,recorded,1,64,0.2312876074667206,0.23335496383243132,0.015933643767243596,0.17051964349065507,0.3850050354003906,0.1781989876627922,1.0,0.022400000000000017,1.0,0.6815156250000001,1.0,0.10399055084228513,0.19583055084228512,0.15064898834228513,"[""Proportional Baseline Exp 1"",""45673270"",""0""]",2.6736244373009224,32
forecast-continued-feedforward-17-g104-k5-main-recorded,feedforward,continued,17,63ddc8400f53191767bb69890a743442f8c8cae9f18a70771b29a8a50b53710c,104,Proportional,5,10,main,recorded,1,64,0.3381109838391029,0.3362088293650795,0.008695356186609424,0.2625853680966393,1.0,0.14079737854003907,1.0,0.0,1.0,0.4516562499999999,1.0,0.0868104524230957,0.1660104524230957,0.1274598274230957,"[""Proportional Baseline Exp 1"",""63752993"",""0""]",3.443680937776133,20
forecast-continued-feedforward-17-g107-k5-main-recorded,feedforward,continued,17,63ddc8400f53191767bb69890a743442f8c8cae9f18a70771b29a8a50b53710c,107,Proportional,5,10,main,recorded,1,64,0.37398665122198405,0.3750597204897139,0.020368091375741467,0.19874045720597108,0.5740049362182618,0.10740003997087479,0.0,0.0,0.37870000000000004,0.130359375,0.0,0.06025054779052733,0.10465054779052733,0.07940992279052733,"[""Proportional Baseline Exp 1"",""69384851"",""0""]",2.5373926693594986,38
forecast-continued-feedforward-17-g111-k5-main-recorded,feedforward,continued,17,63ddc8400f53191767bb69890a743442f8c8cae9f18a70771b29a8a50b53710c,111,Proportional,5,10,main,recorded,1,64,0.04533799184918039,0.04497143767608537,0.004355054353473203,0.03615731454615791,0.07000502109527589,0.04849999743700027,1.0,0.0,0.6020000000000002,0.19587499999999997,1.0,0.04070049896240234,0.07856049896240233,0.05721924896240234,"[""Proportional Baseline Exp 1"",""76356479"",""0""]",1.7987539940120392,23
forecast-continued-feedforward-17-g117-k5-main-recorded,feedforward,continued,17,63ddc8400f53191767bb69890a743442f8c8cae9f18a70771b29a8a50b53710c,117,Proportional,5,10,main,recorded,1,64,0.07374589668598708,0.06389930555555562,0.017144445847708068,0.0405017363063873,1.0,0.16349546813964844,1.0,0.0,1.0,0.76528125,1.0,0.13982035247802735,0.24123050354003905,0.19028465037345885,"[""Proportional Baseline Exp 1"",""85019022"",""0""]",4.291729133769605,10
forecast-continued-feedforward-17-g13-k5-main-recorded,feedforward,continued,17,63ddc8400f53191767bb69890a743442f8c8cae9f18a70771b29a8a50b53710c,13,Equal,5,10,main,recorded,1,64,0.001063162740115869,4.9999998882412894e-05,0.001061624623823261,0.004096921925854016,4.999999888241291e-05,0.008017599403858185,0.0,0.0,0.0,0.0,1.0,0.00500040225982666,0.008600402259826658,0.00655665225982666,"[""Equal Baseline Exp 1"",""35368456"",""0""]",0.7229480704839923,20
forecast-continued-feedforward-17-g20-k5-main-recorded,feedforward,continued,17,63ddc8400f53191767bb69890a743442f8c8cae9f18a70771b29a8a50b53710c,20,Equal,5,10,main,recorded,1,64,0.000519572648774186,4.8437498917337454e-05,0.0005294006562037834,0.0017378375892669682,4.999999888241291e-05,0.005930800035595894,0.0,0.0,0.0,0.00021874999999999998,1.0,0.005900404453277588,0.009500404453277588,0.007153529453277588,"[""Equal Baseline Exp 1"",""40800498"",""0""]",0.9066277618985709,8
forecast-continued-feedforward-17-g25-k5-main-recorded,feedforward,continued,17,63ddc8400f53191767bb69890a743442f8c8cae9f18a70771b29a8a50b53710c,25,Equal,5,10,main,recorded,1,64,0.0010519449706998208,6.076388784115089e-05,0.000974662052538424,0.005096961655646251,4.999999888241291e-05,0.015108798652887345,0.0,0.0,0.0,0.0008749999999999999,1.0,0.010700404739379882,0.01604040473937988,0.013587904739379882,"[""Equal Baseline Exp 1"",""46096247"",""0""]",0.9406755615462341,28
forecast-continued-feedforward-17-g35-k5-main-recorded,feedforward,continued,17,63ddc8400f53191767bb69890a743442f8c8cae9f18a70771b29a8a50b53710c,35,Equal,5,10,main,recorded,1,64,0.0005704975649950832,5.381944339670659e-05,0.0005899227182676508,0.0020127796347298296,4.999999888241291e-05,0.005930799975991249,0.0,0.0,0.0,0.0005468749999999999,1.0,0.0055004025459289545,0.009720402545928956,0.007305090045928954,"[""Equal Baseline Exp 1"",""92291462"",""0""]",0.963207416499781,8
forecast-continued-feedforward-17-g36-k5-main-recorded,feedforward,continued,17,63ddc8400f53191767bb69890a743442f8c8cae9f18a70771b29a8a50b53710c,36,Equal,5,10,main,recorded,1,64,0.005078003461028054,0.0010755208328094637,0.0035965143950256956,0.012938543590856073,4.999999888241291e-05,0.05590439735352993,1.0,0.0,0.020999999999999998,0.005578125,1.0,0.04002040473937988,0.06290040473937988,0.05093634223937987,"[""Equal Baseline Exp 1"",""92992435"",""0""]",1.8008141555051997,32
forecast-continued-feedforward-17-g44-k5-main-recorded,feedforward,continued,17,63ddc8400f53191767bb69890a743442f8c8cae9f18a70771b29a8a50b53710c,44,Mixed,5,10,main,recorded,1,64,0.07413740537970842,0.05920801206240578,0.0391547119450711,0.2382551453618776,0.2660055923461914,0.17819943594932555,1.0,0.048999999999999995,0.6986000000000002,0.314203125,0.0,0.19398961280822755,0.2655998340606689,0.23242456786632537,"[""Mixed Baseline Exp 1"",""18823620"",""0""]",3.3742681730189603,40
forecast-continued-feedforward-17-g47-k5-main-recorded,feedforward,continued,17,63ddc8400f53191767bb69890a743442f8c8cae9f18a70771b29a8a50b53710c,47,Mixed,5,10,main,recorded,1,64,0.2617243448862765,0.26420948070949973,0.01770331514704796,0.15608280496994653,0.30100461959838865,0.1173999879360199,0.0,0.0,0.04690000000000002,0.022203125,0.0,0.07236045089721678,0.11265045089721679,0.09135826339721678,"[""Mixed Baseline Exp 1"",""26185795"",""0""]",2.6731794996498666,40
forecast-continued-feedforward-17-g52-k5-main-recorded,feedforward,continued,17,63ddc8400f53191767bb69890a743442f8c8cae9f18a70771b29a8a50b53710c,52,Mixed,5,10,main,recorded,1,64,0.4937500333929572,0.49459594641791443,0.049363928140818136,0.34200537063015835,0.5460056686401367,0.18119998455047606,0.0,0.0,0.07,0.034671875000000005,0.0,0.10012055847167968,0.14138055847167963,0.12156149597167967,"[""Mixed Baseline Exp 1"",""37465807"",""0""]",3.100142141359715,40
forecast-continued-feedforward-17-g57-k5-main-recorded,feedforward,continued,17,63ddc8400f53191767bb69890a743442f8c8cae9f18a70771b29a8a50b53710c,57,Mixed,5,10,main,recorded,1,64,0.0009434123383286678,0.00011354166575862725,0.0009657578851613726,0.003960149305823465,4.999999888241291e-05,0.0125175496712327,0.0,0.0,0.0,0.0012031249999999998,1.0,0.011420454330444335,0.01764045433044433,0.014486391830444334,"[""Mixed Baseline Exp 1"",""47841996"",""0""]",0.9289824502511667,18
forecast-continued-feedforward-17-g60-k5-main-recorded,feedforward,continued,17,63ddc8400f53191767bb69890a743442f8c8cae9f18a70771b29a8a50b53710c,60,Mixed,5,10,main,recorded,1,64,0.9057605596870777,0.9100451388888889,0.05010031693662917,0.5523834943744872,1.0,0.22289892768859862,0.0,0.0,0.15470000000000006,0.057421875,0.0,0.12110049438476561,0.19370049438476564,0.15600830688476558,"[""Mixed Baseline Exp 1"",""50116627"",""0""]",2.958524733906691,40
forecast-continued-feedforward-17-g64-k5-main-recorded,feedforward,continued,17,63ddc8400f53191767bb69890a743442f8c8cae9f18a70771b29a8a50b53710c,64,Mixed,5,10,main,recorded,1,64,0.219231639266653,0.2212650362650553,0.010911931459038033,0.11610940525862903,0.23100461959838867,0.05709999346733093,0.0,0.0,0.013999999999999999,0.0053593749999999996,0.0,0.033660456619262695,0.0523004566192627,0.042658269119262696,"[""Mixed Baseline Exp 1"",""64291720"",""0""]",2.241026418579242,40
forecast-continued-feedforward-17-g73-k5-main-recorded,feedforward,continued,17,63ddc8400f53191767bb69890a743442f8c8cae9f18a70771b29a8a50b53710c,73,Mixed,5,10,main,recorded,1,64,0.5270682798061324,0.5288589264551797,0.040873795035718,0.3298397047708904,0.6930049133300781,0.23549997711181642,0.0,0.0,0.22680000000000003,0.101390625,0.0,0.13883049896240235,0.2320003484725952,0.17830048328638076,"[""Mixed Baseline Exp 1"",""85460730"",""0""]",3.4024224861027887,40
forecast-continued-feedforward-17-g78-k5-main-recorded,feedforward,continued,17,63ddc8400f53191767bb69890a743442f8c8cae9f18a70771b29a8a50b53710c,78,Mixed,5,10,main,recorded,1,64,0.0027040057049767243,0.0002619791659332505,0.002300885245413152,0.010226496629325104,4.999999888241291e-05,0.03320884764939547,1.0,0.0,0.006999999999999999,0.0021874999999999998,1.0,0.023660551986694336,0.03673055198669433,0.030147426986694335,"[""Mixed Baseline Exp 1"",""95675568"",""0""]",1.2686082235835703,27
forecast-continued-feedforward-17-g80-k5-main-recorded,feedforward,continued,17,63ddc8400f53191767bb69890a743442f8c8cae9f18a70771b29a8a50b53710c,80,Proportional,5,10,main,recorded,1,64,0.15453473668449907,0.15588949243227643,0.0025296069883815366,0.05598186429854897,0.2450050163269043,0.018699999153614043,0.0,0.0,0.19180000000000003,0.07404687499999998,1.0,0.008800502586364745,0.028040502586364743,0.016858315086364744,"[""Proportional Baseline Exp 1"",""11095201"",""0""]",2.310178834802603,14
forecast-continued-feedforward-17-g82-k5-main-recorded,feedforward,continued,17,63ddc8400f53191767bb69890a743442f8c8cae9f18a70771b29a8a50b53710c,82,Proportional,5,10,main,recorded,1,64,0.002973940005179745,0.0019881944441650454,0.0016738882814489656,0.0061428977085691335,4.999999888241291e-05,0.0045243997871875765,1.0,0.0,0.041999999999999996,0.011046875,0.0,0.004960000000000001,0.012439999999999998,0.007789062499999999,"[""Proportional Baseline Exp 1"",""14606420"",""0""]",1.2587851467412197,6
forecast-continued-feedforward-17-g89-k5-main-recorded,feedforward,continued,17,63ddc8400f53191767bb69890a743442f8c8cae9f18a70771b29a8a50b53710c,89,Proportional,5,10,main,recorded,1,64,0.08558952130991812,0.07738353983561194,0.03891123753322497,0.030270244169921145,0.8470050048828125,0.24539647912979126,1.0,0.17430000000000004,1.0,0.802140625,0.0,0.1450096840298176,0.23607986458420752,0.18559191243667156,"[""Proportional Baseline Exp 1"",""36303454"",""0""]",2.7909802528707304,31
forecast-continued-feedforward-17-g97-k5-main-recorded,feedforward,continued,17,63ddc8400f53191767bb69890a743442f8c8cae9f18a70771b29a8a50b53710c,97,Proportional,5,10,main,recorded,1,64,0.1216333993661409,0.1189726703280494,0.025675167654910052,0.2224541020853179,0.3850050354003906,0.1781989876627922,1.0,0.0,0.9618,0.35165625,1.0,0.10731055084228514,0.18125055084228514,0.13894117584228513,"[""Proportional Baseline Exp 1"",""45673270"",""0""]",2.7159223048651775,32
forecast-continued-feedforward-29-g104-k5-main-recorded,feedforward,continued,29,e64f1d4048b4f9b830d3cd5f6d31465f65e9ac4843161dded476ca275e53e946,104,Proportional,5,10,main,recorded,1,64,0.25125067922845246,0.24597519841269844,0.01003845819783589,0.19557720875021012,1.0,0.14079737854003907,1.0,0.0,1.0,0.53240625,1.0,0.08833045242309569,0.18059045242309568,0.1306270149230957,"[""Proportional Baseline Exp 1"",""63752993"",""0""]",3.44600543102586,20
forecast-continued-feedforward-29-g107-k5-main-recorded,feedforward,continued,29,e64f1d4048b4f9b830d3cd5f6d31465f65e9ac4843161dded476ca275e53e946,107,Proportional,5,10,main,recorded,1,64,0.41373120737358576,0.4148136554823982,0.022439585419708787,0.22122841176291308,0.5740049362182618,0.10740003997087479,0.0,0.0,0.24080000000000004,0.10423437499999999,0.0,0.058920547790527335,0.09815054779052734,0.07666773529052734,"[""Proportional Baseline Exp 1"",""69384851"",""0""]",2.5447681888007825,38
forecast-continued-feedforward-29-g111-k5-main-recorded,feedforward,continued,29,e64f1d4048b4f9b830d3cd5f6d31465f65e9ac4843161dded476ca275e53e946,111,Proportional,5,10,main,recorded,1,64,0.04476164768604171,0.04530634010169242,0.0045452146670648015,0.03346832750886679,0.07000502109527589,0.04849999743700027,1.0,0.0,0.5418,0.15728124999999998,1.0,0.03788049896240234,0.07759049896240233,0.05741612396240234,"[""Proportional Baseline Exp 1"",""76356479"",""0""]",1.818304183820863,23
forecast-continued-feedforward-29-g117-k5-main-recorded,feedforward,continued,29,e64f1d4048b4f9b830d3cd5f6d31465f65e9ac4843161dded476ca275e53e946,117,Proportional,5,10,main,recorded,1,64,0.06291622096040148,0.052604166666666674,0.013134140321943485,0.03758044780246796,1.0,0.16349546813964844,1.0,0.0,1.0,0.780046875,1.0,0.11975035247802734,0.22377015106201167,0.17676434574127195,"[""Proportional Baseline Exp 1"",""85019022"",""0""]",4.274890561592194,10
forecast-continued-feedforward-29-g13-k5-main-recorded,feedforward,continued,29,e64f1d4048b4f9b830d3cd5f6d31465f65e9ac4843161dded476ca275e53e946,13,Equal,5,10,main,recorded,1,64,0.0009082150587392914,4.9999998882412894e-05,0.0009065815483530369,0.00343623285343767,4.999999888241291e-05,0.008017599403858185,0.0,0.0,0.0,0.0,1.0,0.00520040225982666,0.009280402259826659,0.006787902259826659,"[""Equal Baseline Exp 1"",""35368456"",""0""]",0.731514851981216,20
forecast-continued-feedforward-29-g20-k5-main-recorded,feedforward,continued,29,e64f1d4048b4f9b830d3cd5f6d31465f65e9ac4843161dded476ca275e53e946,20,Equal,5,10,main,recorded,1,64,0.0006775973172565425,4.843749891733748e-05,0.0006920494657275925,0.0022869095398928034,4.999999888241291e-05,0.005930800035595894,0.0,0.0,0.0,0.00032812499999999997,1.0,0.005900404453277588,0.009640404453277587,0.007320716953277588,"[""Equal Baseline Exp 1"",""40800498"",""0""]",0.9295603538869391,8
forecast-continued-feedforward-29-g25-k5-main-recorded,feedforward,continued,29,e64f1d4048b4f9b830d3cd5f6d31465f65e9ac4843161dded476ca275e53e946,25,Equal,5,10,main,recorded,1,64,0.001263870416169486,4.843749891733748e-05,0.0012366660207923923,0.005619139692740929,4.999999888241291e-05,0.015108798652887345,0.0,0.0,0.0,0.00032812499999999997,1.0,0.010300404739379885,0.016700404739379882,0.013289467239379881,"[""Equal Baseline Exp 1"",""46096247"",""0""]",0.9551154310296049,28
forecast-continued-feedforward-29-g35-k5-main-recorded,feedforward,continued,29,e64f1d4048b4f9b830d3cd5f6d31465f65e9ac4843161dded476ca275e53e946,35,Equal,5,10,main,recorded,1,64,0.0009025755002108611,4.8437498917337454e-05,0.0009191934382262088,0.0029735440932518223,4.999999888241291e-05,0.005930799975991249,0.0,0.0,0.0,0.00021874999999999998,0.0,0.006100402545928954,0.009380402545928956,0.007669152545928954,"[""Equal Baseline Exp 1"",""92291462"",""0""]",0.9666454392376713,8
forecast-continued-feedforward-29-g36-k5-main-recorded,feedforward,continued,29,e64f1d4048b4f9b830d3cd5f6d31465f65e9ac4843161dded476ca275e53e946,36,Equal,5,10,main,recorded,1,64,0.006417946947574576,0.0008475694438158021,0.005372735001593239,0.019137452485761604,4.999999888241291e-05,0.05590439735352993,1.0,0.0,0.020999999999999998,0.005578124999999999,1.0,0.03982040473937989,0.05658040473937988,0.04801446723937988,"[""Equal Baseline Exp 1"",""92992435"",""0""]",1.8149363652896393,32
forecast-continued-feedforward-29-g44-k5-main-recorded,feedforward,continued,29,e64f1d4048b4f9b830d3cd5f6d31465f65e9ac4843161dded476ca275e53e946,44,Mixed,5,10,main,recorded,1,64,0.09216088505674858,0.0846356196781945,0.03204816379315322,0.22943639933835888,0.2660055923461914,0.17819943594932555,1.0,0.03920000000000001,0.8176,0.33290624999999996,0.0,0.18242944686889648,0.2579594468688965,0.2237557832956314,"[""Mixed Baseline Exp 1"",""18823620"",""0""]",3.3854159453629067,40
forecast-continued-feedforward-29-g47-k5-main-recorded,feedforward,continued,29,e64f1d4048b4f9b830d3cd5f6d31465f65e9ac4843161dded476ca275e53e946,47,Mixed,5,10,main,recorded,1,64,0.2713104727707756,0.2733171195983886,0.023289978093642097,0.18000132093694474,0.30100461959838865,0.1173999879360199,0.0,0.0,0.048999999999999995,0.0161875,0.0,0.07110045089721678,0.10649045089721679,0.08615670089721679,"[""Mixed Baseline Exp 1"",""26185795"",""0""]",2.6967601278211424,40
forecast-continued-feedforward-29-g52-k5-main-recorded,feedforward,continued,29,e64f1d4048b4f9b830d3cd5f6d31465f65e9ac4843161dded476ca275e53e946,52,Mixed,5,10,main,recorded,1,64,0.499388755353101,0.50018275197347,0.0525808744914948,0.35308629119396207,0.5460056686401367,0.18119998455047606,0.0,0.0,0.06580000000000004,0.02734375,0.0,0.09427055847167969,0.14141055847167966,0.11802243347167968,"[""Mixed Baseline Exp 1"",""37465807"",""0""]",3.08770180626283,40
forecast-continued-feedforward-29-g57-k5-main-recorded,feedforward,continued,29,e64f1d4048b4f9b830d3cd5f6d31465f65e9ac4843161dded476ca275e53e946,57,Mixed,5,10,main,recorded,1,64,0.0009370602943481441,4.8437498917337454e-05,0.0009497628518971531,0.003959986362466588,4.999999888241291e-05,0.0125175496712327,0.0,0.0,0.0,0.00021874999999999998,1.0,0.010960454330444337,0.018040454330444333,0.014344204330444334,"[""Mixed Baseline Exp 1"",""47841996"",""0""]",0.9308667512384717,18
forecast-continued-feedforward-29-g60-k5-main-recorded,feedforward,continued,29,e64f1d4048b4f9b830d3cd5f6d31465f65e9ac4843161dded476ca275e53e946,60,Mixed,5,10,main,recorded,1,64,0.9288620193527358,0.9329513888888887,0.05685375513822314,0.58563731380105,1.0,0.22289892768859862,0.0,0.0,0.11270000000000005,0.043640625,0.0,0.11776049438476563,0.19375049438476558,0.15028017412126063,"[""Mixed Baseline Exp 1"",""50116627"",""0""]",3.025275086267282,40
forecast-continued-feedforward-29-g64-k5-main-recorded,feedforward,continued,29,e64f1d4048b4f9b830d3cd5f6d31465f65e9ac4843161dded476ca275e53e946,64,Mixed,5,10,main,recorded,1,64,0.22075010200853318,0.2224560084872775,0.012610697562353956,0.12267994883755844,0.23100461959838867,0.05709999346733093,0.0,0.0,0.013999999999999999,0.00459375,0.0,0.033640456619262696,0.049640456619262696,0.04088483161926269,"[""Mixed Baseline Exp 1"",""64291720"",""0""]",2.287572910418077,40
forecast-continued-feedforward-29-g73-k5-main-recorded,feedforward,continued,29,e64f1d4048b4f9b830d3cd5f6d31465f65e9ac4843161dded476ca275e53e946,73,Mixed,5,10,main,recorded,1,64,0.5934817636232492,0.5976785244411891,0.04155197393629289,0.35726428710487157,0.6930049133300781,0.23549997711181642,0.0,0.0,0.154,0.061140625000000004,0.0,0.13116049896240234,0.22014049896240234,0.1760598739624023,"[""Mixed Baseline Exp 1"",""85460730"",""0""]",3.382438353470021,40
forecast-continued-feedforward-29-g78-k5-main-recorded,feedforward,continued,29,e64f1d4048b4f9b830d3cd5f6d31465f65e9ac4843161dded476ca275e53e946,78,Mixed,5,10,main,recorded,1,64,0.0023501311306361253,0.00024618055478721436,0.0019791862109387755,0.010399372334766668,4.999999888241291e-05,0.03320884764939547,1.0,0.0,0.006999999999999999,0.0020781249999999997,1.0,0.02480055198669433,0.03785055198669433,0.030567739486694334,"[""Mixed Baseline Exp 1"",""95675568"",""0""]",1.2507557917502576,27
forecast-continued-feedforward-29-g80-k5-main-recorded,feedforward,continued,29,e64f1d4048b4f9b830d3cd5f6d31465f65e9ac4843161dded476ca275e53e946,80,Proportional,5,10,main,recorded,1,64,0.17080822919238697,0.17207036150826346,0.002690501548166549,0.06188501865027679,0.2450050163269043,0.018699999153614043,0.0,0.0,0.2114000000000001,0.0459375,1.0,0.008920502586364747,0.026690502586364743,0.016116127586364742,"[""Proportional Baseline Exp 1"",""11095201"",""0""]",2.315964193544645,14
forecast-continued-feedforward-29-g82-k5-main-recorded,feedforward,continued,29,e64f1d4048b4f9b830d3cd5f6d31465f65e9ac4843161dded476ca275e53e946,82,Proportional,5,10,main,recorded,1,64,0.0009110347028034602,0.0003746527770094373,0.0007336092599918914,0.0025210886848896436,4.999999888241291e-05,0.0045243997871875765,1.0,0.0,0.006999999999999999,0.004921875,1.0,0.0040999999999999995,0.009319999999999998,0.0063296874999999985,"[""Proportional Baseline Exp 1"",""14606420"",""0""]",1.2181817455769468,6
forecast-continued-feedforward-29-g89-k5-main-recorded,feedforward,continued,29,e64f1d4048b4f9b830d3cd5f6d31465f65e9ac4843161dded476ca275e53e946,89,Proportional,5,10,main,recorded,1,64,0.10487524489803374,0.10179415136670307,0.04272802221076713,0.028158532528277658,0.8470050048828125,0.24539647912979126,1.0,0.4172,1.0,0.8706875000000001,0.0,0.1116495486140251,0.23946968402981758,0.17796689127795398,"[""Proportional Baseline Exp 1"",""36303454"",""0""]",2.767621434739523,31
forecast-continued-feedforward-29-g97-k5-main-recorded,feedforward,continued,29,e64f1d4048b4f9b830d3cd5f6d31465f65e9ac4843161dded476ca275e53e946,97,Proportional,5,10,main,recorded,1,64,0.13401834484647585,0.1322070401358226,0.02310061031440423,0.2164512375447485,0.3850050354003906,0.1781989876627922,1.0,0.0021000000000000046,0.8519000000000002,0.272421875,1.0,0.10280055084228513,0.1961205508422851,0.14279273834228512,"[""Proportional Baseline Exp 1"",""45673270"",""0""]",2.73502706050727,32
forecast-continued-feedforward-43-g104-k5-main-recorded,feedforward,continued,43,6a1e6a7ef5770e5cb77a129d7c941aabd21f8b4fcac17e8b615fb4d61cd9b0e1,104,Proportional,5,10,main,recorded,1,64,0.30425217486040645,0.3023685515873016,0.012628668244301342,0.24540248772492487,1.0,0.14079737854003907,1.0,0.0,1.0,0.4733125,1.0,0.0836104524230957,0.16715045242309567,0.12108326492309568,"[""Proportional Baseline Exp 1"",""63752993"",""0""]",3.481951907850781,20
forecast-continued-feedforward-43-g107-k5-main-recorded,feedforward,continued,43,6a1e6a7ef5770e5cb77a129d7c941aabd21f8b4fcac17e8b615fb4d61cd9b0e1,107,Proportional,5,10,main,recorded,1,64,0.425714292594845,0.4266020041836633,0.02387341677987032,0.22868962672915724,0.5740049362182618,0.10740003997087479,0.0,0.0,0.2856000000000001,0.08946874999999999,0.0,0.05886054779052735,0.09571054779052733,0.07565054779052732,"[""Proportional Baseline Exp 1"",""69384851"",""0""]",2.5461114410608094,38
forecast-continued-feedforward-43-g111-k5-main-recorded,feedforward,continued,43,6a1e6a7ef5770e5cb77a129d7c941aabd21f8b4fcac17e8b615fb4d61cd9b0e1,111,Proportional,5,10,main,recorded,1,64,0.041372511775737864,0.04199021097024283,0.004646953363344071,0.03692951659700937,0.07000502109527589,0.04849999743700027,1.0,0.0,0.3878,0.1369375,1.0,0.039910498962402334,0.08722049896240233,0.05884737396240233,"[""Proportional Baseline Exp 1"",""76356479"",""0""]",1.817831944735461,23
forecast-continued-feedforward-43-g117-k5-main-recorded,feedforward,continued,43,6a1e6a7ef5770e5cb77a129d7c941aabd21f8b4fcac17e8b615fb4d61cd9b0e1,117,Proportional,5,10,main,recorded,1,64,0.1054240138499388,0.09629513888888891,0.015237626749371711,0.06472740587506975,1.0,0.16349546813964844,1.0,0.0,1.0,0.69615625,1.0,0.12612,0.24010015106201169,0.1856533767700195,"[""Proportional Baseline Exp 1"",""85019022"",""0""]",4.264392263384218,10
forecast-continued-feedforward-43-g13-k5-main-recorded,feedforward,continued,43,6a1e6a7ef5770e5cb77a129d7c941aabd21f8b4fcac17e8b615fb4d61cd9b0e1,13,Equal,5,10,main,recorded,1,64,0.0009640058568290675,5.381944339670659e-05,0.0009183292765643394,0.0036334215817177508,4.999999888241291e-05,0.008017599403858185,0.0,0.0,0.0,0.0005468749999999999,1.0,0.00540040225982666,0.009280402259826659,0.006708214759826659,"[""Equal Baseline Exp 1"",""35368456"",""0""]",0.7211847561280611,20
forecast-continued-feedforward-43-g20-k5-main-recorded,feedforward,continued,43,6a1e6a7ef5770e5cb77a129d7c941aabd21f8b4fcac17e8b615fb4d61cd9b0e1,20,Equal,5,10,main,recorded,1,64,0.0006918260458826176,7.847222124433384e-05,0.0007188499832732803,0.002629297450907244,4.999999888241291e-05,0.005930800035595894,0.0,0.0,0.0,0.0010937499999999999,1.0,0.005900404453277588,0.010240404453277587,0.007484779453277587,"[""Equal Baseline Exp 1"",""40800498"",""0""]",0.9134571355778582,8
forecast-continued-feedforward-43-g25-k5-main-recorded,feedforward,continued,43,6a1e6a7ef5770e5cb77a129d7c941aabd21f8b4fcac17e8b615fb4d61cd9b0e1,25,Equal,5,10,main,recorded,1,64,0.0014299835867937756,0.00033802083253006753,0.0009421223699987412,0.004861943847581925,4.999999888241291e-05,0.015108798652887345,1.0,0.0,0.013999999999999999,0.002734375,1.0,0.010900404739379881,0.016440404739379882,0.013780092239379881,"[""Equal Baseline Exp 1"",""46096247"",""0""]",0.9441737309244039,28
forecast-continued-feedforward-43-g35-k5-main-recorded,feedforward,continued,43,6a1e6a7ef5770e5cb77a129d7c941aabd21f8b4fcac17e8b615fb4d61cd9b0e1,35,Equal,5,10,main,recorded,1,64,0.0006474356981452515,5.7291665618928794e-05,0.0006675740646375784,0.002131870849380761,4.999999888241291e-05,0.005930799975991249,0.0,0.0,0.0,0.0007656249999999999,1.0,0.005900402545928955,0.009640402545928954,0.007361340045928955,"[""Equal Baseline Exp 1"",""92291462"",""0""]",0.9597511323681196,8
forecast-continued-feedforward-43-g36-k5-main-recorded,feedforward,continued,43,6a1e6a7ef5770e5cb77a129d7c941aabd21f8b4fcac17e8b615fb4d61cd9b0e1,36,Equal,5,10,main,recorded,1,64,0.0067454963360068,0.0017498263885047192,0.005592526668259905,0.0193453924179808,4.999999888241291e-05,0.05590439735352993,1.0,0.0,0.025900000000000017,0.006890624999999999,1.0,0.04190040473937988,0.05798040473937987,0.04823009223937988,"[""Equal Baseline Exp 1"",""92992435"",""0""]",1.7970491079141713,32
forecast-continued-feedforward-43-g44-k5-main-recorded,feedforward,continued,43,6a1e6a7ef5770e5cb77a129d7c941aabd21f8b4fcac17e8b615fb4d61cd9b0e1,44,Mixed,5,10,main,recorded,1,64,0.07399586037167694,0.06128976729181079,0.03974926430885753,0.1883421192596829,0.2660055923461914,0.17819943594932555,1.0,0.020999999999999998,0.5579000000000001,0.24553124999999998,0.0,0.19587983406066894,0.2653894468688965,0.23187307450771327,"[""Mixed Baseline Exp 1"",""18823620"",""0""]",3.3409334635931445,40
forecast-continued-feedforward-43-g47-k5-main-recorded,feedforward,continued,43,6a1e6a7ef5770e5cb77a129d7c941aabd21f8b4fcac17e8b615fb4d61cd9b0e1,47,Mixed,5,10,main,recorded,1,64,0.26319896389124503,0.26625114737616645,0.02119635003450372,0.16416473420328564,0.30100461959838865,0.1173999879360199,0.0,0.0,0.056700000000000056,0.020562499999999997,0.0,0.07034045089721679,0.11018045089721679,0.0888942008972168,"[""Mixed Baseline Exp 1"",""26185795"",""0""]",2.69559438432997,40
forecast-continued-feedforward-43-g52-k5-main-recorded,feedforward,continued,43,6a1e6a7ef5770e5cb77a129d7c941aabd21f8b4fcac17e8b615fb4d61cd9b0e1,52,Mixed,5,10,main,recorded,1,64,0.4951288488335776,0.49619664086235893,0.052135951950341944,0.3524324014398787,0.5460056686401367,0.18119998455047606,0.0,0.0,0.09660000000000007,0.02975,0.0,0.0903805584716797,0.14791055847167967,0.11708180847167968,"[""Mixed Baseline Exp 1"",""37465807"",""0""]",3.0942131009372287,40
forecast-continued-feedforward-43-g57-k5-main-recorded,feedforward,continued,43,6a1e6a7ef5770e5cb77a129d7c941aabd21f8b4fcac17e8b615fb4d61cd9b0e1,57,Mixed,5,10,main,recorded,1,64,0.001223743266623022,0.00014670138801577397,0.0012120148360241375,0.00460450718112859,4.999999888241291e-05,0.0125175496712327,1.0,0.0,0.004900000000000019,0.0013124999999999999,1.0,0.011500454330444335,0.01824045433044433,0.014794204330444333,"[""Mixed Baseline Exp 1"",""47841996"",""0""]",0.9327831116592792,18
forecast-continued-feedforward-43-g60-k5-main-recorded,feedforward,continued,43,6a1e6a7ef5770e5cb77a129d7c941aabd21f8b4fcac17e8b615fb4d61cd9b0e1,60,Mixed,5,10,main,recorded,1,64,0.8742507545680674,0.8784201388888888,0.04560810527896125,0.5190045974261231,1.0,0.22289892768859862,0.0,0.0,0.12390000000000001,0.07228125,0.0,0.12506049438476563,0.1961404943847656,0.1615239318847656,"[""Mixed Baseline Exp 1"",""50116627"",""0""]",2.976727852840437,40
forecast-continued-feedforward-43-g64-k5-main-recorded,feedforward,continued,43,6a1e6a7ef5770e5cb77a129d7c941aabd21f8b4fcac17e8b615fb4d61cd9b0e1,64,Mixed,5,10,main,recorded,1,64,0.22295199962346993,0.22528934182061086,0.010762880102036496,0.12031250135037633,0.23100461959838867,0.05709999346733093,0.0,0.0,0.013999999999999999,0.0031718749999999998,0.0,0.03204045661926269,0.05069045661926269,0.0423895191192627,"[""Mixed Baseline Exp 1"",""64291720"",""0""]",2.257076460255032,40
forecast-continued-feedforward-43-g73-k5-main-recorded,feedforward,continued,43,6a1e6a7ef5770e5cb77a129d7c941aabd21f8b4fcac17e8b615fb4d61cd9b0e1,73,Mixed,5,10,main,recorded,1,64,0.5687091098984618,0.5714042188856336,0.0387412433427478,0.33308993562989764,0.6930049133300781,0.23549997711181642,0.0,0.006999999999999999,0.1799,0.07831250000000001,0.0,0.1492504989624023,0.2201304989624023,0.18169737396240232,"[""Mixed Baseline Exp 1"",""85460730"",""0""]",3.357771624273812,40
forecast-continued-feedforward-43-g78-k5-main-recorded,feedforward,continued,43,6a1e6a7ef5770e5cb77a129d7c941aabd21f8b4fcac17e8b615fb4d61cd9b0e1,78,Mixed,5,10,main,recorded,1,64,0.003386634927691916,0.0005802083327046898,0.002640903783731521,0.011674402244640645,4.999999888241291e-05,0.03320884764939547,1.0,0.0,0.013999999999999999,0.004703125,1.0,0.022200551986694333,0.03897055198669433,0.029598989486694333,"[""Mixed Baseline Exp 1"",""95675568"",""0""]",1.276050952724448,27
forecast-continued-feedforward-43-g80-k5-main-recorded,feedforward,continued,43,6a1e6a7ef5770e5cb77a129d7c941aabd21f8b4fcac17e8b615fb4d61cd9b0e1,80,Proportional,5,10,main,recorded,1,64,0.1929258262000163,0.19387623058425055,0.0034807865450070027,0.07422057484860221,0.2450050163269043,0.018699999153614043,0.0,0.0,0.08890000000000002,0.031828125,1.0,0.008060502586364746,0.023080502586364744,0.014348940086364743,"[""Proportional Baseline Exp 1"",""11095201"",""0""]",2.369900975823049,14
forecast-continued-feedforward-43-g82-k5-main-recorded,feedforward,continued,43,6a1e6a7ef5770e5cb77a129d7c941aabd21f8b4fcac17e8b615fb4d61cd9b0e1,82,Proportional,5,10,main,recorded,1,64,0.0020055653527891217,0.0014430555552761605,0.00106733941872205,0.004094001837253907,4.999999888241291e-05,0.0045243997871875765,1.0,0.0,0.013999999999999999,0.009406250000000001,1.0,0.00416,0.01006,0.006834374999999999,"[""Proportional Baseline Exp 1"",""14606420"",""0""]",1.288567391733019,6
forecast-continued-feedforward-43-g89-k5-main-recorded,feedforward,continued,43,6a1e6a7ef5770e5cb77a129d7c941aabd21f8b4fcac17e8b615fb4d61cd9b0e1,89,Proportional,5,10,main,recorded,1,64,0.08860722383334191,0.08350885264078772,0.03792838201881167,0.03851376546613044,0.8470050048828125,0.24539647912979126,1.0,0.33109999999999995,1.0,0.806640625,0.0,0.12940954861402512,0.24298968402981755,0.18396062717214223,"[""Proportional Baseline Exp 1"",""36303454"",""0""]",2.75926576612634,31
forecast-continued-feedforward-43-g97-k5-main-recorded,feedforward,continued,43,6a1e6a7ef5770e5cb77a129d7c941aabd21f8b4fcac17e8b615fb4d61cd9b0e1,97,Proportional,5,10,main,recorded,1,64,0.12686725051632478,0.12558720573546397,0.019106906902317037,0.20452203623624077,0.3850050354003906,0.1781989876627922,1.0,0.0,0.8988,0.32115625,1.0,0.10808055084228517,0.19266055084228512,0.14684586334228514,"[""Proportional Baseline Exp 1"",""45673270"",""0""]",2.737105813865209,32
forecast-continued-recurrent-17-g104-k5-main-recorded,recurrent,continued,17,a8f92a9c4693f2c4efb1175208ad11230ff2b9c74c26ab466d117ec36676b61e,104,Proportional,5,10,main,recorded,1,64,0.2872386886470768,0.2846488095238095,0.00824227764228034,0.21614328271888553,1.0,0.14079737854003907,1.0,0.01540000000000002,1.0,0.49565625,1.0,0.09447045242309567,0.16480045242309566,0.12985357742309567,"[""Proportional Baseline Exp 1"",""63752993"",""0""]",3.359658620386994,20
forecast-continued-recurrent-17-g107-k5-main-recorded,recurrent,continued,17,a8f92a9c4693f2c4efb1175208ad11230ff2b9c74c26ab466d117ec36676b61e,107,Proportional,5,10,main,recorded,1,64,0.4131546923128502,0.4142443652947744,0.016259327483200848,0.1950459378818671,0.5740049362182618,0.10740003997087479,0.0,0.0,0.2485000000000001,0.104671875,0.0,0.060950547790527346,0.10128054779052732,0.08372086029052733,"[""Proportional Baseline Exp 1"",""69384851"",""0""]",2.424989207072691,38
forecast-continued-recurrent-17-g111-k5-main-recorded,recurrent,continued,17,a8f92a9c4693f2c4efb1175208ad11230ff2b9c74c26ab466d117ec36676b61e,111,Proportional,5,10,main,recorded,1,64,0.060070880834174084,0.059173165687492896,0.007069499379615218,0.0501409506044454,0.07000502109527589,0.04849999743700027,1.0,0.0021000000000000046,0.4809,0.216609375,1.0,0.039520498962402346,0.08772049896240233,0.06244112396240232,"[""Proportional Baseline Exp 1"",""76356479"",""0""]",1.8573594707508354,23
forecast-continued-recurrent-17-g117-k5-main-recorded,recurrent,continued,17,a8f92a9c4693f2c4efb1175208ad11230ff2b9c74c26ab466d117ec36676b61e,117,Proportional,5,10,main,recorded,1,64,0.10610829937382224,0.09547271825396825,0.012719158283112531,0.03978800292393519,1.0,0.16349546813964844,1.0,0.0,1.0,0.6909687499999999,1.0,0.10740000000000001,0.2240501510620117,0.16591421198844908,"[""Proportional Baseline Exp 1"",""85019022"",""0""]",4.3804499872675295,10
forecast-continued-recurrent-17-g13-k5-main-recorded,recurrent,continued,17,a8f92a9c4693f2c4efb1175208ad11230ff2b9c74c26ab466d117ec36676b61e,13,Equal,5,10,main,recorded,1,64,0.0013205892962918297,5.920138787607549e-05,0.0012502323420038304,0.0048750786055545585,4.999999888241291e-05,0.008017599403858185,0.0,0.0,0.0,0.0006562499999999999,1.0,0.00460040225982666,0.00840040225982666,0.00627227725982666,"[""Equal Baseline Exp 1"",""35368456"",""0""]",0.7866967530757323,20
forecast-continued-recurrent-17-g20-k5-main-recorded,recurrent,continued,17,a8f92a9c4693f2c4efb1175208ad11230ff2b9c74c26ab466d117ec36676b61e,20,Equal,5,10,main,recorded,1,64,0.00040362706353916757,8.00347212094087e-05,0.00039843048683205033,0.0015397678429099164,4.999999888241291e-05,0.005930800035595894,0.0,0.0,0.0,0.0012031249999999998,1.0,0.005420404453277588,0.009040404453277586,0.0069675919532775875,"[""Equal Baseline Exp 1"",""40800498"",""0""]",0.8180880011378615,8
forecast-continued-recurrent-17-g25-k5-main-recorded,recurrent,continued,17,a8f92a9c4693f2c4efb1175208ad11230ff2b9c74c26ab466d117ec36676b61e,25,Equal,5,10,main,recorded,1,64,0.0010935910998399346,6.961805454274231e-05,0.001029232266004242,0.005106084423007107,4.999999888241291e-05,0.015108798652887345,0.0,0.0,0.0,0.0008749999999999999,1.0,0.011160404739379884,0.018320404739379882,0.014400404739379882,"[""Equal Baseline Exp 1"",""46096247"",""0""]",0.919083015354415,28
forecast-continued-recurrent-17-g35-k5-main-recorded,recurrent,continued,17,a8f92a9c4693f2c4efb1175208ad11230ff2b9c74c26ab466d117ec36676b61e,35,Equal,5,10,main,recorded,1,64,0.0007011427102150314,0.00010972222124433343,0.0007019490646375782,0.0023616385927203937,4.999999888241291e-05,0.005930799975991249,0.0,0.0,0.0,0.0015312499999999998,1.0,0.005700402545928955,0.010470402545928953,0.007647277545928954,"[""Equal Baseline Exp 1"",""92291462"",""0""]",0.9613427187699626,8
forecast-continued-recurrent-17-g36-k5-main-recorded,recurrent,continued,17,a8f92a9c4693f2c4efb1175208ad11230ff2b9c74c26ab466d117ec36676b61e,36,Equal,5,10,main,recorded,1,64,0.006887499859344198,0.004341493055450781,0.002940132013276694,0.013504668666527785,4.999999888241291e-05,0.05590439735352993,1.0,0.0,0.04690000000000002,0.020562499999999997,1.0,0.04288040473937988,0.07112040473937987,0.05620352973937988,"[""Equal Baseline Exp 1"",""92992435"",""0""]",1.7163576163887546,32
forecast-continued-recurrent-17-g44-k5-main-recorded,recurrent,continued,17,a8f92a9c4693f2c4efb1175208ad11230ff2b9c74c26ab466d117ec36676b61e,44,Mixed,5,10,main,recorded,1,64,0.36926147390976216,0.3660124678081935,0.033354700919252536,0.4215021196416446,0.2660055923461914,0.17819943594932555,0.0,0.3633,1.0,0.7629843749999999,0.0,0.18004944686889648,0.25947944686889646,0.22627297943830488,"[""Mixed Baseline Exp 1"",""18823620"",""0""]",3.0915860389343606,40
forecast-continued-recurrent-17-g47-k5-main-recorded,recurrent,continued,17,a8f92a9c4693f2c4efb1175208ad11230ff2b9c74c26ab466d117ec36676b61e,47,Mixed,5,10,main,recorded,1,64,0.1602654012083311,0.16189654762215083,0.006536964699791547,0.07996279320518176,0.30100461959838865,0.1173999879360199,0.0,0.0,0.21350000000000008,0.09996875,1.0,0.08010045089721679,0.13917045089721677,0.11001295089721679,"[""Mixed Baseline Exp 1"",""26185795"",""0""]",2.524093841170978,40
forecast-continued-recurrent-17-g52-k5-main-recorded,recurrent,continued,17,a8f92a9c4693f2c4efb1175208ad11230ff2b9c74c26ab466d117ec36676b61e,52,Mixed,5,10,main,recorded,1,64,0.2942458977954303,0.29515029736170695,0.022235252176674596,0.1793327274360354,0.5460056686401367,0.18119998455047606,0.0,0.013999999999999999,0.4137,0.18470312499999997,1.0,0.10560055847167966,0.18753055847167965,0.1452427459716797,"[""Mixed Baseline Exp 1"",""37465807"",""0""]",2.84176971517751,40
forecast-continued-recurrent-17-g57-k5-main-recorded,recurrent,continued,17,a8f92a9c4693f2c4efb1175208ad11230ff2b9c74c26ab466d117ec36676b61e,57,Mixed,5,10,main,recorded,1,64,0.0006071826124444892,5.381944339670659e-05,0.0006188566307795953,0.0035637897623017325,4.999999888241291e-05,0.0125175496712327,0.0,0.0,0.0,0.0005468749999999999,1.0,0.010960454330444337,0.017700454330444333,0.013908266830444334,"[""Mixed Baseline Exp 1"",""47841996"",""0""]",0.8937276104171126,18
forecast-continued-recurrent-17-g60-k5-main-recorded,recurrent,continued,17,a8f92a9c4693f2c4efb1175208ad11230ff2b9c74c26ab466d117ec36676b61e,60,Mixed,5,10,main,recorded,1,64,0.4935653216018524,0.49395684523809513,0.020013159007496315,0.2752251219308565,1.0,0.22289892768859862,0.0,0.030100000000000005,0.8225,0.33934375,1.0,0.1416904943847656,0.2320904943847656,0.1866723693847656,"[""Mixed Baseline Exp 1"",""50116627"",""0""]",2.799421869710372,40
forecast-continued-recurrent-17-g64-k5-main-recorded,recurrent,continued,17,a8f92a9c4693f2c4efb1175208ad11230ff2b9c74c26ab466d117ec36676b61e,64,Mixed,5,10,main,recorded,1,64,0.20991091202116668,0.21213309182061088,0.007034573270971819,0.10177192182110414,0.23100461959838867,0.05709999346733093,0.0,0.0,0.025900000000000017,0.010390624999999999,1.0,0.036220456619262695,0.05730045661926269,0.04625201911926269,"[""Mixed Baseline Exp 1"",""64291720"",""0""]",2.0084242064253743,40
forecast-continued-recurrent-17-g73-k5-main-recorded,recurrent,continued,17,a8f92a9c4693f2c4efb1175208ad11230ff2b9c74c26ab466d117ec36676b61e,73,Mixed,5,10,main,recorded,1,64,0.0898053378705293,0.08979529243045384,0.008320723906206716,0.08004579138188135,0.6930049133300781,0.23549997711181642,1.0,0.1673,1.0,0.6066874999999999,1.0,0.1728304989624023,0.259000147819519,0.2203238894343376,"[""Mixed Baseline Exp 1"",""85460730"",""0""]",3.3184706216648268,40
forecast-continued-recurrent-17-g78-k5-main-recorded,recurrent,continued,17,a8f92a9c4693f2c4efb1175208ad11230ff2b9c74c26ab466d117ec36676b61e,78,Mixed,5,10,main,recorded,1,64,0.003419704644802136,0.0014890624995459786,0.0018566374077387754,0.009781862595173555,4.999999888241291e-05,0.03320884764939547,1.0,0.0,0.025900000000000017,0.009843749999999998,1.0,0.024320551986694326,0.043380551986694334,0.03269742698669433,"[""Mixed Baseline Exp 1"",""95675568"",""0""]",1.4862868493615613,27
forecast-continued-recurrent-17-g80-k5-main-recorded,recurrent,continued,17,a8f92a9c4693f2c4efb1175208ad11230ff2b9c74c26ab466d117ec36676b61e,80,Proportional,5,10,main,recorded,1,64,0.19083962881490457,0.19256025836202834,0.003202494596855508,0.07177840390072929,0.2450050163269043,0.018699999153614043,0.0,0.0,0.105,0.030953125,1.0,0.008660502586364745,0.024850502586364745,0.015223940086364744,"[""Proportional Baseline Exp 1"",""11095201"",""0""]",2.070519726186559,14
forecast-continued-recurrent-17-g82-k5-main-recorded,recurrent,continued,17,a8f92a9c4693f2c4efb1175208ad11230ff2b9c74c26ab466d117ec36676b61e,82,Proportional,5,10,main,recorded,1,64,0.0003956500391244014,9.270833242529361e-05,0.00036330884986571834,0.0011397691830675786,4.999999888241291e-05,0.0045243997871875765,0.0,0.0,0.0,0.0006562499999999999,1.0,0.00396,0.00617,0.005128125,"[""Proportional Baseline Exp 1"",""14606420"",""0""]",1.014481786868073,6
forecast-continued-recurrent-17-g89-k5-main-recorded,recurrent,continued,17,a8f92a9c4693f2c4efb1175208ad11230ff2b9c74c26ab466d117ec36676b61e,89,Proportional,5,10,main,recorded,1,64,0.08883023372016383,0.08130085893661254,0.03976245326299281,0.032190755880712754,0.8470050048828125,0.24539647912979126,1.0,0.017500000000000022,1.0,0.7839375,0.0,0.12937954861402512,0.24227986458420753,0.1829668348547071,"[""Proportional Baseline Exp 1"",""36303454"",""0""]",2.9723217367034427,31
forecast-continued-recurrent-17-g97-k5-main-recorded,recurrent,continued,17,a8f92a9c4693f2c4efb1175208ad11230ff2b9c74c26ab466d117ec36676b61e,97,Proportional,5,10,main,recorded,1,64,0.09769563745172496,0.09523718864198716,0.016286322338672162,0.1935274286425303,0.3850050354003906,0.1781989876627922,1.0,0.006999999999999999,0.7525000000000002,0.317265625,1.0,0.10353055084228514,0.19932055084228514,0.15073492584228512,"[""Proportional Baseline Exp 1"",""45673270"",""0""]",2.7445118100213253,32
forecast-continued-recurrent-29-g104-k5-main-recorded,recurrent,continued,29,d85aae54aeba7cf9de9a453c743dbaac3af05ae43385c8592b54f6d40694fc4f,104,Proportional,5,10,main,recorded,1,64,0.3063223913309364,0.30398214285714276,0.007464698277200969,0.22031480948243817,1.0,0.14079737854003907,1.0,0.0,1.0,0.47476562499999997,1.0,0.08975045242309569,0.16902045242309569,0.13514263992309566,"[""Proportional Baseline Exp 1"",""63752993"",""0""]",3.3701596327337797,20
forecast-continued-recurrent-29-g107-k5-main-recorded,recurrent,continued,29,d85aae54aeba7cf9de9a453c743dbaac3af05ae43385c8592b54f6d40694fc4f,107,Proportional,5,10,main,recorded,1,64,0.37012394390536874,0.3716157388157315,0.012685861191449196,0.16691809093720383,0.5740049362182618,0.10740003997087479,0.0,0.006999999999999999,0.3486000000000001,0.133765625,1.0,0.06449054779052733,0.11941054779052733,0.08846148529052733,"[""Proportional Baseline Exp 1"",""69384851"",""0""]",2.4443240279643295,38
forecast-continued-recurrent-29-g111-k5-main-recorded,recurrent,continued,29,d85aae54aeba7cf9de9a453c743dbaac3af05ae43385c8592b54f6d40694fc4f,111,Proportional,5,10,main,recorded,1,64,0.04778085497049395,0.046540021662201184,0.011459756314387866,0.055406309953994225,0.07000502109527589,0.04849999743700027,1.0,0.0,0.5208,0.1820625,1.0,0.041710498962402344,0.09642049896240233,0.06918799896240234,"[""Proportional Baseline Exp 1"",""76356479"",""0""]",1.8810917925124533,23
forecast-continued-recurrent-29-g117-k5-main-recorded,recurrent,continued,29,d85aae54aeba7cf9de9a453c743dbaac3af05ae43385c8592b54f6d40694fc4f,117,Proportional,5,10,main,recorded,1,64,0.155479019225987,0.14710069444444446,0.011763549627576544,0.05921578944372754,1.0,0.16349546813964844,1.0,0.0,1.0,0.6171875,1.0,0.1074,0.2296903524780273,0.16468919625282286,"[""Proportional Baseline Exp 1"",""85019022"",""0""]",4.2371652832290785,10
forecast-continued-recurrent-29-g13-k5-main-recorded,recurrent,continued,29,d85aae54aeba7cf9de9a453c743dbaac3af05ae43385c8592b54f6d40694fc4f,13,Equal,5,10,main,recorded,1,64,0.001041944586077133,6.961805454274231e-05,0.0009671056455385595,0.003710956266708025,4.999999888241291e-05,0.008017599403858185,0.0,0.0,0.0,0.0008749999999999999,1.0,0.00520040225982666,0.009400402259826657,0.00677540225982666,"[""Equal Baseline Exp 1"",""35368456"",""0""]",0.8030933182719486,20
forecast-continued-recurrent-29-g20-k5-main-recorded,recurrent,continued,29,d85aae54aeba7cf9de9a453c743dbaac3af05ae43385c8592b54f6d40694fc4f,20,Equal,5,10,main,recorded,1,64,0.0003750415767087515,6.961805454274198e-05,0.0003838545551287035,0.0015306895218834848,4.999999888241291e-05,0.005930800035595894,0.0,0.0,0.0,0.000984375,1.0,0.005700404453277587,0.010100404453277586,0.0070707169532775865,"[""Equal Baseline Exp 1"",""40800498"",""0""]",0.8047811383405719,8
forecast-continued-recurrent-29-g25-k5-main-recorded,recurrent,continued,29,d85aae54aeba7cf9de9a453c743dbaac3af05ae43385c8592b54f6d40694fc4f,25,Equal,5,10,main,recorded,1,64,0.0011589997993758042,8.541666568877824e-05,0.0010440846305370098,0.004903075151816788,4.999999888241291e-05,0.015108798652887345,0.0,0.0,0.0,0.0012031249999999998,1.0,0.010960404739379882,0.01778040473937988,0.013895717239379882,"[""Equal Baseline Exp 1"",""46096247"",""0""]",0.9135171753478973,28
forecast-continued-recurrent-29-g35-k5-main-recorded,recurrent,continued,29,d85aae54aeba7cf9de9a453c743dbaac3af05ae43385c8592b54f6d40694fc4f,35,Equal,5,10,main,recorded,1,64,0.0004558920102407729,5.72916656189289e-05,0.0004688339096893153,0.0016275270145405855,4.999999888241291e-05,0.005930799975991249,0.0,0.0,0.0,0.0006562499999999999,1.0,0.005900402545928955,0.009520402545928954,0.007137902545928955,"[""Equal Baseline Exp 1"",""92291462"",""0""]",0.9563949813038848,8
forecast-continued-recurrent-29-g36-k5-main-recorded,recurrent,continued,29,d85aae54aeba7cf9de9a453c743dbaac3af05ae43385c8592b54f6d40694fc4f,36,Equal,5,10,main,recorded,1,64,0.00864026546477296,0.0053522569444095155,0.0031948969630613226,0.015713449791919108,4.999999888241291e-05,0.05590439735352993,1.0,0.0,0.07490000000000002,0.0188125,1.0,0.04140040473937988,0.07040040473937989,0.05443477973937988,"[""Equal Baseline Exp 1"",""92992435"",""0""]",1.7604758113984231,32
forecast-continued-recurrent-29-g44-k5-main-recorded,recurrent,continued,29,d85aae54aeba7cf9de9a453c743dbaac3af05ae43385c8592b54f6d40694fc4f,44,Mixed,5,10,main,recorded,1,64,0.33893462417649056,0.33582695193517764,0.034406035250425335,0.3799906538019104,0.2660055923461914,0.17819943594932555,0.0,0.32199999999999995,1.0,0.732765625,0.0,0.1813794468688965,0.2615098340606689,0.22949647743701934,"[""Mixed Baseline Exp 1"",""18823620"",""0""]",3.1068999312590475,40
forecast-continued-recurrent-29-g47-k5-main-recorded,recurrent,continued,29,d85aae54aeba7cf9de9a453c743dbaac3af05ae43385c8592b54f6d40694fc4f,47,Mixed,5,10,main,recorded,1,64,0.16482028356642686,0.16550056992636786,0.008027192874394717,0.0871288352602058,0.30100461959838865,0.1173999879360199,0.0,0.0,0.2709,0.093078125,1.0,0.08248045089721677,0.13295045089721677,0.10758638839721678,"[""Mixed Baseline Exp 1"",""26185795"",""0""]",2.508484110106408,40
forecast-continued-recurrent-29-g52-k5-main-recorded,recurrent,continued,29,d85aae54aeba7cf9de9a453c743dbaac3af05ae43385c8592b54f6d40694fc4f,52,Mixed,5,10,main,recorded,1,64,0.2157364847479098,0.21523593370876615,0.017910617333934425,0.13682784013407573,0.5460056686401367,0.18119998455047606,0.0,0.048999999999999995,0.5298999999999999,0.261578125,1.0,0.11613055847167968,0.18535055847167967,0.15153962097167967,"[""Mixed Baseline Exp 1"",""37465807"",""0""]",2.865785527520515,40
forecast-continued-recurrent-29-g57-k5-main-recorded,recurrent,continued,29,d85aae54aeba7cf9de9a453c743dbaac3af05ae43385c8592b54f6d40694fc4f,57,Mixed,5,10,main,recorded,1,64,0.0009953265147097743,0.00016753472134910718,0.0009727673193920274,0.0045688974687402755,4.999999888241291e-05,0.0125175496712327,1.0,0.0,0.004900000000000019,0.0021874999999999998,1.0,0.011160454330444335,0.018200454330444336,0.014609829330444335,"[""Mixed Baseline Exp 1"",""47841996"",""0""]",0.8963559617495531,18
forecast-continued-recurrent-29-g60-k5-main-recorded,recurrent,continued,29,d85aae54aeba7cf9de9a453c743dbaac3af05ae43385c8592b54f6d40694fc4f,60,Mixed,5,10,main,recorded,1,64,0.6137299243722956,0.6154474206349206,0.027432753549303347,0.3507022362993823,1.0,0.22289892768859862,0.0,0.030100000000000005,0.5859,0.2591875,1.0,0.13342049438476564,0.23355049438476558,0.17959736938476561,"[""Mixed Baseline Exp 1"",""50116627"",""0""]",2.8381481529023747,40
forecast-continued-recurrent-29-g64-k5-main-recorded,recurrent,continued,29,d85aae54aeba7cf9de9a453c743dbaac3af05ae43385c8592b54f6d40694fc4f,64,Mixed,5,10,main,recorded,1,64,0.18327130001615954,0.18483433634705013,0.005395033358132086,0.08388808343244925,0.23100461959838867,0.05709999346733093,0.0,0.0,0.08399999999999999,0.026578124999999994,1.0,0.036640456619262685,0.06066045661926269,0.04853326911926269,"[""Mixed Baseline Exp 1"",""64291720"",""0""]",2.009336340413268,40
forecast-continued-recurrent-29-g73-k5-main-recorded,recurrent,continued,29,d85aae54aeba7cf9de9a453c743dbaac3af05ae43385c8592b54f6d40694fc4f,73,Mixed,5,10,main,recorded,1,64,0.10241760447291234,0.10238652686467245,0.007484311673565535,0.07938448513083986,0.6930049133300781,0.23549997711181642,1.0,0.1722,1.0,0.59975,1.0,0.17921049896240235,0.2483804989624023,0.21942230342030522,"[""Mixed Baseline Exp 1"",""85460730"",""0""]",3.2941090653419076,40
forecast-continued-recurrent-29-g78-k5-main-recorded,recurrent,continued,29,d85aae54aeba7cf9de9a453c743dbaac3af05ae43385c8592b54f6d40694fc4f,78,Mixed,5,10,main,recorded,1,64,0.003577798731144442,0.001573958332844386,0.001807507817708844,0.009569136870543782,4.999999888241291e-05,0.03320884764939547,1.0,0.0,0.037800000000000035,0.014218749999999999,1.0,0.024860551986694332,0.042950551986694334,0.03289430198669433,"[""Mixed Baseline Exp 1"",""95675568"",""0""]",1.4991100664820498,27
forecast-continued-recurrent-29-g80-k5-main-recorded,recurrent,continued,29,d85aae54aeba7cf9de9a453c743dbaac3af05ae43385c8592b54f6d40694fc4f,80,Proportional,5,10,main,recorded,1,64,0.20805987034547863,0.20885208178891077,0.003545967522789799,0.08119442120285499,0.2450050163269043,0.018699999153614043,0.0,0.0,0.06090000000000002,0.01990625,1.0,0.008460502586364745,0.021070502586364743,0.014166127586364744,"[""Proportional Baseline Exp 1"",""11095201"",""0""]",2.1474387559956463,14
forecast-continued-recurrent-29-g82-k5-main-recorded,recurrent,continued,29,d85aae54aeba7cf9de9a453c743dbaac3af05ae43385c8592b54f6d40694fc4f,82,Proportional,5,10,main,recorded,1,64,0.0004291863066167019,0.00013281249912688495,0.00035230143544160667,0.0013540330374600465,4.999999888241291e-05,0.0045243997871875765,1.0,0.0,0.004900000000000019,0.00153125,1.0,0.0039000000000000003,0.007500000000000001,0.0053,"[""Proportional Baseline Exp 1"",""14606420"",""0""]",1.0205201046496242,6
forecast-continued-recurrent-29-g89-k5-main-recorded,recurrent,continued,29,d85aae54aeba7cf9de9a453c743dbaac3af05ae43385c8592b54f6d40694fc4f,89,Proportional,5,10,main,recorded,1,64,0.09702231599638764,0.08800681486583886,0.044544042648652984,0.051664432305647504,0.8470050048828125,0.24539647912979126,1.0,0.049700000000000036,1.0,0.738984375,0.0,0.11778986458420754,0.24261954861402504,0.1760949598547071,"[""Proportional Baseline Exp 1"",""36303454"",""0""]",2.782598486962713,31
forecast-continued-recurrent-29-g97-k5-main-recorded,recurrent,continued,29,d85aae54aeba7cf9de9a453c743dbaac3af05ae43385c8592b54f6d40694fc4f,97,Proportional,5,10,main,recorded,1,64,0.09520665287112251,0.09473752731747098,0.01104291805326349,0.18104680073904614,0.3850050354003906,0.1781989876627922,1.0,0.027999999999999997,0.7398999999999999,0.322,1.0,0.11398055084228514,0.1868805508422851,0.15472086334228513,"[""Proportional Baseline Exp 1"",""45673270"",""0""]",2.7432529150370453,32
forecast-continued-recurrent-43-g104-k5-main-recorded,recurrent,continued,43,3bcb6bb2871153c8c95f34d6759c69fb18b7702b90f72633e8e8172973e52241,104,Proportional,5,10,main,recorded,1,64,0.49692130941901147,0.4974444444444445,0.013373459910968003,0.33534323694100465,1.0,0.14079737854003907,0.0,0.0,0.9961,0.32790625,1.0,0.0804604524230957,0.16980045242309566,0.12396763992309567,"[""Proportional Baseline Exp 1"",""63752993"",""0""]",3.387627475179604,20
forecast-continued-recurrent-43-g107-k5-main-recorded,recurrent,continued,43,3bcb6bb2871153c8c95f34d6759c69fb18b7702b90f72633e8e8172973e52241,107,Proportional,5,10,main,recorded,1,64,0.35705656919780177,0.35895948881573153,0.012146174661602298,0.15406661874188318,0.5740049362182618,0.10740003997087479,0.0,0.0,0.3808,0.13934375,1.0,0.06006054779052736,0.12109054779052732,0.08856929779052733,"[""Proportional Baseline Exp 1"",""69384851"",""0""]",2.4439440190000714,38
forecast-continued-recurrent-43-g111-k5-main-recorded,recurrent,continued,43,3bcb6bb2871153c8c95f34d6759c69fb18b7702b90f72633e8e8172973e52241,111,Proportional,5,10,main,recorded,1,64,0.03233248544682643,0.031761515031258264,0.006038562671331658,0.03445410935497946,0.07000502109527589,0.04849999743700027,1.0,0.0,0.4179,0.1365,1.0,0.038360498962402345,0.08669049896240234,0.06107237396240234,"[""Proportional Baseline Exp 1"",""76356479"",""0""]",1.774687504868975,23
forecast-continued-recurrent-43-g117-k5-main-recorded,recurrent,continued,43,3bcb6bb2871153c8c95f34d6759c69fb18b7702b90f72633e8e8172973e52241,117,Proportional,5,10,main,recorded,1,64,0.06310800268054431,0.054255456349206366,0.010208771339295396,0.03411780533866278,1.0,0.16349546813964844,1.0,0.0,1.0,0.774875,1.0,0.1115,0.21555015106201172,0.16542522816658017,"[""Proportional Baseline Exp 1"",""85019022"",""0""]",4.358385515962817,10
forecast-continued-recurrent-43-g13-k5-main-recorded,recurrent,continued,43,3bcb6bb2871153c8c95f34d6759c69fb18b7702b90f72633e8e8172973e52241,13,Equal,5,10,main,recorded,1,64,0.0012327235003030792,8.003472120940913e-05,0.0011181308638659264,0.004514701421099665,4.999999888241291e-05,0.008017599403858185,0.0,0.0,0.0,0.0012031249999999998,1.0,0.00500040225982666,0.008870402259826658,0.006520714759826659,"[""Equal Baseline Exp 1"",""35368456"",""0""]",0.8001772236343735,20
forecast-continued-recurrent-43-g20-k5-main-recorded,recurrent,continued,43,3bcb6bb2871153c8c95f34d6759c69fb18b7702b90f72633e8e8172973e52241,20,Equal,5,10,main,recorded,1,64,0.0003902079633354165,5.034722117448428e-05,0.00039992377546482826,0.0014297931234190603,4.999999888241291e-05,0.005930800035595894,0.0,0.0,0.0,0.00032812499999999997,1.0,0.005360404453277588,0.008840404453277587,0.006955091953277587,"[""Equal Baseline Exp 1"",""40800498"",""0""]",0.8202567688626693,8
forecast-continued-recurrent-43-g25-k5-main-recorded,recurrent,continued,43,3bcb6bb2871153c8c95f34d6759c69fb18b7702b90f72633e8e8172973e52241,25,Equal,5,10,main,recorded,1,64,0.0010043256613090769,0.00013784722131418244,0.000856774619594216,0.004363103625940858,4.999999888241291e-05,0.015108798652887345,0.0,0.0,0.0,0.0017499999999999998,1.0,0.010900404739379881,0.019640404739379884,0.01493790473937988,"[""Equal Baseline Exp 1"",""46096247"",""0""]",0.9261963316489904,28
forecast-continued-recurrent-43-g35-k5-main-recorded,recurrent,continued,43,3bcb6bb2871153c8c95f34d6759c69fb18b7702b90f72633e8e8172973e52241,35,Equal,5,10,main,recorded,1,64,0.0006359191810556219,5.034722117448428e-05,0.0006514381141475738,0.002225827396756762,4.999999888241291e-05,0.005930799975991249,0.0,0.0,0.0,0.00032812499999999997,1.0,0.005480402545928956,0.010300402545928953,0.007445715045928954,"[""Equal Baseline Exp 1"",""92291462"",""0""]",0.9583205347336335,8
forecast-continued-recurrent-43-g36-k5-main-recorded,recurrent,continued,43,3bcb6bb2871153c8c95f34d6759c69fb18b7702b90f72633e8e8172973e52241,36,Equal,5,10,main,recorded,1,64,0.019652348772798284,0.01806996527823179,0.003715342286215826,0.023177549972096066,4.999999888241291e-05,0.05590439735352993,1.0,0.0,0.13930000000000015,0.049109375,1.0,0.04530040473937988,0.07816040473937988,0.062330092239379874,"[""Equal Baseline Exp 1"",""92992435"",""0""]",1.7596371551941223,32
forecast-continued-recurrent-43-g44-k5-main-recorded,recurrent,continued,43,3bcb6bb2871153c8c95f34d6759c69fb18b7702b90f72633e8e8172973e52241,44,Mixed,5,10,main,recorded,1,64,0.2671656301849099,0.26118199240593676,0.046028451196210705,0.3549909679761008,0.2660055923461914,0.17819943594932555,1.0,0.1631,1.0,0.6586875,0.0,0.20511983406066894,0.26692983406066895,0.23756682450771327,"[""Mixed Baseline Exp 1"",""18823620"",""0""]",3.083231935637376,40
forecast-continued-recurrent-43-g47-k5-main-recorded,recurrent,continued,43,3bcb6bb2871153c8c95f34d6759c69fb18b7702b90f72633e8e8172973e52241,47,Mixed,5,10,main,recorded,1,64,0.1608117373957482,0.16240001984437308,0.007373117147102249,0.08544474333458478,0.30100461959838865,0.1173999879360199,0.0,0.009100000000000004,0.22050000000000008,0.101609375,1.0,0.07790045089721678,0.12685045089721678,0.10432388839721679,"[""Mixed Baseline Exp 1"",""26185795"",""0""]",2.523617182834084,40
forecast-continued-recurrent-43-g52-k5-main-recorded,recurrent,continued,43,3bcb6bb2871153c8c95f34d6759c69fb18b7702b90f72633e8e8172973e52241,52,Mixed,5,10,main,recorded,1,64,0.3133736957081548,0.3140917656156752,0.024536032094368863,0.19127328707225738,0.5460056686401367,0.18119998455047606,0.0,0.004200000000000009,0.4228,0.16603124999999996,1.0,0.11373055847167968,0.19261055847167965,0.14620524597167966,"[""Mixed Baseline Exp 1"",""37465807"",""0""]",2.8842001993610307,40
forecast-continued-recurrent-43-g57-k5-main-recorded,recurrent,continued,43,3bcb6bb2871153c8c95f34d6759c69fb18b7702b90f72633e8e8172973e52241,57,Mixed,5,10,main,recorded,1,64,0.001284620149508019,6.805555457766669e-05,0.0013160133254647773,0.004812291261529187,4.999999888241291e-05,0.0125175496712327,0.0,0.0,0.0,0.0006562499999999999,1.0,0.012100454330444335,0.019540454330444334,0.015209829330444333,"[""Mixed Baseline Exp 1"",""47841996"",""0""]",0.9060232908683776,18
forecast-continued-recurrent-43-g60-k5-main-recorded,recurrent,continued,43,3bcb6bb2871153c8c95f34d6759c69fb18b7702b90f72633e8e8172973e52241,60,Mixed,5,10,main,recorded,1,64,0.6950252533672835,0.6967708333333335,0.028252100719156733,0.3934049770682577,1.0,0.22289892768859862,0.0,0.023100000000000002,0.43470000000000003,0.203875,0.0,0.14350049438476561,0.21827049438476556,0.1800098693847656,"[""Mixed Baseline Exp 1"",""50116627"",""0""]",2.8081699641655065,40
forecast-continued-recurrent-43-g64-k5-main-recorded,recurrent,continued,43,3bcb6bb2871153c8c95f34d6759c69fb18b7702b90f72633e8e8172973e52241,64,Mixed,5,10,main,recorded,1,64,0.1823442884328193,0.18417823070949976,0.004528596159295434,0.07886467861864302,0.23100461959838867,0.05709999346733093,0.0,0.0,0.08680000000000004,0.027234374999999998,1.0,0.0367604566192627,0.06671045661926268,0.051273894119262683,"[""Mixed Baseline Exp 1"",""64291720"",""0""]",2.019953335206318,40
forecast-continued-recurrent-43-g73-k5-main-recorded,recurrent,continued,43,3bcb6bb2871153c8c95f34d6759c69fb18b7702b90f72633e8e8172973e52241,73,Mixed,5,10,main,recorded,1,64,0.20228056951320944,0.2023013394522288,0.014782019409490022,0.12845724410310624,0.6930049133300781,0.23549997711181642,1.0,0.063,0.7679,0.37993749999999993,1.0,0.15976049896240233,0.2567204989624023,0.21086609261035916,"[""Mixed Baseline Exp 1"",""85460730"",""0""]",3.3276444002966317,40
forecast-continued-recurrent-43-g78-k5-main-recorded,recurrent,continued,43,3bcb6bb2871153c8c95f34d6759c69fb18b7702b90f72633e8e8172973e52241,78,Mixed,5,10,main,recorded,1,64,0.003330529433241145,0.001660763888399943,0.0018920298213043075,0.009336801997290197,4.999999888241291e-05,0.03320884764939547,1.0,0.0,0.027999999999999997,0.0118125,1.0,0.024520551986694335,0.04992055198669433,0.034825551986694334,"[""Mixed Baseline Exp 1"",""95675568"",""0""]",1.4532908689658077,27
forecast-continued-recurrent-43-g80-k5-main-recorded,recurrent,continued,43,3bcb6bb2871153c8c95f34d6759c69fb18b7702b90f72633e8e8172973e52241,80,Proportional,5,10,main,recorded,1,64,0.19655254470186248,0.19724112743801542,0.003721247003209734,0.07694235368486908,0.2450050163269043,0.018699999153614043,0.0,0.0,0.08890000000000002,0.0266875,1.0,0.008260502586364744,0.021880502586364745,0.013800502586364744,"[""Proportional Baseline Exp 1"",""11095201"",""0""]",2.1895208967184496,14
forecast-continued-recurrent-43-g82-k5-main-recorded,recurrent,continued,43,3bcb6bb2871153c8c95f34d6759c69fb18b7702b90f72633e8e8172973e52241,82,Proportional,5,10,main,recorded,1,64,0.0005738645071705086,0.00020104166589832574,0.0004946568125356284,0.0017870295898594322,4.999999888241291e-05,0.0045243997871875765,1.0,0.0,0.006999999999999999,0.002078125,1.0,0.00396,0.00757,0.005723437499999999,"[""Proportional Baseline Exp 1"",""14606420"",""0""]",1.0515276150269315,6
forecast-continued-recurrent-43-g89-k5-main-recorded,recurrent,continued,43,3bcb6bb2871153c8c95f34d6759c69fb18b7702b90f72633e8e8172973e52241,89,Proportional,5,10,main,recorded,1,64,0.11193735131372537,0.10842248946901345,0.029579338835079304,0.05007825052057584,0.8470050048828125,0.24539647912979126,1.0,0.0,1.0,0.69975,1.0,0.1285995486140251,0.24746986458420753,0.19383564127795394,"[""Proportional Baseline Exp 1"",""36303454"",""0""]",2.767143251774866,31
forecast-continued-recurrent-43-g97-k5-main-recorded,recurrent,continued,43,3bcb6bb2871153c8c95f34d6759c69fb18b7702b90f72633e8e8172973e52241,97,Proportional,5,10,main,recorded,1,64,0.10204671162049786,0.10208603235275027,0.011192074045479786,0.1692838152925174,0.3850050354003906,0.1781989876627922,1.0,0.035,0.6629,0.29524999999999996,1.0,0.11086055084228516,0.1959305508422851,0.1583489883422851,"[""Proportional Baseline Exp 1"",""45673270"",""0""]",2.7685765907962283,32
forecast-original-feedforward-17-g104-k5-main-recorded,feedforward,original,17,be65c3cf7720e5805db3f1eeb285d832d662e8b54d5684fc51e051e9ce4032a2,104,Proportional,5,10,main,recorded,1,64,0.4063370655108,0.4048576388888889,0.013293112210621922,0.31206850771374184,1.0,0.14079737854003907,0.0,0.0,0.9982,0.39615625,1.0,0.0799104524230957,0.15785045242309567,0.11931451492309568,"[""Proportional Baseline Exp 1"",""63752993"",""0""]",3.52697581241108,20
forecast-original-feedforward-17-g107-k5-main-recorded,feedforward,original,17,be65c3cf7720e5805db3f1eeb285d832d662e8b54d5684fc51e051e9ce4032a2,107,Proportional,5,10,main,recorded,1,64,0.4081610265958373,0.40911211233668854,0.024718670744472565,0.22407239595088696,0.5740049362182618,0.10740003997087479,0.0,0.0,0.31289999999999996,0.10368749999999999,0.0,0.05750054779052733,0.09564054779052732,0.07472242279052733,"[""Proportional Baseline Exp 1"",""69384851"",""0""]",2.5958783381255643,38
forecast-original-feedforward-17-g111-k5-main-recorded,feedforward,original,17,be65c3cf7720e5805db3f1eeb285d832d662e8b54d5684fc51e051e9ce4032a2,111,Proportional,5,10,main,recorded,1,64,0.04588569059392297,0.04624744392907808,0.004424167248364242,0.034479558323217294,0.07000502109527589,0.04849999743700027,1.0,0.0,0.5438999999999999,0.16228125,1.0,0.040560498962402346,0.07856049896240234,0.05675362396240234,"[""Proportional Baseline Exp 1"",""76356479"",""0""]",1.8272855317540275,23
forecast-original-feedforward-17-g117-k5-main-recorded,feedforward,original,17,be65c3cf7720e5805db3f1eeb285d832d662e8b54d5684fc51e051e9ce4032a2,117,Proportional,5,10,main,recorded,1,64,0.05716284212779699,0.04562499999999997,0.01693676606587,0.022178172402154844,1.0,0.16349546813964844,1.0,0.32899999999999996,1.0,0.8164843749999999,1.0,0.13745000000000002,0.23733035247802733,0.18913616566658017,"[""Proportional Baseline Exp 1"",""85019022"",""0""]",4.324109412674361,10
forecast-original-feedforward-17-g13-k5-main-recorded,feedforward,original,17,be65c3cf7720e5805db3f1eeb285d832d662e8b54d5684fc51e051e9ce4032a2,13,Equal,5,10,main,recorded,1,64,0.0010947424679687303,4.843749891733743e-05,0.0010707516079502453,0.004136713622295065,4.999999888241291e-05,0.008017599403858185,0.0,0.0,0.0,0.00043749999999999995,1.0,0.00500040225982666,0.00854040225982666,0.006450402259826659,"[""Equal Baseline Exp 1"",""35368456"",""0""]",0.767769932209893,20
forecast-original-feedforward-17-g20-k5-main-recorded,feedforward,original,17,be65c3cf7720e5805db3f1eeb285d832d662e8b54d5684fc51e051e9ce4032a2,20,Equal,5,10,main,recorded,1,64,0.0004200812601885182,4.9999998882412894e-05,0.0004153851626810454,0.0014834515955098645,4.999999888241291e-05,0.005930800035595894,0.0,0.0,0.0,0.0,1.0,0.005420404453277588,0.008500404453277585,0.006916029453277588,"[""Equal Baseline Exp 1"",""40800498"",""0""]",0.9376945004702908,8
forecast-original-feedforward-17-g25-k5-main-recorded,feedforward,original,17,be65c3cf7720e5805db3f1eeb285d832d662e8b54d5684fc51e051e9ce4032a2,25,Equal,5,10,main,recorded,1,64,0.0008867216772999917,6.961805454274231e-05,0.0008571722961104814,0.004892182523578069,4.999999888241291e-05,0.015108798652887345,0.0,0.0,0.0,0.0008749999999999999,1.0,0.011560404739379882,0.01918040473937988,0.014791029739379881,"[""Equal Baseline Exp 1"",""46096247"",""0""]",0.9676972639962369,28
forecast-original-feedforward-17-g35-k5-main-recorded,feedforward,original,17,be65c3cf7720e5805db3f1eeb285d832d662e8b54d5684fc51e051e9ce4032a2,35,Equal,5,10,main,recorded,1,64,0.0006068626554447334,4.9999998882412894e-05,0.0006034494661903447,0.0020814745460753328,4.999999888241291e-05,0.005930799975991249,0.0,0.0,0.0,0.0,1.0,0.005900402545928955,0.009580402545928955,0.007259777545928955,"[""Equal Baseline Exp 1"",""92291462"",""0""]",0.948313276438556,8
forecast-original-feedforward-17-g36-k5-main-recorded,feedforward,original,17,be65c3cf7720e5805db3f1eeb285d832d662e8b54d5684fc51e051e9ce4032a2,36,Equal,5,10,main,recorded,1,64,0.005720332162613219,0.0007086805549269132,0.004397362216528035,0.016624676101281592,4.999999888241291e-05,0.05590439735352993,1.0,0.0,0.020999999999999998,0.00459375,1.0,0.03892040473937988,0.05847040473937988,0.04875665473937988,"[""Equal Baseline Exp 1"",""92992435"",""0""]",1.8433628457228166,32
forecast-original-feedforward-17-g44-k5-main-recorded,feedforward,original,17,be65c3cf7720e5805db3f1eeb285d832d662e8b54d5684fc51e051e9ce4032a2,44,Mixed,5,10,main,recorded,1,64,0.0952367344789912,0.08828074871169198,0.029770929488397775,0.17200322084029515,0.2660055923461914,0.17819943594932555,1.0,0.018200000000000008,0.6055000000000005,0.19796874999999997,0.0,0.19140961280822757,0.2643694468688964,0.22250747543573376,"[""Mixed Baseline Exp 1"",""18823620"",""0""]",3.1795463870136134,40
forecast-original-feedforward-17-g47-k5-main-recorded,feedforward,original,17,be65c3cf7720e5805db3f1eeb285d832d662e8b54d5684fc51e051e9ce4032a2,47,Mixed,5,10,main,recorded,1,64,0.27477916024174176,0.27673725848727754,0.025315587799274744,0.18446186407870718,0.30100461959838865,0.1173999879360199,0.0,0.0,0.035,0.014546875,0.0,0.07036045089721679,0.0996804508972168,0.08525201339721677,"[""Mixed Baseline Exp 1"",""26185795"",""0""]",2.747405110059333,40
forecast-original-feedforward-17-g52-k5-main-recorded,feedforward,original,17,be65c3cf7720e5805db3f1eeb285d832d662e8b54d5684fc51e051e9ce4032a2,52,Mixed,5,10,main,recorded,1,64,0.49127151095562593,0.4922938630845811,0.05245976147415146,0.35227370295524596,0.5460056686401367,0.18119998455047606,0.0,0.0,0.091,0.034015625,0.0,0.09306055847167968,0.14517055847167967,0.11792399597167968,"[""Mixed Baseline Exp 1"",""37465807"",""0""]",3.2675953104361115,40
forecast-original-feedforward-17-g57-k5-main-recorded,feedforward,original,17,be65c3cf7720e5805db3f1eeb285d832d662e8b54d5684fc51e051e9ce4032a2,57,Mixed,5,10,main,recorded,1,64,0.0013354788717915285,5.920138787607549e-05,0.0013687871221519465,0.005332990469449174,4.999999888241291e-05,0.0125175496712327,0.0,0.0,0.0,0.0005468749999999999,0.0,0.012560454330444335,0.018100454330444334,0.015136391830444336,"[""Mixed Baseline Exp 1"",""47841996"",""0""]",0.9409405718081677,18
forecast-original-feedforward-17-g60-k5-main-recorded,feedforward,original,17,be65c3cf7720e5805db3f1eeb285d832d662e8b54d5684fc51e051e9ce4032a2,60,Mixed,5,10,main,recorded,1,64,0.9037928592478979,0.9087708333333334,0.04848930438794788,0.543148015772634,1.0,0.22289892768859862,0.0,0.0,0.10990000000000001,0.054796874999999995,0.0,0.11698049438476563,0.20261049438476558,0.1567911193847656,"[""Mixed Baseline Exp 1"",""50116627"",""0""]",3.1867947701897648,40
forecast-original-feedforward-17-g64-k5-main-recorded,feedforward,original,17,be65c3cf7720e5805db3f1eeb285d832d662e8b54d5684fc51e051e9ce4032a2,64,Mixed,5,10,main,recorded,1,64,0.22306794162557347,0.22514003626505533,0.012985960051724841,0.12509078452322217,0.23100461959838867,0.05709999346733093,0.0,0.0,0.011900000000000018,0.0030624999999999997,0.0,0.0330604566192627,0.05009045661926269,0.04036920661926269,"[""Mixed Baseline Exp 1"",""64291720"",""0""]",2.3186388679204994,40
forecast-original-feedforward-17-g73-k5-main-recorded,feedforward,original,17,be65c3cf7720e5805db3f1eeb285d832d662e8b54d5684fc51e051e9ce4032a2,73,Mixed,5,10,main,recorded,1,64,0.5803586910599309,0.584407691107856,0.041620483700812824,0.3491055081876498,0.6930049133300781,0.23549997711181642,0.0,0.0,0.2065000000000001,0.06529687499999999,0.0,0.13978049896240233,0.23474014781951905,0.17633328011035918,"[""Mixed Baseline Exp 1"",""85460730"",""0""]",3.390695537589869,40
forecast-original-feedforward-17-g78-k5-main-recorded,feedforward,original,17,be65c3cf7720e5805db3f1eeb285d832d662e8b54d5684fc51e051e9ce4032a2,78,Mixed,5,10,main,recorded,1,64,0.0024723845476591335,0.0002496527770094372,0.0020869177914195017,0.00909421383341994,4.999999888241291e-05,0.03320884764939547,1.0,0.0,0.006999999999999999,0.002734375,1.0,0.024460551986694338,0.04009055198669433,0.03172398948669433,"[""Mixed Baseline Exp 1"",""95675568"",""0""]",1.3163735175793596,27
forecast-original-feedforward-17-g80-k5-main-recorded,feedforward,original,17,be65c3cf7720e5805db3f1eeb285d832d662e8b54d5684fc51e051e9ce4032a2,80,Proportional,5,10,main,recorded,1,64,0.20501215358861616,0.20657414725091722,0.004106266844479576,0.083234810929911,0.2450050163269043,0.018699999153614043,0.0,0.0,0.06930000000000014,0.0231875,1.0,0.008260502586364746,0.021270502586364752,0.013478627586364745,"[""Proportional Baseline Exp 1"",""11095201"",""0""]",2.3448447701600235,14
forecast-original-feedforward-17-g82-k5-main-recorded,feedforward,original,17,be65c3cf7720e5805db3f1eeb285d832d662e8b54d5684fc51e051e9ce4032a2,82,Proportional,5,10,main,recorded,1,64,0.001033715499896174,0.0001763888880506985,0.001070377924086319,0.0034128299910271163,4.999999888241291e-05,0.0045243997871875765,1.0,0.0,0.006999999999999999,0.00284375,1.0,0.0043,0.009969999999999998,0.006662499999999999,"[""Proportional Baseline Exp 1"",""14606420"",""0""]",1.1180721473196795,6
forecast-original-feedforward-17-g89-k5-main-recorded,feedforward,original,17,be65c3cf7720e5805db3f1eeb285d832d662e8b54d5684fc51e051e9ce4032a2,89,Proportional,5,10,main,recorded,1,64,0.08628242898062632,0.07821222565666078,0.043305098576908806,0.038160391232743854,0.8470050048828125,0.24539647912979126,1.0,0.29050000000000004,1.0,0.8234374999999999,0.0,0.14183986458420753,0.22425999999999996,0.18441851725410668,"[""Proportional Baseline Exp 1"",""36303454"",""0""]",2.8927435507927917,31
forecast-original-feedforward-17-g97-k5-main-recorded,feedforward,original,17,be65c3cf7720e5805db3f1eeb285d832d662e8b54d5684fc51e051e9ce4032a2,97,Proportional,5,10,main,recorded,1,64,0.13077743351830096,0.12669964758555094,0.03478875892475132,0.2383568100401333,0.3850050354003906,0.1781989876627922,1.0,0.0,0.9856000000000001,0.286453125,0.0,0.09562055084228514,0.17534055084228514,0.13023805084228512,"[""Proportional Baseline Exp 1"",""45673270"",""0""]",2.8411035328789227,32
forecast-original-feedforward-29-g104-k5-main-recorded,feedforward,original,29,72769aecba837a6103debf4e06eb9657c7c975953a6c9238c6f38ec4da84fe6f,104,Proportional,5,10,main,recorded,1,64,0.4011246380282313,0.3999925595238095,0.013193691711198732,0.29667398400685147,1.0,0.14079737854003907,1.0,0.0,1.0,0.38825,1.0,0.08187045242309571,0.16902045242309569,0.12112388992309567,"[""Proportional Baseline Exp 1"",""63752993"",""0""]",3.531015806792083,20
forecast-original-feedforward-29-g107-k5-main-recorded,feedforward,original,29,72769aecba837a6103debf4e06eb9657c7c975953a6c9238c6f38ec4da84fe6f,107,Proportional,5,10,main,recorded,1,64,0.42582810486716993,0.42684143326017593,0.025570869153519242,0.23533710961871676,0.5740049362182618,0.10740003997087479,0.0,0.0,0.24080000000000004,0.087171875,0.0,0.05506054779052734,0.09237054779052732,0.07346148529052735,"[""Proportional Baseline Exp 1"",""69384851"",""0""]",2.581014263705319,38
forecast-original-feedforward-29-g111-k5-main-recorded,feedforward,original,29,72769aecba837a6103debf4e06eb9657c7c975953a6c9238c6f38ec4da84fe6f,111,Proportional,5,10,main,recorded,1,64,0.03851213178226502,0.04042280634575421,0.0035596361033736704,0.026751842013249788,0.07000502109527589,0.04849999743700027,1.0,0.0,0.1869,0.069890625,1.0,0.03556049896240234,0.07184049896240233,0.05248956146240234,"[""Proportional Baseline Exp 1"",""76356479"",""0""]",1.8342479902946887,23
forecast-original-feedforward-29-g117-k5-main-recorded,feedforward,original,29,72769aecba837a6103debf4e06eb9657c7c975953a6c9238c6f38ec4da84fe6f,117,Proportional,5,10,main,recorded,1,64,0.06535175227662934,0.056411706349206336,0.01064764745803106,0.036214864014822344,1.0,0.16349546813964844,1.0,0.0,1.0,0.764234375,1.0,0.11349000000000001,0.22547050354003906,0.17106118140220644,"[""Proportional Baseline Exp 1"",""85019022"",""0""]",4.322178362614729,10
forecast-original-feedforward-29-g13-k5-main-recorded,feedforward,original,29,72769aecba837a6103debf4e06eb9657c7c975953a6c9238c6f38ec4da84fe6f,13,Equal,5,10,main,recorded,1,64,0.0009965014336824221,4.8437498917337454e-05,0.0009776796040553903,0.0037232761021994513,4.999999888241291e-05,0.008017599403858185,0.0,0.0,0.0,0.00021874999999999998,1.0,0.0050604022598266605,0.00820040225982666,0.006622277259826659,"[""Equal Baseline Exp 1"",""35368456"",""0""]",0.7690782173690096,20
forecast-original-feedforward-29-g20-k5-main-recorded,feedforward,original,29,72769aecba837a6103debf4e06eb9657c7c975953a6c9238c6f38ec4da84fe6f,20,Equal,5,10,main,recorded,1,64,0.000551566532976416,4.9999998882412894e-05,0.0005466773642256614,0.0018179370305753152,4.999999888241291e-05,0.005930800035595894,0.0,0.0,0.0,0.0,1.0,0.005900404453277588,0.008700404453277587,0.007062904453277587,"[""Equal Baseline Exp 1"",""40800498"",""0""]",0.9343184471695425,8
forecast-original-feedforward-29-g25-k5-main-recorded,feedforward,original,29,72769aecba837a6103debf4e06eb9657c7c975953a6c9238c6f38ec4da84fe6f,25,Equal,5,10,main,recorded,1,64,0.0011631435096665728,5.3819443396706484e-05,0.0011100215435087212,0.00562283870508739,4.999999888241291e-05,0.015108798652887345,0.0,0.0,0.0,0.00043749999999999995,1.0,0.010560404739379883,0.017140404739379885,0.013616029739379882,"[""Equal Baseline Exp 1"",""46096247"",""0""]",0.9652825631610538,28
forecast-original-feedforward-29-g35-k5-main-recorded,feedforward,original,29,72769aecba837a6103debf4e06eb9657c7c975953a6c9238c6f38ec4da84fe6f,35,Equal,5,10,main,recorded,1,64,0.0006590751966861231,4.9999998882412894e-05,0.0006555477182676508,0.0021198395963202016,4.999999888241291e-05,0.005930799975991249,0.0,0.0,0.0,0.0,1.0,0.005760402545928955,0.008900402545928953,0.007247277545928955,"[""Equal Baseline Exp 1"",""92291462"",""0""]",0.9502079580801313,8
forecast-original-feedforward-29-g36-k5-main-recorded,feedforward,original,29,72769aecba837a6103debf4e06eb9657c7c975953a6c9238c6f38ec4da84fe6f,36,Equal,5,10,main,recorded,1,64,0.005381775659877467,0.0008213541660030991,0.003940390686729246,0.01563977665253268,4.999999888241291e-05,0.05590439735352993,1.0,0.0,0.025900000000000017,0.00546875,1.0,0.04030040473937988,0.059860404739379876,0.04995040473937988,"[""Equal Baseline Exp 1"",""92992435"",""0""]",1.831826005661584,32
forecast-original-feedforward-29-g44-k5-main-recorded,feedforward,original,29,72769aecba837a6103debf4e06eb9657c7c975953a6c9238c6f38ec4da84fe6f,44,Mixed,5,10,main,recorded,1,64,0.07874463908151538,0.06421667586432558,0.03661267520759313,0.19412968374282596,0.2660055923461914,0.17819943594932555,1.0,0.027999999999999997,0.623,0.256578125,0.0,0.18636983406066895,0.27935961280822746,0.23415590429306027,"[""Mixed Baseline Exp 1"",""18823620"",""0""]",3.158146923604588,40
forecast-original-feedforward-29-g47-k5-main-recorded,feedforward,original,29,72769aecba837a6103debf4e06eb9657c7c975953a6c9238c6f38ec4da84fe6f,47,Mixed,5,10,main,recorded,1,64,0.2711977099838952,0.273619202931722,0.024326570768961844,0.18209548878471057,0.30100461959838865,0.1173999879360199,0.0,0.0,0.04690000000000002,0.015203125,0.0,0.06854045089721679,0.10631045089721677,0.0849457633972168,"[""Mixed Baseline Exp 1"",""26185795"",""0""]",2.7179571877524373,40
forecast-original-feedforward-29-g52-k5-main-recorded,feedforward,original,29,72769aecba837a6103debf4e06eb9657c7c975953a6c9238c6f38ec4da84fe6f,52,Mixed,5,10,main,recorded,1,64,0.4949841590701643,0.49470705752902566,0.05610091417403447,0.3645599199480481,0.5460056686401367,0.18119998455047606,0.0,0.0,0.08399999999999999,0.030296874999999997,0.0,0.09078055847167969,0.13762055847167967,0.11468337097167967,"[""Mixed Baseline Exp 1"",""37465807"",""0""]",3.218304487751957,40
forecast-original-feedforward-29-g57-k5-main-recorded,feedforward,original,29,72769aecba837a6103debf4e06eb9657c7c975953a6c9238c6f38ec4da84fe6f,57,Mixed,5,10,main,recorded,1,64,0.0011095422729046317,4.8437498917337454e-05,0.0011288531232566104,0.004434443639580987,4.999999888241291e-05,0.0125175496712327,0.0,0.0,0.0,0.00021874999999999998,1.0,0.011160454330444334,0.018040454330444333,0.014594204330444333,"[""Mixed Baseline Exp 1"",""47841996"",""0""]",0.9429607251368299,18
forecast-original-feedforward-29-g60-k5-main-recorded,feedforward,original,29,72769aecba837a6103debf4e06eb9657c7c975953a6c9238c6f38ec4da84fe6f,60,Mixed,5,10,main,recorded,1,64,0.9015570698301049,0.9059097222222222,0.048723231671537665,0.5413253690805699,1.0,0.22289892768859862,0.0,0.0,0.14980000000000004,0.05840624999999999,0.0,0.11663049438476562,0.2078204943847656,0.1579348693847656,"[""Mixed Baseline Exp 1"",""50116627"",""0""]",3.1884867141903936,40
forecast-original-feedforward-29-g64-k5-main-recorded,feedforward,original,29,72769aecba837a6103debf4e06eb9657c7c975953a6c9238c6f38ec4da84fe6f,64,Mixed,5,10,main,recorded,1,64,0.22001435956829082,0.22217128626505533,0.011739715419496814,0.119954587304261,0.23100461959838867,0.05709999346733093,0.0,0.0,0.013999999999999999,0.004703125,0.0,0.03220045661926269,0.05102045661926269,0.04137389411926269,"[""Mixed Baseline Exp 1"",""64291720"",""0""]",2.2799579334471254,40
forecast-original-feedforward-29-g73-k5-main-recorded,feedforward,original,29,72769aecba837a6103debf4e06eb9657c7c975953a6c9238c6f38ec4da84fe6f,73,Mixed,5,10,main,recorded,1,64,0.5778256089399627,0.5821471208996242,0.03971939833599428,0.34118525491990737,0.6930049133300781,0.23549997711181642,0.0,0.0,0.14490000000000003,0.071859375,0.0,0.13563049896240234,0.22635049896240228,0.1781895536243915,"[""Mixed Baseline Exp 1"",""85460730"",""0""]",3.382194793708746,40
forecast-original-feedforward-29-g78-k5-main-recorded,feedforward,original,29,72769aecba837a6103debf4e06eb9657c7c975953a6c9238c6f38ec4da84fe6f,78,Mixed,5,10,main,recorded,1,64,0.0022626539275432747,0.00021996527697451139,0.0019617418258938784,0.009693226946881298,4.999999888241291e-05,0.03320884764939547,1.0,0.0,0.006999999999999999,0.0030624999999999997,1.0,0.024780551986694332,0.03881055198669433,0.030991176986694326,"[""Mixed Baseline Exp 1"",""95675568"",""0""]",1.3356427216688365,27
forecast-original-feedforward-29-g80-k5-main-recorded,feedforward,original,29,72769aecba837a6103debf4e06eb9657c7c975953a6c9238c6f38ec4da84fe6f,80,Proportional,5,10,main,recorded,1,64,0.2127615311865919,0.21395956391758386,0.004073695697392974,0.08479718337166639,0.2450050163269043,0.018699999153614043,0.0,0.0,0.030800000000000043,0.01684375,1.0,0.008460502586364747,0.021640502586364744,0.013409877586364746,"[""Proportional Baseline Exp 1"",""11095201"",""0""]",2.3018574050785086,14
forecast-original-feedforward-29-g82-k5-main-recorded,feedforward,original,29,72769aecba837a6103debf4e06eb9657c7c975953a6c9238c6f38ec4da84fe6f,82,Proportional,5,10,main,recorded,1,64,0.00038067207001265743,5.5729165653853286e-05,0.00038387447791617536,0.0012733473005795122,4.999999888241291e-05,0.0045243997871875765,0.0,0.0,0.0,0.00043749999999999995,1.0,0.0039,0.007639999999999999,0.005459374999999999,"[""Proportional Baseline Exp 1"",""14606420"",""0""]",1.1023952030338717,6
forecast-original-feedforward-29-g89-k5-main-recorded,feedforward,original,29,72769aecba837a6103debf4e06eb9657c7c975953a6c9238c6f38ec4da84fe6f,89,Proportional,5,10,main,recorded,1,64,0.09289907240274542,0.08255913507370721,0.04460100236574101,0.02909289064823043,0.8470050048828125,0.24539647912979126,1.0,0.18899999999999997,1.0,0.8169843749999999,0.0,0.13167986458420752,0.22743986458420748,0.17991998806633056,"[""Proportional Baseline Exp 1"",""36303454"",""0""]",2.8753729471002116,31
forecast-original-feedforward-29-g97-k5-main-recorded,feedforward,original,29,72769aecba837a6103debf4e06eb9657c7c975953a6c9238c6f38ec4da84fe6f,97,Proportional,5,10,main,recorded,1,64,0.160369022844184,0.1577349752698626,0.03274183733683851,0.26130500976850113,0.3850050354003906,0.1781989876627922,1.0,0.0,0.6118,0.20887499999999998,0.0,0.09616055084228516,0.16987055084228508,0.13123023834228514,"[""Proportional Baseline Exp 1"",""45673270"",""0""]",2.817375561511622,32
forecast-original-feedforward-43-g104-k5-main-recorded,feedforward,original,43,9f2316808439affb020d8d2382b50d0d5f2fa551c8451ed4228e82821cebbe18,104,Proportional,5,10,main,recorded,1,64,0.33441842789143106,0.33086111111111116,0.01994680802557206,0.27970909400667465,1.0,0.14079737854003907,1.0,0.0,1.0,0.44284375,0.0,0.08161045242309568,0.14035045242309566,0.11020357742309567,"[""Proportional Baseline Exp 1"",""63752993"",""0""]",3.537405892281009,20
forecast-original-feedforward-43-g107-k5-main-recorded,feedforward,original,43,9f2316808439affb020d8d2382b50d0d5f2fa551c8451ed4228e82821cebbe18,107,Proportional,5,10,main,recorded,1,64,0.4529844545800465,0.4537722973293728,0.028739025910506186,0.2552504523744186,0.5740049362182618,0.10740003997087479,0.0,0.0,0.16660000000000008,0.06999999999999999,0.0,0.056120547790527345,0.08925054779052732,0.07138492279052734,"[""Proportional Baseline Exp 1"",""69384851"",""0""]",2.5909923483179638,38
forecast-original-feedforward-43-g111-k5-main-recorded,feedforward,original,43,9f2316808439affb020d8d2382b50d0d5f2fa551c8451ed4228e82821cebbe18,111,Proportional,5,10,main,recorded,1,64,0.030738806556278503,0.03139330256647533,0.004538110910764052,0.03110613798143135,0.07000502109527589,0.04849999743700027,1.0,0.0,0.2919,0.089140625,1.0,0.038020498962402345,0.08827049896240233,0.05648643646240234,"[""Proportional Baseline Exp 1"",""76356479"",""0""]",1.8117253294904787,23
forecast-original-feedforward-43-g117-k5-main-recorded,feedforward,original,43,9f2316808439affb020d8d2382b50d0d5f2fa551c8451ed4228e82821cebbe18,117,Proportional,5,10,main,recorded,1,64,0.025064103137694596,0.01530853174603175,0.012176663410852821,0.01784218072891236,1.0,0.16349546813964844,1.0,0.7014,1.0,0.9000625,1.0,0.1268,0.22787000000000002,0.17692989206314086,"[""Proportional Baseline Exp 1"",""85019022"",""0""]",4.3096135927524415,10
forecast-original-feedforward-43-g13-k5-main-recorded,feedforward,original,43,9f2316808439affb020d8d2382b50d0d5f2fa551c8451ed4228e82821cebbe18,13,Equal,5,10,main,recorded,1,64,0.0009863801244587725,4.843749891733743e-05,0.0009655514987865616,0.0037634168284686486,4.999999888241291e-05,0.008017599403858185,0.0,0.0,0.0,0.00043749999999999995,1.0,0.00520040225982666,0.009400402259826657,0.00673165225982666,"[""Equal Baseline Exp 1"",""35368456"",""0""]",0.7563883512914809,20
forecast-original-feedforward-43-g20-k5-main-recorded,feedforward,original,43,9f2316808439affb020d8d2382b50d0d5f2fa551c8451ed4228e82821cebbe18,20,Equal,5,10,main,recorded,1,64,0.0007312831387731361,4.9999998882412894e-05,0.000728195376753333,0.0025147188487320412,4.999999888241291e-05,0.005930800035595894,0.0,0.0,0.0,0.0,1.0,0.005900404453277588,0.010180404453277586,0.007444154453277587,"[""Equal Baseline Exp 1"",""40800498"",""0""]",0.9560787436507661,8
forecast-original-feedforward-43-g25-k5-main-recorded,feedforward,original,43,9f2316808439affb020d8d2382b50d0d5f2fa551c8451ed4228e82821cebbe18,25,Equal,5,10,main,recorded,1,64,0.0010699770766532508,0.00011857638794592474,0.0009108286371070245,0.00513883037921494,4.999999888241291e-05,0.015108798652887345,0.0,0.0,0.0,0.0015312499999999998,1.0,0.011360404739379883,0.01864040473937988,0.01442227973937988,"[""Equal Baseline Exp 1"",""46096247"",""0""]",0.9676528033443689,28
forecast-original-feedforward-43-g35-k5-main-recorded,feedforward,original,43,9f2316808439affb020d8d2382b50d0d5f2fa551c8451ed4228e82821cebbe18,35,Equal,5,10,main,recorded,1,64,0.0006816127041993344,4.9999998882412894e-05,0.000678365178585111,0.002246144681966527,4.999999888241291e-05,0.005930799975991249,0.0,0.0,0.0,0.0,1.0,0.005420402545928956,0.009900402545928954,0.007425402545928954,"[""Equal Baseline Exp 1"",""92291462"",""0""]",0.96599148341171,8
forecast-original-feedforward-43-g36-k5-main-recorded,feedforward,original,43,9f2316808439affb020d8d2382b50d0d5f2fa551c8451ed4228e82821cebbe18,36,Equal,5,10,main,recorded,1,64,0.00779527656126297,0.0008039930548919896,0.007267208053903391,0.023729941087073856,4.999999888241291e-05,0.05590439735352993,1.0,0.0,0.020999999999999998,0.005140624999999999,0.0,0.04036040473937988,0.05127040473937988,0.046433217239379876,"[""Equal Baseline Exp 1"",""92992435"",""0""]",1.8512446394791013,32
forecast-original-feedforward-43-g44-k5-main-recorded,feedforward,original,43,9f2316808439affb020d8d2382b50d0d5f2fa551c8451ed4228e82821cebbe18,44,Mixed,5,10,main,recorded,1,64,0.11514663347045728,0.11062155077192522,0.025807916535318835,0.14985299288431803,0.2660055923461914,0.17819943594932555,1.0,0.006999999999999999,0.3969,0.1500625,1.0,0.17159999999999997,0.26914,0.2199169109344482,"[""Mixed Baseline Exp 1"",""18823620"",""0""]",3.1571912601710546,40
forecast-original-feedforward-43-g47-k5-main-recorded,feedforward,original,43,9f2316808439affb020d8d2382b50d0d5f2fa551c8451ed4228e82821cebbe18,47,Mixed,5,10,main,recorded,1,64,0.26798853497254804,0.2714351751539442,0.023230334409669286,0.17599013799031576,0.30100461959838865,0.1173999879360199,0.0,0.0,0.03290000000000002,0.016734375000000003,0.0,0.0669604508972168,0.1097104508972168,0.08553013839721679,"[""Mixed Baseline Exp 1"",""26185795"",""0""]",2.7522231301194253,40
forecast-original-feedforward-43-g52-k5-main-recorded,feedforward,original,43,9f2316808439affb020d8d2382b50d0d5f2fa551c8451ed4228e82821cebbe18,52,Mixed,5,10,main,recorded,1,64,0.5075606376490788,0.5076306686401367,0.05970189250442717,0.38106222697893777,0.5460056686401367,0.18119998455047606,0.0,0.0,0.07980000000000004,0.02253125,0.0,0.08994055847167967,0.13185055847167967,0.11121618347167968,"[""Mixed Baseline Exp 1"",""37465807"",""0""]",3.2694892251450725,40
forecast-original-feedforward-43-g57-k5-main-recorded,feedforward,original,43,9f2316808439affb020d8d2382b50d0d5f2fa551c8451ed4228e82821cebbe18,57,Mixed,5,10,main,recorded,1,64,0.0012568936058217966,4.8437498917337454e-05,0.0012780748590745668,0.00486861825112913,4.999999888241291e-05,0.0125175496712327,0.0,0.0,0.0,0.00021874999999999998,1.0,0.010900454330444335,0.01920045433044434,0.014875454330444335,"[""Mixed Baseline Exp 1"",""47841996"",""0""]",0.9416845401653675,18
forecast-original-feedforward-43-g60-k5-main-recorded,feedforward,original,43,9f2316808439affb020d8d2382b50d0d5f2fa551c8451ed4228e82821cebbe18,60,Mixed,5,10,main,recorded,1,64,0.840566426807857,0.8454479166666666,0.0357108302339675,0.46965999879042303,1.0,0.22289892768859862,0.0,0.0,0.2149,0.09264062499999999,0.0,0.1269804943847656,0.21622049438476557,0.1698161193847656,"[""Mixed Baseline Exp 1"",""50116627"",""0""]",3.1264287888459803,40
forecast-original-feedforward-43-g64-k5-main-recorded,feedforward,original,43,9f2316808439affb020d8d2382b50d0d5f2fa551c8451ed4228e82821cebbe18,64,Mixed,5,10,main,recorded,1,64,0.2178967403935688,0.21988309182061086,0.011559139207762388,0.12005833472245268,0.23100461959838867,0.05709999346733093,0.0,0.0,0.018900000000000017,0.006124999999999999,0.0,0.03226045661926269,0.050000456619262695,0.04163795661926269,"[""Mixed Baseline Exp 1"",""64291720"",""0""]",2.3460390992620836,40
forecast-original-feedforward-43-g73-k5-main-recorded,feedforward,original,43,9f2316808439affb020d8d2382b50d0d5f2fa551c8451ed4228e82821cebbe18,73,Mixed,5,10,main,recorded,1,64,0.5636458714740455,0.5662097744411891,0.04530906407019451,0.3556083826222117,0.6930049133300781,0.23549997711181642,0.0,0.0,0.175,0.07864062499999999,0.0,0.13092049896240235,0.21150049896240233,0.17249267862439155,"[""Mixed Baseline Exp 1"",""85460730"",""0""]",3.3760281777268384,40
forecast-original-feedforward-43-g78-k5-main-recorded,feedforward,original,43,9f2316808439affb020d8d2382b50d0d5f2fa551c8451ed4228e82821cebbe18,78,Mixed,5,10,main,recorded,1,64,0.003346974096208514,0.00024392361023799604,0.002857245675348754,0.012449359446343605,4.999999888241291e-05,0.03320884764939547,1.0,0.0,0.004900000000000019,0.0031718749999999998,1.0,0.022400551986694335,0.038580551986694335,0.02917398948669433,"[""Mixed Baseline Exp 1"",""95675568"",""0""]",1.3007542477558063,27
forecast-original-feedforward-43-g80-k5-main-recorded,feedforward,original,43,9f2316808439affb020d8d2382b50d0d5f2fa551c8451ed4228e82821cebbe18,80,Proportional,5,10,main,recorded,1,64,0.20783158553730538,0.20882083178891073,0.00372597744342472,0.08296834831974573,0.2450050163269043,0.018699999153614043,0.0,0.0,0.05880000000000004,0.0240625,1.0,0.008320502586364747,0.02109050258636475,0.013531752586364743,"[""Proportional Baseline Exp 1"",""11095201"",""0""]",2.2974373239697576,14
forecast-original-feedforward-43-g82-k5-main-recorded,feedforward,original,43,9f2316808439affb020d8d2382b50d0d5f2fa551c8451ed4228e82821cebbe18,82,Proportional,5,10,main,recorded,1,64,0.0011061210825901264,0.0005385416660380242,0.0007824118061050295,0.0028657032252231143,4.999999888241291e-05,0.0045243997871875765,1.0,0.0,0.006999999999999999,0.006671875,1.0,0.00396,0.009839999999999998,0.0064609375,"[""Proportional Baseline Exp 1"",""14606420"",""0""]",1.168411116556076,6
forecast-original-feedforward-43-g89-k5-main-recorded,feedforward,original,43,9f2316808439affb020d8d2382b50d0d5f2fa551c8451ed4228e82821cebbe18,89,Proportional,5,10,main,recorded,1,64,0.09772680717041579,0.09153490999009875,0.04360623503080793,0.02469691376123163,0.8470050048828125,0.24539647912979126,1.0,0.7406,1.0,0.9125,0.0,0.1407695486140251,0.2274598645842075,0.18157778646051884,"[""Proportional Baseline Exp 1"",""36303454"",""0""]",2.8930179099391924,31
forecast-original-feedforward-43-g97-k5-main-recorded,feedforward,original,43,9f2316808439affb020d8d2382b50d0d5f2fa551c8451ed4228e82821cebbe18,97,Proportional,5,10,main,recorded,1,64,0.144029447822586,0.14318079837920175,0.025568916147279144,0.21474646706940642,0.3850050354003906,0.1781989876627922,1.0,0.0,1.0,0.31571875,1.0,0.10172055084228515,0.18981055084228513,0.13967242584228512,"[""Proportional Baseline Exp 1"",""45673270"",""0""]",2.8041745147411508,32
forecast-original-recurrent-17-g104-k5-main-recorded,recurrent,original,17,4146b729f335ff47d4f2e59c62a77fc77d8cdc8db568839126dcc5cf41f884a7,104,Proportional,5,10,main,recorded,1,64,0.29301887979895197,0.29235962301587304,0.009598695336826276,0.2285772695352161,1.0,0.14079737854003907,1.0,0.03920000000000001,1.0,0.50625,1.0,0.09039045242309567,0.17224045242309569,0.12877388992309569,"[""Proportional Baseline Exp 1"",""63752993"",""0""]",3.4937362799770164,20
forecast-original-recurrent-17-g107-k5-main-recorded,recurrent,original,17,4146b729f335ff47d4f2e59c62a77fc77d8cdc8db568839126dcc5cf41f884a7,107,Proportional,5,10,main,recorded,1,64,0.2306078247334047,0.23042793030209013,0.008479063561446383,0.10906209813985561,0.5740049362182618,0.10740003997087479,0.0,0.0,0.5418,0.24970312499999997,1.0,0.06975054779052733,0.11547054779052732,0.09339117279052733,"[""Proportional Baseline Exp 1"",""69384851"",""0""]",2.556254627336802,38
forecast-original-recurrent-17-g111-k5-main-recorded,recurrent,original,17,4146b729f335ff47d4f2e59c62a77fc77d8cdc8db568839126dcc5cf41f884a7,111,Proportional,5,10,main,recorded,1,64,0.06856858441106008,0.06781769313887945,0.005578012867809994,0.048912318808478975,0.07000502109527589,0.04849999743700027,1.0,0.0,0.45080000000000003,0.22046875,1.0,0.041330498962402346,0.08379049896240233,0.05966143646240234,"[""Proportional Baseline Exp 1"",""76356479"",""0""]",1.7848358766834103,23
forecast-original-recurrent-17-g117-k5-main-recorded,recurrent,original,17,4146b729f335ff47d4f2e59c62a77fc77d8cdc8db568839126dcc5cf41f884a7,117,Proportional,5,10,main,recorded,1,64,0.034919478066308324,0.02892311507936507,0.007244528961181638,0.01991551220454868,1.0,0.16349546813964844,1.0,0.38290000000000013,1.0,0.844234375,1.0,0.11907035247802734,0.21399,0.16592205595970153,"[""Proportional Baseline Exp 1"",""85019022"",""0""]",4.36903530283317,10
forecast-original-recurrent-17-g13-k5-main-recorded,recurrent,original,17,4146b729f335ff47d4f2e59c62a77fc77d8cdc8db568839126dcc5cf41f884a7,13,Equal,5,10,main,recorded,1,64,0.0018507275011582247,4.9999998882412894e-05,0.0018498938602646673,0.006557424212598967,4.999999888241291e-05,0.008017599403858185,0.0,0.0,0.0,0.0,0.0,0.004460402259826661,0.007080402259826661,0.00561602725982666,"[""Equal Baseline Exp 1"",""35368456"",""0""]",0.7893348070932809,20
forecast-original-recurrent-17-g20-k5-main-recorded,recurrent,original,17,4146b729f335ff47d4f2e59c62a77fc77d8cdc8db568839126dcc5cf41f884a7,20,Equal,5,10,main,recorded,1,64,0.0002046734205964021,4.9999998882412894e-05,0.00019761683938374351,0.0008635621146188997,4.999999888241291e-05,0.005930800035595894,0.0,0.0,0.0,0.0,1.0,0.005300404453277588,0.007240404453277587,0.006300404453277587,"[""Equal Baseline Exp 1"",""40800498"",""0""]",0.8379665824541956,8
forecast-original-recurrent-17-g25-k5-main-recorded,recurrent,original,17,4146b729f335ff47d4f2e59c62a77fc77d8cdc8db568839126dcc5cf41f884a7,25,Equal,5,10,main,recorded,1,64,0.0012018354983869572,4.9999998882412894e-05,0.0012006541160304875,0.005553470568335615,4.999999888241291e-05,0.015108798652887345,0.0,0.0,0.0,0.0,1.0,0.010760404739379881,0.01664040473937988,0.013356654739379883,"[""Equal Baseline Exp 1"",""46096247"",""0""]",0.9511305087561682,28
forecast-original-recurrent-17-g35-k5-main-recorded,recurrent,original,17,4146b729f335ff47d4f2e59c62a77fc77d8cdc8db568839126dcc5cf41f884a7,35,Equal,5,10,main,recorded,1,64,0.0003345617300002621,4.9999998882412894e-05,0.00032931771070385956,0.0011938620251247711,4.999999888241291e-05,0.005930799975991249,0.0,0.0,0.0,0.0,1.0,0.005300402545928956,0.008500402545928955,0.006762902545928954,"[""Equal Baseline Exp 1"",""92291462"",""0""]",0.893153465871676,8
forecast-original-recurrent-17-g36-k5-main-recorded,recurrent,original,17,4146b729f335ff47d4f2e59c62a77fc77d8cdc8db568839126dcc5cf41f884a7,36,Equal,5,10,main,recorded,1,64,0.03447987423791867,0.03340399305614927,0.004277496586504963,0.030359363341408447,4.999999888241291e-05,0.05590439735352993,1.0,0.0,0.22470000000000004,0.08378125,1.0,0.04898040473937988,0.08184040473937988,0.06401915473937989,"[""Equal Baseline Exp 1"",""92992435"",""0""]",1.818152598038156,32
forecast-original-recurrent-17-g44-k5-main-recorded,recurrent,original,17,4146b729f335ff47d4f2e59c62a77fc77d8cdc8db568839126dcc5cf41f884a7,44,Mixed,5,10,main,recorded,1,64,0.3351252945455321,0.33140468240919563,0.042031192067691237,0.36615279910999626,0.2660055923461914,0.17819943594932555,0.0,0.29050000000000004,1.0,0.73125,0.0,0.19592961280822752,0.25590944686889644,0.2332355572223663,"[""Mixed Baseline Exp 1"",""18823620"",""0""]",2.9177143112908013,40
forecast-original-recurrent-17-g47-k5-main-recorded,recurrent,original,17,4146b729f335ff47d4f2e59c62a77fc77d8cdc8db568839126dcc5cf41f884a7,47,Mixed,5,10,main,recorded,1,64,0.10702608807619547,0.10719053161144258,0.006580297206294919,0.06619092090063626,0.30100461959838865,0.1173999879360199,1.0,0.027999999999999997,0.3619,0.171046875,1.0,0.08486045089721678,0.13407045089721678,0.10791763839721677,"[""Mixed Baseline Exp 1"",""26185795"",""0""]",2.516264440083225,40
forecast-original-recurrent-17-g52-k5-main-recorded,recurrent,original,17,4146b729f335ff47d4f2e59c62a77fc77d8cdc8db568839126dcc5cf41f884a7,52,Mixed,5,10,main,recorded,1,64,0.18042405083715632,0.1794309451201605,0.01830586916227191,0.1311657278076051,0.5460056686401367,0.18119998455047606,1.0,0.036400000000000016,0.8883000000000003,0.32685937499999995,1.0,0.11285055847167966,0.1884805584716797,0.15073962097167964,"[""Mixed Baseline Exp 1"",""37465807"",""0""]",3.0034173140928337,40
forecast-original-recurrent-17-g57-k5-main-recorded,recurrent,original,17,4146b729f335ff47d4f2e59c62a77fc77d8cdc8db568839126dcc5cf41f884a7,57,Mixed,5,10,main,recorded,1,64,0.000512883333317045,5.034722117448428e-05,0.0005167390808832671,0.002959753378913349,4.999999888241291e-05,0.0125175496712327,0.0,0.0,0.0,0.00021874999999999998,1.0,0.010360454330444335,0.017120454330444335,0.013219204330444335,"[""Mixed Baseline Exp 1"",""47841996"",""0""]",0.9065398264495914,18
forecast-original-recurrent-17-g60-k5-main-recorded,recurrent,original,17,4146b729f335ff47d4f2e59c62a77fc77d8cdc8db568839126dcc5cf41f884a7,60,Mixed,5,10,main,recorded,1,64,0.3531011322656056,0.35266865079365084,0.015773022574280943,0.20587541731047257,1.0,0.22289892768859862,0.0,0.08120000000000001,0.9569,0.460421875,1.0,0.1499304943847656,0.23658049438476558,0.1926723616212606,"[""Mixed Baseline Exp 1"",""50116627"",""0""]",3.23178173885096,40
forecast-original-recurrent-17-g64-k5-main-recorded,recurrent,original,17,4146b729f335ff47d4f2e59c62a77fc77d8cdc8db568839126dcc5cf41f884a7,64,Mixed,5,10,main,recorded,1,64,0.19220295859940797,0.19358100848727755,0.007654732816039572,0.09554845446447531,0.23100461959838867,0.05709999346733093,0.0,0.0,0.063,0.022421875,0.0,0.03286045661926269,0.05444045661926269,0.04546451911926269,"[""Mixed Baseline Exp 1"",""64291720"",""0""]",2.0560043075192116,40
forecast-original-recurrent-17-g73-k5-main-recorded,recurrent,original,17,4146b729f335ff47d4f2e59c62a77fc77d8cdc8db568839126dcc5cf41f884a7,73,Mixed,5,10,main,recorded,1,64,0.10429473444739817,0.10363601891956636,0.012630380744025841,0.08215188256729218,0.6930049133300781,0.23549997711181642,1.0,0.43329999999999996,1.0,0.7521249999999999,1.0,0.1731804989624023,0.2501304989624023,0.21335670977234839,"[""Mixed Baseline Exp 1"",""85460730"",""0""]",3.3253822289508577,40
forecast-original-recurrent-17-g78-k5-main-recorded,recurrent,original,17,4146b729f335ff47d4f2e59c62a77fc77d8cdc8db568839126dcc5cf41f884a7,78,Mixed,5,10,main,recorded,1,64,0.004962628725243027,0.0020758680551015343,0.002361978618180499,0.011590490007788562,4.999999888241291e-05,0.03320884764939547,1.0,0.0,0.03990000000000002,0.011375,1.0,0.023000551986694335,0.040000551986694326,0.030669301986694333,"[""Mixed Baseline Exp 1"",""95675568"",""0""]",1.4621697479050315,27
forecast-original-recurrent-17-g80-k5-main-recorded,recurrent,original,17,4146b729f335ff47d4f2e59c62a77fc77d8cdc8db568839126dcc5cf41f884a7,80,Proportional,5,10,main,recorded,1,64,0.22057532153223774,0.22232098854912652,0.003673280733368465,0.08607126728528075,0.2450050163269043,0.018699999153614043,0.0,0.0,0.041999999999999996,0.01203125,1.0,0.007800502586364746,0.021140502586364743,0.013750502586364744,"[""Proportional Baseline Exp 1"",""11095201"",""0""]",2.27229895389256,14
forecast-original-recurrent-17-g82-k5-main-recorded,recurrent,original,17,4146b729f335ff47d4f2e59c62a77fc77d8cdc8db568839126dcc5cf41f884a7,82,Proportional,5,10,main,recorded,1,64,0.0004445905295781393,0.00011545138801577416,0.0004174373813919603,0.0014820087638036856,4.999999888241291e-05,0.0045243997871875765,1.0,0.0,0.004900000000000019,0.0012031249999999998,1.0,0.0039,0.0081,0.0055328124999999995,"[""Proportional Baseline Exp 1"",""14606420"",""0""]",1.032668833776826,6
forecast-original-recurrent-17-g89-k5-main-recorded,recurrent,original,17,4146b729f335ff47d4f2e59c62a77fc77d8cdc8db568839126dcc5cf41f884a7,89,Proportional,5,10,main,recorded,1,64,0.09044138897062143,0.08127856433202349,0.04453739664530354,0.02851728583291645,0.8470050048828125,0.24539647912979126,1.0,0.21490000000000004,1.0,0.829140625,0.0,0.14561954861402512,0.23191986458420752,0.18353089030180125,"[""Proportional Baseline Exp 1"",""36303454"",""0""]",2.935252683813345,31
forecast-original-recurrent-17-g97-k5-main-recorded,recurrent,original,17,4146b729f335ff47d4f2e59c62a77fc77d8cdc8db568839126dcc5cf41f884a7,97,Proportional,5,10,main,recorded,1,64,0.1234815934750953,0.12148926862080894,0.011962659362940102,0.16663891064307046,0.3850050354003906,0.1781989876627922,1.0,0.028700000000000035,1.0,0.530453125,1.0,0.11723055084228515,0.20243055084228512,0.16101148834228513,"[""Proportional Baseline Exp 1"",""45673270"",""0""]",2.6258533558701487,32
forecast-original-recurrent-29-g104-k5-main-recorded,recurrent,original,29,25143274613b933909fde59f9c7829f73581c5edb821787fdf4efeb1c2169091,104,Proportional,5,10,main,recorded,1,64,0.149820816584309,0.146687003968254,0.008234105708485567,0.1463759124275238,1.0,0.14079737854003907,1.0,0.2142,1.0,0.658953125,1.0,0.09248045242309569,0.1588704524230957,0.1295988899230957,"[""Proportional Baseline Exp 1"",""63752993"",""0""]",3.4418852600539673,20
forecast-original-recurrent-29-g107-k5-main-recorded,recurrent,original,29,25143274613b933909fde59f9c7829f73581c5edb821787fdf4efeb1c2169091,107,Proportional,5,10,main,recorded,1,64,0.16130488240633997,0.16156161688244536,0.008436484178108362,0.08143994128297247,0.5740049362182618,0.10740003997087479,1.0,0.0511,0.9758,0.3628125,1.0,0.06839054779052733,0.12650054779052733,0.09643492279052733,"[""Proportional Baseline Exp 1"",""69384851"",""0""]",2.530447567169251,38
forecast-original-recurrent-29-g111-k5-main-recorded,recurrent,original,29,25143274613b933909fde59f9c7829f73581c5edb821787fdf4efeb1c2169091,111,Proportional,5,10,main,recorded,1,64,0.07623169235183616,0.07553693917062548,0.008582920996927541,0.06134919284904996,0.07000502109527589,0.04849999743700027,1.0,0.0,0.5544000000000001,0.22824999999999998,1.0,0.03862049896240234,0.0908104989624023,0.06419893646240232,"[""Proportional Baseline Exp 1"",""76356479"",""0""]",1.8111963122795098,23
forecast-original-recurrent-29-g117-k5-main-recorded,recurrent,original,29,25143274613b933909fde59f9c7829f73581c5edb821787fdf4efeb1c2169091,117,Proportional,5,10,main,recorded,1,64,0.0908206198732735,0.0817485119047619,0.010061782069433301,0.036198374483320445,1.0,0.16349546813964844,1.0,0.0,1.0,0.71053125,1.0,0.10727015106201172,0.22355035247802732,0.16143607912063598,"[""Proportional Baseline Exp 1"",""85019022"",""0""]",4.389711713591763,10
forecast-original-recurrent-29-g13-k5-main-recorded,recurrent,original,29,25143274613b933909fde59f9c7829f73581c5edb821787fdf4efeb1c2169091,13,Equal,5,10,main,recorded,1,64,0.0016886916181207447,4.9999998882412894e-05,0.001687864961345045,0.006099948149420866,4.999999888241291e-05,0.008017599403858185,0.0,0.0,0.0,0.0,0.0,0.00460040225982666,0.00734040225982666,0.00578477725982666,"[""Equal Baseline Exp 1"",""35368456"",""0""]",0.7861177341876667,20
forecast-original-recurrent-29-g20-k5-main-recorded,recurrent,original,29,25143274613b933909fde59f9c7829f73581c5edb821787fdf4efeb1c2169091,20,Equal,5,10,main,recorded,1,64,0.00028214701588356167,4.9999998882412894e-05,0.0002759476537121428,0.0011719758801653774,4.999999888241291e-05,0.005930800035595894,0.0,0.0,0.0,0.0,1.0,0.005300404453277588,0.007840404453277586,0.006559779453277587,"[""Equal Baseline Exp 1"",""40800498"",""0""]",0.8276591837496475,8
forecast-original-recurrent-29-g25-k5-main-recorded,recurrent,original,29,25143274613b933909fde59f9c7829f73581c5edb821787fdf4efeb1c2169091,25,Equal,5,10,main,recorded,1,64,0.001237060862354525,8.003472120940913e-05,0.0011469195840111573,0.005226858471034535,4.999999888241291e-05,0.015108798652887345,0.0,0.0,0.0,0.0012031249999999998,1.0,0.010560404739379883,0.017640404739379882,0.013755092239379882,"[""Equal Baseline Exp 1"",""46096247"",""0""]",0.9537985108884381,28
forecast-original-recurrent-29-g35-k5-main-recorded,recurrent,original,29,25143274613b933909fde59f9c7829f73581c5edb821787fdf4efeb1c2169091,35,Equal,5,10,main,recorded,1,64,0.00017892239395666545,4.843749891733748e-05,0.0001755083380607029,0.000830349737590748,4.999999888241291e-05,0.005930799975991249,0.0,0.0,0.0,0.00032812499999999997,1.0,0.005300402545928956,0.007500402545928955,0.006392590045928955,"[""Equal Baseline Exp 1"",""92291462"",""0""]",0.8933503298618461,8
forecast-original-recurrent-29-g36-k5-main-recorded,recurrent,original,29,25143274613b933909fde59f9c7829f73581c5edb821787fdf4efeb1c2169091,36,Equal,5,10,main,recorded,1,64,0.029388436889190475,0.028209895833996884,0.0035086519476898483,0.025813165581137738,4.999999888241291e-05,0.05590439735352993,1.0,0.0,0.1988,0.08246875,1.0,0.04829040473937988,0.08304040473937987,0.062337904739379876,"[""Equal Baseline Exp 1"",""92992435"",""0""]",1.8182148403101028,32
forecast-original-recurrent-29-g44-k5-main-recorded,recurrent,original,29,25143274613b933909fde59f9c7829f73581c5edb821787fdf4efeb1c2169091,44,Mixed,5,10,main,recorded,1,64,0.32954353526245195,0.32397643225155176,0.04551368756760206,0.35911822384236347,0.2660055923461914,0.17819943594932555,0.0,0.3136,1.0,0.7301093750000001,0.0,0.20731961280822755,0.2614896128082275,0.2361261995077133,"[""Mixed Baseline Exp 1"",""18823620"",""0""]",2.918587626660253,40
forecast-original-recurrent-29-g47-k5-main-recorded,recurrent,original,29,25143274613b933909fde59f9c7829f73581c5edb821787fdf4efeb1c2169091,47,Mixed,5,10,main,recorded,1,64,0.07891792236367433,0.07874550971719953,0.006195851935020516,0.052492502887381456,0.30100461959838865,0.1173999879360199,1.0,0.020999999999999998,0.42489999999999994,0.199609375,1.0,0.09080045089721679,0.1359304508972168,0.1123020133972168,"[""Mixed Baseline Exp 1"",""26185795"",""0""]",2.503259117814114,40
forecast-original-recurrent-29-g52-k5-main-recorded,recurrent,original,29,25143274613b933909fde59f9c7829f73581c5edb821787fdf4efeb1c2169091,52,Mixed,5,10,main,recorded,1,64,0.097721086294634,0.09664647097814652,0.011462641532932024,0.07531626010660142,0.5460056686401367,0.18119998455047606,1.0,0.14,0.8981000000000003,0.4373125,1.0,0.13089055847167966,0.19570055847167964,0.16197087097167964,"[""Mixed Baseline Exp 1"",""37465807"",""0""]",2.98166479808627,40
forecast-original-recurrent-29-g57-k5-main-recorded,recurrent,original,29,25143274613b933909fde59f9c7829f73581c5edb821787fdf4efeb1c2169091,57,Mixed,5,10,main,recorded,1,64,0.0007664871030421479,5.5729165653853286e-05,0.000789189951276288,0.0038872716327204315,4.999999888241291e-05,0.0125175496712327,0.0,0.0,0.0,0.00043749999999999995,1.0,0.010760454330444336,0.017100454330444336,0.013931704330444335,"[""Mixed Baseline Exp 1"",""47841996"",""0""]",0.9138676869347917,18
forecast-original-recurrent-29-g60-k5-main-recorded,recurrent,original,29,25143274613b933909fde59f9c7829f73581c5edb821787fdf4efeb1c2169091,60,Mixed,5,10,main,recorded,1,64,0.31656947577473105,0.3160436507936508,0.015852887286837147,0.18308563599454034,1.0,0.22289892768859862,0.0,0.1365,0.9709,0.49987499999999996,1.0,0.15313049438476561,0.24185049438476558,0.1952911193847656,"[""Mixed Baseline Exp 1"",""50116627"",""0""]",3.252909621060887,40
forecast-original-recurrent-29-g64-k5-main-recorded,recurrent,original,29,25143274613b933909fde59f9c7829f73581c5edb821787fdf4efeb1c2169091,64,Mixed,5,10,main,recorded,1,64,0.15697109886054184,0.1580146031777064,0.004856400775933079,0.073119568280379,0.23100461959838867,0.05709999346733093,0.0,0.0,0.12880000000000003,0.046484374999999994,1.0,0.0361204566192627,0.06580045661926269,0.04978951911926269,"[""Mixed Baseline Exp 1"",""64291720"",""0""]",2.049202073068758,40
forecast-original-recurrent-29-g73-k5-main-recorded,recurrent,original,29,25143274613b933909fde59f9c7829f73581c5edb821787fdf4efeb1c2169091,73,Mixed,5,10,main,recorded,1,64,0.10024382488240982,0.10031551159752736,0.009074292760803609,0.0736969737514617,0.6930049133300781,0.23549997711181642,1.0,0.2821,1.0,0.7152968749999999,1.0,0.18082049896240232,0.24511049896240233,0.21800825659632678,"[""Mixed Baseline Exp 1"",""85460730"",""0""]",3.3395802512799078,40
forecast-original-recurrent-29-g78-k5-main-recorded,recurrent,original,29,25143274613b933909fde59f9c7829f73581c5edb821787fdf4efeb1c2169091,78,Mixed,5,10,main,recorded,1,64,0.00455898313516037,0.002387847222012674,0.0020170428508190473,0.010258306757323182,4.999999888241291e-05,0.03320884764939547,1.0,0.0,0.027999999999999997,0.01575,1.0,0.024660551986694333,0.04167055198669433,0.03311617698669433,"[""Mixed Baseline Exp 1"",""95675568"",""0""]",1.4687410724573349,27
forecast-original-recurrent-29-g80-k5-main-recorded,recurrent,original,29,25143274613b933909fde59f9c7829f73581c5edb821787fdf4efeb1c2169091,80,Proportional,5,10,main,recorded,1,64,0.1991693245341145,0.19993557188245986,0.00401402548469958,0.08212016275136007,0.2450050163269043,0.018699999153614043,0.0,0.0,0.091,0.024828125,0.0,0.008460502586364745,0.018510502586364743,0.013261440086364745,"[""Proportional Baseline Exp 1"",""11095201"",""0""]",2.249969833712511,14
forecast-original-recurrent-29-g82-k5-main-recorded,recurrent,original,29,25143274613b933909fde59f9c7829f73581c5edb821787fdf4efeb1c2169091,82,Proportional,5,10,main,recorded,1,64,0.000382365153993129,0.00015520833242529519,0.0003018111377126643,0.0012703090474733877,4.999999888241291e-05,0.0045243997871875765,0.0,0.0,0.0,0.0043749999999999995,1.0,0.0039,0.007100000000000001,0.005309375,"[""Proportional Baseline Exp 1"",""14606420"",""0""]",1.0322542412269637,6
forecast-original-recurrent-29-g89-k5-main-recorded,recurrent,original,29,25143274613b933909fde59f9c7829f73581c5edb821787fdf4efeb1c2169091,89,Proportional,5,10,main,recorded,1,64,0.11294722520629186,0.10576214163643971,0.04535285731299768,0.045548030840020105,0.8470050048828125,0.24539647912979126,1.0,0.04130000000000002,1.0,0.73228125,0.0,0.12675954861402514,0.2312195486140251,0.17948092556633055,"[""Proportional Baseline Exp 1"",""36303454"",""0""]",2.9384567152122285,31
forecast-original-recurrent-29-g97-k5-main-recorded,recurrent,original,29,25143274613b933909fde59f9c7829f73581c5edb821787fdf4efeb1c2169091,97,Proportional,5,10,main,recorded,1,64,0.16185019894310962,0.1609180692945208,0.009542962379729947,0.16277880076397033,0.3850050354003906,0.1781989876627922,1.0,0.13299999999999998,1.0,0.60634375,1.0,0.12018055084228514,0.20207055084228515,0.16372867584228512,"[""Proportional Baseline Exp 1"",""45673270"",""0""]",2.6159344999367637,32
forecast-original-recurrent-43-g104-k5-main-recorded,recurrent,original,43,83ea46a7c1f7b5874d32f28d7a0a26cb3f07d77bf57f1682801d3ac26bed14d2,104,Proportional,5,10,main,recorded,1,64,0.3754773936242063,0.3739439484126984,0.01361051033489289,0.30156954804526437,1.0,0.14079737854003907,1.0,0.0021000000000000046,1.0,0.429265625,1.0,0.0791104524230957,0.16471045242309565,0.12050201492309567,"[""Proportional Baseline Exp 1"",""63752993"",""0""]",3.5389517927425542,20
forecast-original-recurrent-43-g107-k5-main-recorded,recurrent,original,43,83ea46a7c1f7b5874d32f28d7a0a26cb3f07d77bf57f1682801d3ac26bed14d2,107,Proportional,5,10,main,recorded,1,64,0.25939093336649344,0.2600835632748074,0.011508888943664856,0.12633625204331347,0.5740049362182618,0.10740003997087479,1.0,0.006999999999999999,0.5859,0.228703125,1.0,0.06255054779052734,0.12321054779052734,0.09023648529052733,"[""Proportional Baseline Exp 1"",""69384851"",""0""]",2.5802983943804683,38
forecast-original-recurrent-43-g111-k5-main-recorded,recurrent,original,43,83ea46a7c1f7b5874d32f28d7a0a26cb3f07d77bf57f1682801d3ac26bed14d2,111,Proportional,5,10,main,recorded,1,64,0.042288110635594484,0.04095470420188374,0.008117577943306356,0.044522801862988196,0.07000502109527589,0.04849999743700027,1.0,0.0,0.4676,0.17751562499999998,1.0,0.04160049896240234,0.09631049896240233,0.06478799896240234,"[""Proportional Baseline Exp 1"",""76356479"",""0""]",1.7943609501719053,23
forecast-original-recurrent-43-g117-k5-main-recorded,recurrent,original,43,83ea46a7c1f7b5874d32f28d7a0a26cb3f07d77bf57f1682801d3ac26bed14d2,117,Proportional,5,10,main,recorded,1,64,0.043216162115641915,0.036665178571428564,0.007237015044499959,0.02398269328465538,1.0,0.16349546813964844,1.0,0.45360000000000006,1.0,0.832703125,1.0,0.12762015106201172,0.20091035247802733,0.1610033452987671,"[""Proportional Baseline Exp 1"",""85019022"",""0""]",4.433780925358534,10
forecast-original-recurrent-43-g13-k5-main-recorded,recurrent,original,43,83ea46a7c1f7b5874d32f28d7a0a26cb3f07d77bf57f1682801d3ac26bed14d2,13,Equal,5,10,main,recorded,1,64,0.001897141573386778,4.9999998882412894e-05,0.0018963802590374916,0.006560201978455815,4.999999888241291e-05,0.008017599403858185,0.0,0.0,0.0,0.0,0.0,0.00460040225982666,0.00680040225982666,0.005625402259826659,"[""Equal Baseline Exp 1"",""35368456"",""0""]",0.7918989614109007,20
forecast-original-recurrent-43-g20-k5-main-recorded,recurrent,original,43,83ea46a7c1f7b5874d32f28d7a0a26cb3f07d77bf57f1682801d3ac26bed14d2,20,Equal,5,10,main,recorded,1,64,0.0003031952756545627,4.9999998882412894e-05,0.00029777305053753963,0.0011783158709107531,4.999999888241291e-05,0.005930800035595894,0.0,0.0,0.0,0.0,1.0,0.005300404453277588,0.007840404453277588,0.006553529453277588,"[""Equal Baseline Exp 1"",""40800498"",""0""]",0.8384422912331708,8
forecast-original-recurrent-43-g25-k5-main-recorded,recurrent,original,43,83ea46a7c1f7b5874d32f28d7a0a26cb3f07d77bf57f1682801d3ac26bed14d2,25,Equal,5,10,main,recorded,1,64,0.0015188237046687022,4.8437498917337454e-05,0.0015076843240194862,0.0065328145524874955,4.999999888241291e-05,0.015108798652887345,0.0,0.0,0.0,0.00021874999999999998,1.0,0.010500404739379882,0.015300404739379882,0.013056654739379883,"[""Equal Baseline Exp 1"",""46096247"",""0""]",0.9575400846671328,28
forecast-original-recurrent-43-g35-k5-main-recorded,recurrent,original,43,83ea46a7c1f7b5874d32f28d7a0a26cb3f07d77bf57f1682801d3ac26bed14d2,35,Equal,5,10,main,recorded,1,64,0.00036394062067554556,5.3819443396706484e-05,0.0003724154100620318,0.001304518739070045,4.999999888241291e-05,0.005930799975991249,0.0,0.0,0.0,0.00043749999999999995,1.0,0.005300402545928956,0.008700402545928954,0.006819152545928955,"[""Equal Baseline Exp 1"",""92291462"",""0""]",0.890428901003989,8
forecast-original-recurrent-43-g36-k5-main-recorded,recurrent,original,43,83ea46a7c1f7b5874d32f28d7a0a26cb3f07d77bf57f1682801d3ac26bed14d2,36,Equal,5,10,main,recorded,1,64,0.038312809670383086,0.03695607638948261,0.004406837625538423,0.03179738247924057,4.999999888241291e-05,0.05590439735352993,1.0,0.0,0.23170000000000004,0.092640625,1.0,0.04642040473937988,0.07967040473937986,0.06402384223937987,"[""Equal Baseline Exp 1"",""92992435"",""0""]",1.823157214321758,32
forecast-original-recurrent-43-g44-k5-main-recorded,recurrent,original,43,83ea46a7c1f7b5874d32f28d7a0a26cb3f07d77bf57f1682801d3ac26bed14d2,44,Mixed,5,10,main,recorded,1,64,0.3322186963369951,0.32708853542615496,0.03644688041423048,0.3997032280142344,0.2660055923461914,0.17819943594932555,0.0,0.3031,1.0,0.740484375,0.0,0.2018294468688965,0.2590494468688964,0.2281183437943458,"[""Mixed Baseline Exp 1"",""18823620"",""0""]",2.92471178397704,40
forecast-original-recurrent-43-g47-k5-main-recorded,recurrent,original,43,83ea46a7c1f7b5874d32f28d7a0a26cb3f07d77bf57f1682801d3ac26bed14d2,47,Mixed,5,10,main,recorded,1,64,0.09540620704696363,0.09504513136545817,0.008689742477569316,0.06647043943736289,0.30100461959838865,0.1173999879360199,1.0,0.027999999999999997,0.31989999999999996,0.166140625,1.0,0.0819504508972168,0.12777045089721678,0.10465513839721677,"[""Mixed Baseline Exp 1"",""26185795"",""0""]",2.5334057437615893,40
forecast-original-recurrent-43-g52-k5-main-recorded,recurrent,original,43,83ea46a7c1f7b5874d32f28d7a0a26cb3f07d77bf57f1682801d3ac26bed14d2,52,Mixed,5,10,main,recorded,1,64,0.12374860647010122,0.12221878527459645,0.015683290186666313,0.09485155511621443,0.5460056686401367,0.18119998455047606,1.0,0.06720000000000001,0.7742000000000001,0.37892187499999996,1.0,0.12139055847167968,0.19387055847167964,0.15621930847167964,"[""Mixed Baseline Exp 1"",""37465807"",""0""]",3.0243439463239916,40
forecast-original-recurrent-43-g57-k5-main-recorded,recurrent,original,43,83ea46a7c1f7b5874d32f28d7a0a26cb3f07d77bf57f1682801d3ac26bed14d2,57,Mixed,5,10,main,recorded,1,64,0.0005496265080227774,4.9999998882412894e-05,0.0005467336149065798,0.0031863224723311656,4.999999888241291e-05,0.0125175496712327,0.0,0.0,0.0,0.0,1.0,0.010420454330444336,0.016040454330444334,0.013137954330444335,"[""Mixed Baseline Exp 1"",""47841996"",""0""]",0.9095509200174807,18
forecast-original-recurrent-43-g60-k5-main-recorded,recurrent,original,43,83ea46a7c1f7b5874d32f28d7a0a26cb3f07d77bf57f1682801d3ac26bed14d2,60,Mixed,5,10,main,recorded,1,64,0.4892339110975149,0.4903194444444444,0.014398823046116614,0.2636276491236119,1.0,0.22289892768859862,0.0,0.1043,0.7672000000000003,0.371421875,1.0,0.16717049438476558,0.22892049438476558,0.1984958068847656,"[""Mixed Baseline Exp 1"",""50116627"",""0""]",3.339634991451105,40
forecast-original-recurrent-43-g64-k5-main-recorded,recurrent,original,43,83ea46a7c1f7b5874d32f28d7a0a26cb3f07d77bf57f1682801d3ac26bed14d2,64,Mixed,5,10,main,recorded,1,64,0.14980299298702984,0.15070571976237826,0.006089620429419341,0.07478137145936489,0.23100461959838867,0.05709999346733093,0.0,0.0,0.13090000000000002,0.04889062499999999,1.0,0.0328404566192627,0.061240456619262695,0.04758326911926269,"[""Mixed Baseline Exp 1"",""64291720"",""0""]",2.0916080362525773,40
forecast-original-recurrent-43-g73-k5-main-recorded,recurrent,original,43,83ea46a7c1f7b5874d32f28d7a0a26cb3f07d77bf57f1682801d3ac26bed14d2,73,Mixed,5,10,main,recorded,1,64,0.08620507015060994,0.08546921062469484,0.009777503395837463,0.08503459726647725,0.6930049133300781,0.23549997711181642,1.0,0.18480000000000002,1.0,0.615875,1.0,0.1819704989624023,0.252470147819519,0.21869416274428363,"[""Mixed Baseline Exp 1"",""85460730"",""0""]",3.32666810137532,40
forecast-original-recurrent-43-g78-k5-main-recorded,recurrent,original,43,83ea46a7c1f7b5874d32f28d7a0a26cb3f07d77bf57f1682801d3ac26bed14d2,78,Mixed,5,10,main,recorded,1,64,0.004013898100293678,0.0017163194439555,0.002117566038566894,0.01003747171464751,4.999999888241291e-05,0.03320884764939547,1.0,0.0,0.03990000000000002,0.01246875,1.0,0.022400551986694335,0.042520551986694334,0.031928676986694327,"[""Mixed Baseline Exp 1"",""95675568"",""0""]",1.429908751434448,27
forecast-original-recurrent-43-g80-k5-main-recorded,recurrent,original,43,83ea46a7c1f7b5874d32f28d7a0a26cb3f07d77bf57f1682801d3ac26bed14d2,80,Proportional,5,10,main,recorded,1,64,0.20914999220920075,0.20980709966023764,0.004776426278350374,0.08927251302185986,0.2450050163269043,0.018699999153614043,0.0,0.0,0.06790000000000003,0.01946875,0.0,0.007800502586364746,0.018110502586364742,0.011863002586364744,"[""Proportional Baseline Exp 1"",""11095201"",""0""]",2.3504204133789584,14
forecast-original-recurrent-43-g82-k5-main-recorded,recurrent,original,43,83ea46a7c1f7b5874d32f28d7a0a26cb3f07d77bf57f1682801d3ac26bed14d2,82,Proportional,5,10,main,recorded,1,64,0.0002873628068684672,7.847222124433384e-05,0.0002763519974277604,0.0010285451926944206,4.999999888241291e-05,0.0045243997871875765,0.0,0.0,0.0,0.00153125,1.0,0.0037,0.00724,0.005206249999999999,"[""Proportional Baseline Exp 1"",""14606420"",""0""]",1.0287464271030407,6
forecast-original-recurrent-43-g89-k5-main-recorded,recurrent,original,43,83ea46a7c1f7b5874d32f28d7a0a26cb3f07d77bf57f1682801d3ac26bed14d2,89,Proportional,5,10,main,recorded,1,64,0.0836091845327693,0.07613763766818571,0.03672714771679235,0.034652450577524446,0.8470050048828125,0.24539647912979126,1.0,0.0,1.0,0.7728437499999999,0.0,0.14068968402981757,0.22967954861402506,0.18983562717214225,"[""Proportional Baseline Exp 1"",""36303454"",""0""]",2.8888720518036908,31
forecast-original-recurrent-43-g97-k5-main-recorded,recurrent,original,43,83ea46a7c1f7b5874d32f28d7a0a26cb3f07d77bf57f1682801d3ac26bed14d2,97,Proportional,5,10,main,recorded,1,64,0.10202755696960983,0.10063598458729095,0.008621926864620953,0.1484247189041168,0.3850050354003906,0.1781989876627922,1.0,0.12109999999999999,1.0,0.538703125,1.0,0.12377055084228514,0.20912055084228515,0.1705521133422851,"[""Proportional Baseline Exp 1"",""45673270"",""0""]",2.6421563770781127,32
