cell_id,family,budget,seed,checkpoint_sha256,group_index,mechanism,origin,horizon,bank,convention,eligible_at_origin,branches,energy,pool_crps,surplus_crps,trajectory_pool_crps,observed_pool_scaled,observed_surplus_scaled,pool_coverage80,pool_lower80,pool_upper80,pool_mean,surplus_coverage80,surplus_lower80,surplus_upper80,surplus_mean,group_key,nll,nonforced_choices
task05-H0-17-g104-k5-second-recorded,H0,conditional,17,7d6fc5c3d04529b68cb0425df74ed5b246e7aaad2fc64e4dd871c41437a87349,104,Proportional,5,10,second,recorded,1,64,0.16869436641030994,0.16247867063492064,0.012218933432064379,0.12348805831841059,1.0,0.14079737854003907,1.0,0.0,1.0,0.608421875,1.0,0.07518045242309572,0.17210045242309568,0.12436763992309569,"[""Proportional Baseline Exp 1"",""63752993"",""0""]",3.442491387197072,20
task05-H0-17-g107-k5-second-recorded,H0,conditional,17,7d6fc5c3d04529b68cb0425df74ed5b246e7aaad2fc64e4dd871c41437a87349,107,Proportional,5,10,second,recorded,1,64,0.13914262348034412,0.13906748152914505,0.009008884953500499,0.07148240776265426,0.5740049362182618,0.10740003997087479,1.0,0.0,1.0,0.41996875,1.0,0.07196054779052734,0.14672054779052732,0.10152086029052731,"[""Proportional Baseline Exp 1"",""69384851"",""0""]",2.492879612680471,38
task05-H0-17-g111-k5-second-recorded,H0,conditional,17,7d6fc5c3d04529b68cb0425df74ed5b246e7aaad2fc64e4dd871c41437a87349,111,Proportional,5,10,second,recorded,1,64,0.10796720615337396,0.10797459607985282,0.009188860290379273,0.0760420684147567,0.07000502109527589,0.04849999743700027,1.0,0.0,0.9562000000000004,0.31609375,1.0,0.03541049896240235,0.10199049896240231,0.06591456146240234,"[""Proportional Baseline Exp 1"",""76356479"",""0""]",1.5859841580207514,23
task05-H0-17-g117-k5-second-recorded,H0,conditional,17,7d6fc5c3d04529b68cb0425df74ed5b246e7aaad2fc64e4dd871c41437a87349,117,Proportional,5,10,second,recorded,1,64,0.07984895832237662,0.07118005952380954,0.009871088756076878,0.041038119512891026,1.0,0.16349546813964844,1.0,0.0,1.0,0.74,1.0,0.10960999999999999,0.21424015106201172,0.16480488419532774,"[""Proportional Baseline Exp 1"",""85019022"",""0""]",4.2673109909814615,10
task05-H0-17-g13-k5-second-recorded,H0,conditional,17,7d6fc5c3d04529b68cb0425df74ed5b246e7aaad2fc64e4dd871c41437a87349,13,Equal,5,10,second,recorded,1,64,0.002390871993063208,4.9999998882412894e-05,0.0023903700507408574,0.008275182819469937,4.999999888241291e-05,0.008017599403858185,0.0,0.0,0.0,0.0,0.0,0.00460040225982666,0.00580040225982666,0.00531290225982666,"[""Equal Baseline Exp 1"",""35368456"",""0""]",0.6175543483353435,20
task05-H0-17-g20-k5-second-recorded,H0,conditional,17,7d6fc5c3d04529b68cb0425df74ed5b246e7aaad2fc64e4dd871c41437a87349,20,Equal,5,10,second,recorded,1,64,0.00013628865914330405,4.9999998882412894e-05,0.00012841742565293637,0.0005450458171150076,4.999999888241291e-05,0.005930800035595894,0.0,0.0,0.0,0.0,1.0,0.005160404453277589,0.006500404453277588,0.005934779453277588,"[""Equal Baseline Exp 1"",""40800498"",""0""]",0.7655460168984173,8
task05-H0-17-g25-k5-second-recorded,H0,conditional,17,7d6fc5c3d04529b68cb0425df74ed5b246e7aaad2fc64e4dd871c41437a87349,25,Equal,5,10,second,recorded,1,64,0.00171071962725199,4.843749891733748e-05,0.0016878993787551454,0.007324952802347252,4.999999888241291e-05,0.015108798652887345,0.0,0.0,0.0,0.00032812499999999997,1.0,0.010160404739379883,0.01684040473937988,0.013114467239379882,"[""Equal Baseline Exp 1"",""46096247"",""0""]",0.9870539261705865,28
task05-H0-17-g35-k5-second-recorded,H0,conditional,17,7d6fc5c3d04529b68cb0425df74ed5b246e7aaad2fc64e4dd871c41437a87349,35,Equal,5,10,second,recorded,1,64,0.0002380303634488991,4.843749891733743e-05,0.0002387150888198186,0.0009392721204636875,4.999999888241291e-05,0.005930799975991249,0.0,0.0,0.0,0.00043749999999999995,1.0,0.005300402545928956,0.008040402545928955,0.006444152545928955,"[""Equal Baseline Exp 1"",""92291462"",""0""]",0.8125500783023258,8
task05-H0-17-g36-k5-second-recorded,H0,conditional,17,7d6fc5c3d04529b68cb0425df74ed5b246e7aaad2fc64e4dd871c41437a87349,36,Equal,5,10,second,recorded,1,64,0.00548700903056301,0.0018157986107269408,0.0035928181972620776,0.0158923471603258,4.999999888241291e-05,0.05590439735352993,1.0,0.0,0.020999999999999998,0.009078125,1.0,0.038360404739379884,0.06496040473937988,0.05093946723937988,"[""Equal Baseline Exp 1"",""92992435"",""0""]",1.7561046680779742,32
task05-H0-17-g44-k5-second-recorded,H0,conditional,17,7d6fc5c3d04529b68cb0425df74ed5b246e7aaad2fc64e4dd871c41437a87349,44,Mixed,5,10,second,recorded,1,64,0.14576083754100894,0.13678140176667108,0.044748181528633524,0.23766133218663077,0.2660055923461914,0.17819943594932555,1.0,0.12040000000000002,0.9169999999999999,0.5095624999999999,0.0,0.20676999999999998,0.2632294468688965,0.23642935907840726,"[""Mixed Baseline Exp 1"",""18823620"",""0""]",3.0470084979003005,40
task05-H0-17-g47-k5-second-recorded,H0,conditional,17,7d6fc5c3d04529b68cb0425df74ed5b246e7aaad2fc64e4dd871c41437a87349,47,Mixed,5,10,second,recorded,1,64,0.11358335587840576,0.11326373700300853,0.009682967510748484,0.07747693906293976,0.30100461959838865,0.1173999879360199,1.0,0.0021000000000000046,0.33599999999999997,0.14175,1.0,0.0807304508972168,0.14331045089721678,0.10633170089721679,"[""Mixed Baseline Exp 1"",""26185795"",""0""]",2.508163632062945,40
task05-H0-17-g52-k5-second-recorded,H0,conditional,17,7d6fc5c3d04529b68cb0425df74ed5b246e7aaad2fc64e4dd871c41437a87349,52,Mixed,5,10,second,recorded,1,64,0.16606218225540792,0.16530197686619222,0.01997576423722601,0.12462626055876416,0.5460056686401367,0.18119998455047606,1.0,0.0,0.637,0.2891875,1.0,0.10333055847167968,0.18966055847167965,0.14731930847167968,"[""Mixed Baseline Exp 1"",""37465807"",""0""]",2.9555862208654142,40
task05-H0-17-g57-k5-second-recorded,H0,conditional,17,7d6fc5c3d04529b68cb0425df74ed5b246e7aaad2fc64e4dd871c41437a87349,57,Mixed,5,10,second,recorded,1,64,0.0008469088688050921,9.236111013322221e-05,0.0008395525601101175,0.0034802653808166115,4.999999888241291e-05,0.0125175496712327,0.0,0.0,0.0,0.0015312499999999998,1.0,0.010500454330444334,0.019180454330444335,0.014316079330444334,"[""Mixed Baseline Exp 1"",""47841996"",""0""]",1.071724135254986,18
task05-H0-17-g60-k5-second-recorded,H0,conditional,17,7d6fc5c3d04529b68cb0425df74ed5b246e7aaad2fc64e4dd871c41437a87349,60,Mixed,5,10,second,recorded,1,64,0.6040225581511217,0.6059583333333334,0.028587565057239844,0.361334487410481,1.0,0.22289892768859862,0.0,0.016100000000000003,0.5831000000000002,0.26359374999999996,1.0,0.13267049438476566,0.22678049438476558,0.1776176818847656,"[""Mixed Baseline Exp 1"",""50116627"",""0""]",2.797099844228283,40
task05-H0-17-g64-k5-second-recorded,H0,conditional,17,7d6fc5c3d04529b68cb0425df74ed5b246e7aaad2fc64e4dd871c41437a87349,64,Mixed,5,10,second,recorded,1,64,0.13664990357979448,0.13795181445280708,0.005455820011335707,0.06762473624183071,0.23100461959838867,0.05709999346733093,0.0,0.0,0.21770000000000003,0.061468749999999996,1.0,0.0334404566192627,0.0756004566192627,0.050291081619262684,"[""Mixed Baseline Exp 1"",""64291720"",""0""]",1.9457158084161066,40
task05-H0-17-g73-k5-second-recorded,H0,conditional,17,7d6fc5c3d04529b68cb0425df74ed5b246e7aaad2fc64e4dd871c41437a87349,73,Mixed,5,10,second,recorded,1,64,0.1355738214366942,0.13358460898626415,0.02225443398687577,0.12653751294669652,0.6930049133300781,0.23549997711181642,1.0,0.147,0.8722000000000001,0.48382812499999994,1.0,0.15216049896240233,0.24240014781951902,0.19865201443433758,"[""Mixed Baseline Exp 1"",""85460730"",""0""]",3.315666050160887,40
task05-H0-17-g78-k5-second-recorded,H0,conditional,17,7d6fc5c3d04529b68cb0425df74ed5b246e7aaad2fc64e4dd871c41437a87349,78,Mixed,5,10,second,recorded,1,64,0.007806355053421806,0.005886979166631744,0.0021003743782240358,0.011587946141861094,4.999999888241291e-05,0.03320884764939547,1.0,0.0,0.055999999999999994,0.024609375,1.0,0.023660551986694336,0.04540055198669433,0.034520864486694336,"[""Mixed Baseline Exp 1"",""95675568"",""0""]",1.3666837122346935,27
task05-H0-17-g80-k5-second-recorded,H0,conditional,17,7d6fc5c3d04529b68cb0425df74ed5b246e7aaad2fc64e4dd871c41437a87349,80,Proportional,5,10,second,recorded,1,64,0.16246865152486922,0.16445499437385133,0.003213386750286297,0.06259820122114486,0.2450050163269043,0.018699999153614043,1.0,0.0,0.32689999999999997,0.08835937499999999,1.0,0.008400502586364746,0.027130502586364746,0.01578331508636474,"[""Proportional Baseline Exp 1"",""11095201"",""0""]",2.0785716504912832,14
task05-H0-17-g82-k5-second-recorded,H0,conditional,17,7d6fc5c3d04529b68cb0425df74ed5b246e7aaad2fc64e4dd871c41437a87349,82,Proportional,5,10,second,recorded,1,64,0.002186435437148724,0.0017124999994411992,0.0007124655958974644,0.0032207414077484913,4.999999888241291e-05,0.0045243997871875765,1.0,0.0,0.05810000000000018,0.017937500000000002,1.0,0.0040999999999999995,0.009369999999999998,0.006374999999999999,"[""Proportional Baseline Exp 1"",""14606420"",""0""]",1.0993711344615822,6
task05-H0-17-g89-k5-second-recorded,H0,conditional,17,7d6fc5c3d04529b68cb0425df74ed5b246e7aaad2fc64e4dd871c41437a87349,89,Proportional,5,10,second,recorded,1,64,0.10755580408367157,0.10183075041997999,0.03374036907354992,0.059097932376357784,0.8470050048828125,0.24539647912979126,1.0,0.006999999999999999,1.0,0.7243437500000001,0.0,0.1292495486140251,0.23987954861402508,0.1889356342250481,"[""Proportional Baseline Exp 1"",""36303454"",""0""]",2.6966233409354157,31
task05-H0-17-g97-k5-second-recorded,H0,conditional,17,7d6fc5c3d04529b68cb0425df74ed5b246e7aaad2fc64e4dd871c41437a87349,97,Proportional,5,10,second,recorded,1,64,0.20405158477203686,0.2026919027812897,0.018262017536932056,0.1828557035079078,0.3850050354003906,0.1781989876627922,1.0,0.009100000000000004,1.0,0.6526562499999999,1.0,0.11158055084228514,0.20674055084228513,0.15172555084228515,"[""Proportional Baseline Exp 1"",""45673270"",""0""]",2.7018977595795697,32
task05-H0-29-g104-k5-second-recorded,H0,conditional,29,9c6cade561becf4363b269f5db19158a0a5c4dc9895ce7f7edae5e1253718aa4,104,Proportional,5,10,second,recorded,1,64,0.18504735416176157,0.17936656746031746,0.009041347771977636,0.12963519612796726,1.0,0.14079737854003907,1.0,0.0,1.0,0.58496875,1.0,0.08514045242309569,0.17820045242309565,0.13185045242309568,"[""Proportional Baseline Exp 1"",""63752993"",""0""]",3.4271851846566683,20
task05-H0-29-g107-k5-second-recorded,H0,conditional,29,9c6cade561becf4363b269f5db19158a0a5c4dc9895ce7f7edae5e1253718aa4,107,Proportional,5,10,second,recorded,1,64,0.1392834214188769,0.1394846442275577,0.007520486111111113,0.06833890113163561,0.5740049362182618,0.10740003997087479,1.0,0.0021000000000000046,1.0,0.39898437499999995,1.0,0.06775054779052735,0.14911054779052732,0.10755211029052733,"[""Proportional Baseline Exp 1"",""69384851"",""0""]",2.499129527151932,38
task05-H0-29-g111-k5-second-recorded,H0,conditional,29,9c6cade561becf4363b269f5db19158a0a5c4dc9895ce7f7edae5e1253718aa4,111,Proportional,5,10,second,recorded,1,64,0.10826379159142319,0.10690658912251869,0.008971214647721198,0.0732138915017129,0.07000502109527589,0.04849999743700027,1.0,0.0,0.8568,0.3096875,1.0,0.042010498962402346,0.08598049896240233,0.06598799896240232,"[""Proportional Baseline Exp 1"",""76356479"",""0""]",1.6074047443132966,23
task05-H0-29-g117-k5-second-recorded,H0,conditional,29,9c6cade561becf4363b269f5db19158a0a5c4dc9895ce7f7edae5e1253718aa4,117,Proportional,5,10,second,recorded,1,64,0.18236177275899043,0.17748263888888888,0.008170598414587591,0.10329287277706087,1.0,0.16349546813964844,1.0,0.0,1.0,0.592140625,1.0,0.10715,0.21930035247802732,0.16430794625282286,"[""Proportional Baseline Exp 1"",""85019022"",""0""]",4.273415473070187,10
task05-H0-29-g13-k5-second-recorded,H0,conditional,29,9c6cade561becf4363b269f5db19158a0a5c4dc9895ce7f7edae5e1253718aa4,13,Equal,5,10,second,recorded,1,64,0.0023048012925947726,4.9999998882412894e-05,0.0023042589396297464,0.008114153707045546,4.999999888241291e-05,0.008017599403858185,0.0,0.0,0.0,0.0,0.0,0.00460040225982666,0.006140402259826661,0.005372277259826659,"[""Equal Baseline Exp 1"",""35368456"",""0""]",0.6194473321548504,20
task05-H0-29-g20-k5-second-recorded,H0,conditional,29,9c6cade561becf4363b269f5db19158a0a5c4dc9895ce7f7edae5e1253718aa4,20,Equal,5,10,second,recorded,1,64,0.0001775161213246745,4.9999998882412894e-05,0.0001696768801334125,0.0007269003549694188,4.999999888241291e-05,0.005930800035595894,0.0,0.0,0.0,0.0,1.0,0.005300404453277588,0.006580404453277588,0.005866029453277588,"[""Equal Baseline Exp 1"",""40800498"",""0""]",0.7757887068758546,8
task05-H0-29-g25-k5-second-recorded,H0,conditional,29,9c6cade561becf4363b269f5db19158a0a5c4dc9895ce7f7edae5e1253718aa4,25,Equal,5,10,second,recorded,1,64,0.002059572804617952,5.72916656189289e-05,0.0019721684510036128,0.00775943417666454,4.999999888241291e-05,0.015108798652887345,0.0,0.0,0.0,0.0006562499999999999,1.0,0.010300404739379883,0.01627040473937988,0.012575404739379882,"[""Equal Baseline Exp 1"",""46096247"",""0""]",0.9885230401560234,28
task05-H0-29-g35-k5-second-recorded,H0,conditional,29,9c6cade561becf4363b269f5db19158a0a5c4dc9895ce7f7edae5e1253718aa4,35,Equal,5,10,second,recorded,1,64,0.00027078770422054156,4.8437498917337454e-05,0.0002739754865906895,0.001047119348688284,4.999999888241291e-05,0.005930799975991249,0.0,0.0,0.0,0.00021874999999999998,1.0,0.005300402545928956,0.008180402545928955,0.0065941525459289555,"[""Equal Baseline Exp 1"",""92291462"",""0""]",0.8013184208661281,8
task05-H0-29-g36-k5-second-recorded,H0,conditional,29,9c6cade561becf4363b269f5db19158a0a5c4dc9895ce7f7edae5e1253718aa4,36,Equal,5,10,second,recorded,1,64,0.009809078191395319,0.0060803819441999675,0.0031261965662359257,0.014989598677729046,4.999999888241291e-05,0.05590439735352993,1.0,0.0,0.06790000000000003,0.03434374999999999,1.0,0.03842040473937989,0.0682804047393799,0.055353529739379875,"[""Equal Baseline Exp 1"",""92992435"",""0""]",1.7451422305726845,32
task05-H0-29-g44-k5-second-recorded,H0,conditional,29,9c6cade561becf4363b269f5db19158a0a5c4dc9895ce7f7edae5e1253718aa4,44,Mixed,5,10,second,recorded,1,64,0.1298098048173361,0.12177518461620995,0.034894956764578815,0.20773604826321676,0.2660055923461914,0.17819943594932555,1.0,0.0952,0.9247000000000001,0.481546875,0.0,0.1883194468688965,0.2593096128082275,0.22820125136375424,"[""Mixed Baseline Exp 1"",""18823620"",""0""]",3.0778910125194203,40
task05-H0-29-g47-k5-second-recorded,H0,conditional,29,9c6cade561becf4363b269f5db19158a0a5c4dc9895ce7f7edae5e1253718aa4,47,Mixed,5,10,second,recorded,1,64,0.1539618943423982,0.1546113923125797,0.009901603836861873,0.0889718031730917,0.30100461959838865,0.1173999879360199,0.0,0.0,0.2359,0.11582812499999999,1.0,0.0766804508972168,0.14261045089721677,0.10602388839721678,"[""Mixed Baseline Exp 1"",""26185795"",""0""]",2.5106468151280463,40
task05-H0-29-g52-k5-second-recorded,H0,conditional,29,9c6cade561becf4363b269f5db19158a0a5c4dc9895ce7f7edae5e1253718aa4,52,Mixed,5,10,second,recorded,1,64,0.20906372270932255,0.2092820292578803,0.01884678225015837,0.13698240443865461,0.5460056686401367,0.18119998455047606,1.0,0.0021000000000000046,0.5719,0.23559375,1.0,0.10739055847167968,0.19695055847167964,0.14993805847167965,"[""Mixed Baseline Exp 1"",""37465807"",""0""]",2.952062175917854,40
task05-H0-29-g57-k5-second-recorded,H0,conditional,29,9c6cade561becf4363b269f5db19158a0a5c4dc9895ce7f7edae5e1253718aa4,57,Mixed,5,10,second,recorded,1,64,0.0006656714010390367,8.732638794592461e-05,0.0006539796594892523,0.00350366950079721,4.999999888241291e-05,0.0125175496712327,0.0,0.0,0.0,0.0008749999999999999,1.0,0.010700454330444333,0.01884045433044433,0.013731704330444332,"[""Mixed Baseline Exp 1"",""47841996"",""0""]",1.0679462703497764,18
task05-H0-29-g60-k5-second-recorded,H0,conditional,29,9c6cade561becf4363b269f5db19158a0a5c4dc9895ce7f7edae5e1253718aa4,60,Mixed,5,10,second,recorded,1,64,0.612787004095875,0.6134409722222222,0.029462566345078614,0.37071795064059515,1.0,0.22289892768859862,0.0,0.0581,0.5803000000000001,0.26740624999999996,0.0,0.1449304943847656,0.2210304943847656,0.1790051818847656,"[""Mixed Baseline Exp 1"",""50116627"",""0""]",2.80312585797803,40
task05-H0-29-g64-k5-second-recorded,H0,conditional,29,9c6cade561becf4363b269f5db19158a0a5c4dc9895ce7f7edae5e1253718aa4,64,Mixed,5,10,second,recorded,1,64,0.14863934711980684,0.14969183087348936,0.005077368445292357,0.07075345265534189,0.23100461959838867,0.05709999346733093,0.0,0.0,0.16380000000000003,0.05337499999999999,1.0,0.03630045661926269,0.07038045661926269,0.05137858161926269,"[""Mixed Baseline Exp 1"",""64291720"",""0""]",1.958836961882858,40
task05-H0-29-g73-k5-second-recorded,H0,conditional,29,9c6cade561becf4363b269f5db19158a0a5c4dc9895ce7f7edae5e1253718aa4,73,Mixed,5,10,second,recorded,1,64,0.1755010922089941,0.17477272315252396,0.019434123147669322,0.13580435354539327,0.6930049133300781,0.23549997711181642,1.0,0.1302,0.7909999999999999,0.429984375,1.0,0.16598049896240233,0.23828049896240228,0.20190360044836994,"[""Mixed Baseline Exp 1"",""85460730"",""0""]",3.3040821250153116,40
task05-H0-29-g78-k5-second-recorded,H0,conditional,29,9c6cade561becf4363b269f5db19158a0a5c4dc9895ce7f7edae5e1253718aa4,78,Mixed,5,10,second,recorded,1,64,0.0076530246056386204,0.00581718749989522,0.002395017235366892,0.012367097480772967,4.999999888241291e-05,0.03320884764939547,1.0,0.0,0.08890000000000002,0.023296874999999998,1.0,0.023200551986694337,0.04917055198669433,0.03589898948669434,"[""Mixed Baseline Exp 1"",""95675568"",""0""]",1.373717851390509,27
task05-H0-29-g80-k5-second-recorded,H0,conditional,29,9c6cade561becf4363b269f5db19158a0a5c4dc9895ce7f7edae5e1253718aa4,80,Proportional,5,10,second,recorded,1,64,0.19545903120085387,0.19814011947313942,0.002888796901602357,0.0702977088381019,0.2450050163269043,0.018699999153614043,0.0,0.0,0.09940000000000011,0.033359375,1.0,0.007800502586364747,0.029640502586364744,0.017123940086364742,"[""Proportional Baseline Exp 1"",""11095201"",""0""]",2.14928527260336,14
task05-H0-29-g82-k5-second-recorded,H0,conditional,29,9c6cade561becf4363b269f5db19158a0a5c4dc9895ce7f7edae5e1253718aa4,82,Proportional,5,10,second,recorded,1,64,0.0024308156437083256,0.002127604166142799,0.000558198479202295,0.0028697031938994767,4.999999888241291e-05,0.0045243997871875765,1.0,0.0,0.07560000000000007,0.020453125,1.0,0.0037,0.009349999999999997,0.005851562499999999,"[""Proportional Baseline Exp 1"",""14606420"",""0""]",1.0977140409811152,6
task05-H0-29-g89-k5-second-recorded,H0,conditional,29,9c6cade561becf4363b269f5db19158a0a5c4dc9895ce7f7edae5e1253718aa4,89,Proportional,5,10,second,recorded,1,64,0.09761660221441212,0.09368554269699828,0.025701659093596167,0.048559979347624495,0.8470050048828125,0.24539647912979126,1.0,0.2562,1.0,0.75103125,1.0,0.1477595486140251,0.25573986458420744,0.20179028646051883,"[""Proportional Baseline Exp 1"",""36303454"",""0""]",2.6957470464303857,31
task05-H0-29-g97-k5-second-recorded,H0,conditional,29,9c6cade561becf4363b269f5db19158a0a5c4dc9895ce7f7edae5e1253718aa4,97,Proportional,5,10,second,recorded,1,64,0.1461369498521724,0.14373072665078293,0.016397978330888466,0.16728338589157377,0.3850050354003906,0.1781989876627922,1.0,0.06930000000000001,1.0,0.56565625,1.0,0.10822055084228516,0.19854055084228514,0.15224898834228512,"[""Proportional Baseline Exp 1"",""45673270"",""0""]",2.687162627259503,32
task05-H0-43-g104-k5-second-recorded,H0,conditional,43,4606995065f47f7e6aded0b67ffbe1074066ada14798652153d70e8ee4df7b19,104,Proportional,5,10,second,recorded,1,64,0.12398674376663932,0.11904513888888893,0.009817261904761905,0.09450818849328967,1.0,0.14079737854003907,1.0,0.021000000000000053,1.0,0.686421875,1.0,0.08391045242309567,0.18447045242309568,0.1384676399230957,"[""Proportional Baseline Exp 1"",""63752993"",""0""]",3.415646308196513,20
task05-H0-43-g107-k5-second-recorded,H0,conditional,43,4606995065f47f7e6aded0b67ffbe1074066ada14798652153d70e8ee4df7b19,107,Proportional,5,10,second,recorded,1,64,0.12489150672752902,0.12507675187549894,0.006775680570162479,0.06265518296644801,0.5740049362182618,0.10740003997087479,1.0,0.006999999999999999,1.0,0.4366875,1.0,0.07197054779052732,0.13330054779052733,0.10282242279052733,"[""Proportional Baseline Exp 1"",""69384851"",""0""]",2.4970688011303834,38
task05-H0-43-g111-k5-second-recorded,H0,conditional,43,4606995065f47f7e6aded0b67ffbe1074066ada14798652153d70e8ee4df7b19,111,Proportional,5,10,second,recorded,1,64,0.10094141892120229,0.09919634757439297,0.01331684698318796,0.08707676129681723,0.07000502109527589,0.04849999743700027,1.0,0.0,0.9352000000000006,0.307125,1.0,0.04378049896240234,0.1044404989624023,0.07371456146240232,"[""Proportional Baseline Exp 1"",""76356479"",""0""]",1.6076763774345761,23
task05-H0-43-g117-k5-second-recorded,H0,conditional,43,4606995065f47f7e6aded0b67ffbe1074066ada14798652153d70e8ee4df7b19,117,Proportional,5,10,second,recorded,1,64,0.16399062614894788,0.15947569444444443,0.012213022896600138,0.07828203555667212,1.0,0.16349546813964844,1.0,0.0,1.0,0.619046875,1.0,0.12037015106201171,0.23223015106201164,0.1817595480918884,"[""Proportional Baseline Exp 1"",""85019022"",""0""]",4.276090951789678,10
task05-H0-43-g13-k5-second-recorded,H0,conditional,43,4606995065f47f7e6aded0b67ffbe1074066ada14798652153d70e8ee4df7b19,13,Equal,5,10,second,recorded,1,64,0.0024792902588826205,4.9999998882412894e-05,0.0024788042868886676,0.008579039957891738,4.999999888241291e-05,0.008017599403858185,0.0,0.0,0.0,0.0,0.0,0.00460040225982666,0.0057404022598266605,0.005269152259826659,"[""Equal Baseline Exp 1"",""35368456"",""0""]",0.6165100801882086,20
task05-H0-43-g20-k5-second-recorded,H0,conditional,43,4606995065f47f7e6aded0b67ffbe1074066ada14798652153d70e8ee4df7b19,20,Equal,5,10,second,recorded,1,64,0.00011299879069850792,4.9999998882412894e-05,0.00010214475460853156,0.0006238573361136434,4.999999888241291e-05,0.005930800035595894,0.0,0.0,0.0,0.0,1.0,0.005300404453277588,0.006300404453277588,0.005856654453277588,"[""Equal Baseline Exp 1"",""40800498"",""0""]",0.775876451402006,8
task05-H0-43-g25-k5-second-recorded,H0,conditional,43,4606995065f47f7e6aded0b67ffbe1074066ada14798652153d70e8ee4df7b19,25,Equal,5,10,second,recorded,1,64,0.002076048100019983,6.614583232052032e-05,0.0019685684345839994,0.00816600282061069,4.999999888241291e-05,0.015108798652887345,0.0,0.0,0.0,0.0012031249999999998,1.0,0.010360404739379884,0.01564040473937988,0.012620717239379882,"[""Equal Baseline Exp 1"",""46096247"",""0""]",0.9856437602791503,28
task05-H0-43-g35-k5-second-recorded,H0,conditional,43,4606995065f47f7e6aded0b67ffbe1074066ada14798652153d70e8ee4df7b19,35,Equal,5,10,second,recorded,1,64,0.00018615168683388866,5.729166561892901e-05,0.0001807662745686396,0.0008613662526153754,4.999999888241291e-05,0.005930799975991249,0.0,0.0,0.0,0.0010937499999999999,1.0,0.005300402545928956,0.007500402545928955,0.006447277545928954,"[""Equal Baseline Exp 1"",""92291462"",""0""]",0.8082425884505635,8
task05-H0-43-g36-k5-second-recorded,H0,conditional,43,4606995065f47f7e6aded0b67ffbe1074066ada14798652153d70e8ee4df7b19,36,Equal,5,10,second,recorded,1,64,0.010074914085697651,0.005108506944269821,0.004641773485572684,0.018676370788827383,4.999999888241291e-05,0.05590439735352993,1.0,0.0,0.077,0.0231875,1.0,0.03790040473937988,0.07296040473937988,0.05198790473937988,"[""Equal Baseline Exp 1"",""92992435"",""0""]",1.742524636490871,32
task05-H0-43-g44-k5-second-recorded,H0,conditional,43,4606995065f47f7e6aded0b67ffbe1074066ada14798652153d70e8ee4df7b19,44,Mixed,5,10,second,recorded,1,64,0.11733995742674877,0.10924011287235078,0.03339447297061245,0.18853409039860677,0.2660055923461914,0.17819943594932555,1.0,0.11340000000000001,0.8448999999999999,0.46349999999999997,0.0,0.18406944686889642,0.2699198340606689,0.22793718886375425,"[""Mixed Baseline Exp 1"",""18823620"",""0""]",3.072638911480792,40
task05-H0-43-g47-k5-second-recorded,H0,conditional,43,4606995065f47f7e6aded0b67ffbe1074066ada14798652153d70e8ee4df7b19,47,Mixed,5,10,second,recorded,1,64,0.11658298850627229,0.11723914272255365,0.006320738261133907,0.06839733365244335,0.30100461959838865,0.1173999879360199,1.0,0.0,0.37870000000000004,0.1483125,1.0,0.08321045089721679,0.1315404508972168,0.10955357589721679,"[""Mixed Baseline Exp 1"",""26185795"",""0""]",2.509125693474536,40
task05-H0-43-g52-k5-second-recorded,H0,conditional,43,4606995065f47f7e6aded0b67ffbe1074066ada14798652153d70e8ee4df7b19,52,Mixed,5,10,second,recorded,1,64,0.22705720046325012,0.22683811624844863,0.022151855507067275,0.1545904500934813,0.5460056686401367,0.18119998455047606,0.0,0.020999999999999998,0.518,0.231984375,1.0,0.11412055847167969,0.19017055847167966,0.14818337097167966,"[""Mixed Baseline Exp 1"",""37465807"",""0""]",2.9588082976525363,40
task05-H0-43-g57-k5-second-recorded,H0,conditional,43,4606995065f47f7e6aded0b67ffbe1074066ada14798652153d70e8ee4df7b19,57,Mixed,5,10,second,recorded,1,64,0.0009945764880297282,0.00034496527697451236,0.0008183605990335634,0.0039704358424370485,4.999999888241291e-05,0.0125175496712327,1.0,0.0,0.013999999999999999,0.00328125,1.0,0.010500454330444334,0.02004045433044433,0.014078579330444334,"[""Mixed Baseline Exp 1"",""47841996"",""0""]",1.0678314339485817,18
task05-H0-43-g60-k5-second-recorded,H0,conditional,43,4606995065f47f7e6aded0b67ffbe1074066ada14798652153d70e8ee4df7b19,60,Mixed,5,10,second,recorded,1,64,0.7493312822892555,0.7510173611111112,0.039477996151977134,0.4596438645852937,1.0,0.22289892768859862,0.0,0.009100000000000004,0.3647,0.16734374999999999,0.0,0.1335804943847656,0.20314049438476559,0.16753799438476558,"[""Mixed Baseline Exp 1"",""50116627"",""0""]",2.808037097845606,40
task05-H0-43-g64-k5-second-recorded,H0,conditional,43,4606995065f47f7e6aded0b67ffbe1074066ada14798652153d70e8ee4df7b19,64,Mixed,5,10,second,recorded,1,64,0.1351429254278094,0.13601720922523072,0.005367747537555206,0.06500782512459491,0.23100461959838867,0.05709999346733093,1.0,0.0,0.3108,0.07940624999999998,1.0,0.036580456619262694,0.07947045661926269,0.053178581619262685,"[""Mixed Baseline Exp 1"",""64291720"",""0""]",1.952773526466394,40
task05-H0-43-g73-k5-second-recorded,H0,conditional,43,4606995065f47f7e6aded0b67ffbe1074066ada14798652153d70e8ee4df7b19,73,Mixed,5,10,second,recorded,1,64,0.2010573219980995,0.20063482632712712,0.019118778032726748,0.14327271845094744,0.6930049133300781,0.23549997711181642,1.0,0.0791,0.8077999999999999,0.39831249999999996,1.0,0.16879049896240234,0.24822014781951904,0.20440828794836996,"[""Mixed Baseline Exp 1"",""85460730"",""0""]",3.302663843041928,40
task05-H0-43-g78-k5-second-recorded,H0,conditional,43,4606995065f47f7e6aded0b67ffbe1074066ada14798652153d70e8ee4df7b19,78,Mixed,5,10,second,recorded,1,64,0.006851173535870916,0.005060590277742853,0.0020630662761650775,0.01151591395318909,4.999999888241291e-05,0.03320884764939547,1.0,0.0,0.051800000000000034,0.0245,1.0,0.023500551986694335,0.048610551986694325,0.035466176986694326,"[""Mixed Baseline Exp 1"",""95675568"",""0""]",1.3758987703920769,27
task05-H0-43-g80-k5-second-recorded,H0,conditional,43,4606995065f47f7e6aded0b67ffbe1074066ada14798652153d70e8ee4df7b19,80,Proportional,5,10,second,recorded,1,64,0.1427097917970518,0.14451417891184487,0.0032372120063692816,0.05619179424337215,0.2450050163269043,0.018699999153614043,1.0,0.0,0.38360000000000005,0.09231249999999999,1.0,0.008590502586364747,0.036780502586364734,0.01771925258636474,"[""Proportional Baseline Exp 1"",""11095201"",""0""]",2.1144760087114087,14
task05-H0-43-g82-k5-second-recorded,H0,conditional,43,4606995065f47f7e6aded0b67ffbe1074066ada14798652153d70e8ee4df7b19,82,Proportional,5,10,second,recorded,1,64,0.0006004626761315318,0.00031249999930150867,0.0003791055954578853,0.0016201996878455651,4.999999888241291e-05,0.0045243997871875765,1.0,0.0,0.006999999999999999,0.0024062499999999995,1.0,0.0037,0.00784,0.005487499999999999,"[""Proportional Baseline Exp 1"",""14606420"",""0""]",1.0936169479514553,6
task05-H0-43-g89-k5-second-recorded,H0,conditional,43,4606995065f47f7e6aded0b67ffbe1074066ada14798652153d70e8ee4df7b19,89,Proportional,5,10,second,recorded,1,64,0.1045448460288742,0.09975663163926865,0.028858164027410146,0.05617034948980289,0.8470050048828125,0.24539647912979126,1.0,0.14910000000000004,1.0,0.7126718750000001,0.0,0.15179954861402511,0.23874968402981758,0.19900437717214225,"[""Proportional Baseline Exp 1"",""36303454"",""0""]",2.6978884097895754,31
task05-H0-43-g97-k5-second-recorded,H0,conditional,43,4606995065f47f7e6aded0b67ffbe1074066ada14798652153d70e8ee4df7b19,97,Proportional,5,10,second,recorded,1,64,0.14414789758031613,0.14302667628394225,0.014236271981682116,0.15442723394159288,0.3850050354003906,0.1781989876627922,1.0,0.01540000000000002,1.0,0.542921875,1.0,0.11397055084228515,0.19530055084228515,0.15355055084228514,"[""Proportional Baseline Exp 1"",""45673270"",""0""]",2.6853522899947118,32
task05-H1-17-g104-k5-second-recorded,H1,conditional,17,0ce02615f56b7851dfb95f26cf20d12849e454da4d5b7e1462530a74cb7ada1d,104,Proportional,5,10,second,recorded,1,64,0.0625132046921778,0.052155753968253976,0.011295421527302462,0.06070059930369968,1.0,0.14079737854003907,1.0,0.12950000000000006,1.0,0.7861562499999999,1.0,0.08067045242309569,0.17118045242309565,0.1251051399230957,"[""Proportional Baseline Exp 1"",""63752993"",""0""]",3.433034080505788,20
task05-H1-17-g107-k5-second-recorded,H1,conditional,17,0ce02615f56b7851dfb95f26cf20d12849e454da4d5b7e1462530a74cb7ada1d,107,Proportional,5,10,second,recorded,1,64,0.14252834862564334,0.14283307929266068,0.008998517890008436,0.08077954138053788,0.5740049362182618,0.10740003997087479,1.0,0.0,1.0,0.44420312500000003,1.0,0.07309054779052733,0.14103054779052732,0.10097242279052732,"[""Proportional Baseline Exp 1"",""69384851"",""0""]",2.4813816536235227,38
task05-H1-17-g111-k5-second-recorded,H1,conditional,17,0ce02615f56b7851dfb95f26cf20d12849e454da4d5b7e1462530a74cb7ada1d,111,Proportional,5,10,second,recorded,1,64,0.13286318586486445,0.13287768767608532,0.007661051167263866,0.08315697542179433,0.07000502109527589,0.04849999743700027,1.0,0.0,1.0,0.361578125,1.0,0.037990498962402336,0.09811049896240231,0.06470831146240233,"[""Proportional Baseline Exp 1"",""76356479"",""0""]",1.6013223897888684,23
task05-H1-17-g117-k5-second-recorded,H1,conditional,17,0ce02615f56b7851dfb95f26cf20d12849e454da4d5b7e1462530a74cb7ada1d,117,Proportional,5,10,second,recorded,1,64,0.2825139073072204,0.27865823412698415,0.011936992478749103,0.13027329076282562,1.0,0.16349546813964844,1.0,0.0,1.0,0.478328125,1.0,0.10672999999999999,0.21889999999999998,0.16550167264938354,"[""Proportional Baseline Exp 1"",""85019022"",""0""]",4.28780252531293,10
task05-H1-17-g13-k5-second-recorded,H1,conditional,17,0ce02615f56b7851dfb95f26cf20d12849e454da4d5b7e1462530a74cb7ada1d,13,Equal,5,10,second,recorded,1,64,0.002521041246510484,4.9999998882412894e-05,0.0025205701599045408,0.008726262174153494,4.999999888241291e-05,0.008017599403858185,0.0,0.0,0.0,0.0,0.0,0.00460040225982666,0.00560040225982666,0.00521290225982666,"[""Equal Baseline Exp 1"",""35368456"",""0""]",0.6303311245733172,20
task05-H1-17-g20-k5-second-recorded,H1,conditional,17,0ce02615f56b7851dfb95f26cf20d12849e454da4d5b7e1462530a74cb7ada1d,20,Equal,5,10,second,recorded,1,64,0.0001673912768477262,4.843749891733743e-05,0.0001587197719407935,0.000783076084696869,4.999999888241291e-05,0.005930800035595894,0.0,0.0,0.0,0.00043749999999999995,1.0,0.005160404453277589,0.006900404453277588,0.0060222794532775875,"[""Equal Baseline Exp 1"",""40800498"",""0""]",0.7579800192564505,8
task05-H1-17-g25-k5-second-recorded,H1,conditional,17,0ce02615f56b7851dfb95f26cf20d12849e454da4d5b7e1462530a74cb7ada1d,25,Equal,5,10,second,recorded,1,64,0.0022952023287339325,8.888888791100022e-05,0.002131599775580542,0.00838703651903262,4.999999888241291e-05,0.015108798652887345,0.0,0.0,0.0,0.0010937499999999999,1.0,0.010160404739379883,0.016580404739379884,0.012428529739379881,"[""Equal Baseline Exp 1"",""46096247"",""0""]",0.984213378688425,28
task05-H1-17-g35-k5-second-recorded,H1,conditional,17,0ce02615f56b7851dfb95f26cf20d12849e454da4d5b7e1462530a74cb7ada1d,35,Equal,5,10,second,recorded,1,64,0.00039140658022126856,8.003472120940913e-05,0.0003885092167494194,0.0014513793832661272,4.999999888241291e-05,0.005930799975991249,0.0,0.0,0.0,0.0012031249999999998,1.0,0.005300402545928956,0.008700402545928954,0.006911340045928954,"[""Equal Baseline Exp 1"",""92291462"",""0""]",0.8309752243065629,8
task05-H1-17-g36-k5-second-recorded,H1,conditional,17,0ce02615f56b7851dfb95f26cf20d12849e454da4d5b7e1462530a74cb7ada1d,36,Equal,5,10,second,recorded,1,64,0.011176914986782312,0.007242013888679344,0.003781032114504052,0.018198864640115067,4.999999888241291e-05,0.05590439735352993,1.0,0.0,0.10990000000000001,0.046921874999999995,1.0,0.03950040473937987,0.07609040473937989,0.054939467239379876,"[""Equal Baseline Exp 1"",""92992435"",""0""]",1.7573545794437768,32
task05-H1-17-g44-k5-second-recorded,H1,conditional,17,0ce02615f56b7851dfb95f26cf20d12849e454da4d5b7e1462530a74cb7ada1d,44,Mixed,5,10,second,recorded,1,64,0.1663575312885674,0.15929931541094702,0.03941404139955364,0.2456657349261026,0.2660055923461914,0.17819943594932555,1.0,0.09799999999999999,0.9338,0.52621875,0.0,0.18699944686889647,0.2662694468688965,0.2335870851516723,"[""Mixed Baseline Exp 1"",""18823620"",""0""]",3.0635976190766985,40
task05-H1-17-g47-k5-second-recorded,H1,conditional,17,0ce02615f56b7851dfb95f26cf20d12849e454da4d5b7e1462530a74cb7ada1d,47,Mixed,5,10,second,recorded,1,64,0.07418033873967518,0.07423118774096168,0.007284219989913795,0.05472337538864878,0.30100461959838865,0.1173999879360199,1.0,0.0,0.5040000000000002,0.220609375,1.0,0.0770904508972168,0.1620104508972168,0.11789888839721678,"[""Mixed Baseline Exp 1"",""26185795"",""0""]",2.5099194927152237,40
task05-H1-17-g52-k5-second-recorded,H1,conditional,17,0ce02615f56b7851dfb95f26cf20d12849e454da4d5b7e1462530a74cb7ada1d,52,Mixed,5,10,second,recorded,1,64,0.17139829056829556,0.17173929972118798,0.01341090962375913,0.10962481279562393,0.5460056686401367,0.18119998455047606,1.0,0.0511,0.7027999999999999,0.30885937499999994,1.0,0.11708055847167967,0.20587055847167968,0.15999430847167967,"[""Mixed Baseline Exp 1"",""37465807"",""0""]",2.9458361398956545,40
task05-H1-17-g57-k5-second-recorded,H1,conditional,17,0ce02615f56b7851dfb95f26cf20d12849e454da4d5b7e1462530a74cb7ada1d,57,Mixed,5,10,second,recorded,1,64,0.0009660952971644867,0.00020069444360625412,0.0009044067203584642,0.004014488885755419,4.999999888241291e-05,0.0125175496712327,1.0,0.0,0.006999999999999999,0.0026249999999999997,1.0,0.010900454330444335,0.01918045433044433,0.014487954330444332,"[""Mixed Baseline Exp 1"",""47841996"",""0""]",1.0692905242513198,18
task05-H1-17-g60-k5-second-recorded,H1,conditional,17,0ce02615f56b7851dfb95f26cf20d12849e454da4d5b7e1462530a74cb7ada1d,60,Mixed,5,10,second,recorded,1,64,0.6188677391166522,0.6211388888888889,0.027348032614919887,0.3653530818473726,1.0,0.22289892768859862,0.0,0.023100000000000002,0.5460000000000002,0.259765625,0.0,0.1271704943847656,0.22148049438476558,0.1786911193847656,"[""Mixed Baseline Exp 1"",""50116627"",""0""]",2.8149371289662333,40
task05-H1-17-g64-k5-second-recorded,H1,conditional,17,0ce02615f56b7851dfb95f26cf20d12849e454da4d5b7e1462530a74cb7ada1d,64,Mixed,5,10,second,recorded,1,64,0.15848858594836734,0.1599972420665953,0.005854092191041464,0.07293981046544182,0.23100461959838867,0.05709999346733093,0.0,0.0,0.13790000000000002,0.046921875,1.0,0.03636045661926269,0.0729004566192627,0.05150826911926269,"[""Mixed Baseline Exp 1"",""64291720"",""0""]",1.934885848851981,40
task05-H1-17-g73-k5-second-recorded,H1,conditional,17,0ce02615f56b7851dfb95f26cf20d12849e454da4d5b7e1462530a74cb7ada1d,73,Mixed,5,10,second,recorded,1,64,0.16759639328294906,0.16696468743823817,0.013765343220650227,0.11936753713592652,0.6930049133300781,0.23549997711181642,1.0,0.08190000000000004,0.8155000000000001,0.4271875,1.0,0.1634604989624023,0.24825049896240226,0.20971453011035915,"[""Mixed Baseline Exp 1"",""85460730"",""0""]",3.312773639724912,40
task05-H1-17-g78-k5-second-recorded,H1,conditional,17,0ce02615f56b7851dfb95f26cf20d12849e454da4d5b7e1462530a74cb7ada1d,78,Mixed,5,10,second,recorded,1,64,0.004033197987478365,0.0018899305550666087,0.002096363035838548,0.010240521548145785,4.999999888241291e-05,0.03320884764939547,1.0,0.0,0.03990000000000002,0.016625,1.0,0.02166055198669433,0.046780551986694334,0.03400367698669433,"[""Mixed Baseline Exp 1"",""95675568"",""0""]",1.3799342489561441,27
task05-H1-17-g80-k5-second-recorded,H1,conditional,17,0ce02615f56b7851dfb95f26cf20d12849e454da4d5b7e1462530a74cb7ada1d,80,Proportional,5,10,second,recorded,1,64,0.17916368605409724,0.18099713132116527,0.003434849192616013,0.06786036966898375,0.2450050163269043,0.018699999153614043,0.0,0.0,0.175,0.062109374999999994,1.0,0.007660502586364747,0.030160502586364744,0.016356752586364744,"[""Proportional Baseline Exp 1"",""11095201"",""0""]",2.1142039368573253,14
task05-H1-17-g82-k5-second-recorded,H1,conditional,17,0ce02615f56b7851dfb95f26cf20d12849e454da4d5b7e1462530a74cb7ada1d,82,Proportional,5,10,second,recorded,1,64,0.001655300283430269,0.0013826388883300938,0.00046465262591779705,0.0023959549274282623,4.999999888241291e-05,0.0045243997871875765,1.0,0.0,0.033600000000000074,0.015421874999999998,1.0,0.0039,0.008639999999999998,0.005857812499999999,"[""Proportional Baseline Exp 1"",""14606420"",""0""]",1.0886358471710136,6
task05-H1-17-g89-k5-second-recorded,H1,conditional,17,0ce02615f56b7851dfb95f26cf20d12849e454da4d5b7e1462530a74cb7ada1d,89,Proportional,5,10,second,recorded,1,64,0.1049693477535587,0.10070880254109701,0.027064829480754508,0.059514257569889,0.8470050048828125,0.24539647912979126,1.0,0.1071,1.0,0.6851093749999999,1.0,0.15102954861402512,0.24882954861402512,0.2003012733308598,"[""Proportional Baseline Exp 1"",""36303454"",""0""]",2.697198304377019,31
task05-H1-17-g97-k5-second-recorded,H1,conditional,17,0ce02615f56b7851dfb95f26cf20d12849e454da4d5b7e1462530a74cb7ada1d,97,Proportional,5,10,second,recorded,1,64,0.17839861188916575,0.17795957860492523,0.014473723132322959,0.17400018357095265,0.3850050354003906,0.1781989876627922,1.0,0.07420000000000002,1.0,0.6258125,1.0,0.11158055084228516,0.20401055084228512,0.15614273834228512,"[""Proportional Baseline Exp 1"",""45673270"",""0""]",2.7010129004372976,32
task05-H1-29-g104-k5-second-recorded,H1,conditional,29,2ab1b391d4a2f416d83303dcb3d6f62da00f43cad1a8db76b1ccdab82faf37e9,104,Proportional,5,10,second,recorded,1,64,0.11703939198952354,0.10937003968253967,0.013414918722425197,0.09935146068807635,1.0,0.14079737854003907,1.0,0.0,1.0,0.669625,1.0,0.0593404524230957,0.16805045242309566,0.11860045242309568,"[""Proportional Baseline Exp 1"",""63752993"",""0""]",3.4177730366126995,20
task05-H1-29-g107-k5-second-recorded,H1,conditional,29,2ab1b391d4a2f416d83303dcb3d6f62da00f43cad1a8db76b1ccdab82faf37e9,107,Proportional,5,10,second,recorded,1,64,0.1505107124292484,0.15070159761867827,0.008794946461437012,0.08048162058757412,0.5740049362182618,0.10740003997087479,1.0,0.0,1.0,0.4259375,1.0,0.06538054779052735,0.14089054779052732,0.10205836029052733,"[""Proportional Baseline Exp 1"",""69384851"",""0""]",2.4863188530089135,38
task05-H1-29-g111-k5-second-recorded,H1,conditional,29,2ab1b391d4a2f416d83303dcb3d6f62da00f43cad1a8db76b1ccdab82faf37e9,111,Proportional,5,10,second,recorded,1,64,0.07831044423160527,0.0786286038273857,0.008361860490726332,0.06078386593368791,0.07000502109527589,0.04849999743700027,1.0,0.0,0.8379,0.25765625,1.0,0.03889049896240232,0.1041104989624023,0.06595049896240233,"[""Proportional Baseline Exp 1"",""76356479"",""0""]",1.6231699691430053,23
task05-H1-29-g117-k5-second-recorded,H1,conditional,29,2ab1b391d4a2f416d83303dcb3d6f62da00f43cad1a8db76b1ccdab82faf37e9,117,Proportional,5,10,second,recorded,1,64,0.24876060936455735,0.2442881944444445,0.012912064411526637,0.119895348838019,1.0,0.16349546813964844,1.0,0.0,1.0,0.5100156250000001,1.0,0.12715050354003907,0.2223003524780273,0.18031427493095398,"[""Proportional Baseline Exp 1"",""85019022"",""0""]",4.29346896917089,10
task05-H1-29-g13-k5-second-recorded,H1,conditional,29,2ab1b391d4a2f416d83303dcb3d6f62da00f43cad1a8db76b1ccdab82faf37e9,13,Equal,5,10,second,recorded,1,64,0.0020124080036933367,4.9999998882412894e-05,0.0020111620050692375,0.0073500678502805795,4.999999888241291e-05,0.008017599403858185,0.0,0.0,0.0,0.0,0.0,0.00460040225982666,0.006880402259826661,0.0055910272598266595,"[""Equal Baseline Exp 1"",""35368456"",""0""]",0.632033351451369,20
task05-H1-29-g20-k5-second-recorded,H1,conditional,29,2ab1b391d4a2f416d83303dcb3d6f62da00f43cad1a8db76b1ccdab82faf37e9,20,Equal,5,10,second,recorded,1,64,0.0001770219464420163,4.9999998882412894e-05,0.00016892543088437798,0.0007412848070923554,4.999999888241291e-05,0.005930800035595894,0.0,0.0,0.0,0.0,1.0,0.005100404453277588,0.006700404453277587,0.005969154453277588,"[""Equal Baseline Exp 1"",""40800498"",""0""]",0.7688299573369949,8
task05-H1-29-g25-k5-second-recorded,H1,conditional,29,2ab1b391d4a2f416d83303dcb3d6f62da00f43cad1a8db76b1ccdab82faf37e9,25,Equal,5,10,second,recorded,1,64,0.0016480599445045357,7.656249898718693e-05,0.0015454886644694311,0.00698131744601867,4.999999888241291e-05,0.015108798652887345,0.0,0.0,0.0,0.0015312499999999996,1.0,0.009960404739379883,0.018360404739379884,0.013497279739379881,"[""Equal Baseline Exp 1"",""46096247"",""0""]",0.984321564120281,28
task05-H1-29-g35-k5-second-recorded,H1,conditional,29,2ab1b391d4a2f416d83303dcb3d6f62da00f43cad1a8db76b1ccdab82faf37e9,35,Equal,5,10,second,recorded,1,64,0.00031617858337620484,5.7291665618928794e-05,0.00031757667706687964,0.0012024635686429164,4.999999888241291e-05,0.005930799975991249,0.0,0.0,0.0,0.0007656249999999999,1.0,0.005300402545928956,0.009180402545928954,0.006848840045928955,"[""Equal Baseline Exp 1"",""92291462"",""0""]",0.8210871475148325,8
task05-H1-29-g36-k5-second-recorded,H1,conditional,29,2ab1b391d4a2f416d83303dcb3d6f62da00f43cad1a8db76b1ccdab82faf37e9,36,Equal,5,10,second,recorded,1,64,0.013784118578702119,0.00916406249982537,0.004125676494158273,0.02030571299456448,4.999999888241291e-05,0.05590439735352993,1.0,0.0,0.13580000000000006,0.045828125,1.0,0.03880040473937988,0.07289040473937987,0.054573842239379874,"[""Equal Baseline Exp 1"",""92992435"",""0""]",1.7463109145781115,32
task05-H1-29-g44-k5-second-recorded,H1,conditional,29,2ab1b391d4a2f416d83303dcb3d6f62da00f43cad1a8db76b1ccdab82faf37e9,44,Mixed,5,10,second,recorded,1,64,0.12934029579502027,0.12144363239833283,0.03762987735056214,0.2142195913328065,0.2660055923461914,0.17819943594932555,1.0,0.1183,0.9079,0.4794531249999999,0.0,0.19834961280822752,0.2564596128082275,0.2301496283650398,"[""Mixed Baseline Exp 1"",""18823620"",""0""]",3.0943922089021667,40
task05-H1-29-g47-k5-second-recorded,H1,conditional,29,2ab1b391d4a2f416d83303dcb3d6f62da00f43cad1a8db76b1ccdab82faf37e9,47,Mixed,5,10,second,recorded,1,64,0.08554574166093812,0.08487007662985058,0.0068645047950839245,0.056879809304740694,0.30100461959838865,0.1173999879360199,1.0,0.0,0.5929000000000002,0.22748437500000002,1.0,0.08889045089721678,0.15672045089721676,0.11767545089721677,"[""Mixed Baseline Exp 1"",""26185795"",""0""]",2.511969278255369,40
task05-H1-29-g52-k5-second-recorded,H1,conditional,29,2ab1b391d4a2f416d83303dcb3d6f62da00f43cad1a8db76b1ccdab82faf37e9,52,Mixed,5,10,second,recorded,1,64,0.19179205570572233,0.19243810211287604,0.01730854240447757,0.1233709996431593,0.5460056686401367,0.18119998455047606,1.0,0.023100000000000002,0.7406,0.29059375,1.0,0.12084055847167968,0.20740055847167965,0.15455837097167968,"[""Mixed Baseline Exp 1"",""37465807"",""0""]",2.9418310936292187,40
task05-H1-29-g57-k5-second-recorded,H1,conditional,29,2ab1b391d4a2f416d83303dcb3d6f62da00f43cad1a8db76b1ccdab82faf37e9,57,Mixed,5,10,second,recorded,1,64,0.0006036848972584973,8.732638794592461e-05,0.0005496299667357807,0.003130588503749783,4.999999888241291e-05,0.0125175496712327,0.0,0.0,0.0,0.000984375,1.0,0.010500454330444334,0.018060454330444335,0.013311391830444334,"[""Mixed Baseline Exp 1"",""47841996"",""0""]",1.0651281884678119,18
task05-H1-29-g60-k5-second-recorded,H1,conditional,29,2ab1b391d4a2f416d83303dcb3d6f62da00f43cad1a8db76b1ccdab82faf37e9,60,Mixed,5,10,second,recorded,1,64,0.6204946147673679,0.6222812500000001,0.03045919204136683,0.3766066137107592,1.0,0.22289892768859862,0.0,0.027999999999999997,0.5838,0.25473437499999996,1.0,0.13527049438476563,0.22310049438476556,0.1762551818847656,"[""Mixed Baseline Exp 1"",""50116627"",""0""]",2.8192799838342166,40
task05-H1-29-g64-k5-second-recorded,H1,conditional,29,2ab1b391d4a2f416d83303dcb3d6f62da00f43cad1a8db76b1ccdab82faf37e9,64,Mixed,5,10,second,recorded,1,64,0.14513350660229077,0.14637180897924634,0.005414231894839378,0.06965487245950433,0.23100461959838867,0.05709999346733093,0.0,0.0,0.17080000000000004,0.064859375,1.0,0.033980456619262696,0.0755904566192627,0.05198014411926269,"[""Mixed Baseline Exp 1"",""64291720"",""0""]",1.9463898329246139,40
task05-H1-29-g73-k5-second-recorded,H1,conditional,29,2ab1b391d4a2f416d83303dcb3d6f62da00f43cad1a8db76b1ccdab82faf37e9,73,Mixed,5,10,second,recorded,1,64,0.19039485988568977,0.18939619965023463,0.021741442070499325,0.14710525220443332,0.6930049133300781,0.23549997711181642,1.0,0.077,0.7027999999999999,0.38673437499999996,1.0,0.15159049896240234,0.2470804989624023,0.19791454578638074,"[""Mixed Baseline Exp 1"",""85460730"",""0""]",3.3014758211627657,40
task05-H1-29-g78-k5-second-recorded,H1,conditional,29,2ab1b391d4a2f416d83303dcb3d6f62da00f43cad1a8db76b1ccdab82faf37e9,78,Mixed,5,10,second,recorded,1,64,0.010035664878510209,0.008024305555555559,0.002872172619047618,0.014266832515366451,4.999999888241291e-05,0.03320884764939547,1.0,0.0,0.16870000000000004,0.039046874999999995,1.0,0.024580551986694336,0.052170551986694326,0.03646773948669434,"[""Mixed Baseline Exp 1"",""95675568"",""0""]",1.3885950155818223,27
task05-H1-29-g80-k5-second-recorded,H1,conditional,29,2ab1b391d4a2f416d83303dcb3d6f62da00f43cad1a8db76b1ccdab82faf37e9,80,Proportional,5,10,second,recorded,1,64,0.16929934413796663,0.17090985548496246,0.0031476964148382343,0.06510022187199857,0.2450050163269043,0.018699999153614043,1.0,0.0,0.38989999999999997,0.077,1.0,0.008860502586364746,0.029750502586364743,0.016166127586364744,"[""Proportional Baseline Exp 1"",""11095201"",""0""]",2.181887602704841,14
task05-H1-29-g82-k5-second-recorded,H1,conditional,29,2ab1b391d4a2f416d83303dcb3d6f62da00f43cad1a8db76b1ccdab82faf37e9,82,Proportional,5,10,second,recorded,1,64,0.0006748267463595938,0.00038819444360625385,0.00038691173960114745,0.0015280486412915504,4.999999888241291e-05,0.0045243997871875765,1.0,0.0,0.006999999999999999,0.00809375,1.0,0.0037,0.007250000000000001,0.005340625,"[""Proportional Baseline Exp 1"",""14606420"",""0""]",1.0856574598061473,6
task05-H1-29-g89-k5-second-recorded,H1,conditional,29,2ab1b391d4a2f416d83303dcb3d6f62da00f43cad1a8db76b1ccdab82faf37e9,89,Proportional,5,10,second,recorded,1,64,0.09716540529442505,0.09427172264220213,0.02881786908597821,0.04830119341875589,0.8470050048828125,0.24539647912979126,1.0,0.08540000000000002,1.0,0.741515625,0.0,0.14919968402981756,0.2383095486140251,0.19704500922504808,"[""Proportional Baseline Exp 1"",""36303454"",""0""]",2.6971866498149213,31
task05-H1-29-g97-k5-second-recorded,H1,conditional,29,2ab1b391d4a2f416d83303dcb3d6f62da00f43cad1a8db76b1ccdab82faf37e9,97,Proportional,5,10,second,recorded,1,64,0.146378815377073,0.14484337378305095,0.014181207934979886,0.17288173069026735,0.3850050354003906,0.1781989876627922,1.0,0.03850000000000002,1.0,0.5874062499999999,1.0,0.10833055084228513,0.2146605508422851,0.15834117584228513,"[""Proportional Baseline Exp 1"",""45673270"",""0""]",2.687428792664461,32
task05-H1-43-g104-k5-second-recorded,H1,conditional,43,8db1ae16acc2a45e47b63d73d19b64849a67d78319bffa949269b6d8298094f1,104,Proportional,5,10,second,recorded,1,64,0.13367247942330593,0.12907936507936513,0.007554954022452938,0.09440202281096627,1.0,0.14079737854003907,1.0,0.021000000000000053,1.0,0.662609375,1.0,0.1022004524230957,0.19148045242309567,0.14497701492309567,"[""Proportional Baseline Exp 1"",""63752993"",""0""]",3.4066268053759585,20
task05-H1-43-g107-k5-second-recorded,H1,conditional,43,8db1ae16acc2a45e47b63d73d19b64849a67d78319bffa949269b6d8298094f1,107,Proportional,5,10,second,recorded,1,64,0.10741073993782715,0.1074996582250746,0.008349658763024308,0.06596327886023219,0.5740049362182618,0.10740003997087479,1.0,0.019600000000000027,1.0,0.5163749999999999,1.0,0.06696054779052733,0.1365005477905273,0.09869742279052732,"[""Proportional Baseline Exp 1"",""69384851"",""0""]",2.4845961264827903,38
task05-H1-43-g111-k5-second-recorded,H1,conditional,43,8db1ae16acc2a45e47b63d73d19b64849a67d78319bffa949269b6d8298094f1,111,Proportional,5,10,second,recorded,1,64,0.09867957512344316,0.09872535532192578,0.009376861492461624,0.0713155678037968,0.07000502109527589,0.04849999743700027,1.0,0.0,1.0,0.30556249999999996,1.0,0.036180498962402344,0.09419049896240234,0.06497862396240232,"[""Proportional Baseline Exp 1"",""76356479"",""0""]",1.6224971569889097,23
task05-H1-43-g117-k5-second-recorded,H1,conditional,43,8db1ae16acc2a45e47b63d73d19b64849a67d78319bffa949269b6d8298094f1,117,Proportional,5,10,second,recorded,1,64,0.2284765394107909,0.2253333333333333,0.011424778989761592,0.10843248198524355,1.0,0.16349546813964844,1.0,0.0,1.0,0.533859375,1.0,0.10909015106201173,0.22816999999999998,0.17142829809188842,"[""Proportional Baseline Exp 1"",""85019022"",""0""]",4.296422359677443,10
task05-H1-43-g13-k5-second-recorded,H1,conditional,43,8db1ae16acc2a45e47b63d73d19b64849a67d78319bffa949269b6d8298094f1,13,Equal,5,10,second,recorded,1,64,0.0025757401922898494,4.9999998882412894e-05,0.002575290685661492,0.00894539112077974,4.999999888241291e-05,0.008017599403858185,0.0,0.0,0.0,0.0,0.0,0.00460040225982666,0.0054004022598266605,0.00520040225982666,"[""Equal Baseline Exp 1"",""35368456"",""0""]",0.6292835206974399,20
task05-H1-43-g20-k5-second-recorded,H1,conditional,43,8db1ae16acc2a45e47b63d73d19b64849a67d78319bffa949269b6d8298094f1,20,Equal,5,10,second,recorded,1,64,0.00018854106954796208,4.843749891733748e-05,0.00018327334336936492,0.0007418671803348441,4.999999888241291e-05,0.005930800035595894,0.0,0.0,0.0,0.00032812499999999997,1.0,0.005300404453277588,0.0077204044532775875,0.006055091953277588,"[""Equal Baseline Exp 1"",""40800498"",""0""]",0.7682726003071658,8
task05-H1-43-g25-k5-second-recorded,H1,conditional,43,8db1ae16acc2a45e47b63d73d19b64849a67d78319bffa949269b6d8298094f1,25,Equal,5,10,second,recorded,1,64,0.0016557757723487995,5.381944339670659e-05,0.001591229512855884,0.006580995466736042,4.999999888241291e-05,0.015108798652887345,0.0,0.0,0.0,0.0006562499999999999,1.0,0.010500404739379883,0.017960404739379886,0.013328529739379882,"[""Equal Baseline Exp 1"",""46096247"",""0""]",0.9828807669201567,28
task05-H1-43-g35-k5-second-recorded,H1,conditional,43,8db1ae16acc2a45e47b63d73d19b64849a67d78319bffa949269b6d8298094f1,35,Equal,5,10,second,recorded,1,64,0.0003072613932434266,0.0001359374990570364,0.00025445421391299776,0.0010627695004281118,4.999999888241291e-05,0.005930799975991249,0.0,0.0,0.0,0.0017499999999999998,1.0,0.005300402545928956,0.009300402545928954,0.006791027545928955,"[""Equal Baseline Exp 1"",""92291462"",""0""]",0.825990167778731,8
task05-H1-43-g36-k5-second-recorded,H1,conditional,43,8db1ae16acc2a45e47b63d73d19b64849a67d78319bffa949269b6d8298094f1,36,Equal,5,10,second,recorded,1,64,0.011947689149401655,0.008514756944269834,0.0036642090257567664,0.018450370261221222,4.999999888241291e-05,0.05590439735352993,1.0,0.0,0.1330000000000002,0.06332812499999999,1.0,0.04196040473937988,0.08506040473937987,0.059723842239379876,"[""Equal Baseline Exp 1"",""92992435"",""0""]",1.7436153754986519,32
task05-H1-43-g44-k5-second-recorded,H1,conditional,43,8db1ae16acc2a45e47b63d73d19b64849a67d78319bffa949269b6d8298094f1,44,Mixed,5,10,second,recorded,1,64,0.09967348012776697,0.09162602557076349,0.0333145295813916,0.1873622874263733,0.2660055923461914,0.17819943594932555,1.0,0.13860000000000003,0.8771000000000001,0.44951562500000003,0.0,0.18732961280822752,0.2612394468688965,0.22773722343444822,"[""Mixed Baseline Exp 1"",""18823620"",""0""]",3.089802563092424,40
task05-H1-43-g47-k5-second-recorded,H1,conditional,43,8db1ae16acc2a45e47b63d73d19b64849a67d78319bffa949269b6d8298094f1,47,Mixed,5,10,second,recorded,1,64,0.10663371164630846,0.10664524836010403,0.006822559111056821,0.06997724973805367,0.30100461959838865,0.1173999879360199,1.0,0.0,0.38989999999999997,0.1775,1.0,0.07716045089721679,0.14029045089721678,0.11014107589721678,"[""Mixed Baseline Exp 1"",""26185795"",""0""]",2.5104384990422988,40
task05-H1-43-g52-k5-second-recorded,H1,conditional,43,8db1ae16acc2a45e47b63d73d19b64849a67d78319bffa949269b6d8298094f1,52,Mixed,5,10,second,recorded,1,64,0.19653724238038758,0.19616067862510678,0.01444467565256452,0.11541867367199492,0.5460056686401367,0.18119998455047606,1.0,0.006999999999999999,0.5467,0.263796875,1.0,0.10619055847167966,0.21749055847167964,0.16135368347167967,"[""Mixed Baseline Exp 1"",""37465807"",""0""]",2.947873103824546,40
task05-H1-43-g57-k5-second-recorded,H1,conditional,43,8db1ae16acc2a45e47b63d73d19b64849a67d78319bffa949269b6d8298094f1,57,Mixed,5,10,second,recorded,1,64,0.0009854596426546233,0.00019027777693958773,0.00093561109827447,0.004007162710464198,4.999999888241291e-05,0.0125175496712327,1.0,0.0,0.006999999999999999,0.0020781249999999997,1.0,0.010700454330444335,0.01790045433044433,0.014277016830444335,"[""Mixed Baseline Exp 1"",""47841996"",""0""]",1.0656879593514883,18
task05-H1-43-g60-k5-second-recorded,H1,conditional,43,8db1ae16acc2a45e47b63d73d19b64849a67d78319bffa949269b6d8298094f1,60,Mixed,5,10,second,recorded,1,64,0.638301327369323,0.6400729166666665,0.027101502905383962,0.37008220908594514,1.0,0.22289892768859862,0.0,0.013999999999999999,0.5229,0.242578125,1.0,0.13301049438476562,0.2256304943847656,0.1786083068847656,"[""Mixed Baseline Exp 1"",""50116627"",""0""]",2.825228103889774,40
task05-H1-43-g64-k5-second-recorded,H1,conditional,43,8db1ae16acc2a45e47b63d73d19b64849a67d78319bffa949269b6d8298094f1,64,Mixed,5,10,second,recorded,1,64,0.13196620885119886,0.13262180897924633,0.005506593005950491,0.06583716448081864,0.23100461959838867,0.05709999346733093,0.0,0.0,0.2289,0.07754687499999999,1.0,0.0334204566192627,0.0671104566192627,0.050570769119262685,"[""Mixed Baseline Exp 1"",""64291720"",""0""]",1.9397615832581234,40
task05-H1-43-g73-k5-second-recorded,H1,conditional,43,8db1ae16acc2a45e47b63d73d19b64849a67d78319bffa949269b6d8298094f1,73,Mixed,5,10,second,recorded,1,64,0.21038626013015413,0.20950349604894236,0.020308121790772425,0.1518982158993918,0.6930049133300781,0.23549997711181642,0.0,0.07420000000000002,0.693,0.37610937499999997,1.0,0.15821049896240233,0.24352049896240233,0.20078014727234839,"[""Mixed Baseline Exp 1"",""85460730"",""0""]",3.3005028865169925,40
task05-H1-43-g78-k5-second-recorded,H1,conditional,43,8db1ae16acc2a45e47b63d73d19b64849a67d78319bffa949269b6d8298094f1,78,Mixed,5,10,second,recorded,1,64,0.007812134323316913,0.006108854166561893,0.002086855158730158,0.011840945268772255,4.999999888241291e-05,0.03320884764939547,1.0,0.0,0.10850000000000008,0.029640625,1.0,0.026460551986694333,0.05257055198669433,0.03593961448669433,"[""Mixed Baseline Exp 1"",""95675568"",""0""]",1.3894766464704364,27
task05-H1-43-g80-k5-second-recorded,H1,conditional,43,8db1ae16acc2a45e47b63d73d19b64849a67d78319bffa949269b6d8298094f1,80,Proportional,5,10,second,recorded,1,64,0.1577856379034418,0.15923987335628934,0.0030965688677415965,0.06072541015711096,0.2450050163269043,0.018699999153614043,1.0,0.0,0.27790000000000004,0.07393749999999999,1.0,0.007660502586364747,0.02919050258636474,0.016194252586364744,"[""Proportional Baseline Exp 1"",""11095201"",""0""]",2.1473514645903014,14
task05-H1-43-g82-k5-second-recorded,H1,conditional,43,8db1ae16acc2a45e47b63d73d19b64849a67d78319bffa949269b6d8298094f1,82,Proportional,5,10,second,recorded,1,64,0.0005800648044623474,0.0002508680546824413,0.00042020818147335223,0.0016692152986154216,4.999999888241291e-05,0.0045243997871875765,1.0,0.0,0.004900000000000019,0.006781249999999999,1.0,0.0037,0.008270000000000001,0.005596874999999999,"[""Proportional Baseline Exp 1"",""14606420"",""0""]",1.0800976368993738,6
task05-H1-43-g89-k5-second-recorded,H1,conditional,43,8db1ae16acc2a45e47b63d73d19b64849a67d78319bffa949269b6d8298094f1,89,Proportional,5,10,second,recorded,1,64,0.09173304266730284,0.08664095348782008,0.034882074669665794,0.053572134357714477,0.8470050048828125,0.24539647912979126,1.0,0.09240000000000007,1.0,0.7682499999999999,0.0,0.13467954861402512,0.24514968402981754,0.19019659993667154,"[""Proportional Baseline Exp 1"",""36303454"",""0""]",2.6998807966568545,31
task05-H1-43-g97-k5-second-recorded,H1,conditional,43,8db1ae16acc2a45e47b63d73d19b64849a67d78319bffa949269b6d8298094f1,97,Proportional,5,10,second,recorded,1,64,0.1980933959217434,0.1986161433174496,0.01711256241803724,0.17458367910025613,0.3850050354003906,0.1781989876627922,1.0,0.0,1.0,0.60109375,1.0,0.10213055084228514,0.19466055084228512,0.14898961334228517,"[""Proportional Baseline Exp 1"",""45673270"",""0""]",2.685387824292061,32
task05-P0-17-g104-k5-second-recorded,P0,conditional,17,2a32c5df362e28a7968ed071e518312fb34e7ee610149942050165cd367b68a9,104,Proportional,5,10,second,recorded,1,64,0.057471112987770245,0.04740128968253968,0.009047244254748031,0.05563301894248478,1.0,0.14079737854003907,1.0,0.3024,1.0,0.80153125,1.0,0.0923204524230957,0.17532045242309566,0.13203951492309568,"[""Proportional Baseline Exp 1"",""63752993"",""0""]",3.491933766726215,20
task05-P0-17-g107-k5-second-recorded,P0,conditional,17,2a32c5df362e28a7968ed071e518312fb34e7ee610149942050165cd367b68a9,107,Proportional,5,10,second,recorded,1,64,0.10994814511653456,0.11023214285714286,0.005746617100009373,0.06074982774404305,0.5740049362182618,0.10740003997087479,1.0,0.03710000000000001,1.0,0.5413125,1.0,0.07688054779052733,0.13762054779052732,0.10230836029052733,"[""Proportional Baseline Exp 1"",""69384851"",""0""]",2.491194628592781,38
task05-P0-17-g111-k5-second-recorded,P0,conditional,17,2a32c5df362e28a7968ed071e518312fb34e7ee610149942050165cd367b68a9,111,Proportional,5,10,second,recorded,1,64,0.1981543545900868,0.198116197948891,0.012983017618108586,0.132857643043853,0.07000502109527589,0.04849999743700027,1.0,0.0,1.0,0.4537343749999999,1.0,0.043820498962402345,0.11495049896240232,0.07442081146240231,"[""Proportional Baseline Exp 1"",""76356479"",""0""]",1.6612205844136947,23
task05-P0-17-g117-k5-second-recorded,P0,conditional,17,2a32c5df362e28a7968ed071e518312fb34e7ee610149942050165cd367b68a9,117,Proportional,5,10,second,recorded,1,64,0.1958900808988342,0.19131547619047623,0.012947736463092618,0.08440312215108722,1.0,0.16349546813964844,1.0,0.0,1.0,0.573421875,1.0,0.11572035247802735,0.23966050354003904,0.17912516522407532,"[""Proportional Baseline Exp 1"",""85019022"",""0""]",4.278100258186694,10
task05-P0-17-g13-k5-second-recorded,P0,conditional,17,2a32c5df362e28a7968ed071e518312fb34e7ee610149942050165cd367b68a9,13,Equal,5,10,second,recorded,1,64,0.0017163114869385154,6.961805454274231e-05,0.0016169074909968511,0.005796293301785287,4.999999888241291e-05,0.008017599403858185,0.0,0.0,0.0,0.0013124999999999999,1.0,0.00460040225982666,0.00842040225982666,0.006059777259826659,"[""Equal Baseline Exp 1"",""35368456"",""0""]",0.5659890877461077,20
task05-P0-17-g20-k5-second-recorded,P0,conditional,17,2a32c5df362e28a7968ed071e518312fb34e7ee610149942050165cd367b68a9,20,Equal,5,10,second,recorded,1,64,0.0001824437596807284,4.9999998882412894e-05,0.0001767583160010714,0.0007032023526747557,4.999999888241291e-05,0.005930800035595894,0.0,0.0,0.0,0.0,1.0,0.005300404453277588,0.007440404453277588,0.006325404453277587,"[""Equal Baseline Exp 1"",""40800498"",""0""]",0.7556709282727992,8
task05-P0-17-g25-k5-second-recorded,P0,conditional,17,2a32c5df362e28a7968ed071e518312fb34e7ee610149942050165cd367b68a9,25,Equal,5,10,second,recorded,1,64,0.001376299682964592,0.00012204861016814716,0.0012181497427413155,0.006512016654874121,4.999999888241291e-05,0.015108798652887345,0.0,0.0,0.0,0.001640625,1.0,0.010760404739379881,0.01698040473937988,0.013789467239379882,"[""Equal Baseline Exp 1"",""46096247"",""0""]",0.9601339200474878,28
task05-P0-17-g35-k5-second-recorded,P0,conditional,17,2a32c5df362e28a7968ed071e518312fb34e7ee610149942050165cd367b68a9,35,Equal,5,10,second,recorded,1,64,0.00046448151516901627,4.843749891733743e-05,0.00047537668179424954,0.0017292140445684906,4.999999888241291e-05,0.005930799975991249,0.0,0.0,0.0,0.00043749999999999995,1.0,0.005700402545928955,0.009180402545928956,0.007287902545928955,"[""Equal Baseline Exp 1"",""92291462"",""0""]",0.8362406587321352,8
task05-P0-17-g36-k5-second-recorded,P0,conditional,17,2a32c5df362e28a7968ed071e518312fb34e7ee610149942050165cd367b68a9,36,Equal,5,10,second,recorded,1,64,0.012453686888115413,0.008693749999860306,0.004027803340620761,0.01982281758365312,4.999999888241291e-05,0.05590439735352993,1.0,0.0,0.13790000000000002,0.045828125,1.0,0.03976040473937988,0.09091040473937986,0.05987696723937987,"[""Equal Baseline Exp 1"",""92992435"",""0""]",1.7578821742557285,32
task05-P0-17-g44-k5-second-recorded,P0,conditional,17,2a32c5df362e28a7968ed071e518312fb34e7ee610149942050165cd367b68a9,44,Mixed,5,10,second,recorded,1,64,0.06340988943439092,0.052767885393566555,0.03476911948886181,0.16595542338481023,0.2660055923461914,0.17819943594932555,1.0,0.032200000000000006,0.5459999999999999,0.260859375,0.0,0.19258999999999998,0.2708298340606689,0.2292262081503868,"[""Mixed Baseline Exp 1"",""18823620"",""0""]",3.076973865970296,40
task05-P0-17-g47-k5-second-recorded,P0,conditional,17,2a32c5df362e28a7968ed071e518312fb34e7ee610149942050165cd367b68a9,47,Mixed,5,10,second,recorded,1,64,0.0694659806229905,0.06862326012717355,0.007607674024526091,0.05398574750688341,0.30100461959838865,0.1173999879360199,1.0,0.006999999999999999,0.5502000000000001,0.239640625,1.0,0.08501045089721677,0.17015045089721675,0.12224732589721678,"[""Mixed Baseline Exp 1"",""26185795"",""0""]",2.5280970046675777,40
task05-P0-17-g52-k5-second-recorded,P0,conditional,17,2a32c5df362e28a7968ed071e518312fb34e7ee610149942050165cd367b68a9,52,Mixed,5,10,second,recorded,1,64,0.23484033006113247,0.234233949581782,0.022170488365680457,0.1628082834058338,0.5460056686401367,0.18119998455047606,0.0,0.016100000000000003,0.5243000000000002,0.21907812499999996,1.0,0.11146055847167967,0.19110055847167967,0.14782555847167966,"[""Mixed Baseline Exp 1"",""37465807"",""0""]",2.99737238864403,40
task05-P0-17-g57-k5-second-recorded,P0,conditional,17,2a32c5df362e28a7968ed071e518312fb34e7ee610149942050165cd367b68a9,57,Mixed,5,10,second,recorded,1,64,0.001486294642810154,0.00030677083253006793,0.0014492400280185155,0.0054841977627631015,4.999999888241291e-05,0.0125175496712327,1.0,0.0,0.013999999999999999,0.00371875,1.0,0.011100454330444334,0.022580454330444335,0.015697329330444335,"[""Mixed Baseline Exp 1"",""47841996"",""0""]",1.0444257787694473,18
task05-P0-17-g60-k5-second-recorded,P0,conditional,17,2a32c5df362e28a7968ed071e518312fb34e7ee610149942050165cd367b68a9,60,Mixed,5,10,second,recorded,1,64,0.5898464098893896,0.5911597222222221,0.026957952605921136,0.3491211059257152,1.0,0.22289892768859862,0.0,0.016100000000000003,0.6174000000000001,0.27484374999999994,0.0,0.13119049438476563,0.22243049438476561,0.1786754943847656,"[""Mixed Baseline Exp 1"",""50116627"",""0""]",2.8291127974382144,40
task05-P0-17-g64-k5-second-recorded,P0,conditional,17,2a32c5df362e28a7968ed071e518312fb34e7ee610149942050165cd367b68a9,64,Mixed,5,10,second,recorded,1,64,0.13417734200908088,0.1351187698443731,0.004144477465985313,0.0601964703735378,0.23100461959838867,0.05709999346733093,0.0,0.0,0.18480000000000002,0.060703125000000004,1.0,0.033480456619262695,0.07694045661926269,0.05502076911926269,"[""Mixed Baseline Exp 1"",""64291720"",""0""]",1.9414223323400819,40
task05-P0-17-g73-k5-second-recorded,P0,conditional,17,2a32c5df362e28a7968ed071e518312fb34e7ee610149942050165cd367b68a9,73,Mixed,5,10,second,recorded,1,64,0.27513127378092256,0.27572243499755855,0.0217766290197297,0.18127248083769326,0.6930049133300781,0.23549997711181642,1.0,0.03710000000000001,0.7357,0.3084375,1.0,0.15313049896240233,0.24982049896240235,0.19943173328638072,"[""Mixed Baseline Exp 1"",""85460730"",""0""]",3.3331675946548387,40
task05-P0-17-g78-k5-second-recorded,P0,conditional,17,2a32c5df362e28a7968ed071e518312fb34e7ee610149942050165cd367b68a9,78,Mixed,5,10,second,recorded,1,64,0.01341875127803148,0.011286284722187304,0.0033416873079111084,0.017619975430301076,4.999999888241291e-05,0.03320884764939547,1.0,0.0,0.15050000000000008,0.05217187499999999,1.0,0.023460551986694334,0.05296055198669432,0.03826773948669433,"[""Mixed Baseline Exp 1"",""95675568"",""0""]",1.325000652270206,27
task05-P0-17-g80-k5-second-recorded,P0,conditional,17,2a32c5df362e28a7968ed071e518312fb34e7ee610149942050165cd367b68a9,80,Proportional,5,10,second,recorded,1,64,0.1313959503386254,0.1325414864089754,0.002809664105836835,0.050348567950891134,0.2450050163269043,0.018699999153614043,1.0,0.0,0.5159,0.123703125,1.0,0.009200502586364746,0.034440502586364746,0.01814269008636474,"[""Proportional Baseline Exp 1"",""11095201"",""0""]",2.0564970424807165,14
task05-P0-17-g82-k5-second-recorded,P0,conditional,17,2a32c5df362e28a7968ed071e518312fb34e7ee610149942050165cd367b68a9,82,Proportional,5,10,second,recorded,1,64,0.00317556802062801,0.0028486111106920085,0.000599065761058221,0.003272982717929536,4.999999888241291e-05,0.0045243997871875765,1.0,0.0,0.10150000000000009,0.02646875,1.0,0.0037,0.007999999999999997,0.005803124999999999,"[""Proportional Baseline Exp 1"",""14606420"",""0""]",1.1070659162343122,6
task05-P0-17-g89-k5-second-recorded,P0,conditional,17,2a32c5df362e28a7968ed071e518312fb34e7ee610149942050165cd367b68a9,89,Proportional,5,10,second,recorded,1,64,0.10626456369228252,0.10127143211970249,0.025111450749677112,0.06903343960027256,0.8470050048828125,0.24539647912979126,1.0,0.05670000000000003,1.0,0.659546875,0.0,0.1298896840298176,0.24380954861402512,0.19848405056633056,"[""Proportional Baseline Exp 1"",""36303454"",""0""]",2.6975305200926374,31
task05-P0-17-g97-k5-second-recorded,P0,conditional,17,2a32c5df362e28a7968ed071e518312fb34e7ee610149942050165cd367b68a9,97,Proportional,5,10,second,recorded,1,64,0.1708979510433063,0.1706090654797024,0.011383540038001693,0.14962741138916166,0.3850050354003906,0.1781989876627922,1.0,0.022400000000000017,1.0,0.622671875,1.0,0.10866055084228515,0.20619055084228513,0.15979117584228514,"[""Proportional Baseline Exp 1"",""45673270"",""0""]",2.7040679417011253,32
task05-P0-29-g104-k5-second-recorded,P0,conditional,29,2fdd756d345c2013996866284f7792835fdb659a3c5df2690b00800af5d89642,104,Proportional,5,10,second,recorded,1,64,0.10371138190274026,0.09774603174603175,0.009358652984906759,0.08376208016721029,1.0,0.14079737854003907,1.0,0.0,1.0,0.6982656249999999,1.0,0.08164045242309569,0.1732104524230957,0.1280770149230957,"[""Proportional Baseline Exp 1"",""63752993"",""0""]",3.469106301135711,20
task05-P0-29-g107-k5-second-recorded,P0,conditional,29,2fdd756d345c2013996866284f7792835fdb659a3c5df2690b00800af5d89642,107,Proportional,5,10,second,recorded,1,64,0.1155282243456025,0.11597458138541566,0.006746283752069116,0.06765981804023657,0.5740049362182618,0.10740003997087479,1.0,0.10640000000000001,1.0,0.6566562499999999,1.0,0.07256054779052734,0.1383505477905273,0.10256773529052732,"[""Proportional Baseline Exp 1"",""69384851"",""0""]",2.4970814524071803,38
task05-P0-29-g111-k5-second-recorded,P0,conditional,29,2fdd756d345c2013996866284f7792835fdb659a3c5df2690b00800af5d89642,111,Proportional,5,10,second,recorded,1,64,0.195037373875429,0.19503534477428786,0.010551409893553873,0.12212513207080107,0.07000502109527589,0.04849999743700027,1.0,0.0,1.0,0.45540625,1.0,0.03665049896240235,0.11049049896240232,0.06948331146240233,"[""Proportional Baseline Exp 1"",""76356479"",""0""]",1.6864471572391857,23
task05-P0-29-g117-k5-second-recorded,P0,conditional,29,2fdd756d345c2013996866284f7792835fdb659a3c5df2690b00800af5d89642,117,Proportional,5,10,second,recorded,1,64,0.171897449374638,0.16381994047619056,0.012649107227628194,0.0702979896469722,1.0,0.16349546813964844,1.0,0.0,1.0,0.600296875,1.0,0.10934015106201173,0.22154,0.17475949301719662,"[""Proportional Baseline Exp 1"",""85019022"",""0""]",4.26610491760873,10
task05-P0-29-g13-k5-second-recorded,P0,conditional,29,2fdd756d345c2013996866284f7792835fdb659a3c5df2690b00800af5d89642,13,Equal,5,10,second,recorded,1,64,0.001760520378267136,4.8437498917337454e-05,0.0017308955862349465,0.00636744511884107,4.999999888241291e-05,0.008017599403858185,0.0,0.0,0.0,0.00021874999999999998,1.0,0.00460040225982666,0.008020402259826661,0.00581290225982666,"[""Equal Baseline Exp 1"",""35368456"",""0""]",0.5732430094334938,20
task05-P0-29-g20-k5-second-recorded,P0,conditional,29,2fdd756d345c2013996866284f7792835fdb659a3c5df2690b00800af5d89642,20,Equal,5,10,second,recorded,1,64,0.00012580009805344408,4.8437498917337454e-05,0.00011744993067095219,0.0006175726199147498,4.999999888241291e-05,0.005930800035595894,0.0,0.0,0.0,0.00021874999999999998,1.0,0.005300404453277588,0.006900404453277588,0.006056654453277587,"[""Equal Baseline Exp 1"",""40800498"",""0""]",0.7610467731228453,8
task05-P0-29-g25-k5-second-recorded,P0,conditional,29,2fdd756d345c2013996866284f7792835fdb659a3c5df2690b00800af5d89642,25,Equal,5,10,second,recorded,1,64,0.0017651342018376926,0.00011666666568877783,0.0015633172194783893,0.006496603502736091,4.999999888241291e-05,0.015108798652887345,0.0,0.0,0.0,0.001859375,1.0,0.010360404739379884,0.017040404739379882,0.01317071723937988,"[""Equal Baseline Exp 1"",""46096247"",""0""]",0.9619171097433151,28
task05-P0-29-g35-k5-second-recorded,P0,conditional,29,2fdd756d345c2013996866284f7792835fdb659a3c5df2690b00800af5d89642,35,Equal,5,10,second,recorded,1,64,0.0003325441837253518,4.9999998882412894e-05,0.0003252950066183175,0.0013781293073701411,4.999999888241291e-05,0.005930799975991249,0.0,0.0,0.0,0.0,1.0,0.0055004025459289545,0.009700402545928953,0.006944152545928955,"[""Equal Baseline Exp 1"",""92291462"",""0""]",0.8256880706153997,8
task05-P0-29-g36-k5-second-recorded,P0,conditional,29,2fdd756d345c2013996866284f7792835fdb659a3c5df2690b00800af5d89642,36,Equal,5,10,second,recorded,1,64,0.007545410788003356,0.003842013888539643,0.0032508989471883055,0.015345377210392488,4.999999888241291e-05,0.05590439735352993,1.0,0.0,0.077,0.024828125,1.0,0.03836040473937988,0.07044040473937987,0.05377696723937987,"[""Equal Baseline Exp 1"",""92992435"",""0""]",1.7484983726200691,32
task05-P0-29-g44-k5-second-recorded,P0,conditional,29,2fdd756d345c2013996866284f7792835fdb659a3c5df2690b00800af5d89642,44,Mixed,5,10,second,recorded,1,64,0.07020817214290304,0.05880155905087789,0.03351797161388491,0.16332733307603803,0.2660055923461914,0.17819943594932555,1.0,0.030100000000000005,0.6972000000000002,0.32318749999999996,0.0,0.18188999999999997,0.2713596128082275,0.2297075532197952,"[""Mixed Baseline Exp 1"",""18823620"",""0""]",3.105410864559544,40
task05-P0-29-g47-k5-second-recorded,P0,conditional,29,2fdd756d345c2013996866284f7792835fdb659a3c5df2690b00800af5d89642,47,Mixed,5,10,second,recorded,1,64,0.08134395680320619,0.080741748770078,0.006882603753251684,0.0556223401069641,0.30100461959838865,0.1173999879360199,1.0,0.006999999999999999,0.5348,0.21689062499999995,1.0,0.08906045089721679,0.15539045089721676,0.12210513839721679,"[""Mixed Baseline Exp 1"",""26185795"",""0""]",2.5305508476535135,40
task05-P0-29-g52-k5-second-recorded,P0,conditional,29,2fdd756d345c2013996866284f7792835fdb659a3c5df2690b00800af5d89642,52,Mixed,5,10,second,recorded,1,64,0.24435518904923983,0.24529350879457257,0.018029046450626286,0.14118873026749443,0.5460056686401367,0.18119998455047606,0.0,0.023100000000000002,0.4788,0.21032812499999998,1.0,0.11544055847167967,0.20731055847167965,0.15511462097167966,"[""Mixed Baseline Exp 1"",""37465807"",""0""]",2.9995821864282193,40
task05-P0-29-g57-k5-second-recorded,P0,conditional,29,2fdd756d345c2013996866284f7792835fdb659a3c5df2690b00800af5d89642,57,Mixed,5,10,second,recorded,1,64,0.0014786083585696802,0.00045989583259991966,0.0013161586916488064,0.00539853294826656,4.999999888241291e-05,0.0125175496712327,1.0,0.0,0.013999999999999999,0.008640624999999999,1.0,0.010360454330444335,0.022120454330444333,0.015586391830444335,"[""Mixed Baseline Exp 1"",""47841996"",""0""]",1.0383246000106543,18
task05-P0-29-g60-k5-second-recorded,P0,conditional,29,2fdd756d345c2013996866284f7792835fdb659a3c5df2690b00800af5d89642,60,Mixed,5,10,second,recorded,1,64,0.6260905447611689,0.6272638888888888,0.030420750868888145,0.3669747455841019,1.0,0.22289892768859862,0.0,0.0,0.5438999999999999,0.25373437499999996,0.0,0.12764049438476563,0.2181104943847656,0.1761004943847656,"[""Mixed Baseline Exp 1"",""50116627"",""0""]",2.8487123675296258,40
task05-P0-29-g64-k5-second-recorded,P0,conditional,29,2fdd756d345c2013996866284f7792835fdb659a3c5df2690b00800af5d89642,64,Mixed,5,10,second,recorded,1,64,0.1288074582915864,0.1297191755639182,0.005180028468677921,0.06043492325180107,0.23100461959838867,0.05709999346733093,0.0,0.0,0.2079,0.068140625,1.0,0.0356204566192627,0.07962045661926269,0.052627019119262694,"[""Mixed Baseline Exp 1"",""64291720"",""0""]",1.9693828127234976,40
task05-P0-29-g73-k5-second-recorded,P0,conditional,29,2fdd756d345c2013996866284f7792835fdb659a3c5df2690b00800af5d89642,73,Mixed,5,10,second,recorded,1,64,0.3322225112631271,0.33251880221896696,0.02885466761872885,0.2257245874578991,0.6930049133300781,0.23549997711181642,0.0,0.006999999999999999,0.5558000000000002,0.24292187499999995,0.0,0.14060049896240234,0.2332504989624023,0.18870984261035917,"[""Mixed Baseline Exp 1"",""85460730"",""0""]",3.3192318785150006,40
task05-P0-29-g78-k5-second-recorded,P0,conditional,29,2fdd756d345c2013996866284f7792835fdb659a3c5df2690b00800af5d89642,78,Mixed,5,10,second,recorded,1,64,0.012448913105111252,0.010919618055800023,0.0032243917323900246,0.017029186352735586,4.999999888241291e-05,0.03320884764939547,1.0,0.0,0.11899999999999998,0.043421875,1.0,0.02626055198669433,0.055340551986694325,0.03954273948669433,"[""Mixed Baseline Exp 1"",""95675568"",""0""]",1.3294309429193778,27
task05-P0-29-g80-k5-second-recorded,P0,conditional,29,2fdd756d345c2013996866284f7792835fdb659a3c5df2690b00800af5d89642,80,Proportional,5,10,second,recorded,1,64,0.10901643570083414,0.11035022641742034,0.0027271849460367642,0.04067431593283064,0.2450050163269043,0.018699999153614043,1.0,0.0,0.6125,0.17876562499999998,1.0,0.008530502586364747,0.03011050258636473,0.018867690086364738,"[""Proportional Baseline Exp 1"",""11095201"",""0""]",2.1326688395184656,14
task05-P0-29-g82-k5-second-recorded,P0,conditional,29,2fdd756d345c2013996866284f7792835fdb659a3c5df2690b00800af5d89642,82,Proportional,5,10,second,recorded,1,64,0.004083778519651641,0.0034836805550666136,0.0009058003247700748,0.00491789418907461,4.999999888241291e-05,0.0045243997871875765,1.0,0.0,0.1169,0.02646875,1.0,0.0045,0.010819999999999996,0.006849999999999999,"[""Proportional Baseline Exp 1"",""14606420"",""0""]",1.1037147375131404,6
task05-P0-29-g89-k5-second-recorded,P0,conditional,29,2fdd756d345c2013996866284f7792835fdb659a3c5df2690b00800af5d89642,89,Proportional,5,10,second,recorded,1,64,0.08323905889042235,0.07408899973309227,0.035576858635471484,0.04354467982268404,0.8470050048828125,0.24539647912979126,1.0,0.30519999999999997,1.0,0.783203125,0.0,0.13614954861402512,0.23828999999999997,0.18859024414308367,"[""Proportional Baseline Exp 1"",""36303454"",""0""]",2.7001468323745565,31
task05-P0-29-g97-k5-second-recorded,P0,conditional,29,2fdd756d345c2013996866284f7792835fdb659a3c5df2690b00800af5d89642,97,Proportional,5,10,second,recorded,1,64,0.21729039877012196,0.21648163324689104,0.010072628847219892,0.1771799121710989,0.3850050354003906,0.1781989876627922,1.0,0.21070000000000003,1.0,0.6917187499999999,1.0,0.1254905508422851,0.20440055084228512,0.16330836334228516,"[""Proportional Baseline Exp 1"",""45673270"",""0""]",2.6730367884826,32
task05-P0-43-g104-k5-second-recorded,P0,conditional,43,56f691d06b0452d030688fb9a09ff57445ec796c118db8e2dc5aa9166d73a662,104,Proportional,5,10,second,recorded,1,64,0.1006912778283161,0.09299950396825396,0.007452337644213724,0.07001010316856324,1.0,0.14079737854003907,1.0,0.056000000000000105,1.0,0.72075,1.0,0.09913045242309569,0.17571045242309566,0.14013013992309567,"[""Proportional Baseline Exp 1"",""63752993"",""0""]",3.4545613055238045,20
task05-P0-43-g107-k5-second-recorded,P0,conditional,43,56f691d06b0452d030688fb9a09ff57445ec796c118db8e2dc5aa9166d73a662,107,Proportional,5,10,second,recorded,1,64,0.11748990645276075,0.11790324054823975,0.007062154772859951,0.06669504265529767,0.5740049362182618,0.10740003997087479,1.0,0.0021000000000000046,1.0,0.5145,1.0,0.07157054779052734,0.13967054779052734,0.10490367279052731,"[""Proportional Baseline Exp 1"",""69384851"",""0""]",2.497137651770895,38
task05-P0-43-g111-k5-second-recorded,P0,conditional,43,56f691d06b0452d030688fb9a09ff57445ec796c118db8e2dc5aa9166d73a662,111,Proportional,5,10,second,recorded,1,64,0.1668591977267321,0.1671366668556417,0.008702467232889356,0.10462440650042086,0.07000502109527589,0.04849999743700027,1.0,0.0,1.0,0.420015625,1.0,0.037920498962402335,0.10319049896240234,0.06681924896240232,"[""Proportional Baseline Exp 1"",""76356479"",""0""]",1.6846009472136554,23
task05-P0-43-g117-k5-second-recorded,P0,conditional,43,56f691d06b0452d030688fb9a09ff57445ec796c118db8e2dc5aa9166d73a662,117,Proportional,5,10,second,recorded,1,64,0.14534952950409952,0.13975892857142858,0.009499215558975465,0.0736210927372887,1.0,0.16349546813964844,1.0,0.0,1.0,0.628421875,1.0,0.09370035247802735,0.22152,0.164731391620636,"[""Proportional Baseline Exp 1"",""85019022"",""0""]",4.268990528495484,10
task05-P0-43-g13-k5-second-recorded,P0,conditional,43,56f691d06b0452d030688fb9a09ff57445ec796c118db8e2dc5aa9166d73a662,13,Equal,5,10,second,recorded,1,64,0.0019046163390587351,4.9999998882412894e-05,0.0019039777689214272,0.006685834745190289,4.999999888241291e-05,0.008017599403858185,0.0,0.0,0.0,0.0,0.0,0.00460040225982666,0.0067404022598266606,0.00566290225982666,"[""Equal Baseline Exp 1"",""35368456"",""0""]",0.5733579438318837,20
task05-P0-43-g20-k5-second-recorded,P0,conditional,43,56f691d06b0452d030688fb9a09ff57445ec796c118db8e2dc5aa9166d73a662,20,Equal,5,10,second,recorded,1,64,0.000129413920644606,4.9999998882412894e-05,0.00011948885422436491,0.0005403109620887942,4.999999888241291e-05,0.005930800035595894,0.0,0.0,0.0,0.0,1.0,0.005300404453277588,0.007180404453277588,0.006119154453277587,"[""Equal Baseline Exp 1"",""40800498"",""0""]",0.7636762976294367,8
task05-P0-43-g25-k5-second-recorded,P0,conditional,43,56f691d06b0452d030688fb9a09ff57445ec796c118db8e2dc5aa9166d73a662,25,Equal,5,10,second,recorded,1,64,0.001298432120451479,6.0763887841150995e-05,0.0012494350519918266,0.006591795618286901,4.999999888241291e-05,0.015108798652887345,0.0,0.0,0.0,0.0010937499999999999,1.0,0.010300404739379883,0.017120404739379882,0.013606654739379881,"[""Equal Baseline Exp 1"",""46096247"",""0""]",0.9599923551632711,28
task05-P0-43-g35-k5-second-recorded,P0,conditional,43,56f691d06b0452d030688fb9a09ff57445ec796c118db8e2dc5aa9166d73a662,35,Equal,5,10,second,recorded,1,64,0.0002862202878569412,4.843749891733748e-05,0.00028740302816417714,0.0011029479086838872,4.999999888241291e-05,0.005930799975991249,0.0,0.0,0.0,0.00032812499999999997,1.0,0.005700402545928955,0.008500402545928954,0.006826965045928955,"[""Equal Baseline Exp 1"",""92291462"",""0""]",0.8307163811331806,8
task05-P0-43-g36-k5-second-recorded,P0,conditional,43,56f691d06b0452d030688fb9a09ff57445ec796c118db8e2dc5aa9166d73a662,36,Equal,5,10,second,recorded,1,64,0.006565855989858517,0.003121354166282491,0.00324348098881809,0.015463118052053812,4.999999888241291e-05,0.05590439735352993,1.0,0.0,0.08680000000000004,0.023296874999999998,1.0,0.039220404739379884,0.07190040473937986,0.05524259223937988,"[""Equal Baseline Exp 1"",""92992435"",""0""]",1.7438220064962802,32
task05-P0-43-g44-k5-second-recorded,P0,conditional,43,56f691d06b0452d030688fb9a09ff57445ec796c118db8e2dc5aa9166d73a662,44,Mixed,5,10,second,recorded,1,64,0.06730798287557879,0.056247226821051696,0.03359701883764493,0.15847079360409386,0.2660055923461914,0.17819943594932555,1.0,0.03710000000000001,0.5887,0.27431249999999996,0.0,0.18797999999999998,0.26995961280822756,0.22831065229177472,"[""Mixed Baseline Exp 1"",""18823620"",""0""]",3.099764855254331,40
task05-P0-43-g47-k5-second-recorded,P0,conditional,43,56f691d06b0452d030688fb9a09ff57445ec796c118db8e2dc5aa9166d73a662,47,Mixed,5,10,second,recorded,1,64,0.10892072262881176,0.10849275930722553,0.00652867476907042,0.06772956712113487,0.30100461959838865,0.1173999879360199,1.0,0.009100000000000004,0.36610000000000015,0.163515625,1.0,0.08307045089721679,0.1481204508972168,0.11320513839721677,"[""Mixed Baseline Exp 1"",""26185795"",""0""]",2.525288212779615,40
task05-P0-43-g52-k5-second-recorded,P0,conditional,43,56f691d06b0452d030688fb9a09ff57445ec796c118db8e2dc5aa9166d73a662,52,Mixed,5,10,second,recorded,1,64,0.2438588491154312,0.24490408847067086,0.02293290709436887,0.16450076037777794,0.5460056686401367,0.18119998455047606,0.0,0.0,0.5327000000000001,0.20584375,1.0,0.0974005584716797,0.19044055847167968,0.1456474334716797,"[""Mixed Baseline Exp 1"",""37465807"",""0""]",3.0029003367231026,40
task05-P0-43-g57-k5-second-recorded,P0,conditional,43,56f691d06b0452d030688fb9a09ff57445ec796c118db8e2dc5aa9166d73a662,57,Mixed,5,10,second,recorded,1,64,0.0013327420541399816,0.0003958333326348415,0.0011116790193229135,0.004415728476834353,4.999999888241291e-05,0.0125175496712327,1.0,0.0,0.013999999999999999,0.00284375,1.0,0.010900454330444335,0.021220454330444338,0.015075454330444334,"[""Mixed Baseline Exp 1"",""47841996"",""0""]",1.0371020023770556,18
task05-P0-43-g60-k5-second-recorded,P0,conditional,43,56f691d06b0452d030688fb9a09ff57445ec796c118db8e2dc5aa9166d73a662,60,Mixed,5,10,second,recorded,1,64,0.6309110138021123,0.6326354166666668,0.03147820391456288,0.3797246503893346,1.0,0.22289892768859862,0.0,0.0,0.5348,0.244453125,0.0,0.13322049438476563,0.21854049438476564,0.17589111162126064,"[""Mixed Baseline Exp 1"",""50116627"",""0""]",2.852252931069044,40
task05-P0-43-g64-k5-second-recorded,P0,conditional,43,56f691d06b0452d030688fb9a09ff57445ec796c118db8e2dc5aa9166d73a662,64,Mixed,5,10,second,recorded,1,64,0.14063979773179067,0.14216723659303454,0.004889765164398013,0.06405959032277267,0.23100461959838867,0.05709999346733093,0.0,0.0,0.16590000000000002,0.067484375,1.0,0.0355604566192627,0.0752404566192627,0.05325514411926269,"[""Mixed Baseline Exp 1"",""64291720"",""0""]",1.958080234514302,40
task05-P0-43-g73-k5-second-recorded,P0,conditional,43,56f691d06b0452d030688fb9a09ff57445ec796c118db8e2dc5aa9166d73a662,73,Mixed,5,10,second,recorded,1,64,0.3567608269420955,0.35819889714982767,0.022368472996779878,0.2090498827247393,0.6930049133300781,0.23549997711181642,0.0,0.013999999999999999,0.4879,0.23743749999999997,1.0,0.14569049896240233,0.24039014781951903,0.19637860044836997,"[""Mixed Baseline Exp 1"",""85460730"",""0""]",3.3168197346878996,40
task05-P0-43-g78-k5-second-recorded,P0,conditional,43,56f691d06b0452d030688fb9a09ff57445ec796c118db8e2dc5aa9166d73a662,78,Mixed,5,10,second,recorded,1,64,0.016969995377059927,0.015207118055660315,0.0032259022748009052,0.019023241240411555,4.999999888241291e-05,0.03320884764939547,1.0,0.0,0.22190000000000001,0.06715625,1.0,0.025700551986694336,0.052510551986694326,0.038975551986694335,"[""Mixed Baseline Exp 1"",""95675568"",""0""]",1.334348624944204,27
task05-P0-43-g80-k5-second-recorded,P0,conditional,43,56f691d06b0452d030688fb9a09ff57445ec796c118db8e2dc5aa9166d73a662,80,Proportional,5,10,second,recorded,1,64,0.10110307143881074,0.10272125816345216,0.002143898809523808,0.03604015985586577,0.2450050163269043,0.018699999153614043,1.0,0.0,0.48860000000000003,0.15890625,1.0,0.010200502586364745,0.03344050258636475,0.021581752586364744,"[""Proportional Baseline Exp 1"",""11095201"",""0""]",2.0838622497429915,14
task05-P0-43-g82-k5-second-recorded,P0,conditional,43,56f691d06b0452d030688fb9a09ff57445ec796c118db8e2dc5aa9166d73a662,82,Proportional,5,10,second,recorded,1,64,0.0021139368272385835,0.0016527777770792874,0.0006314750798046582,0.0032208299382052953,4.999999888241291e-05,0.0045243997871875765,1.0,0.0,0.05880000000000004,0.021,1.0,0.0037600000000000003,0.01041,0.0062499999999999995,"[""Proportional Baseline Exp 1"",""14606420"",""0""]",1.0948775221557296,6
task05-P0-43-g89-k5-second-recorded,P0,conditional,43,56f691d06b0452d030688fb9a09ff57445ec796c118db8e2dc5aa9166d73a662,89,Proportional,5,10,second,recorded,1,64,0.09686297830104976,0.09051825041997996,0.03249605522580329,0.04930801389764937,0.8470050048828125,0.24539647912979126,1.0,0.1582,1.0,0.73590625,0.0,0.15455954861402513,0.24489968402981757,0.1934950092250481,"[""Proportional Baseline Exp 1"",""36303454"",""0""]",2.7028923628707457,31
task05-P0-43-g97-k5-second-recorded,P0,conditional,43,56f691d06b0452d030688fb9a09ff57445ec796c118db8e2dc5aa9166d73a662,97,Proportional,5,10,second,recorded,1,64,0.21850849632242267,0.21989198489416215,0.012761118649265615,0.16949811756005365,0.3850050354003906,0.1781989876627922,1.0,0.077,1.0,0.666671875,1.0,0.11469055084228512,0.2026405508422851,0.15893961334228512,"[""Proportional Baseline Exp 1"",""45673270"",""0""]",2.6736108006211143,32
task05-P1-17-g104-k5-second-recorded,P1,conditional,17,019662b85c044462d5d4b319ab65b2ab52128d7a7c3091fc3dd9df5daaf9a19e,104,Proportional,5,10,second,recorded,1,64,0.12225996757950583,0.11380257936507937,0.011207819173449568,0.08531776982262021,1.0,0.14079737854003907,1.0,0.0,1.0,0.6744531250000001,1.0,0.0801804524230957,0.17717045242309568,0.1263895149230957,"[""Proportional Baseline Exp 1"",""63752993"",""0""]",3.4791004162852857,20
task05-P1-17-g107-k5-second-recorded,P1,conditional,17,019662b85c044462d5d4b319ab65b2ab52128d7a7c3091fc3dd9df5daaf9a19e,107,Proportional,5,10,second,recorded,1,64,0.13152418625864043,0.1309231816019331,0.00637432741016623,0.07793842288766586,0.5740049362182618,0.10740003997087479,1.0,0.013999999999999999,1.0,0.608609375,1.0,0.06932054779052735,0.15586054779052733,0.10563648529052733,"[""Proportional Baseline Exp 1"",""69384851"",""0""]",2.485391622655392,38
task05-P1-17-g111-k5-second-recorded,P1,conditional,17,019662b85c044462d5d4b319ab65b2ab52128d7a7c3091fc3dd9df5daaf9a19e,111,Proportional,5,10,second,recorded,1,64,0.24044983304091405,0.24115718637052036,0.007656435486857611,0.13911552221955997,0.07000502109527589,0.04849999743700027,1.0,0.0,1.0,0.511671875,1.0,0.04331049896240233,0.09885049896240233,0.06702393646240233,"[""Proportional Baseline Exp 1"",""76356479"",""0""]",1.6687804135556201,23
task05-P1-17-g117-k5-second-recorded,P1,conditional,17,019662b85c044462d5d4b319ab65b2ab52128d7a7c3091fc3dd9df5daaf9a19e,117,Proportional,5,10,second,recorded,1,64,0.32372738917615973,0.3240019841269841,0.014598545021480992,0.15512873177452693,1.0,0.16349546813964844,1.0,0.0,1.0,0.441828125,1.0,0.12544015106201173,0.2371,0.18312521243095398,"[""Proportional Baseline Exp 1"",""85019022"",""0""]",4.294440414346455,10
task05-P1-17-g13-k5-second-recorded,P1,conditional,17,019662b85c044462d5d4b319ab65b2ab52128d7a7c3091fc3dd9df5daaf9a19e,13,Equal,5,10,second,recorded,1,64,0.002122026029492314,6.423611006337298e-05,0.002042932709324218,0.00723088739742913,4.999999888241291e-05,0.008017599403858185,0.0,0.0,0.0,0.0013124999999999999,0.0,0.00460040225982666,0.00674040225982666,0.00572227725982666,"[""Equal Baseline Exp 1"",""35368456"",""0""]",0.598937504844119,20
task05-P1-17-g20-k5-second-recorded,P1,conditional,17,019662b85c044462d5d4b319ab65b2ab52128d7a7c3091fc3dd9df5daaf9a19e,20,Equal,5,10,second,recorded,1,64,0.00020242611309914194,5.9201387876075596e-05,0.00018982615581166666,0.000781188459357428,4.999999888241291e-05,0.005930800035595894,0.0,0.0,0.0,0.000875,1.0,0.005300404453277588,0.006840404453277589,0.006209779453277588,"[""Equal Baseline Exp 1"",""40800498"",""0""]",0.7485161697462269,8
task05-P1-17-g25-k5-second-recorded,P1,conditional,17,019662b85c044462d5d4b319ab65b2ab52128d7a7c3091fc3dd9df5daaf9a19e,25,Equal,5,10,second,recorded,1,64,0.0014748778322182087,0.00021076388798084954,0.0012170937821505564,0.005854970424359068,4.999999888241291e-05,0.015108798652887345,0.0,0.0,0.0,0.00415625,1.0,0.010900404739379881,0.01886040473937988,0.014369154739379882,"[""Equal Baseline Exp 1"",""46096247"",""0""]",0.9674289280628651,28
task05-P1-17-g35-k5-second-recorded,P1,conditional,17,019662b85c044462d5d4b319ab65b2ab52128d7a7c3091fc3dd9df5daaf9a19e,35,Equal,5,10,second,recorded,1,64,0.0004228692901255822,0.00019687499909196052,0.0003267484174257823,0.0012518888720666936,4.999999888241291e-05,0.005930799975991249,0.0,0.0,0.0,0.002078125,1.0,0.005300402545928956,0.010000402545928953,0.0070050900459289545,"[""Equal Baseline Exp 1"",""92291462"",""0""]",0.8399126697410646,8
task05-P1-17-g36-k5-second-recorded,P1,conditional,17,019662b85c044462d5d4b319ab65b2ab52128d7a7c3091fc3dd9df5daaf9a19e,36,Equal,5,10,second,recorded,1,64,0.019989895819162842,0.0158210069444095,0.005231642257862738,0.02561434799018574,4.999999888241291e-05,0.05590439735352993,1.0,0.0,0.25270000000000026,0.07273437499999999,1.0,0.041160404739379874,0.08726040473937988,0.061561342239379875,"[""Equal Baseline Exp 1"",""92992435"",""0""]",1.7589860098687362,32
task05-P1-17-g44-k5-second-recorded,P1,conditional,17,019662b85c044462d5d4b319ab65b2ab52128d7a7c3091fc3dd9df5daaf9a19e,44,Mixed,5,10,second,recorded,1,64,0.08073311069421477,0.07108248777995035,0.03480044042607619,0.17463087859532186,0.2660055923461914,0.17819943594932555,1.0,0.016100000000000003,0.7147,0.350953125,0.0,0.18878999999999993,0.26457944686889645,0.22836532250642777,"[""Mixed Baseline Exp 1"",""18823620"",""0""]",3.082510002259261,40
task05-P1-17-g47-k5-second-recorded,P1,conditional,17,019662b85c044462d5d4b319ab65b2ab52128d7a7c3091fc3dd9df5daaf9a19e,47,Mixed,5,10,second,recorded,1,64,0.08736430324219668,0.08706047140227421,0.007046781994213186,0.058058383250709555,0.30100461959838865,0.1173999879360199,1.0,0.0,0.6272000000000001,0.25187499999999996,1.0,0.0865304508972168,0.15868045089721677,0.11893638839721678,"[""Mixed Baseline Exp 1"",""26185795"",""0""]",2.5289256575943995,40
task05-P1-17-g52-k5-second-recorded,P1,conditional,17,019662b85c044462d5d4b319ab65b2ab52128d7a7c3091fc3dd9df5daaf9a19e,52,Mixed,5,10,second,recorded,1,64,0.2000718598131783,0.20091159988206525,0.013886544933867831,0.1174045405717123,0.5460056686401367,0.18119998455047606,1.0,0.030100000000000005,0.7819000000000003,0.29657812499999997,1.0,0.11233055847167966,0.21483055847167967,0.16103649597167968,"[""Mixed Baseline Exp 1"",""37465807"",""0""]",2.979996884671359,40
task05-P1-17-g57-k5-second-recorded,P1,conditional,17,019662b85c044462d5d4b319ab65b2ab52128d7a7c3091fc3dd9df5daaf9a19e,57,Mixed,5,10,second,recorded,1,64,0.0021651722593355443,0.0013409722216634282,0.0012517087812276761,0.005819267015279425,4.999999888241291e-05,0.0125175496712327,1.0,0.0,0.040600000000000074,0.013890624999999998,1.0,0.010820454330444335,0.023620454330444338,0.016261391830444335,"[""Mixed Baseline Exp 1"",""47841996"",""0""]",1.0475022398690954,18
task05-P1-17-g60-k5-second-recorded,P1,conditional,17,019662b85c044462d5d4b319ab65b2ab52128d7a7c3091fc3dd9df5daaf9a19e,60,Mixed,5,10,second,recorded,1,64,0.6731718255378077,0.6767361111111111,0.030451056476812524,0.3895439027812746,1.0,0.22289892768859862,0.0,0.0,0.504,0.20201562499999998,1.0,0.1203704943847656,0.2287704943847656,0.1746161193847656,"[""Mixed Baseline Exp 1"",""50116627"",""0""]",2.8557569051940277,40
task05-P1-17-g64-k5-second-recorded,P1,conditional,17,019662b85c044462d5d4b319ab65b2ab52128d7a7c3091fc3dd9df5daaf9a19e,64,Mixed,5,10,second,recorded,1,64,0.1300045309381605,0.13100346469879148,0.004618911174885812,0.06261937206155724,0.23100461959838867,0.05709999346733093,1.0,0.0,0.2968,0.08509375,1.0,0.03532045661926269,0.07886045661926268,0.05510045661926269,"[""Mixed Baseline Exp 1"",""64291720"",""0""]",1.9317110551285808,40
task05-P1-17-g73-k5-second-recorded,P1,conditional,17,019662b85c044462d5d4b319ab65b2ab52128d7a7c3091fc3dd9df5daaf9a19e,73,Mixed,5,10,second,recorded,1,64,0.2867902615343321,0.2880348995905074,0.019101390344566788,0.17318592363955482,0.6930049133300781,0.23549997711181642,0.0,0.013999999999999999,0.6537999999999999,0.28871875,1.0,0.14784049896240237,0.2461604989624023,0.20213328011035914,"[""Mixed Baseline Exp 1"",""85460730"",""0""]",3.3267782497856615,40
task05-P1-17-g78-k5-second-recorded,P1,conditional,17,019662b85c044462d5d4b319ab65b2ab52128d7a7c3091fc3dd9df5daaf9a19e,78,Mixed,5,10,second,recorded,1,64,0.017984572894422214,0.016077083333473033,0.004128856018104307,0.022068729282402066,4.999999888241291e-05,0.03320884764939547,1.0,0.0,0.17570000000000005,0.056656250000000005,1.0,0.024600551986694332,0.060550551986694325,0.041253676986694326,"[""Mixed Baseline Exp 1"",""95675568"",""0""]",1.3302882010927364,27
task05-P1-17-g80-k5-second-recorded,P1,conditional,17,019662b85c044462d5d4b319ab65b2ab52128d7a7c3091fc3dd9df5daaf9a19e,80,Proportional,5,10,second,recorded,1,64,0.11786128106546935,0.11920405381255679,0.0027929454296413397,0.04385360553016264,0.2450050163269043,0.018699999153614043,1.0,0.0,0.36330000000000007,0.12839062499999998,1.0,0.009200502586364746,0.03852050258636474,0.01982706508636474,"[""Proportional Baseline Exp 1"",""11095201"",""0""]",2.094327897831823,14
task05-P1-17-g82-k5-second-recorded,P1,conditional,17,019662b85c044462d5d4b319ab65b2ab52128d7a7c3091fc3dd9df5daaf9a19e,82,Proportional,5,10,second,recorded,1,64,0.0019339217283540315,0.0015100694436761056,0.0005344442925844636,0.0029430365271769306,4.999999888241291e-05,0.0045243997871875765,1.0,0.0,0.04830000000000014,0.022421875,1.0,0.0037600000000000003,0.009569999999999995,0.006154687499999999,"[""Proportional Baseline Exp 1"",""14606420"",""0""]",1.0770019175474,6
task05-P1-17-g89-k5-second-recorded,P1,conditional,17,019662b85c044462d5d4b319ab65b2ab52128d7a7c3091fc3dd9df5daaf9a19e,89,Proportional,5,10,second,recorded,1,64,0.09563904999675127,0.09086878846183652,0.028751531923834315,0.064953154802417,0.8470050048828125,0.24539647912979126,1.0,0.1806,1.0,0.75278125,0.0,0.14979968402981758,0.2404196840298176,0.19871696180701254,"[""Proportional Baseline Exp 1"",""36303454"",""0""]",2.6918120160046133,31
task05-P1-17-g97-k5-second-recorded,P1,conditional,17,019662b85c044462d5d4b319ab65b2ab52128d7a7c3091fc3dd9df5daaf9a19e,97,Proportional,5,10,second,recorded,1,64,0.2510766182375471,0.2525552272645254,0.017336272735497562,0.1871646778572173,0.3850050354003906,0.1781989876627922,1.0,0.1302,1.0,0.721125,1.0,0.10601055084228514,0.19943055084228511,0.15190992584228513,"[""Proportional Baseline Exp 1"",""45673270"",""0""]",2.700645662751901,32
task05-P1-29-g104-k5-second-recorded,P1,conditional,29,deda3db37265ccd7344a0aef229ce761bfbfae8f29b44fe12a07d6b993a09087,104,Proportional,5,10,second,recorded,1,64,0.10304091098111448,0.09294295634920632,0.00974163909601787,0.07589523994317131,1.0,0.14079737854003907,1.0,0.14630000000000015,1.0,0.724125,1.0,0.08560045242309568,0.1752104524230957,0.13071763992309568,"[""Proportional Baseline Exp 1"",""63752993"",""0""]",3.456804549928491,20
task05-P1-29-g107-k5-second-recorded,P1,conditional,29,deda3db37265ccd7344a0aef229ce761bfbfae8f29b44fe12a07d6b993a09087,107,Proportional,5,10,second,recorded,1,64,0.13202160860702575,0.1324032738095238,0.007503476212386576,0.06825266123092363,0.5740049362182618,0.10740003997087479,1.0,0.0,1.0,0.49978124999999995,1.0,0.07735054779052733,0.14006054779052732,0.10562711029052732,"[""Proportional Baseline Exp 1"",""69384851"",""0""]",2.4895222696354202,38
task05-P1-29-g111-k5-second-recorded,P1,conditional,29,deda3db37265ccd7344a0aef229ce761bfbfae8f29b44fe12a07d6b993a09087,111,Proportional,5,10,second,recorded,1,64,0.20306412550492006,0.20315833534323977,0.012365758298514846,0.13039724475980277,0.07000502109527589,0.04849999743700027,1.0,0.0,1.0,0.460078125,1.0,0.03876049896240234,0.09661049896240233,0.07074737396240233,"[""Proportional Baseline Exp 1"",""76356479"",""0""]",1.6922079911197734,23
task05-P1-29-g117-k5-second-recorded,P1,conditional,29,deda3db37265ccd7344a0aef229ce761bfbfae8f29b44fe12a07d6b993a09087,117,Proportional,5,10,second,recorded,1,64,0.2416983334225298,0.23805753968253973,0.01275771114258539,0.11639746738918247,1.0,0.16349546813964844,1.0,0.0,1.0,0.520109375,1.0,0.1061,0.23735015106201174,0.1728939152240753,"[""Proportional Baseline Exp 1"",""85019022"",""0""]",4.284745829864452,10
task05-P1-29-g13-k5-second-recorded,P1,conditional,29,deda3db37265ccd7344a0aef229ce761bfbfae8f29b44fe12a07d6b993a09087,13,Equal,5,10,second,recorded,1,64,0.0019032514253645477,4.843749891733759e-05,0.0018726863899164734,0.006633404768208534,4.999999888241291e-05,0.008017599403858185,0.0,0.0,0.0,0.0006562499999999999,0.0,0.00460040225982666,0.0073404022598266595,0.005809777259826659,"[""Equal Baseline Exp 1"",""35368456"",""0""]",0.6045989776274061,20
task05-P1-29-g20-k5-second-recorded,P1,conditional,29,deda3db37265ccd7344a0aef229ce761bfbfae8f29b44fe12a07d6b993a09087,20,Equal,5,10,second,recorded,1,64,0.0001465424362215632,4.9999998882412894e-05,0.00013890590038416652,0.0006252541429977606,4.999999888241291e-05,0.005930800035595894,0.0,0.0,0.0,0.0,1.0,0.005300404453277588,0.006900404453277588,0.005994154453277588,"[""Equal Baseline Exp 1"",""40800498"",""0""]",0.754065300255606,8
task05-P1-29-g25-k5-second-recorded,P1,conditional,29,deda3db37265ccd7344a0aef229ce761bfbfae8f29b44fe12a07d6b993a09087,25,Equal,5,10,second,recorded,1,64,0.0015257042210447581,0.00016024305461259138,0.0012648120361188106,0.005900054798658109,4.999999888241291e-05,0.015108798652887345,0.0,0.0,0.0,0.005140624999999999,1.0,0.010500404739379882,0.017380404739379882,0.013876967239379883,"[""Equal Baseline Exp 1"",""46096247"",""0""]",0.9689495786938338,28
task05-P1-29-g35-k5-second-recorded,P1,conditional,29,deda3db37265ccd7344a0aef229ce761bfbfae8f29b44fe12a07d6b993a09087,35,Equal,5,10,second,recorded,1,64,0.00040062431489883295,4.8437498917337454e-05,0.00040648533164242624,0.0015874779423841068,4.999999888241291e-05,0.005930799975991249,0.0,0.0,0.0,0.00021874999999999998,1.0,0.005700402545928955,0.009720402545928956,0.007087902545928955,"[""Equal Baseline Exp 1"",""92291462"",""0""]",0.8303538765219065,8
task05-P1-29-g36-k5-second-recorded,P1,conditional,29,deda3db37265ccd7344a0aef229ce761bfbfae8f29b44fe12a07d6b993a09087,36,Equal,5,10,second,recorded,1,64,0.016323636609614535,0.012490798611006333,0.00410577953109695,0.022084928845594144,4.999999888241291e-05,0.05590439735352993,1.0,0.0,0.16799999999999998,0.04703125,1.0,0.03896040473937989,0.07907040473937987,0.05923165473937987,"[""Equal Baseline Exp 1"",""92992435"",""0""]",1.7493937725951065,32
task05-P1-29-g44-k5-second-recorded,P1,conditional,29,deda3db37265ccd7344a0aef229ce761bfbfae8f29b44fe12a07d6b993a09087,44,Mixed,5,10,second,recorded,1,64,0.07503818288713307,0.0639497260328323,0.037531197153906966,0.17933716613867923,0.2660055923461914,0.17819943594932555,1.0,0.020300000000000016,0.7287000000000002,0.32075,0.0,0.19924944686889642,0.2648998340606689,0.23097468886375425,"[""Mixed Baseline Exp 1"",""18823620"",""0""]",3.110361857607624,40
task05-P1-29-g47-k5-second-recorded,P1,conditional,29,deda3db37265ccd7344a0aef229ce761bfbfae8f29b44fe12a07d6b993a09087,47,Mixed,5,10,second,recorded,1,64,0.10833137146597213,0.1081591372489929,0.008393983548335617,0.06899279421426001,0.30100461959838865,0.1173999879360199,1.0,0.006999999999999999,0.6251000000000001,0.20210937499999998,1.0,0.0831304508972168,0.1760304508972168,0.12180201339721677,"[""Mixed Baseline Exp 1"",""26185795"",""0""]",2.5308359218807617,40
task05-P1-29-g52-k5-second-recorded,P1,conditional,29,deda3db37265ccd7344a0aef229ce761bfbfae8f29b44fe12a07d6b993a09087,52,Mixed,5,10,second,recorded,1,64,0.19840644378457675,0.19959817862510681,0.01397637208113595,0.1171595573675065,0.5460056686401367,0.18119998455047606,1.0,0.0021000000000000046,0.5929000000000002,0.25921875,1.0,0.11620055847167966,0.20272055847167966,0.15975368347167967,"[""Mixed Baseline Exp 1"",""37465807"",""0""]",2.980053085753925,40
task05-P1-29-g57-k5-second-recorded,P1,conditional,29,deda3db37265ccd7344a0aef229ce761bfbfae8f29b44fe12a07d6b993a09087,57,Mixed,5,10,second,recorded,1,64,0.0009984641685132209,0.0002215277769395882,0.0008852216973080341,0.0039190470959997665,4.999999888241291e-05,0.0125175496712327,1.0,0.0,0.006999999999999999,0.005031249999999999,1.0,0.010360454330444337,0.017840454330444337,0.014434829330444335,"[""Mixed Baseline Exp 1"",""47841996"",""0""]",1.0424129959374453,18
task05-P1-29-g60-k5-second-recorded,P1,conditional,29,deda3db37265ccd7344a0aef229ce761bfbfae8f29b44fe12a07d6b993a09087,60,Mixed,5,10,second,recorded,1,64,0.6770374505123932,0.6794583333333333,0.036292078946128736,0.4150278751082837,1.0,0.22289892768859862,0.0,0.0,0.5726,0.202125,1.0,0.1268704943847656,0.22528049438476555,0.1682098693847656,"[""Mixed Baseline Exp 1"",""50116627"",""0""]",2.8734395780790734,40
task05-P1-29-g64-k5-second-recorded,P1,conditional,29,deda3db37265ccd7344a0aef229ce761bfbfae8f29b44fe12a07d6b993a09087,64,Mixed,5,10,second,recorded,1,64,0.11588350490346054,0.11638497605588698,0.004184757351898957,0.05321079739332198,0.23100461959838867,0.05709999346733093,1.0,0.0,0.26670000000000005,0.08706249999999999,1.0,0.036900456619262695,0.08340045661926267,0.058228581619262684,"[""Mixed Baseline Exp 1"",""64291720"",""0""]",1.9544774477201503,40
task05-P1-29-g73-k5-second-recorded,P1,conditional,29,deda3db37265ccd7344a0aef229ce761bfbfae8f29b44fe12a07d6b993a09087,73,Mixed,5,10,second,recorded,1,64,0.3257958429797878,0.3258865506913926,0.028147242972207488,0.21239354882486286,0.6930049133300781,0.23549997711181642,0.0,0.013999999999999999,0.5859,0.25756249999999997,1.0,0.15339049896240234,0.2490904989624023,0.19224422544836994,"[""Mixed Baseline Exp 1"",""85460730"",""0""]",3.314607303465529,40
task05-P1-29-g78-k5-second-recorded,P1,conditional,29,deda3db37265ccd7344a0aef229ce761bfbfae8f29b44fe12a07d6b993a09087,78,Mixed,5,10,second,recorded,1,64,0.013752986648395915,0.011568749999860295,0.0031437434852426274,0.016212532107366458,4.999999888241291e-05,0.03320884764939547,1.0,0.0,0.2079,0.058625000000000003,1.0,0.024520551986694335,0.050510551986694345,0.03743180198669433,"[""Mixed Baseline Exp 1"",""95675568"",""0""]",1.3356261916136845,27
task05-P1-29-g80-k5-second-recorded,P1,conditional,29,deda3db37265ccd7344a0aef229ce761bfbfae8f29b44fe12a07d6b993a09087,80,Proportional,5,10,second,recorded,1,64,0.14440207765225402,0.14770421057277255,0.0024698327566304856,0.051804219431761236,0.2450050163269043,0.018699999153614043,1.0,0.0,0.5775,0.12729687499999998,1.0,0.008600502586364746,0.034290502586364756,0.01944894008636474,"[""Proportional Baseline Exp 1"",""11095201"",""0""]",2.168475912387695,14
task05-P1-29-g82-k5-second-recorded,P1,conditional,29,deda3db37265ccd7344a0aef229ce761bfbfae8f29b44fe12a07d6b993a09087,82,Proportional,5,10,second,recorded,1,64,0.0016334244317459216,0.001215277777079287,0.000544284166886456,0.002601517402472544,4.999999888241291e-05,0.0045243997871875765,1.0,0.0,0.040600000000000074,0.016734375,1.0,0.0037,0.010430000000000007,0.006007812499999999,"[""Proportional Baseline Exp 1"",""14606420"",""0""]",1.0724552505153062,6
task05-P1-29-g89-k5-second-recorded,P1,conditional,29,deda3db37265ccd7344a0aef229ce761bfbfae8f29b44fe12a07d6b993a09087,89,Proportional,5,10,second,recorded,1,64,0.09016893337346635,0.08218324576483835,0.031126611361640803,0.05087829793623634,0.8470050048828125,0.24539647912979126,1.0,0.15960000000000008,1.0,0.7399218750000001,0.0,0.13784954861402512,0.24459954861402508,0.1942855848547071,"[""Proportional Baseline Exp 1"",""36303454"",""0""]",2.6944422002949375,31
task05-P1-29-g97-k5-second-recorded,P1,conditional,29,deda3db37265ccd7344a0aef229ce761bfbfae8f29b44fe12a07d6b993a09087,97,Proportional,5,10,second,recorded,1,64,0.16569978720406098,0.1654283286049252,0.012065783609124654,0.1523390646287373,0.3850050354003906,0.1781989876627922,1.0,0.07420000000000002,1.0,0.6050312499999999,1.0,0.11385055084228514,0.19929055084228514,0.15856773834228516,"[""Proportional Baseline Exp 1"",""45673270"",""0""]",2.6737731889576213,32
task05-P1-43-g104-k5-second-recorded,P1,conditional,43,940393c41c87f14644bfb449765c900f06cf92bcc858839f5814aeafbaa2b354,104,Proportional,5,10,second,recorded,1,64,0.09622863229708886,0.08231944444444445,0.016568363373998637,0.07851185647041078,1.0,0.14079737854003907,1.0,0.0,1.0,0.72515625,1.0,0.08202045242309568,0.1721704524230957,0.11686920242309567,"[""Proportional Baseline Exp 1"",""63752993"",""0""]",3.442863211645561,20
task05-P1-43-g107-k5-second-recorded,P1,conditional,43,940393c41c87f14644bfb449765c900f06cf92bcc858839f5814aeafbaa2b354,107,Proportional,5,10,second,recorded,1,64,0.1122651319113617,0.11105127878794596,0.009648402814295087,0.06970877149658544,0.5740049362182618,0.10740003997087479,1.0,0.0,1.0,0.57725,1.0,0.06735054779052733,0.15167054779052733,0.10199429779052732,"[""Proportional Baseline Exp 1"",""69384851"",""0""]",2.489976177370426,38
task05-P1-43-g111-k5-second-recorded,P1,conditional,43,940393c41c87f14644bfb449765c900f06cf92bcc858839f5814aeafbaa2b354,111,Proportional,5,10,second,recorded,1,64,0.18983154164367552,0.18849331368103864,0.012030440838197386,0.12001919585909873,0.07000502109527589,0.04849999743700027,1.0,0.0,1.0,0.442921875,1.0,0.03823049896240233,0.10605049896240232,0.07112862396240233,"[""Proportional Baseline Exp 1"",""76356479"",""0""]",1.6900209354440905,23
task05-P1-43-g117-k5-second-recorded,P1,conditional,43,940393c41c87f14644bfb449765c900f06cf92bcc858839f5814aeafbaa2b354,117,Proportional,5,10,second,recorded,1,64,0.18823834027629469,0.182514384920635,0.0120704498079088,0.09164992042420404,1.0,0.16349546813964844,1.0,0.0,1.0,0.5833437499999999,1.0,0.09370035247802735,0.21225999999999998,0.16382200088500976,"[""Proportional Baseline Exp 1"",""85019022"",""0""]",4.286501385072092,10
task05-P1-43-g13-k5-second-recorded,P1,conditional,43,940393c41c87f14644bfb449765c900f06cf92bcc858839f5814aeafbaa2b354,13,Equal,5,10,second,recorded,1,64,0.0019822913643047935,4.9999998882412894e-05,0.0019817141676942516,0.007028502339782428,4.999999888241291e-05,0.008017599403858185,0.0,0.0,0.0,0.0,0.0,0.00460040225982666,0.0067404022598266606,0.00567540225982666,"[""Equal Baseline Exp 1"",""35368456"",""0""]",0.6041272546831432,20
task05-P1-43-g20-k5-second-recorded,P1,conditional,43,940393c41c87f14644bfb449765c900f06cf92bcc858839f5814aeafbaa2b354,20,Equal,5,10,second,recorded,1,64,0.0001881521598724906,4.9999998882412894e-05,0.00018075617648927232,0.0007575079052780188,4.999999888241291e-05,0.005930800035595894,0.0,0.0,0.0,0.0,1.0,0.005100404453277588,0.007840404453277586,0.006159779453277588,"[""Equal Baseline Exp 1"",""40800498"",""0""]",0.7559216429196927,8
task05-P1-43-g25-k5-second-recorded,P1,conditional,43,940393c41c87f14644bfb449765c900f06cf92bcc858839f5814aeafbaa2b354,25,Equal,5,10,second,recorded,1,64,0.001957468372235281,0.00037083333249514436,0.001467284622327203,0.00627374429189626,4.999999888241291e-05,0.015108798652887345,1.0,0.0,0.013999999999999999,0.006999999999999999,1.0,0.010500404739379883,0.01918040473937988,0.01413165473937988,"[""Equal Baseline Exp 1"",""46096247"",""0""]",0.9679962886203926,28
task05-P1-43-g35-k5-second-recorded,P1,conditional,43,940393c41c87f14644bfb449765c900f06cf92bcc858839f5814aeafbaa2b354,35,Equal,5,10,second,recorded,1,64,0.00036189694472225117,5.9201387876075704e-05,0.00037344215798472576,0.0013244128013961015,4.999999888241291e-05,0.005930799975991249,0.0,0.0,0.0,0.0006562499999999999,1.0,0.005360402545928956,0.009700402545928953,0.006991027545928955,"[""Equal Baseline Exp 1"",""92291462"",""0""]",0.8343397696657676,8
task05-P1-43-g36-k5-second-recorded,P1,conditional,43,940393c41c87f14644bfb449765c900f06cf92bcc858839f5814aeafbaa2b354,36,Equal,5,10,second,recorded,1,64,0.011411023150991892,0.007052256944130128,0.0037776831389626595,0.017550006551366022,4.999999888241291e-05,0.05590439735352993,1.0,0.0,0.1169,0.05053125,1.0,0.03908040473937989,0.07490040473937987,0.05600665473937988,"[""Equal Baseline Exp 1"",""92992435"",""0""]",1.7442391920660802,32
task05-P1-43-g44-k5-second-recorded,P1,conditional,43,940393c41c87f14644bfb449765c900f06cf92bcc858839f5814aeafbaa2b354,44,Mixed,5,10,second,recorded,1,64,0.07802048954061153,0.06897551968362597,0.03734490463416726,0.185174179834222,0.2660055923461914,0.17819943594932555,1.0,0.009100000000000004,0.6566000000000001,0.33948437499999995,0.0,0.1977198340606689,0.27471999999999996,0.23216529657840726,"[""Mixed Baseline Exp 1"",""18823620"",""0""]",3.1049469272208166,40
task05-P1-43-g47-k5-second-recorded,P1,conditional,43,940393c41c87f14644bfb449765c900f06cf92bcc858839f5814aeafbaa2b354,47,Mixed,5,10,second,recorded,1,64,0.10392642479284749,0.10466232074631585,0.008493735532462597,0.0656486681664747,0.30100461959838865,0.1173999879360199,1.0,0.0,0.5117000000000003,0.19489062499999998,1.0,0.08170045089721681,0.15846045089721675,0.11801763839721678,"[""Mixed Baseline Exp 1"",""26185795"",""0""]",2.5254348654727856,40
task05-P1-43-g52-k5-second-recorded,P1,conditional,43,940393c41c87f14644bfb449765c900f06cf92bcc858839f5814aeafbaa2b354,52,Mixed,5,10,second,recorded,1,64,0.21998443216834118,0.2213790743350982,0.017162339711946164,0.13551509065400988,0.5460056686401367,0.18119998455047606,1.0,0.009100000000000004,0.6244000000000001,0.2445625,1.0,0.1162605584716797,0.20766055847167966,0.15526462097167967,"[""Mixed Baseline Exp 1"",""37465807"",""0""]",2.9826816624735555,40
task05-P1-43-g57-k5-second-recorded,P1,conditional,43,940393c41c87f14644bfb449765c900f06cf92bcc858839f5814aeafbaa2b354,57,Mixed,5,10,second,recorded,1,64,0.0014404590922042328,0.00045798611034277015,0.0012653724652855456,0.0053803813514836495,4.999999888241291e-05,0.0125175496712327,1.0,0.0,0.013999999999999999,0.006234375,1.0,0.011220454330444336,0.021670454330444334,0.015445766830444334,"[""Mixed Baseline Exp 1"",""47841996"",""0""]",1.0421048107813944,18
task05-P1-43-g60-k5-second-recorded,P1,conditional,43,940393c41c87f14644bfb449765c900f06cf92bcc858839f5814aeafbaa2b354,60,Mixed,5,10,second,recorded,1,64,0.6846266586122945,0.6871423611111112,0.029136721159352192,0.3913336475362854,1.0,0.22289892768859862,0.0,0.0,0.4228,0.20825,1.0,0.13283049438476563,0.22671049438476562,0.1762239318847656,"[""Mixed Baseline Exp 1"",""50116627"",""0""]",2.877425294989519,40
task05-P1-43-g64-k5-second-recorded,P1,conditional,43,940393c41c87f14644bfb449765c900f06cf92bcc858839f5814aeafbaa2b354,64,Mixed,5,10,second,recorded,1,64,0.11647257966952791,0.11712803161144258,0.004278831809806444,0.056915741672449637,0.23100461959838867,0.05709999346733093,1.0,0.0,0.3976,0.10893749999999999,1.0,0.038380456619262704,0.08464045661926267,0.05636920661926269,"[""Mixed Baseline Exp 1"",""64291720"",""0""]",1.9430443212195563,40
task05-P1-43-g73-k5-second-recorded,P1,conditional,43,940393c41c87f14644bfb449765c900f06cf92bcc858839f5814aeafbaa2b354,73,Mixed,5,10,second,recorded,1,64,0.2915465344276127,0.29123331228892013,0.02719492668670324,0.20452613259913432,0.6930049133300781,0.23549997711181642,0.0,0.006999999999999999,0.6566000000000001,0.283171875,1.0,0.14387049896240234,0.24777049896240236,0.19232392862439152,"[""Mixed Baseline Exp 1"",""85460730"",""0""]",3.3123053185456683,40
task05-P1-43-g78-k5-second-recorded,P1,conditional,43,940393c41c87f14644bfb449765c900f06cf92bcc858839f5814aeafbaa2b354,78,Mixed,5,10,second,recorded,1,64,0.01720574547880349,0.015260763888958737,0.0035805921292154184,0.019830187302113823,4.999999888241291e-05,0.03320884764939547,1.0,0.0,0.23730000000000012,0.06715624999999999,1.0,0.025100551986694336,0.05668055198669434,0.03985992698669433,"[""Mixed Baseline Exp 1"",""95675568"",""0""]",1.3387155701532891,27
task05-P1-43-g80-k5-second-recorded,P1,conditional,43,940393c41c87f14644bfb449765c900f06cf92bcc858839f5814aeafbaa2b354,80,Proportional,5,10,second,recorded,1,64,0.16345901592188875,0.16625044678317175,0.002964509484674486,0.05746021266438894,0.2450050163269043,0.018699999153614043,0.0,0.0,0.2394000000000001,0.060921874999999986,1.0,0.008920502586364745,0.03568050258636474,0.01855519008636474,"[""Proportional Baseline Exp 1"",""11095201"",""0""]",2.117515967548417,14
task05-P1-43-g82-k5-second-recorded,P1,conditional,43,940393c41c87f14644bfb449765c900f06cf92bcc858839f5814aeafbaa2b354,82,Proportional,5,10,second,recorded,1,64,0.0007615889318190131,0.00041631944367610113,0.0004678018056654505,0.0018275903282829343,4.999999888241291e-05,0.0045243997871875765,1.0,0.0,0.006999999999999999,0.008640624999999999,1.0,0.0037,0.009150000000000004,0.005757812499999999,"[""Proportional Baseline Exp 1"",""14606420"",""0""]",1.0624453533174865,6
task05-P1-43-g89-k5-second-recorded,P1,conditional,43,940393c41c87f14644bfb449765c900f06cf92bcc858839f5814aeafbaa2b354,89,Proportional,5,10,second,recorded,1,64,0.11594759286536052,0.10871078666808112,0.03531646305644916,0.08323718512659034,0.8470050048828125,0.24539647912979126,1.0,0.0861,1.0,0.6738124999999999,1.0,0.13535954861402513,0.24707986458420753,0.1880762310134247,"[""Proportional Baseline Exp 1"",""36303454"",""0""]",2.6973059684823495,31
task05-P1-43-g97-k5-second-recorded,P1,conditional,43,940393c41c87f14644bfb449765c900f06cf92bcc858839f5814aeafbaa2b354,97,Proportional,5,10,second,recorded,1,64,0.21221779230526902,0.21292292018163772,0.011216770395908567,0.1674058073995605,0.3850050354003906,0.1781989876627922,1.0,0.016100000000000003,1.0,0.6605468749999999,1.0,0.12252055084228512,0.2108905508422851,0.16489117584228513,"[""Proportional Baseline Exp 1"",""45673270"",""0""]",2.6736244373009224,32
forecast-continued-feedforward-17-g104-k5-second-recorded,feedforward,continued,17,63ddc8400f53191767bb69890a743442f8c8cae9f18a70771b29a8a50b53710c,104,Proportional,5,10,second,recorded,1,64,0.26663270637856656,0.2645416666666667,0.011611734676739534,0.22804039363369114,1.0,0.14079737854003907,1.0,0.0,1.0,0.51734375,1.0,0.08013045242309569,0.1616404524230957,0.12386138992309569,"[""Proportional Baseline Exp 1"",""63752993"",""0""]",3.443680937776133,20
forecast-continued-feedforward-17-g107-k5-second-recorded,feedforward,continued,17,63ddc8400f53191767bb69890a743442f8c8cae9f18a70771b29a8a50b53710c,107,Proportional,5,10,second,recorded,1,64,0.36058888981168963,0.3621676678922442,0.016607688583356768,0.18024446912109854,0.5740049362182618,0.10740003997087479,0.0,0.0,0.3955,0.142296875,1.0,0.05843054779052734,0.11095054779052732,0.08321929779052734,"[""Proportional Baseline Exp 1"",""69384851"",""0""]",2.5373926693594986,38
forecast-continued-feedforward-17-g111-k5-second-recorded,feedforward,continued,17,63ddc8400f53191767bb69890a743442f8c8cae9f18a70771b29a8a50b53710c,111,Proportional,5,10,second,recorded,1,64,0.03753677583897408,0.03641713739434878,0.006785748377879928,0.038967860182209144,0.07000502109527589,0.04849999743700027,1.0,0.0,0.504,0.16428125,1.0,0.041950498962402355,0.09227049896240233,0.06370049896240233,"[""Proportional Baseline Exp 1"",""76356479"",""0""]",1.7987539940120392,23
forecast-continued-feedforward-17-g117-k5-second-recorded,feedforward,continued,17,63ddc8400f53191767bb69890a743442f8c8cae9f18a70771b29a8a50b53710c,117,Proportional,5,10,second,recorded,1,64,0.1226322823506778,0.11252728174603174,0.01473594864739311,0.08625133288549999,1.0,0.16349546813964844,1.0,0.0,1.0,0.67496875,1.0,0.13387050354003904,0.22750050354003906,0.1875409475803375,"[""Proportional Baseline Exp 1"",""85019022"",""0""]",4.291729133769605,10
forecast-continued-feedforward-17-g13-k5-second-recorded,feedforward,continued,17,63ddc8400f53191767bb69890a743442f8c8cae9f18a70771b29a8a50b53710c,13,Equal,5,10,second,recorded,1,64,0.0009559792919334505,5.7291665618928794e-05,0.0009066807547022432,0.003651126876992769,4.999999888241291e-05,0.008017599403858185,0.0,0.0,0.0,0.0007656249999999999,1.0,0.00526040225982666,0.008800402259826657,0.00675508975982666,"[""Equal Baseline Exp 1"",""35368456"",""0""]",0.7229480704839923,20
forecast-continued-feedforward-17-g20-k5-second-recorded,feedforward,continued,17,63ddc8400f53191767bb69890a743442f8c8cae9f18a70771b29a8a50b53710c,20,Equal,5,10,second,recorded,1,64,0.0007008682432025715,5.3819443396706484e-05,0.0007222577990609261,0.002305189258713896,4.999999888241291e-05,0.005930800035595894,0.0,0.0,0.0,0.00043749999999999995,1.0,0.005900404453277588,0.009040404453277587,0.007284779453277587,"[""Equal Baseline Exp 1"",""40800498"",""0""]",0.9066277618985709,8
forecast-continued-feedforward-17-g25-k5-second-recorded,feedforward,continued,17,63ddc8400f53191767bb69890a743442f8c8cae9f18a70771b29a8a50b53710c,25,Equal,5,10,second,recorded,1,64,0.0012956315901389275,7.656249898718671e-05,0.0011911303065066776,0.005565463453852701,4.999999888241291e-05,0.015108798652887345,0.0,0.0,0.0,0.0010937499999999999,1.0,0.010760404739379883,0.01710040473937988,0.01365977973937988,"[""Equal Baseline Exp 1"",""46096247"",""0""]",0.9406755615462341,28
forecast-continued-feedforward-17-g35-k5-second-recorded,feedforward,continued,17,63ddc8400f53191767bb69890a743442f8c8cae9f18a70771b29a8a50b53710c,35,Equal,5,10,second,recorded,1,64,0.0007874159256179803,8.541666568877792e-05,0.0008221994661903444,0.0027233734725502366,4.999999888241291e-05,0.005930799975991249,0.0,0.0,0.0,0.000984375,1.0,0.005760402545928955,0.010510402545928953,0.0075957150459289545,"[""Equal Baseline Exp 1"",""92291462"",""0""]",0.963207416499781,8
forecast-continued-feedforward-17-g36-k5-second-recorded,feedforward,continued,17,63ddc8400f53191767bb69890a743442f8c8cae9f18a70771b29a8a50b53710c,36,Equal,5,10,second,recorded,1,64,0.004398368878450585,0.0007607638882602473,0.0034688629089514676,0.01339016212603569,4.999999888241291e-05,0.05590439735352993,1.0,0.0,0.020999999999999998,0.0044843750000000005,1.0,0.040060404739379885,0.061780404739379874,0.05058321723937988,"[""Equal Baseline Exp 1"",""92992435"",""0""]",1.8008141555051997,32
forecast-continued-feedforward-17-g44-k5-second-recorded,feedforward,continued,17,63ddc8400f53191767bb69890a743442f8c8cae9f18a70771b29a8a50b53710c,44,Mixed,5,10,second,recorded,1,64,0.07127155828271967,0.06008735808872043,0.029772243498951665,0.20812090077494813,0.2660055923461914,0.17819943594932555,1.0,0.03920000000000001,0.8197000000000001,0.299,0.0,0.18620944686889646,0.2572194468688965,0.22069795351028443,"[""Mixed Baseline Exp 1"",""18823620"",""0""]",3.3742681730189603,40
forecast-continued-feedforward-17-g47-k5-second-recorded,feedforward,continued,17,63ddc8400f53191767bb69890a743442f8c8cae9f18a70771b29a8a50b53710c,47,Mixed,5,10,second,recorded,1,64,0.2716411942925058,0.2740393418206108,0.022809075315864326,0.1760300976925426,0.30100461959838865,0.1173999879360199,0.0,0.0,0.048999999999999995,0.016078125,0.0,0.0677604508972168,0.1075604508972168,0.08641138839721679,"[""Mixed Baseline Exp 1"",""26185795"",""0""]",2.6731794996498666,40
forecast-continued-feedforward-17-g52-k5-second-recorded,feedforward,continued,17,63ddc8400f53191767bb69890a743442f8c8cae9f18a70771b29a8a50b53710c,52,Mixed,5,10,second,recorded,1,64,0.4870681599625357,0.48781469641791436,0.05036827528514561,0.34378314876556393,0.5460056686401367,0.18119998455047606,0.0,0.0,0.09590000000000001,0.035546875000000006,0.0,0.09256055847167968,0.14715055847167968,0.11896462097167967,"[""Mixed Baseline Exp 1"",""37465807"",""0""]",3.100142141359715,40
forecast-continued-feedforward-17-g57-k5-second-recorded,feedforward,continued,17,63ddc8400f53191767bb69890a743442f8c8cae9f18a70771b29a8a50b53710c,57,Mixed,5,10,second,recorded,1,64,0.0007118783976039855,5.3819443396706484e-05,0.0007264111621800562,0.0032289398964300436,4.999999888241291e-05,0.0125175496712327,0.0,0.0,0.0,0.00043749999999999995,1.0,0.011220454330444336,0.01778045433044433,0.014128579330444334,"[""Mixed Baseline Exp 1"",""47841996"",""0""]",0.9289824502511667,18
forecast-continued-feedforward-17-g60-k5-second-recorded,feedforward,continued,17,63ddc8400f53191767bb69890a743442f8c8cae9f18a70771b29a8a50b53710c,60,Mixed,5,10,second,recorded,1,64,0.904876873409928,0.908625,0.05206331425621397,0.5598293586247498,1.0,0.22289892768859862,0.0,0.0,0.11899999999999998,0.057421875,0.0,0.11670049438476562,0.19165049438476559,0.1537895568847656,"[""Mixed Baseline Exp 1"",""50116627"",""0""]",2.958524733906691,40
forecast-continued-feedforward-17-g64-k5-second-recorded,feedforward,continued,17,63ddc8400f53191767bb69890a743442f8c8cae9f18a70771b29a8a50b53710c,64,Mixed,5,10,second,recorded,1,64,0.21815732162868626,0.22036225848727756,0.00983157431618089,0.1142367205924458,0.23100461959838867,0.05709999346733093,0.0,0.0,0.013999999999999999,0.006015624999999999,0.0,0.034360456619262694,0.05475045661926269,0.043430144119262694,"[""Mixed Baseline Exp 1"",""64291720"",""0""]",2.241026418579242,40
forecast-continued-feedforward-17-g73-k5-second-recorded,feedforward,continued,17,63ddc8400f53191767bb69890a743442f8c8cae9f18a70771b29a8a50b53710c,73,Mixed,5,10,second,recorded,1,64,0.5346280886613942,0.536768648677402,0.04197480838412335,0.336820941273939,0.6930049133300781,0.23549997711181642,0.0,0.009100000000000004,0.24570000000000006,0.101265625,0.0,0.13641049896240232,0.21707049896240233,0.17680987396240233,"[""Mixed Baseline Exp 1"",""85460730"",""0""]",3.4024224861027887,40
forecast-continued-feedforward-17-g78-k5-second-recorded,feedforward,continued,17,63ddc8400f53191767bb69890a743442f8c8cae9f18a70771b29a8a50b53710c,78,Mixed,5,10,second,recorded,1,64,0.0025031402027128986,0.0008640624995459797,0.0016066374077387765,0.009055016033793153,4.999999888241291e-05,0.03320884764939547,1.0,0.0,0.013999999999999999,0.0039375,1.0,0.025460551986694335,0.039870551986694334,0.031913051986694335,"[""Mixed Baseline Exp 1"",""95675568"",""0""]",1.2686082235835703,27
forecast-continued-feedforward-17-g80-k5-second-recorded,feedforward,continued,17,63ddc8400f53191767bb69890a743442f8c8cae9f18a70771b29a8a50b53710c,80,Proportional,5,10,second,recorded,1,64,0.1511299629522046,0.15230662937959036,0.002164092114295751,0.049377367717193234,0.2450050163269043,0.018699999153614043,0.0,0.0,0.1939,0.06048437499999999,1.0,0.008040502586364746,0.03405050258636474,0.01899581508636474,"[""Proportional Baseline Exp 1"",""11095201"",""0""]",2.310178834802603,14
forecast-continued-feedforward-17-g82-k5-second-recorded,feedforward,continued,17,63ddc8400f53191767bb69890a743442f8c8cae9f18a70771b29a8a50b53710c,82,Proportional,5,10,second,recorded,1,64,0.001874409652282397,0.0009559027772888329,0.0013038727786569364,0.004851928945055177,4.999999888241291e-05,0.0045243997871875765,1.0,0.0,0.013999999999999999,0.00809375,1.0,0.0045,0.01159,0.0072812499999999995,"[""Proportional Baseline Exp 1"",""14606420"",""0""]",1.2587851467412197,6
forecast-continued-feedforward-17-g89-k5-second-recorded,feedforward,continued,17,63ddc8400f53191767bb69890a743442f8c8cae9f18a70771b29a8a50b53710c,89,Proportional,5,10,second,recorded,1,64,0.09827929267251748,0.09335197703043613,0.03860888775051352,0.03366200222030045,0.8470050048828125,0.24539647912979126,1.0,0.0651000000000001,1.0,0.7907656249999999,0.0,0.13288954861402508,0.23085954861402505,0.18707940538376566,"[""Proportional Baseline Exp 1"",""36303454"",""0""]",2.7909802528707304,31
forecast-continued-feedforward-17-g97-k5-second-recorded,feedforward,continued,17,63ddc8400f53191767bb69890a743442f8c8cae9f18a70771b29a8a50b53710c,97,Proportional,5,10,second,recorded,1,64,0.10659375691111014,0.1016479029277014,0.025960684281741375,0.21867124256141607,0.3850050354003906,0.1781989876627922,1.0,0.0,0.8967,0.320296875,0.0,0.09935055084228517,0.17699055084228515,0.13770836334228512,"[""Proportional Baseline Exp 1"",""45673270"",""0""]",2.7159223048651775,32
forecast-continued-feedforward-29-g104-k5-second-recorded,feedforward,continued,29,e64f1d4048b4f9b830d3cd5f6d31465f65e9ac4843161dded476ca275e53e946,104,Proportional,5,10,second,recorded,1,64,0.22738814730700163,0.22210813492063491,0.012525344831602926,0.1912047113452639,1.0,0.14079737854003907,1.0,0.035,1.0,0.55578125,1.0,0.0760604524230957,0.15622045242309568,0.1198020149230957,"[""Proportional Baseline Exp 1"",""63752993"",""0""]",3.44600543102586,20
forecast-continued-feedforward-29-g107-k5-second-recorded,feedforward,continued,29,e64f1d4048b4f9b830d3cd5f6d31465f65e9ac4843161dded476ca275e53e946,107,Proportional,5,10,second,recorded,1,64,0.3396002919863337,0.34031666493415835,0.020960648904468818,0.1899595483246777,0.5740049362182618,0.10740003997087479,0.0,0.0,0.36960000000000004,0.157703125,0.0,0.06058054779052734,0.10071054779052732,0.07943492279052734,"[""Proportional Baseline Exp 1"",""69384851"",""0""]",2.5447681888007825,38
forecast-continued-feedforward-29-g111-k5-second-recorded,feedforward,continued,29,e64f1d4048b4f9b830d3cd5f6d31465f65e9ac4843161dded476ca275e53e946,111,Proportional,5,10,second,recorded,1,64,0.04092128518415786,0.04094507208135392,0.007171235490726333,0.0423526551511316,0.07000502109527589,0.04849999743700027,1.0,0.0,0.4018,0.15026562499999999,1.0,0.03828049896240234,0.09494049896240234,0.06336612396240233,"[""Proportional Baseline Exp 1"",""76356479"",""0""]",1.818304183820863,23
forecast-continued-feedforward-29-g117-k5-second-recorded,feedforward,continued,29,e64f1d4048b4f9b830d3cd5f6d31465f65e9ac4843161dded476ca275e53e946,117,Proportional,5,10,second,recorded,1,64,0.06748107623135849,0.05805059523809525,0.011997459629603788,0.033919697252909366,1.0,0.16349546813964844,1.0,0.0,1.0,0.7715624999999999,1.0,0.11315015106201172,0.2288003524780273,0.17242834529876708,"[""Proportional Baseline Exp 1"",""85019022"",""0""]",4.274890561592194,10
forecast-continued-feedforward-29-g13-k5-second-recorded,feedforward,continued,29,e64f1d4048b4f9b830d3cd5f6d31465f65e9ac4843161dded476ca275e53e946,13,Equal,5,10,second,recorded,1,64,0.0008922923279220864,8.003472120940913e-05,0.000819106220861986,0.0031914196338517485,4.999999888241291e-05,0.008017599403858185,0.0,0.0,0.0,0.001421875,1.0,0.00520040225982666,0.00960040225982666,0.007086339759826659,"[""Equal Baseline Exp 1"",""35368456"",""0""]",0.731514851981216,20
forecast-continued-feedforward-29-g20-k5-second-recorded,feedforward,continued,29,e64f1d4048b4f9b830d3cd5f6d31465f65e9ac4843161dded476ca275e53e946,20,Equal,5,10,second,recorded,1,64,0.0008987868319107141,4.843749891733748e-05,0.0009151149419180687,0.00296611092736841,4.999999888241291e-05,0.005930800035595894,0.0,0.0,0.0,0.00032812499999999997,1.0,0.005900404453277588,0.009900404453277585,0.007614466953277586,"[""Equal Baseline Exp 1"",""40800498"",""0""]",0.9295603538869391,8
forecast-continued-feedforward-29-g25-k5-second-recorded,feedforward,continued,29,e64f1d4048b4f9b830d3cd5f6d31465f65e9ac4843161dded476ca275e53e946,25,Equal,5,10,second,recorded,1,64,0.0010353170874692727,5.3819443396706376e-05,0.00099426960043077,0.005301138761298756,4.999999888241291e-05,0.015108798652887345,0.0,0.0,0.0,0.0006562499999999999,1.0,0.010960404739379882,0.01844040473937988,0.013912904739379884,"[""Equal Baseline Exp 1"",""46096247"",""0""]",0.9551154310296049,28
forecast-continued-feedforward-29-g35-k5-second-recorded,feedforward,continued,29,e64f1d4048b4f9b830d3cd5f6d31465f65e9ac4843161dded476ca275e53e946,35,Equal,5,10,second,recorded,1,64,0.0007995408439994643,4.8437498917337454e-05,0.0008159643849343175,0.0026280071121478803,4.999999888241291e-05,0.005930799975991249,0.0,0.0,0.0,0.00021874999999999998,1.0,0.005900402545928955,0.010640402545928953,0.007678527545928954,"[""Equal Baseline Exp 1"",""92291462"",""0""]",0.9666454392376713,8
forecast-continued-feedforward-29-g36-k5-second-recorded,feedforward,continued,29,e64f1d4048b4f9b830d3cd5f6d31465f65e9ac4843161dded476ca275e53e946,36,Equal,5,10,second,recorded,1,64,0.006303233762409969,0.0004510416658983262,0.00572712412128994,0.020621268551614294,4.999999888241291e-05,0.05590439735352993,1.0,0.0,0.020999999999999998,0.003828124999999999,1.0,0.038720404739379884,0.059860404739379876,0.04768009223937988,"[""Equal Baseline Exp 1"",""92992435"",""0""]",1.8149363652896393,32
forecast-continued-feedforward-29-g44-k5-second-recorded,feedforward,continued,29,e64f1d4048b4f9b830d3cd5f6d31465f65e9ac4843161dded476ca275e53e946,44,Mixed,5,10,second,recorded,1,64,0.07138481799515317,0.05955625459882949,0.03518311816874949,0.20607767170667643,0.2660055923461914,0.17819943594932555,1.0,0.023100000000000002,0.6272000000000001,0.257453125,0.0,0.19336983406066893,0.25599961280822753,0.22666672079563138,"[""Mixed Baseline Exp 1"",""18823620"",""0""]",3.3854159453629067,40
forecast-continued-feedforward-29-g47-k5-second-recorded,feedforward,continued,29,e64f1d4048b4f9b830d3cd5f6d31465f65e9ac4843161dded476ca275e53e946,47,Mixed,5,10,second,recorded,1,64,0.2725980560468557,0.27489003626505526,0.020680532822367703,0.1698440437661277,0.30100461959838865,0.1173999879360199,0.0,0.0,0.041999999999999996,0.015968749999999997,0.0,0.0740004508972168,0.1082904508972168,0.08936607589721679,"[""Mixed Baseline Exp 1"",""26185795"",""0""]",2.6967601278211424,40
forecast-continued-feedforward-29-g52-k5-second-recorded,feedforward,continued,29,e64f1d4048b4f9b830d3cd5f6d31465f65e9ac4843161dded476ca275e53e946,52,Mixed,5,10,second,recorded,1,64,0.4912843782486081,0.4921515019734699,0.050655824888320204,0.3437494856860902,0.5460056686401367,0.18119998455047606,0.0,0.0,0.07490000000000002,0.033359375,0.0,0.09614055847167968,0.14407055847167968,0.11992399597167969,"[""Mixed Baseline Exp 1"",""37465807"",""0""]",3.08770180626283,40
forecast-continued-feedforward-29-g57-k5-second-recorded,feedforward,continued,29,e64f1d4048b4f9b830d3cd5f6d31465f65e9ac4843161dded476ca275e53e946,57,Mixed,5,10,second,recorded,1,64,0.0013090120240025413,0.00014670138801577376,0.001344104108901782,0.00485279764324724,4.999999888241291e-05,0.0125175496712327,1.0,0.0,0.004900000000000019,0.001421875,1.0,0.011020454330444336,0.01926045433044433,0.015064516830444335,"[""Mixed Baseline Exp 1"",""47841996"",""0""]",0.9308667512384717,18
forecast-continued-feedforward-29-g60-k5-second-recorded,feedforward,continued,29,e64f1d4048b4f9b830d3cd5f6d31465f65e9ac4843161dded476ca275e53e946,60,Mixed,5,10,second,recorded,1,64,0.9306439721725646,0.9339930555555556,0.06218132020859493,0.6007234250432916,1.0,0.22289892768859862,0.0,0.0,0.10080000000000004,0.04003125,0.0,0.11774049438476562,0.1747704943847656,0.1461973693847656,"[""Mixed Baseline Exp 1"",""50116627"",""0""]",3.025275086267282,40
forecast-continued-feedforward-29-g64-k5-second-recorded,feedforward,continued,29,e64f1d4048b4f9b830d3cd5f6d31465f65e9ac4843161dded476ca275e53e946,64,Mixed,5,10,second,recorded,1,64,0.2224430004401116,0.22417475848727753,0.013811739229020622,0.1265779230972131,0.23100461959838867,0.05709999346733093,0.0,0.0,0.013999999999999999,0.0037187499999999994,0.0,0.032400456619262684,0.0492904566192627,0.03957233161926269,"[""Mixed Baseline Exp 1"",""64291720"",""0""]",2.287572910418077,40
forecast-continued-feedforward-29-g73-k5-second-recorded,feedforward,continued,29,e64f1d4048b4f9b830d3cd5f6d31465f65e9ac4843161dded476ca275e53e946,73,Mixed,5,10,second,recorded,1,64,0.5734554711407485,0.5751333855523003,0.04756698576325466,0.3659445894108878,0.6930049133300781,0.23549997711181642,0.0,0.0,0.2079,0.071859375,0.0,0.13589049896240232,0.21317049896240228,0.17185049112439155,"[""Mixed Baseline Exp 1"",""85460730"",""0""]",3.382438353470021,40
forecast-continued-feedforward-29-g78-k5-second-recorded,feedforward,continued,29,e64f1d4048b4f9b830d3cd5f6d31465f65e9ac4843161dded476ca275e53e946,78,Mixed,5,10,second,recorded,1,64,0.0025359052214497203,8.541666568877802e-05,0.0023009844517623583,0.011229599367158434,4.999999888241291e-05,0.03320884764939547,0.0,0.0,0.0,0.001203125,1.0,0.022920551986694335,0.037700551986694336,0.029730239486694336,"[""Mixed Baseline Exp 1"",""95675568"",""0""]",1.2507557917502576,27
forecast-continued-feedforward-29-g80-k5-second-recorded,feedforward,continued,29,e64f1d4048b4f9b830d3cd5f6d31465f65e9ac4843161dded476ca275e53e946,80,Proportional,5,10,second,recorded,1,64,0.14339285239976002,0.14446240909894306,0.002634828647634103,0.05177476282715797,0.2450050163269043,0.018699999153614043,0.0,0.0,0.20580000000000004,0.07568749999999999,1.0,0.008320502586364747,0.02993050258636474,0.017475502586364742,"[""Proportional Baseline Exp 1"",""11095201"",""0""]",2.315964193544645,14
forecast-continued-feedforward-29-g82-k5-second-recorded,feedforward,continued,29,e64f1d4048b4f9b830d3cd5f6d31465f65e9ac4843161dded476ca275e53e946,82,Proportional,5,10,second,recorded,1,64,0.0011328999278845996,0.0003854166659681751,0.0010205947825152957,0.0034519133132947083,4.999999888241291e-05,0.0045243997871875765,1.0,0.0,0.006999999999999999,0.004703125,1.0,0.0041600000000000005,0.009239999999999998,0.006514062499999999,"[""Proportional Baseline Exp 1"",""14606420"",""0""]",1.2181817455769468,6
forecast-continued-feedforward-29-g89-k5-second-recorded,feedforward,continued,29,e64f1d4048b4f9b830d3cd5f6d31465f65e9ac4843161dded476ca275e53e946,89,Proportional,5,10,second,recorded,1,64,0.09063784726477517,0.08778751972743443,0.02968080073380992,0.028228028213965993,0.8470050048828125,0.24539647912979126,1.0,0.2716000000000001,1.0,0.841890625,1.0,0.1357595486140251,0.25129,0.1952606342250481,"[""Proportional Baseline Exp 1"",""36303454"",""0""]",2.767621434739523,31
forecast-continued-feedforward-29-g97-k5-second-recorded,feedforward,continued,29,e64f1d4048b4f9b830d3cd5f6d31465f65e9ac4843161dded476ca275e53e946,97,Proportional,5,10,second,recorded,1,64,0.1228924749714593,0.1199946051552182,0.019889200076614596,0.20651768592728512,0.3850050354003906,0.1781989876627922,1.0,0.0021000000000000046,0.7168,0.27395312499999996,1.0,0.10517055084228515,0.19761055084228518,0.14679586334228512,"[""Proportional Baseline Exp 1"",""45673270"",""0""]",2.73502706050727,32
forecast-continued-feedforward-43-g104-k5-second-recorded,feedforward,continued,43,6a1e6a7ef5770e5cb77a129d7c941aabd21f8b4fcac17e8b615fb4d61cd9b0e1,104,Proportional,5,10,second,recorded,1,64,0.2816954085618454,0.2764479166666668,0.01351929009679765,0.23559101801978222,1.0,0.14079737854003907,1.0,0.0,1.0,0.49732812499999995,1.0,0.07599045242309571,0.16367045242309566,0.11893638992309569,"[""Proportional Baseline Exp 1"",""63752993"",""0""]",3.481951907850781,20
forecast-continued-feedforward-43-g107-k5-second-recorded,feedforward,continued,43,6a1e6a7ef5770e5cb77a129d7c941aabd21f8b4fcac17e8b615fb4d61cd9b0e1,107,Proportional,5,10,second,recorded,1,64,0.38397496178305257,0.38590377900335526,0.017077347309863763,0.18920999266949912,0.5740049362182618,0.10740003997087479,0.0,0.0,0.32060000000000005,0.12478125000000001,1.0,0.05862054779052733,0.1093205477905273,0.08153492279052733,"[""Proportional Baseline Exp 1"",""69384851"",""0""]",2.5461114410608094,38
forecast-continued-feedforward-43-g111-k5-second-recorded,feedforward,continued,43,6a1e6a7ef5770e5cb77a129d7c941aabd21f8b4fcac17e8b615fb4d61cd9b0e1,111,Proportional,5,10,second,recorded,1,64,0.04474237738044612,0.04448493683432775,0.005249180335864894,0.039184103474423054,0.07000502109527589,0.04849999743700027,1.0,0.0,0.6195000000000002,0.188953125,1.0,0.04141049896240234,0.08311049896240232,0.05944268646240233,"[""Proportional Baseline Exp 1"",""76356479"",""0""]",1.817831944735461,23
forecast-continued-feedforward-43-g117-k5-second-recorded,feedforward,continued,43,6a1e6a7ef5770e5cb77a129d7c941aabd21f8b4fcac17e8b615fb4d61cd9b0e1,117,Proportional,5,10,second,recorded,1,64,0.0673402622347467,0.05485763888888892,0.016306812469542964,0.02569761684659929,1.0,0.16349546813964844,1.0,0.0,1.0,0.776328125,1.0,0.11180050354003906,0.2299201510620117,0.1831564781665802,"[""Proportional Baseline Exp 1"",""85019022"",""0""]",4.264392263384218,10
forecast-continued-feedforward-43-g13-k5-second-recorded,feedforward,continued,43,6a1e6a7ef5770e5cb77a129d7c941aabd21f8b4fcac17e8b615fb4d61cd9b0e1,13,Equal,5,10,second,recorded,1,64,0.0010287409522254868,4.843749891733748e-05,0.0010014063698550071,0.003818555671895026,4.999999888241291e-05,0.008017599403858185,0.0,0.0,0.0,0.00032812499999999997,1.0,0.00460040225982666,0.00888040225982666,0.006595714759826659,"[""Equal Baseline Exp 1"",""35368456"",""0""]",0.7211847561280611,20
forecast-continued-feedforward-43-g20-k5-second-recorded,feedforward,continued,43,6a1e6a7ef5770e5cb77a129d7c941aabd21f8b4fcac17e8b615fb4d61cd9b0e1,20,Equal,5,10,second,recorded,1,64,0.0007131363781987638,4.9999998882412894e-05,0.0007108068673575794,0.00233186854783756,4.999999888241291e-05,0.005930800035595894,0.0,0.0,0.0,0.0,1.0,0.005300404453277588,0.009640404453277587,0.007409779453277587,"[""Equal Baseline Exp 1"",""40800498"",""0""]",0.9134571355778582,8
forecast-continued-feedforward-43-g25-k5-second-recorded,feedforward,continued,43,6a1e6a7ef5770e5cb77a129d7c941aabd21f8b4fcac17e8b615fb4d61cd9b0e1,25,Equal,5,10,second,recorded,1,64,0.0014777048064298767,7.656249898718693e-05,0.0013558347126350764,0.0058222697741798285,4.999999888241291e-05,0.015108798652887345,0.0,0.0,0.0,0.0010937499999999999,1.0,0.010500404739379883,0.01570040473937988,0.013009779739379883,"[""Equal Baseline Exp 1"",""46096247"",""0""]",0.9441737309244039,28
forecast-continued-feedforward-43-g35-k5-second-recorded,feedforward,continued,43,6a1e6a7ef5770e5cb77a129d7c941aabd21f8b4fcac17e8b615fb4d61cd9b0e1,35,Equal,5,10,second,recorded,1,64,0.0007738583060620525,5.72916656189289e-05,0.0007962719246168573,0.0024377419072947105,4.999999888241291e-05,0.005930799975991249,0.0,0.0,0.0,0.0006562499999999999,1.0,0.005760402545928955,0.009900402545928952,0.007600402545928955,"[""Equal Baseline Exp 1"",""92291462"",""0""]",0.9597511323681196,8
forecast-continued-feedforward-43-g36-k5-second-recorded,feedforward,continued,43,6a1e6a7ef5770e5cb77a129d7c941aabd21f8b4fcac17e8b615fb4d61cd9b0e1,36,Equal,5,10,second,recorded,1,64,0.004644674427035496,0.001103298610587243,0.003535930968549048,0.014201804019900097,4.999999888241291e-05,0.05590439735352993,1.0,0.0,0.020999999999999998,0.00590625,1.0,0.03944040473937988,0.05686040473937989,0.049887904739379874,"[""Equal Baseline Exp 1"",""92992435"",""0""]",1.7970491079141713,32
forecast-continued-feedforward-43-g44-k5-second-recorded,feedforward,continued,43,6a1e6a7ef5770e5cb77a129d7c941aabd21f8b4fcac17e8b615fb4d61cd9b0e1,44,Mixed,5,10,second,recorded,1,64,0.069117147590155,0.056431457610357394,0.04040269516798711,0.2001855028669039,0.2660055923461914,0.17819943594932555,1.0,0.0581,0.6397999999999999,0.28882812499999994,0.0,0.2028398340606689,0.26357944686889645,0.23164021015167233,"[""Mixed Baseline Exp 1"",""18823620"",""0""]",3.3409334635931445,40
forecast-continued-feedforward-43-g47-k5-second-recorded,feedforward,continued,43,6a1e6a7ef5770e5cb77a129d7c941aabd21f8b4fcac17e8b615fb4d61cd9b0e1,47,Mixed,5,10,second,recorded,1,64,0.2591380330208326,0.26131711959838866,0.016688696678077423,0.15236268085108864,0.30100461959838865,0.1173999879360199,0.0,0.0,0.06090000000000002,0.024718749999999998,0.0,0.07590045089721677,0.11348045089721678,0.0935317008972168,"[""Mixed Baseline Exp 1"",""26185795"",""0""]",2.69559438432997,40
forecast-continued-feedforward-43-g52-k5-second-recorded,feedforward,continued,43,6a1e6a7ef5770e5cb77a129d7c941aabd21f8b4fcac17e8b615fb4d61cd9b0e1,52,Mixed,5,10,second,recorded,1,64,0.4816360364158829,0.48220358530680335,0.046752551078796396,0.3268661699242062,0.5460056686401367,0.18119998455047606,0.0,0.0,0.09799999999999999,0.03959375,0.0,0.09872055847167968,0.14937055847167968,0.12295368347167968,"[""Mixed Baseline Exp 1"",""37465807"",""0""]",3.0942131009372287,40
forecast-continued-feedforward-43-g57-k5-second-recorded,feedforward,continued,43,6a1e6a7ef5770e5cb77a129d7c941aabd21f8b4fcac17e8b615fb4d61cd9b0e1,57,Mixed,5,10,second,recorded,1,64,0.0007276120449426625,6.614583232052e-05,0.0007471224781221868,0.0032370584953058923,4.999999888241291e-05,0.0125175496712327,0.0,0.0,0.0,0.0006562499999999999,1.0,0.011360454330444334,0.016920454330444333,0.013947329330444335,"[""Mixed Baseline Exp 1"",""47841996"",""0""]",0.9327831116592792,18
forecast-continued-feedforward-43-g60-k5-second-recorded,feedforward,continued,43,6a1e6a7ef5770e5cb77a129d7c941aabd21f8b4fcac17e8b615fb4d61cd9b0e1,60,Mixed,5,10,second,recorded,1,64,0.9076287956402525,0.9103680555555556,0.050621101954626664,0.5527723987129,1.0,0.22289892768859862,0.0,0.0,0.12390000000000001,0.055890625,0.0,0.13236049438476563,0.19023049438476558,0.15901455688476562,"[""Mixed Baseline Exp 1"",""50116627"",""0""]",2.976727852840437,40
forecast-continued-feedforward-43-g64-k5-second-recorded,feedforward,continued,43,6a1e6a7ef5770e5cb77a129d7c941aabd21f8b4fcac17e8b615fb4d61cd9b0e1,64,Mixed,5,10,second,recorded,1,64,0.22145527516499208,0.22351156404283312,0.01187185209395867,0.12171736261943975,0.23100461959838867,0.05709999346733093,0.0,0.0,0.013999999999999999,0.00415625,0.0,0.0342604566192627,0.052320456619262705,0.04133170661926269,"[""Mixed Baseline Exp 1"",""64291720"",""0""]",2.257076460255032,40
forecast-continued-feedforward-43-g73-k5-second-recorded,feedforward,continued,43,6a1e6a7ef5770e5cb77a129d7c941aabd21f8b4fcac17e8b615fb4d61cd9b0e1,73,Mixed,5,10,second,recorded,1,64,0.5247975826566617,0.5279943431218463,0.03525410133127185,0.30924780525479995,0.6930049133300781,0.23549997711181642,0.0,0.006999999999999999,0.23799999999999996,0.11003125000000001,0.0,0.13991049896240235,0.23304049896240234,0.18333016294836996,"[""Mixed Baseline Exp 1"",""85460730"",""0""]",3.357771624273812,40
forecast-continued-feedforward-43-g78-k5-second-recorded,feedforward,continued,43,6a1e6a7ef5770e5cb77a129d7c941aabd21f8b4fcac17e8b615fb4d61cd9b0e1,78,Mixed,5,10,second,recorded,1,64,0.0023476983007978194,0.00042899305489198843,0.0018270243125006812,0.00965590717765218,4.999999888241291e-05,0.03320884764939547,1.0,0.0,0.013999999999999999,0.0026249999999999997,1.0,0.023920551986694336,0.03927055198669433,0.031353676986694334,"[""Mixed Baseline Exp 1"",""95675568"",""0""]",1.276050952724448,27
forecast-continued-feedforward-43-g80-k5-second-recorded,feedforward,continued,43,6a1e6a7ef5770e5cb77a129d7c941aabd21f8b4fcac17e8b615fb4d61cd9b0e1,80,Proportional,5,10,second,recorded,1,64,0.15863081598546092,0.159938417063819,0.002288997720654996,0.05472403501098355,0.2450050163269043,0.018699999153614043,0.0,0.0,0.18340000000000012,0.056765625,1.0,0.009230502586364745,0.02758050258636474,0.01714581508636474,"[""Proportional Baseline Exp 1"",""11095201"",""0""]",2.369900975823049,14
forecast-continued-feedforward-43-g82-k5-second-recorded,feedforward,continued,43,6a1e6a7ef5770e5cb77a129d7c941aabd21f8b4fcac17e8b615fb4d61cd9b0e1,82,Proportional,5,10,second,recorded,1,64,0.0030163697239261357,0.0020560763886444122,0.0015880182085144848,0.006262670279924188,4.999999888241291e-05,0.0045243997871875765,1.0,0.0,0.03990000000000002,0.01421875,1.0,0.0043,0.010639999999999998,0.007574999999999999,"[""Proportional Baseline Exp 1"",""14606420"",""0""]",1.288567391733019,6
forecast-continued-feedforward-43-g89-k5-second-recorded,feedforward,continued,43,6a1e6a7ef5770e5cb77a129d7c941aabd21f8b4fcac17e8b615fb4d61cd9b0e1,89,Proportional,5,10,second,recorded,1,64,0.09379503569480538,0.09061189766535682,0.03695343202568947,0.031026093928575037,0.8470050048828125,0.24539647912979126,1.0,0.4059999999999999,1.0,0.8393593749999999,0.0,0.1395295486140251,0.2355698645842075,0.1878621967250481,"[""Proportional Baseline Exp 1"",""36303454"",""0""]",2.75926576612634,31
forecast-continued-feedforward-43-g97-k5-second-recorded,feedforward,continued,43,6a1e6a7ef5770e5cb77a129d7c941aabd21f8b4fcac17e8b615fb4d61cd9b0e1,97,Proportional,5,10,second,recorded,1,64,0.09632378457241764,0.09316824022928868,0.0207180202748745,0.2006253793430707,0.3850050354003906,0.1781989876627922,1.0,0.009100000000000004,0.763,0.3315,1.0,0.11320055084228514,0.19215055084228513,0.14720836334228513,"[""Proportional Baseline Exp 1"",""45673270"",""0""]",2.737105813865209,32
forecast-continued-recurrent-17-g104-k5-second-recorded,recurrent,continued,17,a8f92a9c4693f2c4efb1175208ad11230ff2b9c74c26ab466d117ec36676b61e,104,Proportional,5,10,second,recorded,1,64,0.33949211502827936,0.33901339285714294,0.008995362481616798,0.23589093739759356,1.0,0.14079737854003907,1.0,0.006999999999999999,1.0,0.4595625,1.0,0.09494045242309569,0.17923045242309568,0.13416763992309566,"[""Proportional Baseline Exp 1"",""63752993"",""0""]",3.359658620386994,20
forecast-continued-recurrent-17-g107-k5-second-recorded,recurrent,continued,17,a8f92a9c4693f2c4efb1175208ad11230ff2b9c74c26ab466d117ec36676b61e,107,Proportional,5,10,second,recorded,1,64,0.3881827124630038,0.38977183455891085,0.014376422713992629,0.18207520523998477,0.5740049362182618,0.10740003997087479,0.0,0.0,0.25550000000000006,0.12532812499999998,0.0,0.062250547790527334,0.10550054779052734,0.08546304779052732,"[""Proportional Baseline Exp 1"",""69384851"",""0""]",2.424989207072691,38
forecast-continued-recurrent-17-g111-k5-second-recorded,recurrent,continued,17,a8f92a9c4693f2c4efb1175208ad11230ff2b9c74c26ab466d117ec36676b61e,111,Proportional,5,10,second,recorded,1,64,0.052554470568251244,0.05026279052429729,0.009683051548614381,0.05809223516252304,0.07000502109527589,0.04849999743700027,1.0,0.006999999999999999,0.5229000000000001,0.19151562499999997,1.0,0.043320498962402344,0.09619049896240234,0.06812393646240233,"[""Proportional Baseline Exp 1"",""76356479"",""0""]",1.8573594707508354,23
forecast-continued-recurrent-17-g117-k5-second-recorded,recurrent,continued,17,a8f92a9c4693f2c4efb1175208ad11230ff2b9c74c26ab466d117ec36676b61e,117,Proportional,5,10,second,recorded,1,64,0.2346010759432013,0.2270381944444445,0.013842316199105878,0.09292157952747648,1.0,0.16349546813964844,1.0,0.0,1.0,0.520171875,1.0,0.10035000000000001,0.21868050354003904,0.1581267198562622,"[""Proportional Baseline Exp 1"",""85019022"",""0""]",4.3804499872675295,10
forecast-continued-recurrent-17-g13-k5-second-recorded,recurrent,continued,17,a8f92a9c4693f2c4efb1175208ad11230ff2b9c74c26ab466d117ec36676b61e,13,Equal,5,10,second,recorded,1,64,0.0014515368042308135,4.843749891733743e-05,0.00142142960405539,0.005006340601325631,4.999999888241291e-05,0.008017599403858185,0.0,0.0,0.0,0.00043749999999999995,1.0,0.00460040225982666,0.008740402259826658,0.00617852725982666,"[""Equal Baseline Exp 1"",""35368456"",""0""]",0.7866967530757323,20
forecast-continued-recurrent-17-g20-k5-second-recorded,recurrent,continued,17,a8f92a9c4693f2c4efb1175208ad11230ff2b9c74c26ab466d117ec36676b61e,20,Equal,5,10,second,recorded,1,64,0.0005036967707179806,5.920138787607549e-05,0.0005222748105562036,0.0019011661839496807,4.999999888241291e-05,0.005930800035595894,0.0,0.0,0.0,0.0006562499999999999,1.0,0.005300404453277588,0.010380404453277587,0.0072347794532775875,"[""Equal Baseline Exp 1"",""40800498"",""0""]",0.8180880011378615,8
forecast-continued-recurrent-17-g25-k5-second-recorded,recurrent,continued,17,a8f92a9c4693f2c4efb1175208ad11230ff2b9c74c26ab466d117ec36676b61e,25,Equal,5,10,second,recorded,1,64,0.0009138062567790616,0.00013246527683481355,0.0007657679392409238,0.004629325905512733,4.999999888241291e-05,0.015108798652887345,0.0,0.0,0.0,0.0016406249999999997,1.0,0.011560404739379884,0.018100404739379884,0.01457384223937988,"[""Equal Baseline Exp 1"",""46096247"",""0""]",0.919083015354415,28
forecast-continued-recurrent-17-g35-k5-second-recorded,recurrent,continued,17,a8f92a9c4693f2c4efb1175208ad11230ff2b9c74c26ab466d117ec36676b61e,35,Equal,5,10,second,recorded,1,64,0.0008396852500198494,5.381944339670659e-05,0.0008686429563628891,0.002614167298381734,4.999999888241291e-05,0.005930799975991249,0.0,0.0,0.0,0.0005468749999999999,1.0,0.005560402545928955,0.009840402545928955,0.007589465045928954,"[""Equal Baseline Exp 1"",""92291462"",""0""]",0.9613427187699626,8
forecast-continued-recurrent-17-g36-k5-second-recorded,recurrent,continued,17,a8f92a9c4693f2c4efb1175208ad11230ff2b9c74c26ab466d117ec36676b61e,36,Equal,5,10,second,recorded,1,64,0.01037704963188089,0.007979513888958737,0.003114184985425145,0.0156428953578825,4.999999888241291e-05,0.05590439735352993,1.0,0.0,0.10290000000000002,0.0284375,1.0,0.04436040473937988,0.07595040473937988,0.05985977973937988,"[""Equal Baseline Exp 1"",""92992435"",""0""]",1.7163576163887546,32
forecast-continued-recurrent-17-g44-k5-second-recorded,recurrent,continued,17,a8f92a9c4693f2c4efb1175208ad11230ff2b9c74c26ab466d117ec36676b61e,44,Mixed,5,10,second,recorded,1,64,0.44850933663921505,0.44903940003258835,0.026028512852437905,0.4951569093015459,0.2660055923461914,0.17819943594932555,0.0,0.4004000000000001,1.0,0.8296874999999999,1.0,0.15119944686889647,0.27185961280822746,0.21814332650899884,"[""Mixed Baseline Exp 1"",""18823620"",""0""]",3.0915860389343606,40
forecast-continued-recurrent-17-g47-k5-second-recorded,recurrent,continued,17,a8f92a9c4693f2c4efb1175208ad11230ff2b9c74c26ab466d117ec36676b61e,47,Mixed,5,10,second,recorded,1,64,0.15875470289141502,0.15975056992636782,0.007281969246694024,0.0851764955970976,0.30100461959838865,0.1173999879360199,0.0,0.0021000000000000046,0.26389999999999997,0.100515625,1.0,0.0784304508972168,0.14422045089721677,0.10900513839721679,"[""Mixed Baseline Exp 1"",""26185795"",""0""]",2.524093841170978,40
forecast-continued-recurrent-17-g52-k5-second-recorded,recurrent,continued,17,a8f92a9c4693f2c4efb1175208ad11230ff2b9c74c26ab466d117ec36676b61e,52,Mixed,5,10,second,recorded,1,64,0.2774004566827207,0.27761918910344435,0.019594220820116626,0.16427173597547745,0.5460056686401367,0.18119998455047606,0.0,0.013999999999999999,0.5298999999999999,0.18648437499999998,1.0,0.11167055847167968,0.19380055847167965,0.15057087097167968,"[""Mixed Baseline Exp 1"",""37465807"",""0""]",2.84176971517751,40
forecast-continued-recurrent-17-g57-k5-second-recorded,recurrent,continued,17,a8f92a9c4693f2c4efb1175208ad11230ff2b9c74c26ab466d117ec36676b61e,57,Mixed,5,10,second,recorded,1,64,0.0014599900525772746,0.00014670138801577397,0.0015182950714965236,0.005492719259489483,4.999999888241291e-05,0.0125175496712327,1.0,0.0,0.004900000000000019,0.0013124999999999999,1.0,0.012100454330444333,0.019840454330444332,0.015544204330444334,"[""Mixed Baseline Exp 1"",""47841996"",""0""]",0.8937276104171126,18
forecast-continued-recurrent-17-g60-k5-second-recorded,recurrent,continued,17,a8f92a9c4693f2c4efb1175208ad11230ff2b9c74c26ab466d117ec36676b61e,60,Mixed,5,10,second,recorded,1,64,0.6290467295619593,0.6314479166666668,0.020576451370451193,0.33714819715202804,1.0,0.22289892768859862,0.0,0.018200000000000008,0.5929,0.24849999999999997,1.0,0.13529049438476565,0.23416049438476566,0.1863208068847656,"[""Mixed Baseline Exp 1"",""50116627"",""0""]",2.799421869710372,40
forecast-continued-recurrent-17-g64-k5-second-recorded,recurrent,continued,17,a8f92a9c4693f2c4efb1175208ad11230ff2b9c74c26ab466d117ec36676b61e,64,Mixed,5,10,second,recorded,1,64,0.21406180497985325,0.2167928140428331,0.0072208042446110015,0.10422676852875286,0.23100461959838867,0.05709999346733093,0.0,0.0,0.018900000000000017,0.007984375,0.0,0.0341804566192627,0.05674045661926269,0.045933269119262696,"[""Mixed Baseline Exp 1"",""64291720"",""0""]",2.0084242064253743,40
forecast-continued-recurrent-17-g73-k5-second-recorded,recurrent,continued,17,a8f92a9c4693f2c4efb1175208ad11230ff2b9c74c26ab466d117ec36676b61e,73,Mixed,5,10,second,recorded,1,64,0.13467707956246308,0.13457048382834783,0.01245002554390167,0.0926200522140851,0.6930049133300781,0.23549997711181642,1.0,0.11899999999999998,1.0,0.513921875,1.0,0.17229049896240234,0.2565904989624023,0.213011373758316,"[""Mixed Baseline Exp 1"",""85460730"",""0""]",3.3184706216648268,40
forecast-continued-recurrent-17-g78-k5-second-recorded,recurrent,continued,17,a8f92a9c4693f2c4efb1175208ad11230ff2b9c74c26ab466d117ec36676b61e,78,Mixed,5,10,second,recorded,1,64,0.0041897337521971684,0.0022694444441650474,0.0020584325396825406,0.010565304183775635,4.999999888241291e-05,0.03320884764939547,1.0,0.0,0.037800000000000035,0.012796875,1.0,0.024120551986694334,0.04636055198669433,0.03503023948669433,"[""Mixed Baseline Exp 1"",""95675568"",""0""]",1.4862868493615613,27
forecast-continued-recurrent-17-g80-k5-second-recorded,recurrent,continued,17,a8f92a9c4693f2c4efb1175208ad11230ff2b9c74c26ab466d117ec36676b61e,80,Proportional,5,10,second,recorded,1,64,0.19230552757224725,0.19381720280647274,0.002738188337587885,0.07122502579126092,0.2450050163269043,0.018699999153614043,0.0,0.0,0.10080000000000004,0.034124999999999996,1.0,0.008990502586364744,0.02254050258636474,0.015566127586364744,"[""Proportional Baseline Exp 1"",""11095201"",""0""]",2.070519726186559,14
forecast-continued-recurrent-17-g82-k5-second-recorded,recurrent,continued,17,a8f92a9c4693f2c4efb1175208ad11230ff2b9c74c26ab466d117ec36676b61e,82,Proportional,5,10,second,recorded,1,64,0.00048584528639505626,6.458333235544471e-05,0.0004903044448840239,0.0016967361803211837,4.999999888241291e-05,0.0045243997871875765,0.0,0.0,0.0,0.0005468749999999999,1.0,0.0039,0.00738,0.0055015624999999995,"[""Proportional Baseline Exp 1"",""14606420"",""0""]",1.014481786868073,6
forecast-continued-recurrent-17-g89-k5-second-recorded,recurrent,continued,17,a8f92a9c4693f2c4efb1175208ad11230ff2b9c74c26ab466d117ec36676b61e,89,Proportional,5,10,second,recorded,1,64,0.10884365346720218,0.10353675999717105,0.029218422256776753,0.04677234285932684,0.8470050048828125,0.24539647912979126,1.0,0.0,1.0,0.706203125,0.0,0.12983954861402514,0.24461999999999998,0.19076216851342467,"[""Proportional Baseline Exp 1"",""36303454"",""0""]",2.9723217367034427,31
forecast-continued-recurrent-17-g97-k5-second-recorded,recurrent,continued,17,a8f92a9c4693f2c4efb1175208ad11230ff2b9c74c26ab466d117ec36676b61e,97,Proportional,5,10,second,recorded,1,64,0.11617960671647037,0.11459942520989311,0.020933748250300952,0.21502854058174864,0.3850050354003906,0.1781989876627922,1.0,0.027999999999999997,0.7007,0.27254687499999997,1.0,0.11348055084228516,0.18008055084228514,0.14602242584228514,"[""Proportional Baseline Exp 1"",""45673270"",""0""]",2.7445118100213253,32
forecast-continued-recurrent-29-g104-k5-second-recorded,recurrent,continued,29,d85aae54aeba7cf9de9a453c743dbaac3af05ae43385c8592b54f6d40694fc4f,104,Proportional,5,10,second,recorded,1,64,0.38678450101945305,0.38610367063492057,0.0117360370847914,0.26977271952629095,1.0,0.14079737854003907,1.0,0.0,1.0,0.41318750000000004,1.0,0.07539045242309571,0.17359045242309565,0.12678170242309567,"[""Proportional Baseline Exp 1"",""63752993"",""0""]",3.3701596327337797,20
forecast-continued-recurrent-29-g107-k5-second-recorded,recurrent,continued,29,d85aae54aeba7cf9de9a453c743dbaac3af05ae43385c8592b54f6d40694fc4f,107,Proportional,5,10,second,recorded,1,64,0.3810829419534472,0.3826468345589108,0.01197337506573116,0.16543122058543897,0.5740049362182618,0.10740003997087479,0.0,0.0,0.2905000000000001,0.12184374999999999,1.0,0.06426054779052734,0.11722054779052732,0.08942242279052733,"[""Proportional Baseline Exp 1"",""69384851"",""0""]",2.4443240279643295,38
forecast-continued-recurrent-29-g111-k5-second-recorded,recurrent,continued,29,d85aae54aeba7cf9de9a453c743dbaac3af05ae43385c8592b54f6d40694fc4f,111,Proportional,5,10,second,recorded,1,64,0.05511216212957243,0.05195026522023341,0.01273073587207685,0.06373860127161891,0.07000502109527589,0.04849999743700027,1.0,0.0,0.6244000000000001,0.213796875,1.0,0.04216049896240235,0.09914049896240235,0.07141924896240233,"[""Proportional Baseline Exp 1"",""76356479"",""0""]",1.8810917925124533,23
forecast-continued-recurrent-29-g117-k5-second-recorded,recurrent,continued,29,d85aae54aeba7cf9de9a453c743dbaac3af05ae43385c8592b54f6d40694fc4f,117,Proportional,5,10,second,recorded,1,64,0.11664189658861088,0.10451934523809522,0.01361471060041397,0.04288844935250661,1.0,0.16349546813964844,1.0,0.0,1.0,0.67709375,1.0,0.09100050354003907,0.21894050354003905,0.15414858698844908,"[""Proportional Baseline Exp 1"",""85019022"",""0""]",4.2371652832290785,10
forecast-continued-recurrent-29-g13-k5-second-recorded,recurrent,continued,29,d85aae54aeba7cf9de9a453c743dbaac3af05ae43385c8592b54f6d40694fc4f,13,Equal,5,10,second,recorded,1,64,0.0012532491347005952,4.9999998882412894e-05,0.0012502822033351381,0.00484500381438605,4.999999888241291e-05,0.008017599403858185,0.0,0.0,0.0,0.0,0.0,0.00460040225982666,0.008000402259826659,0.0062441522598266595,"[""Equal Baseline Exp 1"",""35368456"",""0""]",0.8030933182719486,20
forecast-continued-recurrent-29-g20-k5-second-recorded,recurrent,continued,29,d85aae54aeba7cf9de9a453c743dbaac3af05ae43385c8592b54f6d40694fc4f,20,Equal,5,10,second,recorded,1,64,0.0005594630006312844,8.888888791100001e-05,0.000572394013560066,0.0019731453521274183,4.999999888241291e-05,0.005930800035595894,0.0,0.0,0.0,0.0010937499999999999,1.0,0.005300404453277588,0.010040404453277587,0.0072504044532775876,"[""Equal Baseline Exp 1"",""40800498"",""0""]",0.8047811383405719,8
forecast-continued-recurrent-29-g25-k5-second-recorded,recurrent,continued,29,d85aae54aeba7cf9de9a453c743dbaac3af05ae43385c8592b54f6d40694fc4f,25,Equal,5,10,second,recorded,1,64,0.0009365129369477403,0.0001690972213141827,0.0007873806294438148,0.004645026504355095,4.999999888241291e-05,0.015108798652887345,0.0,0.0,0.0,0.0031718749999999998,1.0,0.01150040473937988,0.01996040473937988,0.014973842239379882,"[""Equal Baseline Exp 1"",""46096247"",""0""]",0.9135171753478973,28
forecast-continued-recurrent-29-g35-k5-second-recorded,recurrent,continued,29,d85aae54aeba7cf9de9a453c743dbaac3af05ae43385c8592b54f6d40694fc4f,35,Equal,5,10,second,recorded,1,64,0.0005759927014272158,5.72916656189289e-05,0.000592154861124794,0.001954018847790495,4.999999888241291e-05,0.005930799975991249,0.0,0.0,0.0,0.0006562499999999999,1.0,0.005900402545928955,0.008980402545928953,0.007172277545928955,"[""Equal Baseline Exp 1"",""92291462"",""0""]",0.9563949813038848,8
forecast-continued-recurrent-29-g36-k5-second-recorded,recurrent,continued,29,d85aae54aeba7cf9de9a453c743dbaac3af05ae43385c8592b54f6d40694fc4f,36,Equal,5,10,second,recorded,1,64,0.013035355425119938,0.011009548611285731,0.003253544343217082,0.0166805376462108,4.999999888241291e-05,0.05590439735352993,1.0,0.0,0.08190000000000001,0.030953124999999998,1.0,0.04370040473937987,0.07171040473937988,0.059108217239379875,"[""Equal Baseline Exp 1"",""92992435"",""0""]",1.7604758113984231,32
forecast-continued-recurrent-29-g44-k5-second-recorded,recurrent,continued,29,d85aae54aeba7cf9de9a453c743dbaac3af05ae43385c8592b54f6d40694fc4f,44,Mixed,5,10,second,recorded,1,64,0.3490046485699182,0.34604024558597135,0.031178612584750798,0.39100005553468825,0.2660055923461914,0.17819943594932555,0.0,0.3423,1.0,0.745265625,0.0,0.1868594468688965,0.26427,0.2240152447223663,"[""Mixed Baseline Exp 1"",""18823620"",""0""]",3.1068999312590475,40
forecast-continued-recurrent-29-g47-k5-second-recorded,recurrent,continued,29,d85aae54aeba7cf9de9a453c743dbaac3af05ae43385c8592b54f6d40694fc4f,47,Mixed,5,10,second,recorded,1,64,0.16906429144926963,0.1701882142888175,0.008452963790675958,0.09224176744884915,0.30100461959838865,0.1173999879360199,0.0,0.0,0.23170000000000004,0.09351562499999999,1.0,0.07898045089721681,0.13424045089721676,0.10491451339721677,"[""Mixed Baseline Exp 1"",""26185795"",""0""]",2.508484110106408,40
forecast-continued-recurrent-29-g52-k5-second-recorded,recurrent,continued,29,d85aae54aeba7cf9de9a453c743dbaac3af05ae43385c8592b54f6d40694fc4f,52,Mixed,5,10,second,recorded,1,64,0.24592416829571795,0.2458211094273461,0.018235865349807447,0.14708820029478226,0.5460056686401367,0.18119998455047606,0.0,0.016100000000000003,0.4634000000000001,0.21623437499999998,1.0,0.11532055847167966,0.19261055847167965,0.15309587097167965,"[""Mixed Baseline Exp 1"",""37465807"",""0""]",2.865785527520515,40
forecast-continued-recurrent-29-g57-k5-second-recorded,recurrent,continued,29,d85aae54aeba7cf9de9a453c743dbaac3af05ae43385c8592b54f6d40694fc4f,57,Mixed,5,10,second,recorded,1,64,0.0009177455707292531,0.00011354166575862704,0.0009218134535535687,0.003850254711136869,4.999999888241291e-05,0.0125175496712327,0.0,0.0,0.0,0.0010937499999999999,1.0,0.011020454330444336,0.01952045433044433,0.014591079330444335,"[""Mixed Baseline Exp 1"",""47841996"",""0""]",0.8963559617495531,18
forecast-continued-recurrent-29-g60-k5-second-recorded,recurrent,continued,29,d85aae54aeba7cf9de9a453c743dbaac3af05ae43385c8592b54f6d40694fc4f,60,Mixed,5,10,second,recorded,1,64,0.613494531976383,0.6148229166666668,0.030498727703283716,0.3682254496731456,1.0,0.22289892768859862,0.0,0.016100000000000003,0.6062000000000002,0.25570312500000003,0.0,0.1273104943847656,0.21969049438476562,0.1760739318847656,"[""Mixed Baseline Exp 1"",""50116627"",""0""]",2.8381481529023747,40
forecast-continued-recurrent-29-g64-k5-second-recorded,recurrent,continued,29,d85aae54aeba7cf9de9a453c743dbaac3af05ae43385c8592b54f6d40694fc4f,64,Mixed,5,10,second,recorded,1,64,0.19723232559989556,0.198962952931722,0.007461656604305151,0.09685942202375994,0.23100461959838867,0.05709999346733093,0.0,0.0,0.05880000000000004,0.017828125,1.0,0.034860456619262695,0.06002045661926268,0.04586451911926269,"[""Mixed Baseline Exp 1"",""64291720"",""0""]",2.009336340413268,40
forecast-continued-recurrent-29-g73-k5-second-recorded,recurrent,continued,29,d85aae54aeba7cf9de9a453c743dbaac3af05ae43385c8592b54f6d40694fc4f,73,Mixed,5,10,second,recorded,1,64,0.11662062915309412,0.11636630769759884,0.008633161124161327,0.08315464023597657,0.6930049133300781,0.23549997711181642,1.0,0.16799999999999998,0.9429,0.53675,1.0,0.1726704989624023,0.253350147819519,0.21783477206826207,"[""Mixed Baseline Exp 1"",""85460730"",""0""]",3.2941090653419076,40
forecast-continued-recurrent-29-g78-k5-second-recorded,recurrent,continued,29,d85aae54aeba7cf9de9a453c743dbaac3af05ae43385c8592b54f6d40694fc4f,78,Mixed,5,10,second,recorded,1,64,0.003315424533522111,0.001784201388434872,0.0015953438163446724,0.009018016634104098,4.999999888241291e-05,0.03320884764939547,1.0,0.0,0.03290000000000002,0.011921874999999998,1.0,0.025260551986694333,0.044540551986694335,0.03393648948669433,"[""Mixed Baseline Exp 1"",""95675568"",""0""]",1.4991100664820498,27
forecast-continued-recurrent-29-g80-k5-second-recorded,recurrent,continued,29,d85aae54aeba7cf9de9a453c743dbaac3af05ae43385c8592b54f6d40694fc4f,80,Proportional,5,10,second,recorded,1,64,0.20359444259592288,0.20475485956668854,0.0034847051958006533,0.07946609036359523,0.2450050163269043,0.018699999153614043,0.0,0.0,0.07,0.02275,1.0,0.008800502586364745,0.021640502586364744,0.013741127586364744,"[""Proportional Baseline Exp 1"",""11095201"",""0""]",2.1474387559956463,14
forecast-continued-recurrent-29-g82-k5-second-recorded,recurrent,continued,29,d85aae54aeba7cf9de9a453c743dbaac3af05ae43385c8592b54f6d40694fc4f,82,Proportional,5,10,second,recorded,1,64,0.0005066136961541503,0.0001644097214189566,0.0004464921299959458,0.0015556267974536036,4.999999888241291e-05,0.0045243997871875765,1.0,0.0,0.006999999999999999,0.002296875,1.0,0.0035600000000000002,0.008140000000000003,0.0055328124999999995,"[""Proportional Baseline Exp 1"",""14606420"",""0""]",1.0205201046496242,6
forecast-continued-recurrent-29-g89-k5-second-recorded,recurrent,continued,29,d85aae54aeba7cf9de9a453c743dbaac3af05ae43385c8592b54f6d40694fc4f,89,Proportional,5,10,second,recorded,1,64,0.10887072445671259,0.10252986920069132,0.0451547944468461,0.03849742819458128,0.8470050048828125,0.24539647912979126,1.0,0.0,1.0,0.767859375,0.0,0.12057986458420754,0.23651968402981755,0.17694965440761296,"[""Proportional Baseline Exp 1"",""36303454"",""0""]",2.782598486962713,31
forecast-continued-recurrent-29-g97-k5-second-recorded,recurrent,continued,29,d85aae54aeba7cf9de9a453c743dbaac3af05ae43385c8592b54f6d40694fc4f,97,Proportional,5,10,second,recorded,1,64,0.07686248693775541,0.07436302334921702,0.012384434402775448,0.1707569208839583,0.3850050354003906,0.1781989876627922,1.0,0.0581,0.8057,0.362734375,1.0,0.11913055084228516,0.1967605508422851,0.15779430084228513,"[""Proportional Baseline Exp 1"",""45673270"",""0""]",2.7432529150370453,32
forecast-continued-recurrent-43-g104-k5-second-recorded,recurrent,continued,43,3bcb6bb2871153c8c95f34d6759c69fb18b7702b90f72633e8e8172973e52241,104,Proportional,5,10,second,recorded,1,64,0.40608038018388115,0.40607837301587313,0.0101618433255998,0.29249297309413796,1.0,0.14079737854003907,0.0,0.0,0.9737,0.39082812499999997,1.0,0.08517045242309572,0.17390045242309568,0.12701607742309567,"[""Proportional Baseline Exp 1"",""63752993"",""0""]",3.387627475179604,20
forecast-continued-recurrent-43-g107-k5-second-recorded,recurrent,continued,43,3bcb6bb2871153c8c95f34d6759c69fb18b7702b90f72633e8e8172973e52241,107,Proportional,5,10,second,recorded,1,64,0.3650616855779094,0.36694891789224415,0.011006873077952443,0.15685008205042944,0.5740049362182618,0.10740003997087479,0.0,2.664535259100382e-18,0.26460000000000006,0.145359375,1.0,0.06433054779052735,0.11922054779052733,0.09024273529052733,"[""Proportional Baseline Exp 1"",""69384851"",""0""]",2.4439440190000714,38
forecast-continued-recurrent-43-g111-k5-second-recorded,recurrent,continued,43,3bcb6bb2871153c8c95f34d6759c69fb18b7702b90f72633e8e8172973e52241,111,Proportional,5,10,second,recorded,1,64,0.036648880794684036,0.03592392492956585,0.008502169613841738,0.04196162523610724,0.07000502109527589,0.04849999743700027,1.0,0.0,0.42070000000000024,0.135515625,1.0,0.038190498962402335,0.09035049896240233,0.06464581146240234,"[""Proportional Baseline Exp 1"",""76356479"",""0""]",1.774687504868975,23
forecast-continued-recurrent-43-g117-k5-second-recorded,recurrent,continued,43,3bcb6bb2871153c8c95f34d6759c69fb18b7702b90f72633e8e8172973e52241,117,Proportional,5,10,second,recorded,1,64,0.09157212036649684,0.08075545634920639,0.012107340107266867,0.047658692091987254,1.0,0.16349546813964844,1.0,0.0,1.0,0.715671875,1.0,0.09880000000000001,0.213280503540039,0.161348649930954,"[""Proportional Baseline Exp 1"",""85019022"",""0""]",4.358385515962817,10
forecast-continued-recurrent-43-g13-k5-second-recorded,recurrent,continued,43,3bcb6bb2871153c8c95f34d6759c69fb18b7702b90f72633e8e8172973e52241,13,Equal,5,10,second,recorded,1,64,0.0012361428221103873,4.8437498917337454e-05,0.0012130713400564032,0.0046543272723980605,4.999999888241291e-05,0.008017599403858185,0.0,0.0,0.0,0.00021874999999999998,1.0,0.00460040225982666,0.009400402259826657,0.0064254022598266595,"[""Equal Baseline Exp 1"",""35368456"",""0""]",0.8001772236343735,20
forecast-continued-recurrent-43-g20-k5-second-recorded,recurrent,continued,43,3bcb6bb2871153c8c95f34d6759c69fb18b7702b90f72633e8e8172973e52241,20,Equal,5,10,second,recorded,1,64,0.0002589882941221401,4.9999998882412894e-05,0.00025341300918232804,0.00102817698355389,4.999999888241291e-05,0.005930800035595894,0.0,0.0,0.0,0.0,1.0,0.005300404453277588,0.007900404453277587,0.006584779453277587,"[""Equal Baseline Exp 1"",""40800498"",""0""]",0.8202567688626693,8
forecast-continued-recurrent-43-g25-k5-second-recorded,recurrent,continued,43,3bcb6bb2871153c8c95f34d6759c69fb18b7702b90f72633e8e8172973e52241,25,Equal,5,10,second,recorded,1,64,0.0007575407993577134,0.00012204861016814673,0.0006269992720276591,0.004378055273129656,4.999999888241291e-05,0.015108798652887345,0.0,0.0,0.0,0.0016406249999999997,1.0,0.01150040473937988,0.01750040473937988,0.014623842239379882,"[""Equal Baseline Exp 1"",""46096247"",""0""]",0.9261963316489904,28
forecast-continued-recurrent-43-g35-k5-second-recorded,recurrent,continued,43,3bcb6bb2871153c8c95f34d6759c69fb18b7702b90f72633e8e8172973e52241,35,Equal,5,10,second,recorded,1,64,0.0008678584448724544,0.00018298611020307193,0.0008394912084401947,0.002839536661107558,4.999999888241291e-05,0.005930799975991249,0.0,0.0,0.0,0.002078125,1.0,0.005300402545928956,0.011040402545928953,0.0077300900459289544,"[""Equal Baseline Exp 1"",""92291462"",""0""]",0.9583205347336335,8
forecast-continued-recurrent-43-g36-k5-second-recorded,recurrent,continued,43,3bcb6bb2871153c8c95f34d6759c69fb18b7702b90f72633e8e8172973e52241,36,Equal,5,10,second,recorded,1,64,0.01080287835980915,0.008796180555765098,0.002440425064790224,0.016591903146654492,4.999999888241291e-05,0.05590439735352993,1.0,0.0,0.08190000000000001,0.029859375,1.0,0.04308040473937988,0.07228040473937988,0.05770821723937987,"[""Equal Baseline Exp 1"",""92992435"",""0""]",1.7596371551941223,32
forecast-continued-recurrent-43-g44-k5-second-recorded,recurrent,continued,43,3bcb6bb2871153c8c95f34d6759c69fb18b7702b90f72633e8e8172973e52241,44,Mixed,5,10,second,recorded,1,64,0.25396096843422206,0.24595924590125912,0.04287021440825764,0.35259781644117266,0.2660055923461914,0.17819943594932555,0.0,0.2821,1.0,0.65015625,0.0,0.19929944686889647,0.26836961280822746,0.23602777065038677,"[""Mixed Baseline Exp 1"",""18823620"",""0""]",3.083231935637376,40
forecast-continued-recurrent-43-g47-k5-second-recorded,recurrent,continued,43,3bcb6bb2871153c8c95f34d6759c69fb18b7702b90f72633e8e8172973e52241,47,Mixed,5,10,second,recorded,1,64,0.15543578214737036,0.15746584770414562,0.008051428158675863,0.08518191767864756,0.30100461959838865,0.1173999879360199,0.0,0.0,0.24430000000000013,0.102921875,1.0,0.07311045089721678,0.13620045089721677,0.10465201339721678,"[""Mixed Baseline Exp 1"",""26185795"",""0""]",2.523617182834084,40
forecast-continued-recurrent-43-g52-k5-second-recorded,recurrent,continued,43,3bcb6bb2871153c8c95f34d6759c69fb18b7702b90f72633e8e8172973e52241,52,Mixed,5,10,second,recorded,1,64,0.31285095323216633,0.31349489768346145,0.025804331463859208,0.19593219796400224,0.5460056686401367,0.18119998455047606,0.0,0.006999999999999999,0.3738,0.16732812499999997,1.0,0.1110305584716797,0.18383055847167964,0.14266149597167965,"[""Mixed Baseline Exp 1"",""37465807"",""0""]",2.8842001993610307,40
forecast-continued-recurrent-43-g57-k5-second-recorded,recurrent,continued,43,3bcb6bb2871153c8c95f34d6759c69fb18b7702b90f72633e8e8172973e52241,57,Mixed,5,10,second,recorded,1,64,0.001304959022885189,0.0002913194436761032,0.0012811388503789658,0.004862963254461323,4.999999888241291e-05,0.0125175496712327,1.0,0.0,0.013999999999999999,0.002296875,1.0,0.011160454330444334,0.02113045433044434,0.015345766830444333,"[""Mixed Baseline Exp 1"",""47841996"",""0""]",0.9060232908683776,18
forecast-continued-recurrent-43-g60-k5-second-recorded,recurrent,continued,43,3bcb6bb2871153c8c95f34d6759c69fb18b7702b90f72633e8e8172973e52241,60,Mixed,5,10,second,recorded,1,64,0.72803032401717,0.7304652777777778,0.03160696311810661,0.4206545975632139,1.0,0.22289892768859862,0.0,0.016100000000000003,0.39480000000000004,0.18046874999999998,0.0,0.12817049438476563,0.2164304943847656,0.1748973693847656,"[""Mixed Baseline Exp 1"",""50116627"",""0""]",2.8081699641655065,40
forecast-continued-recurrent-43-g64-k5-second-recorded,recurrent,continued,43,3bcb6bb2871153c8c95f34d6759c69fb18b7702b90f72633e8e8172973e52241,64,Mixed,5,10,second,recorded,1,64,0.16872571285154647,0.1703865640428331,0.003435534421058875,0.06854069143964185,0.23100461959838867,0.05709999346733093,0.0,0.0,0.12390000000000001,0.036203125,1.0,0.03612045661926269,0.06927045661926269,0.05263014411926269,"[""Mixed Baseline Exp 1"",""64291720"",""0""]",2.019953335206318,40
forecast-continued-recurrent-43-g73-k5-second-recorded,recurrent,continued,43,3bcb6bb2871153c8c95f34d6759c69fb18b7702b90f72633e8e8172973e52241,73,Mixed,5,10,second,recorded,1,64,0.1954039560633509,0.19630637058379163,0.013060416945010925,0.11953027953609588,0.6930049133300781,0.23549997711181642,1.0,0.0651,0.9519999999999998,0.42112499999999997,1.0,0.15881049896240232,0.2526704989624023,0.20992860044836995,"[""Mixed Baseline Exp 1"",""85460730"",""0""]",3.3276444002966317,40
forecast-continued-recurrent-43-g78-k5-second-recorded,recurrent,continued,43,3bcb6bb2871153c8c95f34d6759c69fb18b7702b90f72633e8e8172973e52241,78,Mixed,5,10,second,recorded,1,64,0.00440697861452719,0.0030008680553809345,0.0018839492126730166,0.010050921931570499,4.999999888241291e-05,0.03320884764939547,1.0,0.0,0.03990000000000002,0.015640625,1.0,0.025260551986694333,0.04441055198669433,0.035783364486694336,"[""Mixed Baseline Exp 1"",""95675568"",""0""]",1.4532908689658077,27
forecast-continued-recurrent-43-g80-k5-second-recorded,recurrent,continued,43,3bcb6bb2871153c8c95f34d6759c69fb18b7702b90f72633e8e8172973e52241,80,Proportional,5,10,second,recorded,1,64,0.2095563130209972,0.21067847067779963,0.004114965538662816,0.08482213626909588,0.2450050163269043,0.018699999153614043,0.0,0.0,0.055999999999999994,0.019687499999999997,1.0,0.008400502586364744,0.01997050258636474,0.013425502586364744,"[""Proportional Baseline Exp 1"",""11095201"",""0""]",2.1895208967184496,14
forecast-continued-recurrent-43-g82-k5-second-recorded,recurrent,continued,43,3bcb6bb2871153c8c95f34d6759c69fb18b7702b90f72633e8e8172973e52241,82,Proportional,5,10,second,recorded,1,64,0.00040936545838325634,0.00013819444360625406,0.00033214983483924267,0.0013374878963255058,4.999999888241291e-05,0.0045243997871875765,1.0,0.0,0.006999999999999999,0.0015312499999999996,1.0,0.0039,0.00771,0.0053031250000000005,"[""Proportional Baseline Exp 1"",""14606420"",""0""]",1.0515276150269315,6
forecast-continued-recurrent-43-g89-k5-second-recorded,recurrent,continued,43,3bcb6bb2871153c8c95f34d6759c69fb18b7702b90f72633e8e8172973e52241,89,Proportional,5,10,second,recorded,1,64,0.10316711889331168,0.10032380597553553,0.024174611976654065,0.05586983154508329,0.8470050048828125,0.24539647912979126,1.0,0.006999999999999999,1.0,0.701453125,1.0,0.14607986458420752,0.2488296840298176,0.20051846788376565,"[""Proportional Baseline Exp 1"",""36303454"",""0""]",2.767143251774866,31
forecast-continued-recurrent-43-g97-k5-second-recorded,recurrent,continued,43,3bcb6bb2871153c8c95f34d6759c69fb18b7702b90f72633e8e8172973e52241,97,Proportional,5,10,second,recorded,1,64,0.10897077347266876,0.10884167002117823,0.014914098608819044,0.18126039210349798,0.3850050354003906,0.1781989876627922,1.0,0.016100000000000003,0.6789999999999999,0.287078125,1.0,0.12300055084228513,0.19552055084228512,0.15499586334228513,"[""Proportional Baseline Exp 1"",""45673270"",""0""]",2.7685765907962283,32
forecast-original-feedforward-17-g104-k5-second-recorded,feedforward,original,17,be65c3cf7720e5805db3f1eeb285d832d662e8b54d5684fc51e051e9ce4032a2,104,Proportional,5,10,second,recorded,1,64,0.39389289478013095,0.3929474206349207,0.01475719636470554,0.3300788934454085,1.0,0.14079737854003907,0.0,0.0,0.973,0.405796875,1.0,0.0752504524230957,0.15262045242309571,0.11455201492309569,"[""Proportional Baseline Exp 1"",""63752993"",""0""]",3.52697581241108,20
forecast-original-feedforward-17-g107-k5-second-recorded,feedforward,original,17,be65c3cf7720e5805db3f1eeb285d832d662e8b54d5684fc51e051e9ce4032a2,107,Proportional,5,10,second,recorded,1,64,0.4127774544367133,0.4141954456700219,0.024648117165740523,0.22563415229684777,0.5740049362182618,0.10740003997087479,0.0,0.0,0.2569,0.09537499999999999,0.0,0.05581054779052733,0.10107054779052732,0.07511617279052733,"[""Proportional Baseline Exp 1"",""69384851"",""0""]",2.5958783381255643,38
forecast-original-feedforward-17-g111-k5-second-recorded,feedforward,original,17,be65c3cf7720e5805db3f1eeb285d832d662e8b54d5684fc51e051e9ce4032a2,111,Proportional,5,10,second,recorded,1,64,0.03262136318232581,0.03207101353671815,0.005153276556351826,0.03087972355385621,0.07000502109527589,0.04849999743700027,1.0,0.0,0.4361000000000003,0.11725,1.0,0.04323049896240234,0.08712049896240232,0.06033174896240233,"[""Proportional Baseline Exp 1"",""76356479"",""0""]",1.8272855317540275,23
forecast-original-feedforward-17-g117-k5-second-recorded,feedforward,original,17,be65c3cf7720e5805db3f1eeb285d832d662e8b54d5684fc51e051e9ce4032a2,117,Proportional,5,10,second,recorded,1,64,0.08904651445525688,0.08060367063492066,0.013036010224478575,0.059827552584996314,1.0,0.16349546813964844,1.0,0.06790000000000004,1.0,0.74525,1.0,0.13142050354003906,0.2231701510620117,0.18302373647689818,"[""Proportional Baseline Exp 1"",""85019022"",""0""]",4.324109412674361,10
forecast-original-feedforward-17-g13-k5-second-recorded,feedforward,original,17,be65c3cf7720e5805db3f1eeb285d832d662e8b54d5684fc51e051e9ce4032a2,13,Equal,5,10,second,recorded,1,64,0.0010774578819329776,4.843749891733743e-05,0.0010526546733897364,0.003869909820673314,4.999999888241291e-05,0.008017599403858185,0.0,0.0,0.0,0.00043749999999999995,1.0,0.0050604022598266605,0.008800402259826657,0.006587902259826659,"[""Equal Baseline Exp 1"",""35368456"",""0""]",0.767769932209893,20
forecast-original-feedforward-17-g20-k5-second-recorded,feedforward,original,17,be65c3cf7720e5805db3f1eeb285d832d662e8b54d5684fc51e051e9ce4032a2,20,Equal,5,10,second,recorded,1,64,0.0005134188746150125,4.9999998882412894e-05,0.0005095741896224869,0.00166887771725176,4.999999888241291e-05,0.005930800035595894,0.0,0.0,0.0,0.0,1.0,0.005700404453277587,0.008700404453277587,0.006966029453277588,"[""Equal Baseline Exp 1"",""40800498"",""0""]",0.9376945004702908,8
forecast-original-feedforward-17-g25-k5-second-recorded,feedforward,original,17,be65c3cf7720e5805db3f1eeb285d832d662e8b54d5684fc51e051e9ce4032a2,25,Equal,5,10,second,recorded,1,64,0.0009909151946766626,0.00010815972127925836,0.0009075977093554921,0.004928783471911447,4.999999888241291e-05,0.015108798652887345,0.0,0.0,0.0,0.0017499999999999998,1.0,0.01150040473937988,0.01906040473937988,0.014762904739379882,"[""Equal Baseline Exp 1"",""46096247"",""0""]",0.9676972639962369,28
forecast-original-feedforward-17-g35-k5-second-recorded,feedforward,original,17,be65c3cf7720e5805db3f1eeb285d832d662e8b54d5684fc51e051e9ce4032a2,35,Equal,5,10,second,recorded,1,64,0.0005848083253658365,5.3819443396706484e-05,0.0006039604166803494,0.00205975579607184,4.999999888241291e-05,0.005930799975991249,0.0,0.0,0.0,0.00043749999999999995,1.0,0.005760402545928955,0.010040402545928953,0.007334777545928955,"[""Equal Baseline Exp 1"",""92291462"",""0""]",0.948313276438556,8
forecast-original-feedforward-17-g36-k5-second-recorded,feedforward,original,17,be65c3cf7720e5805db3f1eeb285d832d662e8b54d5684fc51e051e9ce4032a2,36,Equal,5,10,second,recorded,1,64,0.005208694320489664,0.0007973958327396145,0.004353634734348293,0.016997670063374486,4.999999888241291e-05,0.05590439735352993,1.0,0.0,0.020999999999999998,0.006124999999999999,1.0,0.038020404739379884,0.06060040473937988,0.04890040473937988,"[""Equal Baseline Exp 1"",""92992435"",""0""]",1.8433628457228166,32
forecast-original-feedforward-17-g44-k5-second-recorded,feedforward,original,17,be65c3cf7720e5805db3f1eeb285d832d662e8b54d5684fc51e051e9ce4032a2,44,Mixed,5,10,second,recorded,1,64,0.09267691148530766,0.08355140728420683,0.027585014619855644,0.1644673084007369,0.2660055923461914,0.17819943594932555,1.0,0.013999999999999999,0.42069999999999996,0.18724999999999997,0.0,0.18152983406066894,0.2648496128082275,0.2220855572223663,"[""Mixed Baseline Exp 1"",""18823620"",""0""]",3.1795463870136134,40
forecast-original-feedforward-17-g47-k5-second-recorded,feedforward,original,17,be65c3cf7720e5805db3f1eeb285d832d662e8b54d5684fc51e051e9ce4032a2,47,Mixed,5,10,second,recorded,1,64,0.2808114205762693,0.283150452931722,0.027372616982530996,0.19506153119736247,0.30100461959838865,0.1173999879360199,0.0,0.0,0.025900000000000017,0.010281249999999999,0.0,0.06830045089721679,0.09603045089721678,0.08299732589721678,"[""Mixed Baseline Exp 1"",""26185795"",""0""]",2.747405110059333,40
forecast-original-feedforward-17-g52-k5-second-recorded,feedforward,original,17,be65c3cf7720e5805db3f1eeb285d832d662e8b54d5684fc51e051e9ce4032a2,52,Mixed,5,10,second,recorded,1,64,0.5093052707474576,0.5104535853068033,0.05796819401383399,0.3785820716460546,0.5460056686401367,0.18119998455047606,0.0,0.0,0.06090000000000002,0.0205625,0.0,0.08978055847167969,0.1388305584716797,0.11194430847167969,"[""Mixed Baseline Exp 1"",""37465807"",""0""]",3.2675953104361115,40
forecast-original-feedforward-17-g57-k5-second-recorded,feedforward,original,17,be65c3cf7720e5805db3f1eeb285d832d662e8b54d5684fc51e051e9ce4032a2,57,Mixed,5,10,second,recorded,1,64,0.0007003470602290921,5.034722117448423e-05,0.0007148347925461293,0.003477039464554078,4.999999888241291e-05,0.0125175496712327,0.0,0.0,0.0,0.00032812499999999997,1.0,0.011100454330444334,0.017180454330444333,0.014073891830444335,"[""Mixed Baseline Exp 1"",""47841996"",""0""]",0.9409405718081677,18
forecast-original-feedforward-17-g60-k5-second-recorded,feedforward,original,17,be65c3cf7720e5805db3f1eeb285d832d662e8b54d5684fc51e051e9ce4032a2,60,Mixed,5,10,second,recorded,1,64,0.8889552658439731,0.89265625,0.05358687383239233,0.5518717481441915,1.0,0.22289892768859862,0.0,0.0,0.11899999999999998,0.06365625,0.0,0.1193004943847656,0.1904004943847656,0.15348330688476564,"[""Mixed Baseline Exp 1"",""50116627"",""0""]",3.1867947701897648,40
forecast-original-feedforward-17-g64-k5-second-recorded,feedforward,original,17,be65c3cf7720e5805db3f1eeb285d832d662e8b54d5684fc51e051e9ce4032a2,64,Mixed,5,10,second,recorded,1,64,0.2230878021532039,0.2250775362650553,0.012273162432677223,0.12277028392520214,0.23100461959838867,0.05709999346733093,0.0,0.0,0.013999999999999999,0.0031718749999999998,0.0,0.03404045661926269,0.04969045661926269,0.04123014411926269,"[""Mixed Baseline Exp 1"",""64291720"",""0""]",2.3186388679204994,40
forecast-original-feedforward-17-g73-k5-second-recorded,feedforward,original,17,be65c3cf7720e5805db3f1eeb285d832d662e8b54d5684fc51e051e9ce4032a2,73,Mixed,5,10,second,recorded,1,64,0.5196708880075935,0.5233050479434784,0.03888275272032574,0.3231943561565308,0.6930049133300781,0.23549997711181642,0.0,0.013999999999999999,0.22960000000000005,0.118515625,0.0,0.13576049896240233,0.22654049896240228,0.17759735828638074,"[""Mixed Baseline Exp 1"",""85460730"",""0""]",3.390695537589869,40
forecast-original-feedforward-17-g78-k5-second-recorded,feedforward,original,17,be65c3cf7720e5805db3f1eeb285d832d662e8b54d5684fc51e051e9ce4032a2,78,Mixed,5,10,second,recorded,1,64,0.0025571696361683625,0.00046371527711421,0.0019959951723718824,0.009551735714206653,4.999999888241291e-05,0.03320884764939547,1.0,0.0,0.013999999999999999,0.0036093749999999997,1.0,0.023800551986694334,0.039870551986694334,0.03136773948669433,"[""Mixed Baseline Exp 1"",""95675568"",""0""]",1.3163735175793596,27
forecast-original-feedforward-17-g80-k5-second-recorded,feedforward,original,17,be65c3cf7720e5805db3f1eeb285d832d662e8b54d5684fc51e051e9ce4032a2,80,Proportional,5,10,second,recorded,1,64,0.22083603721303896,0.2229527762333552,0.0033417984497689074,0.084472357922958,0.2450050163269043,0.018699999153614043,0.0,0.0,0.020999999999999998,0.012359374999999999,1.0,0.008400502586364746,0.02147050258636474,0.014289565086364742,"[""Proportional Baseline Exp 1"",""11095201"",""0""]",2.3448447701600235,14
forecast-original-feedforward-17-g82-k5-second-recorded,feedforward,original,17,be65c3cf7720e5805db3f1eeb285d832d662e8b54d5684fc51e051e9ce4032a2,82,Proportional,5,10,second,recorded,1,64,0.0006203073738941041,7.6909721279258e-05,0.0005932933470736896,0.0020116094605356913,4.999999888241291e-05,0.0045243997871875765,0.0,0.0,0.0,0.0006562499999999999,1.0,0.0039,0.008669999999999999,0.0060437500000000005,"[""Proportional Baseline Exp 1"",""14606420"",""0""]",1.1180721473196795,6
forecast-original-feedforward-17-g89-k5-second-recorded,feedforward,original,17,be65c3cf7720e5805db3f1eeb285d832d662e8b54d5684fc51e051e9ce4032a2,89,Proportional,5,10,second,recorded,1,64,0.08344798667852057,0.08038651602608815,0.03269000968707225,0.03462736247392992,0.8470050048828125,0.24539647912979126,1.0,0.28630000000000005,1.0,0.81984375,0.0,0.1296296840298176,0.24106954861402505,0.19255132270120084,"[""Proportional Baseline Exp 1"",""36303454"",""0""]",2.8927435507927917,31
forecast-original-feedforward-17-g97-k5-second-recorded,feedforward,original,17,be65c3cf7720e5805db3f1eeb285d832d662e8b54d5684fc51e051e9ce4032a2,97,Proportional,5,10,second,recorded,1,64,0.11045431135875011,0.10507031669313946,0.029788858131100517,0.2387565668041744,0.3850050354003906,0.1781989876627922,1.0,0.0,0.8246000000000001,0.293734375,1.0,0.09210055084228516,0.17987055084228515,0.13332086334228516,"[""Proportional Baseline Exp 1"",""45673270"",""0""]",2.8411035328789227,32
forecast-original-feedforward-29-g104-k5-second-recorded,feedforward,original,29,72769aecba837a6103debf4e06eb9657c7c975953a6c9238c6f38ec4da84fe6f,104,Proportional,5,10,second,recorded,1,64,0.38356059884642446,0.38011755952380966,0.01723156411345045,0.2858408244704444,1.0,0.14079737854003907,1.0,0.0,1.0,0.40032812500000003,1.0,0.0730604524230957,0.1540404524230957,0.11322545242309567,"[""Proportional Baseline Exp 1"",""63752993"",""0""]",3.531015806792083,20
forecast-original-feedforward-29-g107-k5-second-recorded,feedforward,original,29,72769aecba837a6103debf4e06eb9657c7c975953a6c9238c6f38ec4da84fe6f,107,Proportional,5,10,second,recorded,1,64,0.3969971989791625,0.3982615721490649,0.02290443263827928,0.21620346372160645,0.5740049362182618,0.10740003997087479,0.0,0.0,0.3234000000000001,0.11046874999999999,0.0,0.05683054779052734,0.09891054779052733,0.07699429779052733,"[""Proportional Baseline Exp 1"",""69384851"",""0""]",2.581014263705319,38
forecast-original-feedforward-29-g111-k5-second-recorded,feedforward,original,29,72769aecba837a6103debf4e06eb9657c7c975953a6c9238c6f38ec4da84fe6f,111,Proportional,5,10,second,recorded,1,64,0.03151720661687499,0.03146716068850623,0.004740638087500651,0.028833331462658113,0.07000502109527589,0.04849999743700027,1.0,0.0,0.2709,0.08246875,1.0,0.03683049896240234,0.08170049896240233,0.05645987396240234,"[""Proportional Baseline Exp 1"",""76356479"",""0""]",1.8342479902946887,23
forecast-original-feedforward-29-g117-k5-second-recorded,feedforward,original,29,72769aecba837a6103debf4e06eb9657c7c975953a6c9238c6f38ec4da84fe6f,117,Proportional,5,10,second,recorded,1,64,0.08325428707779872,0.07575545634920633,0.01082847415681868,0.02892506763367426,1.0,0.16349546813964844,1.0,0.0,1.0,0.736046875,1.0,0.12645,0.22768050354003902,0.17393770456314084,"[""Proportional Baseline Exp 1"",""85019022"",""0""]",4.322178362614729,10
forecast-original-feedforward-29-g13-k5-second-recorded,feedforward,original,29,72769aecba837a6103debf4e06eb9657c7c975953a6c9238c6f38ec4da84fe6f,13,Equal,5,10,second,recorded,1,64,0.001008511246907493,4.9999998882412894e-05,0.0010070611317597687,0.0037178881821862885,4.999999888241291e-05,0.008017599403858185,0.0,0.0,0.0,0.0,1.0,0.00520040225982666,0.009020402259826659,0.00677852725982666,"[""Equal Baseline Exp 1"",""35368456"",""0""]",0.7690782173690096,20
forecast-original-feedforward-29-g20-k5-second-recorded,feedforward,original,29,72769aecba837a6103debf4e06eb9657c7c975953a6c9238c6f38ec4da84fe6f,20,Equal,5,10,second,recorded,1,64,0.0006883484267891181,4.9999998882412894e-05,0.0006843335753794578,0.002332390919706085,4.999999888241291e-05,0.005930800035595894,0.0,0.0,0.0,0.0,1.0,0.0057604044532775876,0.008700404453277587,0.0072441544532775865,"[""Equal Baseline Exp 1"",""40800498"",""0""]",0.9343184471695425,8
forecast-original-feedforward-29-g25-k5-second-recorded,feedforward,original,29,72769aecba837a6103debf4e06eb9657c7c975953a6c9238c6f38ec4da84fe6f,25,Equal,5,10,second,recorded,1,64,0.000811725866776182,4.843749891733748e-05,0.0008006532649110474,0.005259310812370515,4.999999888241291e-05,0.015108798652887345,0.0,0.0,0.0,0.00032812499999999997,1.0,0.011280404739379883,0.01750040473937988,0.014370717239379882,"[""Equal Baseline Exp 1"",""46096247"",""0""]",0.9652825631610538,28
forecast-original-feedforward-29-g35-k5-second-recorded,feedforward,original,29,72769aecba837a6103debf4e06eb9657c7c975953a6c9238c6f38ec4da84fe6f,35,Equal,5,10,second,recorded,1,64,0.0007164950318625512,4.8437498917337454e-05,0.0007302650179640045,0.0024545696031722597,4.999999888241291e-05,0.005930799975991249,0.0,0.0,0.0,0.00021874999999999998,1.0,0.005300402545928956,0.010040402545928953,0.007459777545928954,"[""Equal Baseline Exp 1"",""92291462"",""0""]",0.9502079580801313,8
forecast-original-feedforward-29-g36-k5-second-recorded,feedforward,original,29,72769aecba837a6103debf4e06eb9657c7c975953a6c9238c6f38ec4da84fe6f,36,Equal,5,10,second,recorded,1,64,0.0058907222424324,0.0007345486104475439,0.004854999582905563,0.01863760047438878,4.999999888241291e-05,0.05590439735352993,1.0,0.0,0.020999999999999998,0.004703125000000001,1.0,0.03866040473937988,0.05974040473937987,0.048570717239379876,"[""Equal Baseline Exp 1"",""92992435"",""0""]",1.831826005661584,32
forecast-original-feedforward-29-g44-k5-second-recorded,feedforward,original,29,72769aecba837a6103debf4e06eb9657c7c975953a6c9238c6f38ec4da84fe6f,44,Mixed,5,10,second,recorded,1,64,0.08443750667675284,0.07492173998696466,0.028901650474279637,0.17562694289022024,0.2660055923461914,0.17819943594932555,1.0,0.016100000000000003,0.5446000000000001,0.232828125,0.0,0.18328983406066893,0.2619598340606689,0.2238308610796928,"[""Mixed Baseline Exp 1"",""18823620"",""0""]",3.158146923604588,40
forecast-original-feedforward-29-g47-k5-second-recorded,feedforward,original,29,72769aecba837a6103debf4e06eb9657c7c975953a6c9238c6f38ec4da84fe6f,47,Mixed,5,10,second,recorded,1,64,0.2785739926906211,0.2803171195983887,0.02420188285554686,0.18271390601065424,0.30100461959838865,0.1173999879360199,0.0,0.0,0.041999999999999996,0.01225,0.0,0.0736204508972168,0.10033045089721679,0.08708170089721678,"[""Mixed Baseline Exp 1"",""26185795"",""0""]",2.7179571877524373,40
forecast-original-feedforward-29-g52-k5-second-recorded,feedforward,original,29,72769aecba837a6103debf4e06eb9657c7c975953a6c9238c6f38ec4da84fe6f,52,Mixed,5,10,second,recorded,1,64,0.4855197089034852,0.4858459464179144,0.05429998964875464,0.3560935652176539,0.5460056686401367,0.18119998455047606,0.0,0.0,0.09380000000000004,0.035328125,0.0,0.09172055847167969,0.1389405584716797,0.11575837097167967,"[""Mixed Baseline Exp 1"",""37465807"",""0""]",3.218304487751957,40
forecast-original-feedforward-29-g57-k5-second-recorded,feedforward,original,29,72769aecba837a6103debf4e06eb9657c7c975953a6c9238c6f38ec4da84fe6f,57,Mixed,5,10,second,recorded,1,64,0.0012506252891407383,6.614583232052e-05,0.0012996636455479466,0.005025146051989738,4.999999888241291e-05,0.0125175496712327,0.0,0.0,0.0,0.0006562499999999999,1.0,0.010960454330444335,0.020140454330444334,0.015066079330444335,"[""Mixed Baseline Exp 1"",""47841996"",""0""]",0.9429607251368299,18
forecast-original-feedforward-29-g60-k5-second-recorded,feedforward,original,29,72769aecba837a6103debf4e06eb9657c7c975953a6c9238c6f38ec4da84fe6f,60,Mixed,5,10,second,recorded,1,64,0.9057724362498262,0.90959375,0.05515552526996251,0.5683299914260705,1.0,0.22289892768859862,0.0,0.0,0.12880000000000003,0.053921874999999994,0.0,0.11710049438476561,0.19185049438476562,0.15204893188476562,"[""Mixed Baseline Exp 1"",""50116627"",""0""]",3.1884867141903936,40
forecast-original-feedforward-29-g64-k5-second-recorded,feedforward,original,29,72769aecba837a6103debf4e06eb9657c7c975953a6c9238c6f38ec4da84fe6f,64,Mixed,5,10,second,recorded,1,64,0.2218196342455308,0.22425809182061082,0.011848722541095723,0.12068828222453594,0.23100461959838867,0.05709999346733093,0.0,0.0,0.011900000000000018,0.0036093749999999997,0.0,0.03258045661926269,0.051470456619262694,0.041014519119262696,"[""Mixed Baseline Exp 1"",""64291720"",""0""]",2.2799579334471254,40
forecast-original-feedforward-29-g73-k5-second-recorded,feedforward,original,29,72769aecba837a6103debf4e06eb9657c7c975953a6c9238c6f38ec4da84fe6f,73,Mixed,5,10,second,recorded,1,64,0.5640541851330777,0.567438634024726,0.04378845043390519,0.35132098072237444,0.6930049133300781,0.23549997711181642,0.0,0.0,0.16099999999999998,0.08203125,0.0,0.13476049896240233,0.21757049896240233,0.17503954578638073,"[""Mixed Baseline Exp 1"",""85460730"",""0""]",3.382194793708746,40
forecast-original-feedforward-29-g78-k5-second-recorded,feedforward,original,29,72769aecba837a6103debf4e06eb9657c7c975953a6c9238c6f38ec4da84fe6f,78,Mixed,5,10,second,recorded,1,64,0.0023865039313792583,0.00014479166575862706,0.0019828119515138327,0.010197442654448483,4.999999888241291e-05,0.03320884764939547,0.0,0.0,0.0,0.00196875,1.0,0.023840551986694335,0.03970055198669434,0.031209926986694333,"[""Mixed Baseline Exp 1"",""95675568"",""0""]",1.3356427216688365,27
forecast-original-feedforward-29-g80-k5-second-recorded,feedforward,original,29,72769aecba837a6103debf4e06eb9657c7c975953a6c9238c6f38ec4da84fe6f,80,Proportional,5,10,second,recorded,1,64,0.1997934244394745,0.2013553972509172,0.0031941951344233196,0.07760840628676943,0.2450050163269043,0.018699999153614043,0.0,0.0,0.07490000000000002,0.025484375,1.0,0.007860502586364747,0.02255050258636474,0.014352065086364742,"[""Proportional Baseline Exp 1"",""11095201"",""0""]",2.3018574050785086,14
forecast-original-feedforward-29-g82-k5-second-recorded,feedforward,original,29,72769aecba837a6103debf4e06eb9657c7c975953a6c9238c6f38ec4da84fe6f,82,Proportional,5,10,second,recorded,1,64,0.0005870824760385246,0.00013472222138403165,0.0005490034461701435,0.001847010497001853,4.999999888241291e-05,0.0045243997871875765,1.0,0.0,0.006999999999999999,0.0017500000000000003,1.0,0.00396,0.008069999999999999,0.00566875,"[""Proportional Baseline Exp 1"",""14606420"",""0""]",1.1023952030338717,6
forecast-original-feedforward-29-g89-k5-second-recorded,feedforward,original,29,72769aecba837a6103debf4e06eb9657c7c975953a6c9238c6f38ec4da84fe6f,89,Proportional,5,10,second,recorded,1,64,0.08670012161785462,0.08270217544313455,0.03548235515129591,0.03544022405371662,0.8470050048828125,0.24539647912979126,1.0,0.0,1.0,0.800921875,0.0,0.1385798645842075,0.24148968402981755,0.1906450233308598,"[""Proportional Baseline Exp 1"",""36303454"",""0""]",2.8753729471002116,31
forecast-original-feedforward-29-g97-k5-second-recorded,feedforward,original,29,72769aecba837a6103debf4e06eb9657c7c975953a6c9238c6f38ec4da84fe6f,97,Proportional,5,10,second,recorded,1,64,0.1417533520219134,0.13899557325575088,0.0266846411074438,0.24685162937451927,0.3850050354003906,0.1781989876627922,1.0,0.0,0.5768,0.2190625,1.0,0.09756055084228515,0.1791205508422851,0.13610055084228515,"[""Proportional Baseline Exp 1"",""45673270"",""0""]",2.817375561511622,32
forecast-original-feedforward-43-g104-k5-second-recorded,feedforward,original,43,9f2316808439affb020d8d2382b50d0d5f2fa551c8451ed4228e82821cebbe18,104,Proportional,5,10,second,recorded,1,64,0.33138636782557046,0.3270243055555556,0.017945701018212357,0.2788363811776752,1.0,0.14079737854003907,1.0,0.0,1.0,0.4433906249999999,1.0,0.0729004524230957,0.15689045242309568,0.11282388992309568,"[""Proportional Baseline Exp 1"",""63752993"",""0""]",3.537405892281009,20
forecast-original-feedforward-43-g107-k5-second-recorded,feedforward,original,43,9f2316808439affb020d8d2382b50d0d5f2fa551c8451ed4228e82821cebbe18,107,Proportional,5,10,second,recorded,1,64,0.38471646351715255,0.38577183455891084,0.02181063303510467,0.20809027546412415,0.5740049362182618,0.10740003997087479,0.0,0.0,0.3731000000000004,0.122046875,0.0,0.05672054779052734,0.10520054779052733,0.07656929779052735,"[""Proportional Baseline Exp 1"",""69384851"",""0""]",2.5909923483179638,38
forecast-original-feedforward-43-g111-k5-second-recorded,feedforward,original,43,9f2316808439affb020d8d2382b50d0d5f2fa551c8451ed4228e82821cebbe18,111,Proportional,5,10,second,recorded,1,64,0.03702666494585562,0.03730649701091977,0.00410455832172717,0.03389960568489299,0.07000502109527589,0.04849999743700027,1.0,0.0,0.3619000000000002,0.14096874999999998,1.0,0.03662049896240233,0.07872049896240232,0.05549268646240234,"[""Proportional Baseline Exp 1"",""76356479"",""0""]",1.8117253294904787,23
forecast-original-feedforward-43-g117-k5-second-recorded,feedforward,original,43,9f2316808439affb020d8d2382b50d0d5f2fa551c8451ed4228e82821cebbe18,117,Proportional,5,10,second,recorded,1,64,0.02409902756950548,0.014623511904761924,0.011019834103659969,0.00886551769952926,1.0,0.16349546813964844,1.0,0.7602,1.0,0.90521875,1.0,0.11666035247802733,0.2215103524780273,0.17054392309188843,"[""Proportional Baseline Exp 1"",""85019022"",""0""]",4.3096135927524415,10
forecast-original-feedforward-43-g13-k5-second-recorded,feedforward,original,43,9f2316808439affb020d8d2382b50d0d5f2fa551c8451ed4228e82821cebbe18,13,Equal,5,10,second,recorded,1,64,0.0008807689589194599,4.9999998882412894e-05,0.0008785804272111922,0.003418060582926652,4.999999888241291e-05,0.008017599403858185,0.0,0.0,0.0,0.0,1.0,0.00520040225982666,0.009140402259826657,0.00678477725982666,"[""Equal Baseline Exp 1"",""35368456"",""0""]",0.7563883512914809,20
forecast-original-feedforward-43-g20-k5-second-recorded,feedforward,original,43,9f2316808439affb020d8d2382b50d0d5f2fa551c8451ed4228e82821cebbe18,20,Equal,5,10,second,recorded,1,64,0.0006882347516871972,4.9999998882412894e-05,0.0006838797451780423,0.002229166485806409,4.999999888241291e-05,0.005930800035595894,0.0,0.0,0.0,0.0,1.0,0.005900404453277588,0.009580404453277588,0.0073691544532775875,"[""Equal Baseline Exp 1"",""40800498"",""0""]",0.9560787436507661,8
forecast-original-feedforward-43-g25-k5-second-recorded,feedforward,original,43,9f2316808439affb020d8d2382b50d0d5f2fa551c8451ed4228e82821cebbe18,25,Equal,5,10,second,recorded,1,64,0.0011261426623908994,5.381944339670659e-05,0.0010719405993375756,0.005536475145951328,4.999999888241291e-05,0.015108798652887345,0.0,0.0,0.0,0.0005468749999999999,1.0,0.010560404739379883,0.01724040473937988,0.013661342239379882,"[""Equal Baseline Exp 1"",""46096247"",""0""]",0.9676528033443689,28
forecast-original-feedforward-43-g35-k5-second-recorded,feedforward,original,43,9f2316808439affb020d8d2382b50d0d5f2fa551c8451ed4228e82821cebbe18,35,Equal,5,10,second,recorded,1,64,0.0006011447225536745,7.847222124433351e-05,0.0006216836687576555,0.002004599540156778,4.999999888241291e-05,0.005930799975991249,0.0,0.0,0.0,0.000984375,1.0,0.005300402545928956,0.009970402545928953,0.007298840045928955,"[""Equal Baseline Exp 1"",""92291462"",""0""]",0.96599148341171,8
forecast-original-feedforward-43-g36-k5-second-recorded,feedforward,original,43,9f2316808439affb020d8d2382b50d0d5f2fa551c8451ed4228e82821cebbe18,36,Equal,5,10,second,recorded,1,64,0.005797226152540804,0.0008927083327046909,0.00463992326284892,0.017201906799939593,4.999999888241291e-05,0.05590439735352993,1.0,0.0,0.025900000000000017,0.0065625,1.0,0.039510404739379876,0.05947040473937987,0.04872227973937988,"[""Equal Baseline Exp 1"",""92992435"",""0""]",1.8512446394791013,32
forecast-original-feedforward-43-g44-k5-second-recorded,feedforward,original,43,9f2316808439affb020d8d2382b50d0d5f2fa551c8451ed4228e82821cebbe18,44,Mixed,5,10,second,recorded,1,64,0.08402475114284046,0.07353737188520887,0.028833792282877444,0.1559901317340987,0.2660055923461914,0.17819943594932555,1.0,0.016100000000000003,0.46199999999999997,0.20121875,0.0,0.18108961280822752,0.26757983406066893,0.22262940229177475,"[""Mixed Baseline Exp 1"",""18823620"",""0""]",3.1571912601710546,40
forecast-original-feedforward-43-g47-k5-second-recorded,feedforward,original,43,9f2316808439affb020d8d2382b50d0d5f2fa551c8451ed4228e82821cebbe18,47,Mixed,5,10,second,recorded,1,64,0.27159443108379216,0.27346295293172196,0.021405851109515116,0.1744603636993302,0.30100461959838865,0.1173999879360199,0.0,0.0,0.041999999999999996,0.017281249999999998,0.0,0.07446045089721678,0.10656045089721679,0.08893795089721679,"[""Mixed Baseline Exp 1"",""26185795"",""0""]",2.7522231301194253,40
forecast-original-feedforward-43-g52-k5-second-recorded,feedforward,original,43,9f2316808439affb020d8d2382b50d0d5f2fa551c8451ed4228e82821cebbe18,52,Mixed,5,10,second,recorded,1,64,0.49747216487010054,0.4977903908623589,0.054429832824828134,0.3591969845824772,0.5460056686401367,0.18119998455047606,0.0,0.0,0.07980000000000004,0.0301875,0.0,0.09364055847167968,0.13878055847167967,0.11641618347167967,"[""Mixed Baseline Exp 1"",""37465807"",""0""]",3.2694892251450725,40
forecast-original-feedforward-43-g57-k5-second-recorded,feedforward,original,43,9f2316808439affb020d8d2382b50d0d5f2fa551c8451ed4228e82821cebbe18,57,Mixed,5,10,second,recorded,1,64,0.0009362911948591021,4.843749891733748e-05,0.0009553451995853149,0.003944165812629378,4.999999888241291e-05,0.0125175496712327,0.0,0.0,0.0,0.00032812499999999997,1.0,0.011100454330444336,0.018040454330444336,0.014420766830444335,"[""Mixed Baseline Exp 1"",""47841996"",""0""]",0.9416845401653675,18
forecast-original-feedforward-43-g60-k5-second-recorded,feedforward,original,43,9f2316808439affb020d8d2382b50d0d5f2fa551c8451ed4228e82821cebbe18,60,Mixed,5,10,second,recorded,1,64,0.9109420336337801,0.9159097222222222,0.04900646773027997,0.5502816003883642,1.0,0.22289892768859862,0.0,0.0,0.12180000000000003,0.050093750000000006,0.0,0.12312049438476562,0.1928404943847656,0.1572942443847656,"[""Mixed Baseline Exp 1"",""50116627"",""0""]",3.1264287888459803,40
forecast-original-feedforward-43-g64-k5-second-recorded,feedforward,original,43,9f2316808439affb020d8d2382b50d0d5f2fa551c8451ed4228e82821cebbe18,64,Mixed,5,10,second,recorded,1,64,0.2216324054989819,0.22370600848727754,0.013039099525222708,0.12444457534253597,0.23100461959838867,0.05709999346733093,0.0,0.0,0.013999999999999999,0.0038281249999999995,0.0,0.0329004566192627,0.049000456619262694,0.040470769119262694,"[""Mixed Baseline Exp 1"",""64291720"",""0""]",2.3460390992620836,40
forecast-original-feedforward-43-g73-k5-second-recorded,feedforward,original,43,9f2316808439affb020d8d2382b50d0d5f2fa551c8451ed4228e82821cebbe18,73,Mixed,5,10,second,recorded,1,64,0.5519535177828853,0.5572479688856335,0.03707378757037816,0.32049844731641197,0.6930049133300781,0.23549997711181642,0.0,0.0,0.22190000000000001,0.083890625,1.0,0.13589049896240235,0.2522304989624023,0.18089110828638075,"[""Mixed Baseline Exp 1"",""85460730"",""0""]",3.3760281777268384,40
forecast-original-feedforward-43-g78-k5-second-recorded,feedforward,original,43,9f2316808439affb020d8d2382b50d0d5f2fa551c8451ed4228e82821cebbe18,78,Mixed,5,10,second,recorded,1,64,0.002454025000177328,0.000526562499406281,0.001700398631325171,0.00903554236706566,4.999999888241291e-05,0.03320884764939547,1.0,0.0,0.013999999999999999,0.0042656249999999995,1.0,0.02426055198669433,0.03923055198669433,0.03157086448669433,"[""Mixed Baseline Exp 1"",""95675568"",""0""]",1.3007542477558063,27
forecast-original-feedforward-43-g80-k5-second-recorded,feedforward,original,43,9f2316808439affb020d8d2382b50d0d5f2fa551c8451ed4228e82821cebbe18,80,Proportional,5,10,second,recorded,1,64,0.19917813730869657,0.20080678613980607,0.0024942084603425526,0.07193635869854026,0.2450050163269043,0.018699999153614043,0.0,0.0,0.08890000000000002,0.02625,1.0,0.008860502586364744,0.024710502586364744,0.01562550258636474,"[""Proportional Baseline Exp 1"",""11095201"",""0""]",2.2974373239697576,14
forecast-original-feedforward-43-g82-k5-second-recorded,feedforward,original,43,9f2316808439affb020d8d2382b50d0d5f2fa551c8451ed4228e82821cebbe18,82,Proportional,5,10,second,recorded,1,64,0.0011869892073907906,0.00045520833270469097,0.001019626898770886,0.003511946301208162,4.999999888241291e-05,0.0045243997871875765,1.0,0.0,0.011900000000000018,0.0039375,1.0,0.0039,0.010569999999999998,0.006931249999999999,"[""Proportional Baseline Exp 1"",""14606420"",""0""]",1.168411116556076,6
forecast-original-feedforward-43-g89-k5-second-recorded,feedforward,original,43,9f2316808439affb020d8d2382b50d0d5f2fa551c8451ed4228e82821cebbe18,89,Proportional,5,10,second,recorded,1,64,0.09250019176537216,0.0896314261300223,0.03469112581001035,0.02885482790487271,0.8470050048828125,0.24539647912979126,1.0,0.4655000000000001,1.0,0.86103125,0.0,0.1513995486140251,0.2330198645842075,0.1929293701192364,"[""Proportional Baseline Exp 1"",""36303454"",""0""]",2.8930179099391924,31
forecast-original-feedforward-43-g97-k5-second-recorded,feedforward,original,43,9f2316808439affb020d8d2382b50d0d5f2fa551c8451ed4228e82821cebbe18,97,Proportional,5,10,second,recorded,1,64,0.10487639877446087,0.10262012514992364,0.020572337258695866,0.19864217367115478,0.3850050354003906,0.1781989876627922,1.0,0.0,0.9184000000000004,0.33353125,1.0,0.10693055084228514,0.19693055084228508,0.14565523834228514,"[""Proportional Baseline Exp 1"",""45673270"",""0""]",2.8041745147411508,32
forecast-original-recurrent-17-g104-k5-second-recorded,recurrent,original,17,4146b729f335ff47d4f2e59c62a77fc77d8cdc8db568839126dcc5cf41f884a7,104,Proportional,5,10,second,recorded,1,64,0.26244002590118565,0.2614751984126984,0.00910211166086652,0.23270841020743055,1.0,0.14079737854003907,1.0,0.07350000000000002,1.0,0.5453124999999999,1.0,0.08552045242309568,0.1627804524230957,0.12745513992309568,"[""Proportional Baseline Exp 1"",""63752993"",""0""]",3.4937362799770164,20
forecast-original-recurrent-17-g107-k5-second-recorded,recurrent,original,17,4146b729f335ff47d4f2e59c62a77fc77d8cdc8db568839126dcc5cf41f884a7,107,Proportional,5,10,second,recorded,1,64,0.22672433125208494,0.22684233758941533,0.01219849213652668,0.11862697916414058,0.5740049362182618,0.10740003997087479,1.0,0.0,0.6216,0.26759374999999996,1.0,0.06486054779052734,0.12545054779052733,0.09053492279052733,"[""Proportional Baseline Exp 1"",""69384851"",""0""]",2.556254627336802,38
forecast-original-recurrent-17-g111-k5-second-recorded,recurrent,original,17,4146b729f335ff47d4f2e59c62a77fc77d8cdc8db568839126dcc5cf41f884a7,111,Proportional,5,10,second,recorded,1,64,0.06766645484450232,0.066061244726181,0.006640609488991041,0.05488487752783629,0.07000502109527589,0.04849999743700027,1.0,0.004200000000000009,0.6579999999999999,0.241046875,1.0,0.04343049896240234,0.08455049896240231,0.06272862396240232,"[""Proportional Baseline Exp 1"",""76356479"",""0""]",1.7848358766834103,23
forecast-original-recurrent-17-g117-k5-second-recorded,recurrent,original,17,4146b729f335ff47d4f2e59c62a77fc77d8cdc8db568839126dcc5cf41f884a7,117,Proportional,5,10,second,recorded,1,64,0.10440396829067472,0.0959186507936508,0.01124409791704208,0.046253479114411376,1.0,0.16349546813964844,1.0,0.0,1.0,0.6907343749999999,1.0,0.10675,0.2086003524780273,0.1619548369884491,"[""Proportional Baseline Exp 1"",""85019022"",""0""]",4.36903530283317,10
forecast-original-recurrent-17-g13-k5-second-recorded,recurrent,original,17,4146b729f335ff47d4f2e59c62a77fc77d8cdc8db568839126dcc5cf41f884a7,13,Equal,5,10,second,recorded,1,64,0.0019859785708013027,4.843749891733748e-05,0.0019519604871019963,0.006978846587276268,4.999999888241291e-05,0.008017599403858185,0.0,0.0,0.0,0.00032812499999999997,0.0,0.004460402259826661,0.007500402259826662,0.00561133975982666,"[""Equal Baseline Exp 1"",""35368456"",""0""]",0.7893348070932809,20
forecast-original-recurrent-17-g20-k5-second-recorded,recurrent,original,17,4146b729f335ff47d4f2e59c62a77fc77d8cdc8db568839126dcc5cf41f884a7,20,Equal,5,10,second,recorded,1,64,0.0002565670684992774,4.9999998882412894e-05,0.000250804037583016,0.000919322828773228,4.999999888241291e-05,0.005930800035595894,0.0,0.0,0.0,0.0,1.0,0.005300404453277588,0.007640404453277587,0.006444154453277588,"[""Equal Baseline Exp 1"",""40800498"",""0""]",0.8379665824541956,8
forecast-original-recurrent-17-g25-k5-second-recorded,recurrent,original,17,4146b729f335ff47d4f2e59c62a77fc77d8cdc8db568839126dcc5cf41f884a7,25,Equal,5,10,second,recorded,1,64,0.0013182967104264434,6.961805454274198e-05,0.0012241517268682992,0.00561306761717359,4.999999888241291e-05,0.015108798652887345,0.0,0.0,0.0,0.000984375,1.0,0.011160404739379882,0.018440404739379877,0.013720717239379883,"[""Equal Baseline Exp 1"",""46096247"",""0""]",0.9511305087561682,28
forecast-original-recurrent-17-g35-k5-second-recorded,recurrent,original,17,4146b729f335ff47d4f2e59c62a77fc77d8cdc8db568839126dcc5cf41f884a7,35,Equal,5,10,second,recorded,1,64,0.00019467999304153226,4.9999998882412894e-05,0.00018627968632157837,0.0007940320671827063,4.999999888241291e-05,0.005930799975991249,0.0,0.0,0.0,0.0,1.0,0.005300402545928956,0.007500402545928955,0.006331652545928955,"[""Equal Baseline Exp 1"",""92291462"",""0""]",0.893153465871676,8
forecast-original-recurrent-17-g36-k5-second-recorded,recurrent,original,17,4146b729f335ff47d4f2e59c62a77fc77d8cdc8db568839126dcc5cf41f884a7,36,Equal,5,10,second,recorded,1,64,0.041302331717657764,0.040119965278511194,0.004498997278928399,0.03330643539015954,4.999999888241291e-05,0.05590439735352993,1.0,0.0,0.24360000000000007,0.09482812499999999,1.0,0.047440404739379875,0.08132040473937988,0.06426134223937988,"[""Equal Baseline Exp 1"",""92992435"",""0""]",1.818152598038156,32
forecast-original-recurrent-17-g44-k5-second-recorded,recurrent,original,17,4146b729f335ff47d4f2e59c62a77fc77d8cdc8db568839126dcc5cf41f884a7,44,Mixed,5,10,second,recorded,1,64,0.46364914621787323,0.4610241695585703,0.04016640147493471,0.46606548617415944,0.2660055923461914,0.17819943594932555,0.0,0.4718,1.0,0.8347031249999999,0.0,0.1977094468688965,0.26006999999999997,0.23182623407840725,"[""Mixed Baseline Exp 1"",""18823620"",""0""]",2.9177143112908013,40
forecast-original-recurrent-17-g47-k5-second-recorded,recurrent,original,17,4146b729f335ff47d4f2e59c62a77fc77d8cdc8db568839126dcc5cf41f884a7,47,Mixed,5,10,second,recorded,1,64,0.09222889176595474,0.09226330391565957,0.00648606564208629,0.05952002609107228,0.30100461959838865,0.1173999879360199,1.0,0.023100000000000002,0.4564000000000001,0.18746875,1.0,0.0791304508972168,0.13276045089721678,0.10795357589721678,"[""Mixed Baseline Exp 1"",""26185795"",""0""]",2.516264440083225,40
forecast-original-recurrent-17-g52-k5-second-recorded,recurrent,original,17,4146b729f335ff47d4f2e59c62a77fc77d8cdc8db568839126dcc5cf41f884a7,52,Mixed,5,10,second,recorded,1,64,0.13544274972401094,0.13454648511371914,0.014579240661386463,0.09807709350358874,0.5460056686401367,0.18119998455047606,1.0,0.12109999999999999,0.9128000000000002,0.39071875,1.0,0.12526055847167966,0.19655055847167968,0.15778180847167966,"[""Mixed Baseline Exp 1"",""37465807"",""0""]",3.0034173140928337,40
forecast-original-recurrent-17-g57-k5-second-recorded,recurrent,original,17,4146b729f335ff47d4f2e59c62a77fc77d8cdc8db568839126dcc5cf41f884a7,57,Mixed,5,10,second,recorded,1,64,0.0008044930179365141,6.805555457766702e-05,0.0008385297233948386,0.003920980701863299,4.999999888241291e-05,0.0125175496712327,0.0,0.0,0.0,0.0010937499999999999,1.0,0.011160454330444335,0.017980454330444335,0.014347329330444334,"[""Mixed Baseline Exp 1"",""47841996"",""0""]",0.9065398264495914,18
forecast-original-recurrent-17-g60-k5-second-recorded,recurrent,original,17,4146b729f335ff47d4f2e59c62a77fc77d8cdc8db568839126dcc5cf41f884a7,60,Mixed,5,10,second,recorded,1,64,0.4403745755432377,0.44068105158730153,0.017677641202722288,0.25718317115827216,1.0,0.22289892768859862,0.0,0.07140000000000002,0.8785,0.399375,1.0,0.14855049438476559,0.22652049438476557,0.18909736938476557,"[""Mixed Baseline Exp 1"",""50116627"",""0""]",3.23178173885096,40
forecast-original-recurrent-17-g64-k5-second-recorded,recurrent,original,17,4146b729f335ff47d4f2e59c62a77fc77d8cdc8db568839126dcc5cf41f884a7,64,Mixed,5,10,second,recorded,1,64,0.172249081926901,0.1733240640428331,0.0060484001913241004,0.08031732474631734,0.23100461959838867,0.05709999346733093,0.0,0.0,0.08399999999999999,0.033468750000000005,1.0,0.03592045661926269,0.06824045661926267,0.04893795661926269,"[""Mixed Baseline Exp 1"",""64291720"",""0""]",2.0560043075192116,40
forecast-original-recurrent-17-g73-k5-second-recorded,recurrent,original,17,4146b729f335ff47d4f2e59c62a77fc77d8cdc8db568839126dcc5cf41f884a7,73,Mixed,5,10,second,recorded,1,64,0.09095918173902667,0.09116441086360386,0.011283764593563408,0.07755576215547229,0.6930049133300781,0.23549997711181642,1.0,0.22470000000000004,1.0,0.6939375,1.0,0.17539049896240233,0.2518804989624023,0.21436294409632678,"[""Mixed Baseline Exp 1"",""85460730"",""0""]",3.3253822289508577,40
forecast-original-recurrent-17-g78-k5-second-recorded,recurrent,original,17,4146b729f335ff47d4f2e59c62a77fc77d8cdc8db568839126dcc5cf41f884a7,78,Mixed,5,10,second,recorded,1,64,0.0039555210135041475,0.0013479166661078713,0.002275216151042178,0.011100141448318675,4.999999888241291e-05,0.03320884764939547,1.0,0.0,0.03290000000000002,0.013234375,1.0,0.022720551986694332,0.04062055198669434,0.03174273948669433,"[""Mixed Baseline Exp 1"",""95675568"",""0""]",1.4621697479050315,27
forecast-original-recurrent-17-g80-k5-second-recorded,recurrent,original,17,4146b729f335ff47d4f2e59c62a77fc77d8cdc8db568839126dcc5cf41f884a7,80,Proportional,5,10,second,recorded,1,64,0.1916073247078707,0.1925567861398061,0.0038261419852219885,0.0765834376246565,0.2450050163269043,0.018699999153614043,0.0,0.0,0.06790000000000003,0.032593750000000005,1.0,0.007860502586364747,0.019070502586364748,0.013834877586364744,"[""Proportional Baseline Exp 1"",""11095201"",""0""]",2.27229895389256,14
forecast-original-recurrent-17-g82-k5-second-recorded,recurrent,original,17,4146b729f335ff47d4f2e59c62a77fc77d8cdc8db568839126dcc5cf41f884a7,82,Proportional,5,10,second,recorded,1,64,0.000463190034809887,9.270833242529383e-05,0.00046480841313799217,0.0015946545760043783,4.999999888241291e-05,0.0045243997871875765,0.0,0.0,0.0,0.001421875,1.0,0.0039,0.0071,0.0054921875000000005,"[""Proportional Baseline Exp 1"",""14606420"",""0""]",1.032668833776826,6
forecast-original-recurrent-17-g89-k5-second-recorded,recurrent,original,17,4146b729f335ff47d4f2e59c62a77fc77d8cdc8db568839126dcc5cf41f884a7,89,Proportional,5,10,second,recorded,1,64,0.09035934560479139,0.08563134565807523,0.02978553878410115,0.03584852353181276,0.8470050048828125,0.24539647912979126,1.0,0.018200000000000008,1.0,0.77059375,0.0,0.1427995486140251,0.24538954861402512,0.19570437011923636,"[""Proportional Baseline Exp 1"",""36303454"",""0""]",2.935252683813345,31
forecast-original-recurrent-17-g97-k5-second-recorded,recurrent,original,17,4146b729f335ff47d4f2e59c62a77fc77d8cdc8db568839126dcc5cf41f884a7,97,Proportional,5,10,second,recorded,1,64,0.10444172939012417,0.10224934661199178,0.01508959690201142,0.16881829572424056,0.3850050354003906,0.1781989876627922,1.0,0.013300000000000013,1.0,0.47367187499999996,1.0,0.12456055084228515,0.18763055084228517,0.15364898834228513,"[""Proportional Baseline Exp 1"",""45673270"",""0""]",2.6258533558701487,32
forecast-original-recurrent-29-g104-k5-second-recorded,recurrent,original,29,25143274613b933909fde59f9c7829f73581c5edb821787fdf4efeb1c2169091,104,Proportional,5,10,second,recorded,1,64,0.231270133994688,0.2286215277777778,0.013181086209842145,0.2025510358220055,1.0,0.14079737854003907,1.0,0.0,1.0,0.5428124999999999,1.0,0.07410045242309571,0.16580045242309566,0.1206723274230957,"[""Proportional Baseline Exp 1"",""63752993"",""0""]",3.4418852600539673,20
forecast-original-recurrent-29-g107-k5-second-recorded,recurrent,original,29,25143274613b933909fde59f9c7829f73581c5edb821787fdf4efeb1c2169091,107,Proportional,5,10,second,recorded,1,64,0.12203842434764631,0.12133198744531667,0.009012011948582678,0.06852475379766927,0.5740049362182618,0.10740003997087479,1.0,0.041999999999999996,0.9128,0.39835937499999996,1.0,0.07084054779052733,0.1337805477905273,0.09740211029052731,"[""Proportional Baseline Exp 1"",""69384851"",""0""]",2.530447567169251,38
forecast-original-recurrent-29-g111-k5-second-recorded,recurrent,original,29,25143274613b933909fde59f9c7829f73581c5edb821787fdf4efeb1c2169091,111,Proportional,5,10,second,recorded,1,64,0.11966633093452136,0.11850310271079578,0.009113708895687304,0.07848258594259147,0.07000502109527589,0.04849999743700027,1.0,0.0,0.8295000000000001,0.33715624999999994,1.0,0.04431049896240234,0.08731049896240232,0.06517081146240233,"[""Proportional Baseline Exp 1"",""76356479"",""0""]",1.8111963122795098,23
forecast-original-recurrent-29-g117-k5-second-recorded,recurrent,original,29,25143274613b933909fde59f9c7829f73581c5edb821787fdf4efeb1c2169091,117,Proportional,5,10,second,recorded,1,64,0.05690861812676076,0.04635714285714285,0.011313526650080605,0.023809228337000284,1.0,0.16349546813964844,1.0,0.0,1.0,0.780359375,1.0,0.1036,0.19745015106201172,0.15059234485626222,"[""Proportional Baseline Exp 1"",""85019022"",""0""]",4.389711713591763,10
forecast-original-recurrent-29-g13-k5-second-recorded,recurrent,original,29,25143274613b933909fde59f9c7829f73581c5edb821787fdf4efeb1c2169091,13,Equal,5,10,second,recorded,1,64,0.0018387152599327067,4.9999998882412894e-05,0.0018374103086039664,0.006636466363358906,4.999999888241291e-05,0.008017599403858185,0.0,0.0,0.0,0.0,0.0,0.00460040225982666,0.007200402259826659,0.00570352725982666,"[""Equal Baseline Exp 1"",""35368456"",""0""]",0.7861177341876667,20
forecast-original-recurrent-29-g20-k5-second-recorded,recurrent,original,29,25143274613b933909fde59f9c7829f73581c5edb821787fdf4efeb1c2169091,20,Equal,5,10,second,recorded,1,64,0.00020319642507973996,4.9999998882412894e-05,0.0001967957903054495,0.0008686141919952605,4.999999888241291e-05,0.005930800035595894,0.0,0.0,0.0,0.0,1.0,0.005300404453277588,0.007580404453277588,0.006287904453277588,"[""Equal Baseline Exp 1"",""40800498"",""0""]",0.8276591837496475,8
forecast-original-recurrent-29-g25-k5-second-recorded,recurrent,original,29,25143274613b933909fde59f9c7829f73581c5edb821787fdf4efeb1c2169091,25,Equal,5,10,second,recorded,1,64,0.0012655076998077312,0.00022656249912688482,0.0009761778845052639,0.005335528892094347,4.999999888241291e-05,0.015108798652887345,1.0,0.0,0.004900000000000019,0.0026249999999999997,1.0,0.011100404739379883,0.01797040473937988,0.014044154739379882,"[""Equal Baseline Exp 1"",""46096247"",""0""]",0.9537985108884381,28
forecast-original-recurrent-29-g35-k5-second-recorded,recurrent,original,29,25143274613b933909fde59f9c7829f73581c5edb821787fdf4efeb1c2169091,35,Equal,5,10,second,recorded,1,64,0.0002943706236922416,4.843749891733748e-05,0.0002977700916562405,0.0010873216654956601,4.999999888241291e-05,0.005930799975991249,0.0,0.0,0.0,0.00032812499999999997,1.0,0.005300402545928956,0.008100402545928954,0.006601965045928955,"[""Equal Baseline Exp 1"",""92291462"",""0""]",0.8933503298618461,8
forecast-original-recurrent-29-g36-k5-second-recorded,recurrent,original,29,25143274613b933909fde59f9c7829f73581c5edb821787fdf4efeb1c2169091,36,Equal,5,10,second,recorded,1,64,0.05669617461596184,0.05615763888986678,0.005905816954180653,0.04309000694172637,4.999999888241291e-05,0.05590439735352993,0.0,0.013999999999999999,0.22190000000000001,0.102921875,1.0,0.05186040473937987,0.07914040473937987,0.06603009223937986,"[""Equal Baseline Exp 1"",""92992435"",""0""]",1.8182148403101028,32
forecast-original-recurrent-29-g44-k5-second-recorded,recurrent,original,29,25143274613b933909fde59f9c7829f73581c5edb821787fdf4efeb1c2169091,44,Mixed,5,10,second,recorded,1,64,0.2988681036956057,0.29503233732874423,0.039364445815625634,0.3472950310928481,0.2660055923461914,0.17819943594932555,1.0,0.25970000000000004,1.0,0.7035624999999999,0.0,0.19752999999999996,0.2573498340606689,0.23116683315038677,"[""Mixed Baseline Exp 1"",""18823620"",""0""]",2.918587626660253,40
forecast-original-recurrent-29-g47-k5-second-recorded,recurrent,original,29,25143274613b933909fde59f9c7829f73581c5edb821787fdf4efeb1c2169091,47,Mixed,5,10,second,recorded,1,64,0.06999136427556692,0.06986298782295651,0.007043065890267734,0.04938568910360336,0.30100461959838865,0.1173999879360199,1.0,0.020999999999999998,0.49699999999999994,0.23274999999999998,1.0,0.0867604508972168,0.14098045089721678,0.10982857589721677,"[""Mixed Baseline Exp 1"",""26185795"",""0""]",2.503259117814114,40
forecast-original-recurrent-29-g52-k5-second-recorded,recurrent,original,29,25143274613b933909fde59f9c7829f73581c5edb821787fdf4efeb1c2169091,52,Mixed,5,10,second,recorded,1,64,0.09596414420999988,0.09569384207422768,0.008969143750743269,0.06849088514683739,0.5460056686401367,0.18119998455047606,1.0,0.12040000000000002,0.9583000000000002,0.5021718749999999,1.0,0.12877055847167967,0.20267055847167967,0.16637087097167966,"[""Mixed Baseline Exp 1"",""37465807"",""0""]",2.98166479808627,40
forecast-original-recurrent-29-g57-k5-second-recorded,recurrent,original,29,25143274613b933909fde59f9c7829f73581c5edb821787fdf4efeb1c2169091,57,Mixed,5,10,second,recorded,1,64,0.0006130609692401468,5.034722117448428e-05,0.0006279454172529748,0.003128877800202463,4.999999888241291e-05,0.0125175496712327,0.0,0.0,0.0,0.0005468749999999999,1.0,0.010420454330444336,0.017380454330444335,0.013605141830444334,"[""Mixed Baseline Exp 1"",""47841996"",""0""]",0.9138676869347917,18
forecast-original-recurrent-29-g60-k5-second-recorded,recurrent,original,29,25143274613b933909fde59f9c7829f73581c5edb821787fdf4efeb1c2169091,60,Mixed,5,10,second,recorded,1,64,0.4308736150187768,0.4319092261904762,0.01679059665486927,0.24912804455217863,1.0,0.22289892768859862,0.0,0.055300000000000016,0.8729,0.39853125,1.0,0.1423604943847656,0.23818034532546992,0.1919801663577556,"[""Mixed Baseline Exp 1"",""50116627"",""0""]",3.252909621060887,40
forecast-original-recurrent-29-g64-k5-second-recorded,recurrent,original,29,25143274613b933909fde59f9c7829f73581c5edb821787fdf4efeb1c2169091,64,Mixed,5,10,second,recorded,1,64,0.14748284370257453,0.14803210865126717,0.005851583085315571,0.07125055746403006,0.23100461959838867,0.05709999346733093,0.0,0.0,0.1659,0.051953125,1.0,0.03517045661926269,0.0661404566192627,0.04860201911926269,"[""Mixed Baseline Exp 1"",""64291720"",""0""]",2.049202073068758,40
forecast-original-recurrent-29-g73-k5-second-recorded,recurrent,original,29,25143274613b933909fde59f9c7829f73581c5edb821787fdf4efeb1c2169091,73,Mixed,5,10,second,recorded,1,64,0.0914583439143423,0.09165517520904543,0.009860233327699102,0.07562394082281325,0.6930049133300781,0.23549997711181642,1.0,0.33599999999999997,1.0,0.721859375,1.0,0.1773004989624023,0.24587049896240232,0.21599572524428365,"[""Mixed Baseline Exp 1"",""85460730"",""0""]",3.3395802512799078,40
forecast-original-recurrent-29-g78-k5-second-recorded,recurrent,original,29,25143274613b933909fde59f9c7829f73581c5edb821787fdf4efeb1c2169091,78,Mixed,5,10,second,recorded,1,64,0.0036973350319043606,0.0018852430551713813,0.0017212366734875298,0.00934133546139799,4.999999888241291e-05,0.03320884764939547,1.0,0.0,0.035,0.015640625000000002,1.0,0.025860551986694333,0.04380055198669433,0.03317711448669433,"[""Mixed Baseline Exp 1"",""95675568"",""0""]",1.4687410724573349,27
forecast-original-recurrent-29-g80-k5-second-recorded,recurrent,original,29,25143274613b933909fde59f9c7829f73581c5edb821787fdf4efeb1c2169091,80,Proportional,5,10,second,recorded,1,64,0.20806587215991246,0.20919583178891077,0.004408814745012021,0.08325548529484206,0.2450050163269043,0.018699999153614043,0.0,0.0,0.048999999999999995,0.020234375,1.0,0.007800502586364747,0.02185050258636475,0.013095815086364744,"[""Proportional Baseline Exp 1"",""11095201"",""0""]",2.249969833712511,14
forecast-original-recurrent-29-g82-k5-second-recorded,recurrent,original,29,25143274613b933909fde59f9c7829f73581c5edb821787fdf4efeb1c2169091,82,Proportional,5,10,second,recorded,1,64,0.0004900539220368517,0.00013819444360625406,0.0004372106023280628,0.0015319167685384546,4.999999888241291e-05,0.0045243997871875765,1.0,0.0,0.006999999999999999,0.002296875,1.0,0.00396,0.0079,0.0055703125,"[""Proportional Baseline Exp 1"",""14606420"",""0""]",1.0322542412269637,6
forecast-original-recurrent-29-g89-k5-second-recorded,recurrent,original,29,25143274613b933909fde59f9c7829f73581c5edb821787fdf4efeb1c2169091,89,Proportional,5,10,second,recorded,1,64,0.10400230136453534,0.09805913507370717,0.042149183245990735,0.04988777902731228,0.8470050048828125,0.24539647912979126,1.0,0.0,1.0,0.7566875,0.0,0.1332495486140251,0.2288795486140251,0.18367780056633054,"[""Proportional Baseline Exp 1"",""36303454"",""0""]",2.9384567152122285,31
forecast-original-recurrent-29-g97-k5-second-recorded,recurrent,original,29,25143274613b933909fde59f9c7829f73581c5edb821787fdf4efeb1c2169091,97,Proportional,5,10,second,recorded,1,64,0.21086558452985535,0.2111636768976847,0.008396040791817144,0.16455512214728765,0.3850050354003906,0.1781989876627922,1.0,0.07770000000000003,1.0,0.6779062499999999,1.0,0.1220505508422851,0.20016055084228512,0.16499273834228512,"[""Proportional Baseline Exp 1"",""45673270"",""0""]",2.6159344999367637,32
forecast-original-recurrent-43-g104-k5-second-recorded,recurrent,original,43,83ea46a7c1f7b5874d32f28d7a0a26cb3f07d77bf57f1682801d3ac26bed14d2,104,Proportional,5,10,second,recorded,1,64,0.35579097162635215,0.35587797619047623,0.012391704436710907,0.29704432388335944,1.0,0.14079737854003907,0.0,0.04130000000000002,0.9079,0.457421875,1.0,0.08269045242309568,0.16479045242309567,0.12199576492309568,"[""Proportional Baseline Exp 1"",""63752993"",""0""]",3.5389517927425542,20
forecast-original-recurrent-43-g107-k5-second-recorded,recurrent,original,43,83ea46a7c1f7b5874d32f28d7a0a26cb3f07d77bf57f1682801d3ac26bed14d2,107,Proportional,5,10,second,recorded,1,64,0.2002617458531102,0.20023900872942002,0.010284716328268967,0.10543804792544198,0.5740049362182618,0.10740003997087479,1.0,0.013999999999999999,0.6643000000000001,0.28707812499999996,1.0,0.06357054779052734,0.12721054779052732,0.09266617279052733,"[""Proportional Baseline Exp 1"",""69384851"",""0""]",2.5802983943804683,38
forecast-original-recurrent-43-g111-k5-second-recorded,recurrent,original,43,83ea46a7c1f7b5874d32f28d7a0a26cb3f07d77bf57f1682801d3ac26bed14d2,111,Proportional,5,10,second,recorded,1,64,0.08311583147693455,0.08208789883530329,0.009847454727086277,0.06929947694363811,0.07000502109527589,0.04849999743700027,1.0,0.0,0.7497000000000001,0.264765625,1.0,0.04364049896240233,0.09754049896240236,0.06821456146240233,"[""Proportional Baseline Exp 1"",""76356479"",""0""]",1.7943609501719053,23
forecast-original-recurrent-43-g117-k5-second-recorded,recurrent,original,43,83ea46a7c1f7b5874d32f28d7a0a26cb3f07d77bf57f1682801d3ac26bed14d2,117,Proportional,5,10,second,recorded,1,64,0.1143853558798554,0.10631944444444447,0.01080110545234074,0.05601450215748379,1.0,0.16349546813964844,1.0,0.0,1.0,0.6775781249999999,1.0,0.10908,0.21477999999999997,0.16455332956314084,"[""Proportional Baseline Exp 1"",""85019022"",""0""]",4.433780925358534,10
forecast-original-recurrent-43-g13-k5-second-recorded,recurrent,original,43,83ea46a7c1f7b5874d32f28d7a0a26cb3f07d77bf57f1682801d3ac26bed14d2,13,Equal,5,10,second,recorded,1,64,0.0019053571520167866,4.9999998882412894e-05,0.0019047135923708253,0.006627739682891924,4.999999888241291e-05,0.008017599403858185,0.0,0.0,0.0,0.0,0.0,0.00460040225982666,0.00694040225982666,0.00570352725982666,"[""Equal Baseline Exp 1"",""35368456"",""0""]",0.7918989614109007,20
forecast-original-recurrent-43-g20-k5-second-recorded,recurrent,original,43,83ea46a7c1f7b5874d32f28d7a0a26cb3f07d77bf57f1682801d3ac26bed14d2,20,Equal,5,10,second,recorded,1,64,0.00017949524094711242,4.9999998882412894e-05,0.00017329868880351846,0.000673650563799957,4.999999888241291e-05,0.005930800035595894,0.0,0.0,0.0,0.0,1.0,0.005300404453277588,0.007440404453277588,0.006166029453277587,"[""Equal Baseline Exp 1"",""40800498"",""0""]",0.8384422912331708,8
forecast-original-recurrent-43-g25-k5-second-recorded,recurrent,original,43,83ea46a7c1f7b5874d32f28d7a0a26cb3f07d77bf57f1682801d3ac26bed14d2,25,Equal,5,10,second,recorded,1,64,0.0014175255347579243,5.7291665618928686e-05,0.0013628993787551454,0.0064882336895227335,4.999999888241291e-05,0.015108798652887345,0.0,0.0,0.0,0.000875,1.0,0.010300404739379883,0.01684040473937988,0.013231654739379883,"[""Equal Baseline Exp 1"",""46096247"",""0""]",0.9575400846671328,28
forecast-original-recurrent-43-g35-k5-second-recorded,recurrent,original,43,83ea46a7c1f7b5874d32f28d7a0a26cb3f07d77bf57f1682801d3ac26bed14d2,35,Equal,5,10,second,recorded,1,64,0.00029789332758031295,4.9999998882412894e-05,0.00029269826153204546,0.0010931310605309485,4.999999888241291e-05,0.005930799975991249,0.0,0.0,0.0,0.0,1.0,0.005300402545928956,0.008100402545928954,0.006625402545928955,"[""Equal Baseline Exp 1"",""92291462"",""0""]",0.890428901003989,8
forecast-original-recurrent-43-g36-k5-second-recorded,recurrent,original,43,83ea46a7c1f7b5874d32f28d7a0a26cb3f07d77bf57f1682801d3ac26bed14d2,36,Equal,5,10,second,recorded,1,64,0.03153844911834385,0.029827256944968315,0.0035059222505753104,0.026180014686928026,4.999999888241291e-05,0.05590439735352993,1.0,0.0,0.182,0.07524999999999998,1.0,0.04716040473937987,0.07703040473937987,0.060800404739379865,"[""Equal Baseline Exp 1"",""92992435"",""0""]",1.823157214321758,32
forecast-original-recurrent-43-g44-k5-second-recorded,recurrent,original,43,83ea46a7c1f7b5874d32f28d7a0a26cb3f07d77bf57f1682801d3ac26bed14d2,44,Mixed,5,10,second,recorded,1,64,0.31731620447079034,0.31413384907586234,0.03352577256688048,0.38157280494163903,0.2660055923461914,0.17819943594932555,0.0,0.28840000000000005,1.0,0.72271875,0.0,0.19255961280822756,0.2520198340606689,0.2246933870077133,"[""Mixed Baseline Exp 1"",""18823620"",""0""]",2.92471178397704,40
forecast-original-recurrent-43-g47-k5-second-recorded,recurrent,original,43,83ea46a7c1f7b5874d32f28d7a0a26cb3f07d77bf57f1682801d3ac26bed14d2,47,Mixed,5,10,second,recorded,1,64,0.10333586923811793,0.10364524836010404,0.007846943204861784,0.06650458156930077,0.30100461959838865,0.1173999879360199,1.0,0.004200000000000009,0.3738,0.16712499999999997,1.0,0.07710045089721679,0.13881045089721677,0.10700670089721678,"[""Mixed Baseline Exp 1"",""26185795"",""0""]",2.5334057437615893,40
forecast-original-recurrent-43-g52-k5-second-recorded,recurrent,original,43,83ea46a7c1f7b5874d32f28d7a0a26cb3f07d77bf57f1682801d3ac26bed14d2,52,Mixed,5,10,second,recorded,1,64,0.18279729933105296,0.18263399924929175,0.01883411550559695,0.13006754128516668,0.5460056686401367,0.18119998455047606,1.0,0.0861,0.6363000000000001,0.30828125,1.0,0.11598055847167968,0.19804055847167965,0.15138962097167966,"[""Mixed Baseline Exp 1"",""37465807"",""0""]",3.0243439463239916,40
forecast-original-recurrent-43-g57-k5-second-recorded,recurrent,original,43,83ea46a7c1f7b5874d32f28d7a0a26cb3f07d77bf57f1682801d3ac26bed14d2,57,Mixed,5,10,second,recorded,1,64,0.0004968484996162078,4.9999998882412894e-05,0.0004953829236712952,0.002672173001954797,4.999999888241291e-05,0.0125175496712327,0.0,0.0,0.0,0.0,1.0,0.010700454330444333,0.015840454330444335,0.012991079330444334,"[""Mixed Baseline Exp 1"",""47841996"",""0""]",0.9095509200174807,18
forecast-original-recurrent-43-g60-k5-second-recorded,recurrent,original,43,83ea46a7c1f7b5874d32f28d7a0a26cb3f07d77bf57f1682801d3ac26bed14d2,60,Mixed,5,10,second,recorded,1,64,0.49343700792488454,0.49454017857142857,0.01891548842494451,0.27509933822268534,1.0,0.22289892768859862,0.0,0.08330000000000001,0.7742000000000001,0.363953125,1.0,0.1561204943847656,0.2341404943847656,0.19124580688476558,"[""Mixed Baseline Exp 1"",""50116627"",""0""]",3.339634991451105,40
forecast-original-recurrent-43-g64-k5-second-recorded,recurrent,original,43,83ea46a7c1f7b5874d32f28d7a0a26cb3f07d77bf57f1682801d3ac26bed14d2,64,Mixed,5,10,second,recorded,1,64,0.17463008323051352,0.17570600848727752,0.006901905435087193,0.08759064323769675,0.23100461959838867,0.05709999346733093,0.0,0.0,0.10290000000000002,0.03215625,0.0,0.0347604566192627,0.056660456619262695,0.04631920661926269,"[""Mixed Baseline Exp 1"",""64291720"",""0""]",2.0916080362525773,40
forecast-original-recurrent-43-g73-k5-second-recorded,recurrent,original,43,83ea46a7c1f7b5874d32f28d7a0a26cb3f07d77bf57f1682801d3ac26bed14d2,73,Mixed,5,10,second,recorded,1,64,0.09514358271715459,0.09484687973204112,0.01227270066416454,0.08050925812626641,0.6930049133300781,0.23549997711181642,1.0,0.18409999999999999,1.0,0.6296875,1.0,0.17992049896240234,0.2463599973297119,0.21435822524428363,"[""Mixed Baseline Exp 1"",""85460730"",""0""]",3.32666810137532,40
forecast-original-recurrent-43-g78-k5-second-recorded,recurrent,original,43,83ea46a7c1f7b5874d32f28d7a0a26cb3f07d77bf57f1682801d3ac26bed14d2,78,Mixed,5,10,second,recorded,1,64,0.003664267269583417,0.001335937499476133,0.002079378108879819,0.009993442505075494,4.999999888241291e-05,0.03320884764939547,1.0,0.0,0.03290000000000002,0.011703125,1.0,0.023060551986694332,0.041770551986694326,0.031764614486694334,"[""Mixed Baseline Exp 1"",""95675568"",""0""]",1.429908751434448,27
forecast-original-recurrent-43-g80-k5-second-recorded,recurrent,original,43,83ea46a7c1f7b5874d32f28d7a0a26cb3f07d77bf57f1682801d3ac26bed14d2,80,Proportional,5,10,second,recorded,1,64,0.21123896790892943,0.21202916512224407,0.005493638579937674,0.09011489165508084,0.2450050163269043,0.018699999153614043,0.0,0.0,0.037800000000000035,0.021765625,0.0,0.007800502586364746,0.018600502586364743,0.012283315086364745,"[""Proportional Baseline Exp 1"",""11095201"",""0""]",2.3504204133789584,14
forecast-original-recurrent-43-g82-k5-second-recorded,recurrent,original,43,83ea46a7c1f7b5874d32f28d7a0a26cb3f07d77bf57f1682801d3ac26bed14d2,82,Proportional,5,10,second,recorded,1,64,0.00025067354856942933,8.038194350148031e-05,0.0002334821428571428,0.0009453767620305165,4.999999888241291e-05,0.0045243997871875765,0.0,0.0,0.0,0.0008749999999999999,1.0,0.0037,0.007070000000000001,0.0050125000000000005,"[""Proportional Baseline Exp 1"",""14606420"",""0""]",1.0287464271030407,6
forecast-original-recurrent-43-g89-k5-second-recorded,recurrent,original,43,83ea46a7c1f7b5874d32f28d7a0a26cb3f07d77bf57f1682801d3ac26bed14d2,89,Proportional,5,10,second,recorded,1,64,0.10239451015573278,0.09463004078940737,0.04295884352098147,0.03895594684591014,0.8470050048828125,0.24539647912979126,1.0,0.0021000000000000046,1.0,0.7513125,0.0,0.14256986458420753,0.22257954861402512,0.18505598904248327,"[""Proportional Baseline Exp 1"",""36303454"",""0""]",2.8888720518036908,31
forecast-original-recurrent-43-g97-k5-second-recorded,recurrent,original,43,83ea46a7c1f7b5874d32f28d7a0a26cb3f07d77bf57f1682801d3ac26bed14d2,97,Proportional,5,10,second,recorded,1,64,0.11534475712033695,0.11481471337212457,0.011709979283880633,0.15547139247447722,0.3850050354003906,0.1781989876627922,1.0,0.1162,1.0,0.54478125,1.0,0.12640055084228513,0.20775055084228508,0.1630489883422851,"[""Proportional Baseline Exp 1"",""45673270"",""0""]",2.6421563770781127,32
